AlleleID,Type,Name,GeneID,GeneSymbol,HGNC_ID,ClinicalSignificance,ClinSigSimple,LastEvaluated,RS# (dbSNP),nsv/esv (dbVar),RCVaccession,PhenotypeIDS,PhenotypeList,Origin,OriginSimple,Assembly,ChromosomeAccession,Chromosome,Start,Stop,ReferenceAllele,AlternateAllele,Cytogenetic,ReviewStatus,NumberSubmitters,Guidelines,TestedInGTR,OtherIDs,SubmitterCategories,VariationID,PositionVCF,ReferenceAlleleVCF,AlternateAlleleVCF,SomaticClinicalImpact,SomaticClinicalImpactLastEvaluated,ReviewStatusClinicalImpact,Oncogenicity,OncogenicityLastEvaluated,ReviewStatusOncogenicity,SCVsForAggregateGermlineClassification,SCVsForAggregateSomaticClinicalImpact,SCVsForAggregateOncogenicityClassification,AF_ESP,AF_EXAC,AF_TGP
18388,single nucleotide variant,NM_000348.4(SRD5A2):c.591G>T (p.Glu197Asp),6716,SRD5A2,HGNC:11285,Pathogenic,1,"Jan 29, 2026",121434253,-,RCV000003513,"MONDO:MONDO:0009923,MedGen:C0268297,OMIM:264600,Orphanet:753",3-Oxo-5 alpha-steroid delta 4-dehydrogenase deficiency,germline,germline,GRCh37,NC_000002.11,2,31754484,31754484,na,na,2p23.1,"criteria provided, multiple submitters, no conflicts",3,-,N,"ClinGen:CA340085,OMIM:607306.0014",3,3349,31754484,C,A,-,-,-,-,-,-,SCV003004042|SCV007610554,-,-,,0.00003,
274247,single nucleotide variant,NM_213599.3(ANO5):c.1406G>A (p.Trp469Ter),203859,ANO5,HGNC:27337,Pathogenic,1,"Jan 01, 2026",765427574,-,RCV000384851,MedGen:C3661900,not provided,germline,germline,GRCh37,NC_000011.9,11,22279299,22279299,na,na,11p14.3,"criteria provided, multiple submitters, no conflicts",2,-,N,ClinGen:CA5923240,2,290010,22279299,G,A,-,-,-,-,-,-,SCV000344486|SCV007546478,-,-,,0.00002,
611834,single nucleotide variant,NM_013275.6(ANKRD11):c.2692C>T (p.Arg898Ter),29123,ANKRD11,HGNC:21316,Pathogenic,1,"Jul 05, 2026",780011005,-,RCV000760640|RCV001376676|RCV001388447|RCV004723158,"MedGen:C3661900|Human Phenotype Ontology:HP:0000754,Human Phenotype Ontology:HP:0001255,Human Phenotype Ontology:HP:0001263,Human Phenotype Ontology:HP:0001277,Human Phenotype Ontology:HP:0001292,Human Phenotype Ontology:HP:0002433,Human Phenotype Ontology:HP:0002473,Human Phenotype Ontology:HP:0002532,Human Phenotype Ontology:HP:0006793,Human Phenotype Ontology:HP:0006867,Human Phenotype Ontology:HP:0006885,Human Phenotype Ontology:HP:0006935,Human Phenotype Ontology:HP:0007005,Human Phenotype Ontology:HP:0007094,Human Phenotype Ontology:HP:0007106,Human Phenotype Ontology:HP:0007174,Human Phenotype Ontology:HP:0007224,Human Phenotype Ontology:HP:0007228,Human Phenotype Ontology:HP:0007342,Human Phenotype Ontology:HP:0025356,MedGen:C0557874|MONDO:MONDO:0007846,MedGen:C0220687,OMIM:148050,Orphanet:2332|",not provided|Global developmental delay|KBG syndrome|ANKRD11-related disorder,de novo;germline,germline,GRCh37,NC_000016.9,16,89350258,89350258,na,na,16q24.3,"criteria provided, multiple submitters, no conflicts",8,-,N,ClinGen:CA8242534,2,620276,89350258,G,A,-,-,-,-,-,-,SCV000890532|SCV001478035|SCV001589445|SCV003932284|SCV005905148|SCV007599374|SCV007649736,-,-,,0.00001,
266536,single nucleotide variant,NM_016239.4(MYO15A):c.3866+1G>A,51168,MYO15A,HGNC:7594,Pathogenic,1,"Mar 06, 2026",374742590,-,RCV000373141|RCV002224964,"MedGen:C3661900|MONDO:MONDO:0010860,MedGen:C1838263,OMIM:600316,Orphanet:90636",not provided|Autosomal recessive nonsyndromic hearing loss 3,de novo;germline,germline,GRCh37,NC_000017.10,17,18029771,18029771,na,na,17p11.2,"criteria provided, multiple submitters, no conflicts",4,-,N,ClinGen:CA10604141,2,282299,18029771,G,A,-,-,-,-,-,-,SCV000333683|SCV001774124|SCV001984894|SCV007544359,-,-,0.00008,,
98777,single nucleotide variant,NM_000350.3(ABCA4):c.5461-10T>C,24,ABCA4,HGNC:34,Pathogenic,1,"Apr 28, 2026",1800728,-,RCV000008366|RCV000078669|RCV000210327|RCV000177965|RCV000210325|RCV000504857|RCV000787510|RCV000678511|RCV000763440|RCV001000430|RCV000787771|RCV001542559|RCV004732655|RCV004975272|RCV005625270|RCV006688428|RCV006698045|RCV006439631,"MONDO:MONDO:0011395,MedGen:C1858806,OMIM:604116,Orphanet:1872|MedGen:C3661900|Human Phenotype Ontology:HP:0000556,Human Phenotype Ontology:HP:0007736,Human Phenotype Ontology:HP:0007910,Human Phenotype Ontology:HP:0007974,Human Phenotype Ontology:HP:0007982,MONDO:MONDO:0019118,MeSH:D058499,MedGen:C0854723,Orphanet:71862|MONDO:MONDO:0009549,MeSH:D000080362,MedGen:C1855465,OMIM:248200,Orphanet:364055,Orphanet:827|MONDO:MONDO:0007934,MedGen:C5561925,OMIM:153870,Orphanet:251287|Human Phenotype Ontology:HP:0007638,Human Phenotype Ontology:HP:0007754,Human Phenotype Ontology:HP:0007798,Human Phenotype Ontology:HP:0007914,Human Phenotype Ontology:HP:0007919,Human Phenotype Ontology:HP:0007999,MedGen:C0730292|MONDO:MONDO:0019200,MeSH:D012174,MedGen:C0035334,OMIM:268000,OMIM:PS268000,Orphanet:791|MONDO:MONDO:0007932,MedGen:C3495438,OMIM:153800|MONDO:MONDO:0007932,MedGen:C3495438,OMIM:153800;MONDO:MONDO:0011137,MedGen:C1866422,OMIM:601718,Orphanet:791;MONDO:MONDO:0009549,MeSH:D000080362,MedGen:C1855465,OMIM:248200,Orphanet:364055,Orphanet:827;MONDO:MONDO:0011395,MedGen:C1858806,OMIM:604116,Orphanet:1872|MedGen:CN169374|MONDO:MONDO:0019353,MedGen:C0271093,OMIM:PS248200,Orphanet:827|MONDO:MONDO:0011137,MedGen:C1866422,OMIM:601718,Orphanet:791|MedGen:CN239167|MeSH:D030342,MedGen:C0950123|MONDO:MONDO:0011137,MedGen:C1866422,OMIM:601718,Orphanet:791;MONDO:MONDO:0009549,MeSH:D000080362,MedGen:C1855465,OMIM:248200,Orphanet:364055,Orphanet:827;MONDO:MONDO:0011395,MedGen:C1858806,OMIM:604116,Orphanet:1872|MONDO:MONDO:0800406,MedGen:CN322612|MONDO:MONDO:0013429,MedGen:C3151107,OMIM:613801,Orphanet:791|Human Phenotype Ontology:HP:0000488,MONDO:MONDO:0005283,MedGen:C0035309",Cone-rod dystrophy 3|not provided|Retinal dystrophy|Severe early-childhood-onset retinal dystrophy|Benign concentric annular macular dystrophy|Macular dystrophy|Retinitis pigmentosa|Age related macular degeneration 2|Age related macular degeneration 2;Retinitis pigmentosa 19;Severe early-childhood-onset retinal dystrophy;Cone-rod dystrophy 3|not specified|Stargardt disease|Retinitis pigmentosa 19|ABCA4-related disorder|Inborn genetic diseases|Retinitis pigmentosa 19;Severe early-childhood-onset retinal dystrophy;Cone-rod dystrophy 3|ABCA4-related retinopathy|Retinitis pigmentosa 40|Retinal disorder,germline;not applicable;unknown,germline,GRCh37,NC_000001.10,1,94476951,94476951,na,na,1p22.1,reviewed by expert panel,38,-,N,"ClinVar:1048134,ClinGen:CA220687,OMIM:601691.0030",3,92870,94476951,A,G,-,-,-,-,-,-,SCV007591247,-,-,0.00023,0.00022,
26966,single nucleotide variant,NM_000203.5(IDUA):c.1037T>G (p.Leu346Arg),3425,IDUA,HGNC:5391,Pathogenic,1,"Jul 10, 2026",121965033,-,RCV000012702|RCV000012703|RCV001248726|RCV005042035|RCV006704469,"MONDO:MONDO:0011759,MedGen:C0086431,OMIM:607015,Orphanet:93476|MONDO:MONDO:0011758,MedGen:C0086795,OMIM:607014,Orphanet:93473|MONDO:MONDO:0001586,MedGen:C0023786,Orphanet:579|MONDO:MONDO:0011760,MedGen:C0026708,OMIM:607016,Orphanet:93474;MONDO:MONDO:0011758,MedGen:C0086795,OMIM:607014,Orphanet:93473;MONDO:MONDO:0011759,MedGen:C0086431,OMIM:607015,Orphanet:93476|","Mucopolysaccharidosis, MPS-I-H/S|Hurler syndrome|Mucopolysaccharidosis type 1|Mucopolysaccharidosis, MPS-I-S;Hurler syndrome;Mucopolysaccharidosis, MPS-I-H/S|IDUA-related disorder",germline;unknown,germline,GRCh37,NC_000004.11,4,996121,996121,na,na,4p16.3,reviewed by expert panel,8,-,N,"ClinGen:CA256128,UniProtKB:P35475#VAR_017436,OMIM:252800.0020",3,11927,996121,T,G,-,-,-,-,-,-,SCV007637303,-,-,,0.00001,
15186,Deletion,NM_000274.4(OAT):c.159del (p.His53fs),4942,OAT,HGNC:8091,Pathogenic,1,"Jan 12, 2026",386833599,-,RCV000000170,"MONDO:MONDO:0009796,MedGen:C0018425,OMIM:258870,Orphanet:414",Ornithine aminotransferase deficiency,germline;inherited;unknown,germline,GRCh37,NC_000010.10,10,126100582,126100582,na,na,10q26.13,"criteria provided, multiple submitters, no conflicts",8,-,N,"OMIM:613349.0002,ClinGen:CA212723",3,147,126100581,TG,T,-,-,-,-,-,-,SCV001585188|SCV002086408|SCV002780563|SCV004208963,-,-,,0.00001,
531468,single nucleotide variant,NM_004937.3(CTNS):c.971-12G>A,1497,CTNS,HGNC:2518,Pathogenic,1,"Jan 13, 2026",375952052,-,RCV000664494|RCV001843534|RCV002528837|RCV005420221|RCV005091847,"MONDO:MONDO:0100151,MedGen:C2931187,OMIM:219800,Orphanet:213,Orphanet:411629|MONDO:MONDO:0018467,MedGen:C3537440,Orphanet:411629|MeSH:D030342,MedGen:C0950123;MONDO:MONDO:0009066,MedGen:C0268626,OMIM:219900,Orphanet:213,Orphanet:411634;MONDO:MONDO:0009064,MedGen:C2931013,OMIM:219750,Orphanet:213,Orphanet:411641|MONDO:MONDO:0016239,MedGen:C4316899,Orphanet:213|MONDO:MONDO:0100151,MedGen:C2931187,OMIM:219800,Orphanet:213,Orphanet:411629;MONDO:MONDO:0009066,MedGen:C0268626,OMIM:219900,Orphanet:213,Orphanet:411634;MONDO:MONDO:0009064,MedGen:C2931013,OMIM:219750,Orphanet:213,Orphanet:411641",Nephropathic cystinosis|Infantile nephropathic cystinosis|Inborn genetic diseases;Juvenile nephropathic cystinosis;Ocular cystinosis|Cystinosis|Nephropathic cystinosis;Juvenile nephropathic cystinosis;Ocular cystinosis,germline;unknown,germline,GRCh37,NC_000017.10,17,3563518,3563518,na,na,17p13.2,"criteria provided, multiple submitters, no conflicts",8,-,N,ClinGen:CA8291997,2,526030,3563518,G,A,-,-,-,-,-,-,SCV000751432|SCV000889960|SCV002093240|SCV002102787|SCV004212967|SCV005641946|SCV005726024,-,-,0.00008,0.00002,
106635,single nucleotide variant,NM_012233.3(RAB3GAP1):c.899+1G>A,22930,RAB3GAP1,HGNC:17063,Pathogenic,1,"Feb 13, 2026",587777152,-,RCV000087133|RCV000520187,"MONDO:MONDO:0010822,MedGen:C1838625,OMIM:600118,Orphanet:2510|MedGen:C3661900",Warburg micro syndrome 1|not provided,germline,germline,GRCh37,NC_000002.11,2,135883820,135883820,na,na,2q21.3,"criteria provided, multiple submitters, no conflicts",6,-,N,"ClinGen:CA150635,OMIM:602536.0008",3,100769,135883820,G,A,-,-,-,-,-,-,SCV000617649|SCV001152405|SCV004801226|SCV007520959,-,-,,0.00001,
76810,single nucleotide variant,NM_000784.4(CYP27A1):c.808C>T (p.Arg270Ter),1593,CYP27A1,HGNC:2605,Pathogenic,1,"Feb 01, 2026",72551318,-,RCV000056148|RCV000732382,"MONDO:MONDO:0008948,MedGen:C0238052,OMIM:213700,Orphanet:909|MedGen:C3661900",Cholestanol storage disease|not provided,germline;inherited;unknown,germline,GRCh37,NC_000002.11,2,219677436,219677436,na,na,2q35,"criteria provided, multiple submitters, no conflicts",13,-,N,"ClinGen:CA345241,ClinVar:446260",3,65902,219677436,C,T,-,-,-,-,-,-,SCV000746388|SCV000860335|SCV001397069|SCV001446961|SCV001793333|SCV002018126|SCV002078783|SCV002581477|SCV002806884|SCV004192647|SCV007636880,-,-,0.00008,,
100236,single nucleotide variant,NM_001130987.2(DYSF):c.5458-2A>C,8291,DYSF,HGNC:3097,Pathogenic,1,"Jan 23, 2026",398123792,-,RCV000395191|RCV001201873|RCV006647207,"MedGen:C3661900|MONDO:MONDO:0016145,MedGen:C2931687,Orphanet:207073|MONDO:MONDO:0015152,MedGen:C2931907,OMIM:PS253600,Orphanet:102015",not provided|Neuromuscular disease caused by qualitative or quantitative defects of dysferlin|Autosomal recessive limb-girdle muscular dystrophy,germline,germline,GRCh37,NC_000002.11,2,71895882,71895882,na,na,2p13.2,reviewed by expert panel,3,-,N,ClinGen:CA222184,2,94336,71895882,A,C,-,-,-,-,-,-,SCV007540314,-,-,,0.00001,
565687,Duplication,NM_001242.5(CD27):c.239dup (p.His80fs),939,CD27,HGNC:11922,Pathogenic,1,"Jan 05, 2026",748418658,-,RCV000701415,"MONDO:MONDO:0014054,MedGen:C3554540,OMIM:615122,Orphanet:238505",Lymphoproliferative syndrome 2,germline,germline,GRCh37,NC_000012.11,12,6554691,6554692,na,na,12p13.31,"criteria provided, single submitter",1,-,N,ClinGen:CA6406910,2,578414,6554691,C,CA,-,-,-,-,-,-,SCV000830216,-,-,,0.00001,
21795,single nucleotide variant,NM_001005242.3(PKP2):c.2014-1G>C,5318,PKP2,HGNC:9024,Pathogenic,1,"Feb 01, 2026",193922674,-,RCV000007148|RCV000054811|RCV000252055|RCV000183771|RCV000771879|RCV003924809,"MONDO:MONDO:0012180,MedGen:C1836906,OMIM:609040|MONDO:MONDO:0016587,MeSH:D019571,MedGen:C0349788,Orphanet:247|MedGen:CN230736|MedGen:C3661900|Human Phenotype Ontology:HP:0001638,MONDO:MONDO:0004994,MedGen:C0878544,Orphanet:167848|",Arrhythmogenic right ventricular dysplasia 9|Arrhythmogenic right ventricular cardiomyopathy|Cardiovascular phenotype|not provided|Cardiomyopathy|PKP2-related disorder,germline;paternal;unknown,germline,GRCh37,NC_000012.11,12,32955491,32955491,na,na,12p11.21,"criteria provided, multiple submitters, no conflicts",38,"ACMG2013,ACMG2016,ACMG2021,ACMG2022",N,"ClinGen:CA011757,OMIM:602861.0003",3,6756,32955491,C,G,-,-,-,-,-,-,SCV000053029|SCV000061868|SCV000207157|SCV000236252|SCV000319827|SCV000545224|SCV000743451|SCV000744696|SCV000840038|SCV000893978|SCV000904636|SCV000987537|SCV000993586|SCV000996364|SCV001190256|SCV001250082|SCV001333842|SCV001440289|SCV001760302|SCV002538614|SCV002579591|SCV002764829|SCV002767286|SCV004099191|SCV004816512|SCV005049460|SCV005197179|SCV005374712|SCV007132451|SCV007333701,-,-,0.00015,0.00005,
17501,single nucleotide variant,NM_000026.4(ADSL):c.1277G>A (p.Arg426His),158,ADSL,HGNC:291,Pathogenic,1,"Feb 01, 2026",119450941,-,RCV000002566|RCV000186693|RCV002512680,"MONDO:MONDO:0007068,MedGen:C0268126,OMIM:103050,Orphanet:46|MedGen:C3661900|MeSH:D030342,MedGen:C0950123",Adenylosuccinate lyase deficiency|not provided|Inborn genetic diseases,germline;paternal;unknown,germline,GRCh37,NC_000022.10,22,40760969,40760969,na,na,22q13.1,"criteria provided, multiple submitters, no conflicts",23,-,N,"ClinGen:CA115565,UniProtKB:P30566#VAR_007978,OMIM:608222.0002,ClinVar:208488",3,2462,40760969,G,A,-,-,-,-,-,-,SCV000225471|SCV000236505|SCV000240259|SCV000246324|SCV000438687|SCV000511432|SCV000631362|SCV000713087|SCV000840712|SCV000894269|SCV001440379|SCV001760573|SCV002023025|SCV002502280|SCV003677029|SCV005380478|SCV005400847|SCV005433302|SCV006076405|SCV007521200,-,-,,0.00026,
622344,single nucleotide variant,NM_006017.3(PROM1):c.2050C>T (p.Arg684Ter),8842,PROM1,HGNC:9454,Pathogenic,1,"Apr 26, 2026",530749007,-,RCV000784975|RCV001093370|RCV003889979|RCV004796310|RCV006698266,"MONDO:MONDO:0012796,MedGen:C2677516,OMIM:612095,Orphanet:791|MedGen:C3661900|Human Phenotype Ontology:HP:0000556,Human Phenotype Ontology:HP:0007736,Human Phenotype Ontology:HP:0007910,Human Phenotype Ontology:HP:0007974,Human Phenotype Ontology:HP:0007982,MONDO:MONDO:0019118,MeSH:D058499,MedGen:C0854723,Orphanet:71862|MONDO:MONDO:0012983,MedGen:C2675210,OMIM:612657,Orphanet:1872|MONDO:MONDO:0013429,MedGen:C3151107,OMIM:613801,Orphanet:791",Retinitis pigmentosa 41|not provided|Retinal dystrophy|Cone-rod dystrophy 12|Retinitis pigmentosa 40,germline;inherited,germline,GRCh37,NC_000004.11,4,15991381,15991381,na,na,4p15.32,"criteria provided, multiple submitters, no conflicts",8,-,N,ClinGen:CA2866537,2,634483,15991381,G,A,-,-,-,-,-,-,SCV000923521|SCV001250315|SCV002058807|SCV002118925|SCV004706440|SCV005415541|SCV005418306|SCV007598417,-,-,,0.00001,0.00020
21796,single nucleotide variant,NM_001005242.3(PKP2):c.2357+1G>A,5318,PKP2,HGNC:9024,Pathogenic,1,"Jan 28, 2026",111517471,-,RCV000007149|RCV000157417|RCV000183714|RCV000618114|RCV000714906|RCV001171154|RCV001526972|RCV005054136,"MONDO:MONDO:0012180,MedGen:C1836906,OMIM:609040|MONDO:MONDO:0016587,MeSH:D019571,MedGen:C0349788,Orphanet:247|MedGen:C3661900|MedGen:CN230736||Human Phenotype Ontology:HP:0001638,MONDO:MONDO:0004994,MedGen:C0878544,Orphanet:167848|MONDO:MONDO:0016342,MedGen:C4274968,OMIM:PS107970,Orphanet:217656|MedGen:C0520806",Arrhythmogenic right ventricular dysplasia 9|Arrhythmogenic right ventricular cardiomyopathy|not provided|Cardiovascular phenotype|Arrhythmogenic ventricular cardiomyopathy|Cardiomyopathy|Familial isolated arrhythmogenic right ventricular dysplasia|Sudden unexplained death,germline,germline,GRCh37,NC_000012.11,12,32949042,32949042,na,na,12p11.21,"criteria provided, multiple submitters, no conflicts",26,"ACMG2013,ACMG2016,ACMG2021,ACMG2022",N,"ClinGen:CA012089,OMIM:602861.0004",3,6757,32949042,C,T,-,-,-,-,-,-,SCV000199907|SCV000207158|SCV000236192|SCV000638891|SCV000734902|SCV000743444|SCV000744691|SCV000748005|SCV000845660|SCV001156277|SCV001333838|SCV001343128|SCV001737755|SCV002501334|SCV002761536|SCV004817823|SCV005041096|SCV005197177|SCV007107678|SCV007329874|SCV007599622,-,-,,0.00002,0.00020
623815,single nucleotide variant,NM_000350.3(ABCA4):c.6319C>T (p.Arg2107Cys),24,ABCA4,HGNC:34,Pathogenic,1,"Apr 28, 2026",2297669,-,RCV000787520|RCV001074913|RCV001380601|RCV006692705,"MONDO:MONDO:0019353,MedGen:C0271093,OMIM:PS248200,Orphanet:827|Human Phenotype Ontology:HP:0000556,Human Phenotype Ontology:HP:0007736,Human Phenotype Ontology:HP:0007910,Human Phenotype Ontology:HP:0007974,Human Phenotype Ontology:HP:0007982,MONDO:MONDO:0019118,MeSH:D058499,MedGen:C0854723,Orphanet:71862|MedGen:C3661900|MONDO:MONDO:0800406,MedGen:CN322612",Stargardt disease|Retinal dystrophy|not provided|ABCA4-related retinopathy,germline;unknown,germline,GRCh37,NC_000001.10,1,94466625,94466625,na,na,1p22.1,reviewed by expert panel,4,-,N,ClinGen:CA956906,2,635988,94466625,G,A,-,-,-,-,-,-,SCV007591246,-,-,0.00008,0.00002,
259892,single nucleotide variant,NM_000127.3(EXT1):c.1019G>A (p.Arg340His),2131,EXT1,HGNC:3512,Pathogenic,1,"Mar 01, 2026",119103287,-,RCV000254839|RCV000630812|RCV001263553|RCV004739643|RCV006659363,"MedGen:C3661900|Human Phenotype Ontology:HP:0002762,MONDO:MONDO:0005508,MedGen:C0015306,OMIM:PS133700,Orphanet:321|MONDO:MONDO:0007585,MedGen:CN263289,OMIM:133700||MeSH:D030342,MedGen:C0950123","not provided|Multiple congenital exostosis|Exostoses, multiple, type 1|EXT1-related disorder|Inborn genetic diseases",de novo;germline;paternal,germline,GRCh37,NC_000008.10,8,118849384,118849384,na,na,8q24.11,"criteria provided, multiple submitters, no conflicts",14,-,N,"ClinGen:CA4854266,UniProtKB:Q16394#VAR_002374,OMIM:608177.0013",3,265129,118849384,C,T,-,-,-,-,-,-,SCV000321613|SCV000751779|SCV002521833|SCV004026144|SCV005373497|SCV005849611|SCV006333645|SCV007107396|SCV007546896|SCV007564762|SCV007598375,-,-,,0.00001,
260266,single nucleotide variant,NM_000487.6(ARSA):c.474C>A (p.Cys158Ter),410,ARSA,HGNC:713,Pathogenic,1,"Feb 04, 2026",768028181,-,RCV000254939|RCV000984244|RCV004755833,"MedGen:C3661900|MONDO:MONDO:0018868,MedGen:C0023522,OMIM:250100,Orphanet:512|",not provided|Metachromatic leukodystrophy|ARSA-related disorder,germline;unknown,germline,GRCh37,NC_000022.10,22,51065472,51065472,na,na,22q13.33,"criteria provided, multiple submitters, no conflicts",7,-,N,ClinGen:CA10325000,2,265461,51065472,G,T,-,-,-,-,-,-,SCV000322395|SCV001224437|SCV001462390|SCV002525842|SCV002791010,-,-,,0.00003,
105196,single nucleotide variant,NM_000350.3(ABCA4):c.4667+2T>C,24,ABCA4,HGNC:34,Pathogenic,1,"Jan 27, 2026",61752436,-,RCV000085660,MedGen:C3661900,not provided,germline,germline,GRCh37,NC_000001.10,1,94488940,94488940,na,na,1p22.1,"criteria provided, single submitter",2,-,N,ClinGen:CA227223,2,99307,94488940,A,G,-,-,-,-,-,-,SCV007418519,-,-,,0.00001,
106534,single nucleotide variant,NM_025233.7(COASY):c.1495C>T (p.Arg499Cys),80347,COASY,HGNC:29932,Pathogenic,1,"Jan 20, 2026",140709867,-,RCV000087062|RCV002298471|RCV001588921,"MONDO:MONDO:0014290,MedGen:C4517377,OMIM:615643,Orphanet:397725|MONDO:MONDO:0018307,MedGen:C2931845,OMIM:PS234200,Orphanet:385|MedGen:C3661900",Neurodegeneration with brain iron accumulation 6|Neurodegeneration with brain iron accumulation|not provided,germline;maternal,germline,GRCh37,NC_000017.10,17,40717686,40717686,na,na,17q21.2,"criteria provided, multiple submitters, no conflicts",8,-,N,"ClinGen:CA150599,UniProtKB:Q13057#VAR_070975,OMIM:609855.0001",3,100662,40717686,C,T,-,-,-,-,-,-,SCV001525792|SCV001825103|SCV002146659|SCV002503794|SCV002568247|SCV002598965|SCV007609101,-,-,0.00008,,
194271,Deletion,NM_000153.4(GALC):c.430del (p.Ile144fs),2581,GALC,HGNC:4115,Pathogenic,1,"Jan 15, 2026",775277935,-,RCV000255375|RCV001059225,"MedGen:C3661900|MONDO:MONDO:0009499,MedGen:C0023521,OMIM:245200,Orphanet:487",not provided|Galactosylceramide beta-galactosidase deficiency,germline,germline,GRCh37,NC_000014.8,14,88452845,88452845,na,na,14q31.3,"criteria provided, multiple submitters, no conflicts",7,-,N,ClinGen:CA275239,2,197110,88452844,AT,A,-,-,-,-,-,-,SCV000230032|SCV000321683|SCV001223845|SCV001362551|SCV002021214|SCV005635487|SCV007530203,-,-,0.00017,0.00003,
918140,single nucleotide variant,NM_018062.4(FANCL):c.1092G>A (p.Lys364=),55120,FANCL,HGNC:20748,Pathogenic,1,"Jan 24, 2026",577063114,-,RCV001195068|RCV001381353,"MONDO:MONDO:0013566,MedGen:C3469528,OMIM:614083,Orphanet:84|MONDO:MONDO:0019391,MeSH:D005199,MedGen:C0015625,OMIM:PS227650,Orphanet:84",Fanconi anemia complementation group L|Fanconi anemia,biparental;germline;unknown,germline,GRCh37,NC_000002.11,2,58387243,58387243,na,na,2p16.1,"criteria provided, multiple submitters, no conflicts",9,-,N,ClinGen:CA1670313,2,929823,58387243,C,T,-,-,-,-,-,-,SCV001579711|SCV002023040|SCV004021151|SCV004100909|SCV004197258|SCV005399075|SCV005658660|SCV006076500,-,-,,0.00002,0.00000
46005,single nucleotide variant,NM_007294.4(BRCA1):c.213-11T>G,672,BRCA1,HGNC:1100,Pathogenic,1,"Jan 26, 2026",80358061,-,RCV000031030|RCV000047725|RCV000074570|RCV000131898|RCV000469831|RCV000735531|RCV004802959|RCV005416026|RCV004758603|RCV005394181,"MONDO:MONDO:0011450,MedGen:C2676676,OMIM:604370,Orphanet:145|MONDO:MONDO:0003582,MeSH:D061325,MedGen:C0677776,Orphanet:145|MedGen:C3661900|MONDO:MONDO:0015356,MeSH:D009386,MedGen:C0027672,Orphanet:140162|MONDO:MONDO:0016419,MedGen:C0346153,OMIM:114480,Orphanet:227535|MedGen:CN221562|MONDO:MONDO:0700268,MedGen:CN377757|||MONDO:MONDO:0016419,MedGen:C0346153,OMIM:114480,Orphanet:227535;MONDO:MONDO:0054748,MedGen:C4554406,OMIM:617883;MONDO:MONDO:0011450,MedGen:C2676676,OMIM:604370,Orphanet:145","Breast-ovarian cancer, familial, susceptibility to, 1|Hereditary breast ovarian cancer syndrome|not provided|Hereditary cancer-predisposing syndrome|Familial cancer of breast|Breast and/or ovarian cancer|BRCA1-related cancer predisposition|Inherited breast cancer and ovarian cancer|BRCA1-related disorder|Familial cancer of breast;Fanconi anemia, complementation group S;Breast-ovarian cancer, familial, susceptibility to, 1",germline;paternal;unknown,germline,GRCh37,NC_000017.10,17,41256984,41256984,na,na,17q21.31,"criteria provided, multiple submitters, no conflicts",26,"ACMG2013,ACMG2016,ACMG2021,ACMG2022",N,"Breast Cancer Information Core (BIC) (BRCA1):332-11&base_change=T to G,ClinGen:CA001424,OMIM:113705.0004",3,37449,41256984,A,C,-,-,-,-,-,-,SCV000075738|SCV000108655|SCV000186953|SCV000292144|SCV000296273|SCV000325254|SCV000540930|SCV000602679|SCV000698919|SCV000966958|SCV003810368|SCV004212694|SCV005428665|SCV006058310|SCV006083294|SCV006277563|SCV007449514|SCV007595218|SCV007599652,-,-,,0.00001,
29022,single nucleotide variant,NM_001382430.1(AKT1):c.49G>A (p.Glu17Lys),207,AKT1,HGNC:391,Pathogenic,1,"Apr 15, 2026",121434592,-,RCV000015017|RCV000015018|RCV000015019|RCV000031926|RCV000795313|RCV001813745|RCV004668732|RCV005647963|RCV006253622|RCV006253621,"MONDO:MONDO:0004988,MedGen:C0858252|MONDO:MONDO:0002032,MedGen:C0699790|Human Phenotype Ontology:HP:0100615,MONDO:MONDO:0021068,MeSH:D010051,MedGen:C0919267|MONDO:MONDO:0008318,MedGen:C0085261,OMIM:176920,Orphanet:744|MONDO:MONDO:0014048,MedGen:C3554519,OMIM:615109,Orphanet:201|MedGen:C3661900|Human Phenotype Ontology:HP:0002664,Human Phenotype Ontology:HP:0003008,Human Phenotype Ontology:HP:0006741,MONDO:MONDO:0005070,MeSH:D009369,MedGen:C0027651|Human Phenotype Ontology:HP:0002858,Human Phenotype Ontology:HP:0006754,MONDO:MONDO:0016642,MedGen:C0025286,Orphanet:2495|MONDO:MONDO:0956965,MedGen:CN377554|MONDO:MONDO:0858939,MedGen:C5669918","Breast adenocarcinoma|Carcinoma of colon|Ovarian neoplasm|Proteus syndrome|Cowden syndrome 6|not provided|Neoplasm|Meningioma|Medulloblastoma SHH activated and TP53 wild-type|Diffuse pediatric-type high-grade glioma, H3-wildtype and IDH-wildtype",germline;somatic,germline/somatic,GRCh37,NC_000014.8,14,105246551,105246551,na,na,14q32.33,"criteria provided, multiple submitters, no conflicts",9,-,N,"ClinGen:CA123660,UniProtKB:P31749#VAR_055422,OMIM:164730.0001",3,13983,105246551,C,T,Tier I - Strong,"Feb 23, 2023","criteria provided, single submitter",Oncogenic,"Mar 30, 2025","criteria provided, multiple submitters, no conflicts",SCV000934768|SCV002061056|SCV004176945|SCV007579286,SCV007105155,SCV005094330|SCV006076529,,0.00001,
1925577,single nucleotide variant,NM_000094.4(COL7A1):c.7129G>A (p.Gly2377Ser),1294,COL7A1,HGNC:2214,Pathogenic,1,"Jan 12, 2026",768597948,-,RCV002651677,MedGen:C3661900,not provided,germline,germline,GRCh37,NC_000003.11,3,48608569,48608569,na,na,3p21.31,"criteria provided, single submitter",1,-,N,ClinGen:CA2378635,2,2203358,48608569,C,T,-,-,-,-,-,-,SCV003525155,-,-,,0.00002,
441915,single nucleotide variant,NM_001126108.2(SLC12A3):c.2954G>A (p.Cys985Tyr),6559,SLC12A3,HGNC:10912,Pathogenic,1,"Jan 25, 2026",199849117,-,RCV000517299|RCV001271446,"MedGen:C3661900|MONDO:MONDO:0009904,MedGen:C0268450,OMIM:263800,Orphanet:358",not provided|Familial hypokalemia-hypomagnesemia,germline;inherited;unknown,germline,GRCh37,NC_000016.9,16,56947205,56947205,na,na,16q13,"criteria provided, multiple submitters, no conflicts",14,-,N,ClinGen:CA8070172,2,448395,56947205,G,A,-,-,-,-,-,-,SCV000615291|SCV001202063|SCV001452599|SCV001500079|SCV001752474|SCV001766181|SCV002020626|SCV002055359|SCV002513829|SCV003800734|SCV005900394|SCV007114087|SCV007537865,-,-,0.00008,0.00025,0.00020
30477,single nucleotide variant,NM_000518.5(HBB):c.315+1G>A,3043,HBB,HGNC:4827,Pathogenic,1,"Feb 01, 2026",33945777,-,RCV000016696|RCV000020332|RCV000255349|RCV001004566|RCV001731303|RCV001723572|RCV002288502|RCV003987325|RCV005003370|RCV005357132|RCV006636188,"MedGen:C0271980|MONDO:MONDO:0019402,MedGen:C0005283,Orphanet:848|MedGen:C3661900|MONDO:MONDO:0011382,MedGen:C0002895,OMIM:603903,Orphanet:232,Orphanet:275752|MedGen:CN169374|MONDO:MONDO:0011381,MedGen:C1858990,OMIM:603902,Orphanet:231226,Orphanet:848|MONDO:MONDO:0013517,MedGen:CN322236,OMIM:613985|MONDO:MONDO:0021024,MedGen:C1970028,OMIM:611162,Orphanet:673|8 conditions|MONDO:MONDO:0054801,MedGen:C4693822,OMIM:617980|MedGen:CN239378","Beta zero thalassemia|beta Thalassemia|not provided|Hb SS disease|not specified|Dominant beta-thalassemia|Beta-thalassemia HBB/LCRB|Malaria, susceptibility to|8 conditions|Erythrocytosis, familial, 6|HBB-related disorder",germline;inherited;unknown,germline,GRCh37,NC_000011.9,11,5247806,5247806,na,na,11p15.4,"criteria provided, multiple submitters, no conflicts",32,-,Y,"HBVAR:884,ClinGen:CA125305,OMIM:141900.0348",3,15438,5247806,C,T,-,-,-,-,-,-,SCV000321763|SCV000601271|SCV000603893|SCV000697106|SCV000746439|SCV000893886|SCV000958500|SCV001163650|SCV001193967|SCV001426506|SCV001520749|SCV001810475|SCV001950085|SCV001984020|SCV002024958|SCV002089197|SCV002581299|SCV004804905|SCV004847540|SCV005051811|SCV005871403|SCV005916273|SCV006104275|SCV006331297|SCV006561098|SCV007128623|SCV007521090,-,-,,0.00004,
1059653,Insertion,NM_174878.3(CLRN1):c.148_149insTGTC (p.Ser50fs),7401,CLRN1,HGNC:12605,Pathogenic,1,"Jan 28, 2026",762606406,-,RCV001682645|RCV002506728|RCV004770188|RCV004815586|RCV006638912,"MedGen:C3661900|MONDO:MONDO:0019200,MeSH:D012174,MedGen:C0035334,OMIM:268000,OMIM:PS268000,Orphanet:791;MONDO:MONDO:0013610,MedGen:C3280041,OMIM:614180,Orphanet:791;MONDO:MONDO:0010170,MedGen:C5779850,OMIM:276902|MONDO:MONDO:0019501,MeSH:D052245,MedGen:CN469326,OMIM:PS276900,Orphanet:886|Human Phenotype Ontology:HP:0000556,Human Phenotype Ontology:HP:0007736,Human Phenotype Ontology:HP:0007910,Human Phenotype Ontology:HP:0007974,Human Phenotype Ontology:HP:0007982,MONDO:MONDO:0019118,MeSH:D058499,MedGen:C0854723,Orphanet:71862|Human Phenotype Ontology:HP:0000488,MONDO:MONDO:0005283,MedGen:C0035309",not provided|Retinitis pigmentosa;Retinitis pigmentosa 61;Usher syndrome type 3A|Usher syndrome|Retinal dystrophy|Retinal disorder,germline;unknown,germline,GRCh37,NC_000003.11,3,150690347,150690348,na,na,3q25.1,"criteria provided, multiple submitters, no conflicts",5,-,N,ClinGen:CA2666207,2,1275768,150690347,G,GGACA,-,-,-,-,-,-,SCV001905532|SCV002808760|SCV005073060|SCV005380761|SCV007521267,-,-,0.00008,0.00009,
495459,single nucleotide variant,NM_000094.4(COL7A1):c.4027C>T (p.Arg1343Ter),1294,COL7A1,HGNC:2214,Pathogenic,1,"May 11, 2026",761234904,-,RCV000598770|RCV000763513|RCV002279385|RCV002245038|RCV006640796,"MedGen:C3661900|7 conditions|MONDO:MONDO:0009179,MedGen:C0079474,OMIM:226600,Orphanet:79408,Orphanet:79409|MONDO:MONDO:0007549,MedGen:C0432322,OMIM:131750,Orphanet:231568;MONDO:MONDO:0009179,MedGen:C0079474,OMIM:226600,Orphanet:79408,Orphanet:79409|MONDO:MONDO:0006543,MedGen:C0079294,Orphanet:303",not provided|7 conditions|Recessive dystrophic epidermolysis bullosa|Generalized dominant dystrophic epidermolysis bullosa;Recessive dystrophic epidermolysis bullosa|Epidermolysis bullosa dystrophica,germline;maternal,germline,GRCh37,NC_000003.11,3,48622187,48622187,na,na,3p21.31,"criteria provided, multiple submitters, no conflicts",8,-,N,ClinGen:CA2380264,2,503709,48622187,G,A,-,-,-,-,-,-,SCV000709967|SCV000894317|SCV001393140|SCV001454273|SCV002499314|SCV002512530|SCV006583388|SCV007614928,-,-,,0.00001,
214324,single nucleotide variant,NM_025114.4(CEP290):c.5932C>T (p.Arg1978Ter),80184,CEP290,HGNC:29021,Pathogenic,1,"Jan 02, 2026",371525247,-,RCV000201627|RCV000598256|RCV001382359|RCV003468924|RCV004798806|RCV004816348|RCV005003554|RCV006640458,"MONDO:MONDO:0012432,MedGen:C1857780,OMIM:610188,Orphanet:2318|MedGen:C3661900|MONDO:MONDO:0018921,MedGen:C0265215,OMIM:PS249000,Orphanet:564;Human Phenotype Ontology:HP:0000090,Human Phenotype Ontology:HP:0004748,MONDO:MONDO:0019005,MedGen:C0687120,OMIM:PS256100,Orphanet:655;MONDO:MONDO:0018772,MedGen:C5979921,OMIM:PS213300,Orphanet:475|MONDO:MONDO:0014442,MedGen:C2673874,OMIM:615991,Orphanet:110|MONDO:MONDO:0012723,MedGen:C1857821,OMIM:611755,Orphanet:65|Human Phenotype Ontology:HP:0000556,Human Phenotype Ontology:HP:0007736,Human Phenotype Ontology:HP:0007910,Human Phenotype Ontology:HP:0007974,Human Phenotype Ontology:HP:0007982,MONDO:MONDO:0019118,MeSH:D058499,MedGen:C0854723,Orphanet:71862|MONDO:MONDO:0012723,MedGen:C1857821,OMIM:611755,Orphanet:65;MONDO:MONDO:0012626,MedGen:C1970161,OMIM:611134,Orphanet:564;MONDO:MONDO:0014442,MedGen:C2673874,OMIM:615991,Orphanet:110;MONDO:MONDO:0012433,MedGen:C1857779,OMIM:610189,Orphanet:3156;MONDO:MONDO:0012432,MedGen:C1857780,OMIM:610188,Orphanet:2318|MONDO:MONDO:0018998,MeSH:D057130,MedGen:C0339527,OMIM:PS204000,Orphanet:65","Joubert syndrome 5|not provided|Meckel-Gruber syndrome;Nephronophthisis;Joubert syndrome|Bardet-Biedl syndrome 14|Leber congenital amaurosis 10|Retinal dystrophy|Leber congenital amaurosis 10;Meckel syndrome, type 4;Bardet-Biedl syndrome 14;Senior-Loken syndrome 6;Joubert syndrome 5|Leber congenital amaurosis",germline;unknown,germline,GRCh37,NC_000012.11,12,88465150,88465150,na,na,12q21.32,"criteria provided, multiple submitters, no conflicts",9,-,N,ClinGen:CA277735,2,217637,88465150,G,A,-,-,-,-,-,-,SCV000256389|SCV000705096|SCV001581094|SCV004216561|SCV005071904|SCV005186195|SCV005420390|SCV005630435|SCV007526453,-,-,0.00009,0.00002,
18878,single nucleotide variant,NM_016123.4(IRAK4):c.877C>T (p.Gln293Ter),51135,IRAK4,HGNC:17967,Pathogenic,1,"Jan 11, 2026",121908002,-,RCV000004043|RCV001556912|RCV003390639,"MONDO:MONDO:0011888,MedGen:C1843256,OMIM:607676,Orphanet:70592|MedGen:C3661900|",Immunodeficiency 67|not provided|IRAK4-related disorder,germline;unknown,germline,GRCh37,NC_000012.11,12,44172041,44172041,na,na,12q12,"criteria provided, multiple submitters, no conflicts",11,-,N,"ClinGen:CA116472,OMIM:606883.0002",3,3839,44172041,C,T,-,-,-,-,-,-,SCV000762275|SCV000915596|SCV001440146|SCV001778578|SCV002515830|SCV002821701|SCV004119883|SCV007599482,-,-,,0.00018,
431705,single nucleotide variant,NM_001142800.2(EYS):c.5928-2A>G,346007,EYS,HGNC:21555,Pathogenic,1,"Feb 13, 2026",181169439,-,RCV000504892|RCV001055069|RCV001075860|RCV000987723|RCV006698192,"MONDO:MONDO:0019200,MeSH:D012174,MedGen:C0035334,OMIM:268000,OMIM:PS268000,Orphanet:791|MedGen:C3661900|Human Phenotype Ontology:HP:0000556,Human Phenotype Ontology:HP:0007736,Human Phenotype Ontology:HP:0007910,Human Phenotype Ontology:HP:0007974,Human Phenotype Ontology:HP:0007982,MONDO:MONDO:0019118,MeSH:D058499,MedGen:C0854723,Orphanet:71862|MONDO:MONDO:0011272,MedGen:C1864446,OMIM:602772,Orphanet:791|MONDO:MONDO:0013429,MedGen:C3151107,OMIM:613801,Orphanet:791",Retinitis pigmentosa|not provided|Retinal dystrophy|Retinitis pigmentosa 25|Retinitis pigmentosa 40,germline;unknown,germline,GRCh37,NC_000006.11,6,65098735,65098735,na,na,6q12,"criteria provided, multiple submitters, no conflicts",18,-,N,ClinGen:CA140315879,2,438200,65098735,T,C,-,-,-,-,-,-,SCV001137157|SCV001219434|SCV001241499|SCV001455297|SCV001796019|SCV001950268|SCV002809203|SCV004030404|SCV004192886|SCV004562043|SCV005892975|SCV007520902|SCV007598667|SCV007608682,-,-,,,0.00020
187009,single nucleotide variant,NM_000152.5(GAA):c.1843G>A (p.Gly615Arg),2548,GAA,HGNC:4065,Pathogenic,1,"Mar 03, 2026",549029029,-,RCV000169115|RCV001781521,"MONDO:MONDO:0009290,MedGen:C0017921,OMIM:232300,Orphanet:365|MedGen:C3661900","Glycogen storage disease, type II|not provided",germline;unknown,germline,GRCh37,NC_000017.10,17,78086465,78086465,na,na,17q25.3,reviewed by expert panel,10,"ACMG2021,ACMG2022",N,"ClinGen:CA273955,UniProtKB:P10253#VAR_008690",2,188786,78086465,G,A,-,-,-,-,-,-,SCV002583372,-,-,,0.00002,0.00020
99911,single nucleotide variant,NM_001918.5(DBT):c.670G>T (p.Glu224Ter),1629,DBT,HGNC:2698,Pathogenic,1,"Jan 20, 2026",74103423,-,RCV000079951|RCV000179397|RCV002298465|RCV004566954,"MedGen:C3661900|MONDO:MONDO:0009563,MeSH:D008375,MedGen:C0024776,OMIM:PS248600,Orphanet:511|MONDO:MONDO:0023693,MedGen:C1855371,OMIM:620699|MONDO:MONDO:0023691,MedGen:C1855369,OMIM:248600",not provided|Maple syrup urine disease|Maple syrup urine disease type 2|Maple syrup urine disease type 1A,germline;unknown,germline,GRCh37,NC_000001.10,1,100681641,100681641,na,na,1p21.2,"criteria provided, multiple submitters, no conflicts",13,-,N,ClinGen:CA221900,2,94009,100681641,C,A,-,-,-,-,-,-,SCV000231639|SCV000680731|SCV000834968|SCV000893167|SCV002018143|SCV002033193|SCV002588782|SCV004190853|SCV004847421|SCV005204172|SCV005642660|SCV005905688|SCV006302908,-,-,0.00015,0.00009,0.00120
575108,single nucleotide variant,NM_015937.6(PIGT):c.494-2A>G,51604,PIGT,HGNC:14938,Pathogenic,1,"Apr 20, 2026",200790673,-,RCV000707576|RCV001092541|RCV005901749,"MONDO:MONDO:0014165,MedGen:C3809356,OMIM:615398,Orphanet:369837|MedGen:C3661900|MedGen:C0005684",Multiple congenital anomalies-hypotonia-seizures syndrome 3|not provided|Malignant tumor of urinary bladder,germline;not applicable;unknown,germline,GRCh37,NC_000020.10,20,44047933,44047933,na,na,20q13.12,"criteria provided, multiple submitters, no conflicts",9,-,N,"ClinGen:CA9877916,OMIM:610272.0008",3,583283,44047933,A,G,-,-,-,-,-,-,SCV000836677|SCV001141240|SCV001249086|SCV001778606|SCV002018804|SCV007540551|SCV007599703,-,-,0.00015,0.00005,
620664,single nucleotide variant,NM_000782.5(CYP24A1):c.443T>C (p.Leu148Pro),1591,CYP24A1,HGNC:2602,Pathogenic,1,"Jan 23, 2026",139763321,-,RCV000778636|RCV001576682|RCV004756031,"MONDO:MONDO:0020739,MedGen:CN031131,OMIM:143880,Orphanet:300547|MedGen:C3661900|","Hypercalcemia, infantile, 1|not provided|CYP24A1-related disorder",germline;paternal,germline,GRCh37,NC_000020.10,20,52789454,52789454,na,na,20q13.2,"criteria provided, multiple submitters, no conflicts",7,-,N,ClinGen:CA9916167,2,631878,52789454,A,G,-,-,-,-,-,-,SCV000914962|SCV001803919|SCV002237113|SCV005659056|SCV007518725,-,-,0.00031,0.00016,
200653,single nucleotide variant,NM_138413.4(HOGA1):c.117C>A (p.Tyr39Ter),112817,HOGA1,HGNC:25155,Pathogenic,1,"Jan 19, 2026",746419489,-,RCV000186475|RCV001069053,"MONDO:MONDO:0013327,MedGen:C3150878,OMIM:613616,Orphanet:416,Orphanet:93600|MedGen:C3661900",Primary hyperoxaluria type 3|not provided,germline,germline,GRCh37,NC_000010.10,10,99344577,99344577,na,na,10q24.2,"criteria provided, multiple submitters, no conflicts",5,-,N,ClinGen:CA203942,2,204268,99344577,C,A,-,-,-,-,-,-,SCV001234197|SCV007096535|SCV007614279,-,-,,0.00001,
638388,Duplication,NM_033305.3(VPS13A):c.3556_3557dup (p.Val1187fs),23230,VPS13A,HGNC:1908,Pathogenic,1,"Jan 24, 2026",779746050,-,RCV000809886|RCV001276369,"MedGen:C3661900|MONDO:MONDO:0008695,MedGen:C0393576,OMIM:200150,Orphanet:2388",not provided|VPS13A-related neurodegenerative disease,germline,germline,GRCh37,NC_000009.11,9,79910505,79910506,na,na,9q21.2,"criteria provided, multiple submitters, no conflicts",8,-,N,"ClinGen:CA5092292,OMIM:605978.0009",3,654006,79910505,A,AAC,-,-,-,-,-,-,SCV000950067|SCV001462581|SCV001873735|SCV004021263|SCV005675863|SCV006584265|SCV007448622,-,-,,0.00002,
259927,single nucleotide variant,NM_133497.4(KCNV2):c.778A>T (p.Lys260Ter),169522,KCNV2,HGNC:19698,Pathogenic,1,"May 14, 2026",139027297,-,RCV000255665|RCV003324523|RCV004816466|RCV006636220|RCV006709024,"MedGen:C3661900|MONDO:MONDO:0000455,MedGen:C0730290,Orphanet:1871|Human Phenotype Ontology:HP:0000556,Human Phenotype Ontology:HP:0007736,Human Phenotype Ontology:HP:0007910,Human Phenotype Ontology:HP:0007974,Human Phenotype Ontology:HP:0007982,MONDO:MONDO:0019118,MeSH:D058499,MedGen:C0854723,Orphanet:71862|MONDO:MONDO:0012475,MedGen:C1835897,OMIM:610356,Orphanet:209932|Human Phenotype Ontology:HP:0000488,MONDO:MONDO:0005283,MedGen:C0035309",not provided|Cone dystrophy|Retinal dystrophy|Cone dystrophy with supernormal rod response|Retinal disorder,germline,germline,GRCh37,NC_000009.11,9,2718517,2718517,na,na,9p24.2,"criteria provided, multiple submitters, no conflicts",6,-,N,ClinGen:CA4965618,2,265419,2718517,A,T,-,-,-,-,-,-,SCV000322296|SCV001231120|SCV004030418|SCV005069107|SCV007520918|SCV007615479,-,-,0.00016,,
19367,single nucleotide variant,NM_000157.4(GBA1):c.887G>A (p.Arg296Gln),2629,GBA1,HGNC:4177,Pathogenic,1,"Jan 16, 2026",78973108,-,RCV000004573|RCV000020159|RCV000079357|RCV000762855|RCV001004125|RCV001836699|RCV003225017|RCV004554584,"MONDO:MONDO:0011945,MedGen:C1842704,OMIM:608013,Orphanet:85212|MONDO:MONDO:0018150,MedGen:C0017205,Orphanet:355|MedGen:C3661900|7 conditions|MONDO:MONDO:0009268,MedGen:C1856476,OMIM:231005,Orphanet:2072;MONDO:MONDO:0009265,MedGen:C1961835,OMIM:230800,Orphanet:355,Orphanet:77259;MONDO:MONDO:0009266,MedGen:C0268250,OMIM:230900,Orphanet:77260;MONDO:MONDO:0009267,MedGen:C0268251,OMIM:231000,Orphanet:355,Orphanet:77261|MONDO:MONDO:0008199,MedGen:C3160718,OMIM:168600,Orphanet:411602|MONDO:MONDO:0009265,MedGen:C1961835,OMIM:230800,Orphanet:355,Orphanet:77259|","Gaucher disease perinatal lethal|Gaucher disease|not provided|7 conditions|Gaucher disease-ophthalmoplegia-cardiovascular calcification syndrome;Gaucher disease type I;Gaucher disease type II;Gaucher disease type III|Parkinson disease, late-onset|Gaucher disease type I|GBA1-related disorder",germline;unknown,germline,GRCh37,NC_000001.10,1,155207244,155207244,na,na,1q22,"criteria provided, multiple submitters, no conflicts",16,-,N,"ClinGen:CA221417,UniProtKB:P04062#VAR_003284,OMIM:606463.0041",3,4328,155207244,C,T,-,-,-,-,-,-,SCV000232587|SCV000321701|SCV000893215|SCV000917433|SCV001162856|SCV001422531|SCV001652794|SCV002024207|SCV002050008|SCV002086467|SCV002817284|SCV003921794|SCV004014701|SCV005043830|SCV007503711,-,-,,0.00003,
622215,single nucleotide variant,NM_017449.5(EPHB2):c.2233C>T (p.Arg745Cys),2048,EPHB2,HGNC:3393,Pathogenic,1,"Feb 04, 2026",761749948,-,RCV000782357,"MONDO:MONDO:0032765,MedGen:C5193111,OMIM:618462","Bleeding disorder, platelet-type, 22",germline,germline,GRCh37,NC_000001.10,1,23234542,23234542,na,na,1p36.12,no assertion criteria provided,1,-,N,"ClinGen:CA678904,OMIM:600997.0005",1,633783,23234542,C,T,-,-,-,-,-,-,SCV000920881,-,-,,0.00001,
18006,single nucleotide variant,NM_000271.5(NPC1):c.3182T>C (p.Ile1061Thr),4864,NPC1,HGNC:7897,Pathogenic,1,"Apr 01, 2026",80358259,-,RCV000003101|RCV000254672|RCV000587869|RCV000624446|RCV003335012|RCV003964790|RCV006252549,"MONDO:MONDO:0009757,MedGen:C3179455,OMIM:257220,Orphanet:646|MedGen:C3661900|MONDO:MONDO:0018982,MedGen:C0220756,Orphanet:646|MeSH:D030342,MedGen:C0950123|MONDO:MONDO:0001982,MedGen:C0028064||MONDO:MONDO:0002561,MedGen:C0085078,Orphanet:68366","Niemann-Pick disease, type C1|not provided|Niemann-Pick disease, type C|Inborn genetic diseases|Sphingomyelin/cholesterol lipidosis|NPC1-related disorder|Lysosomal storage disease",biparental;germline;unknown,germline,GRCh37,NC_000018.9,18,21116700,21116700,na,na,18q11.2,"criteria provided, multiple submitters, no conflicts",29,-,N,"ClinGen:CA340033,UniProtKB:O15118#VAR_008836,OMIM:607623.0010",3,2967,21116700,A,G,-,-,-,-,-,-,SCV000208911|SCV000236543|SCV000330979|SCV000596044|SCV000611222|SCV000696420|SCV000742470|SCV000836750|SCV001163434|SCV001193866|SCV001249522|SCV001453832|SCV002018348|SCV002502267|SCV003919012|SCV004046002|SCV005086756|SCV006053411|SCV006279653|SCV006560916|SCV007595354|SCV007600095,-,-,,0.00024,
511434,single nucleotide variant,NM_001692.4(ATP6V1B1):c.340C>T (p.Arg114Ter),525,ATP6V1B1,HGNC:853,Pathogenic,1,"Jan 09, 2026",782138777,-,RCV000624912|RCV000986767|RCV001222461,"MeSH:D030342,MedGen:C0950123|MONDO:MONDO:0009968,MedGen:C0403554,OMIM:267300|MedGen:C3661900",Inborn genetic diseases|Renal tubular acidosis with progressive nerve deafness|not provided,germline;unknown,germline,GRCh37,NC_000002.11,2,71185529,71185529,na,na,2p13.3,"criteria provided, multiple submitters, no conflicts",7,-,N,ClinGen:CA1700998,2,521461,71185529,C,T,-,-,-,-,-,-,SCV000742059|SCV001135884|SCV001394560|SCV002079705|SCV003807416|SCV005657252|SCV007598688,-,-,,0.00001,
916813,single nucleotide variant,NM_000478.6(ALPL):c.1282C>T (p.Arg428Ter),249,ALPL,HGNC:438,Pathogenic,1,"Apr 21, 2026",759017288,-,RCV001194282|RCV001205339|RCV003469310|RCV005021487,"MONDO:MONDO:0018570,MeSH:D007014,MedGen:C0020630,Orphanet:436|MedGen:C3661900|MONDO:MONDO:1010154,MedGen:C0268413,OMIM:146300,Orphanet:247676,Orphanet:436|MONDO:MONDO:1010154,MedGen:C0268413,OMIM:146300,Orphanet:247676,Orphanet:436;MONDO:MONDO:1010168,MedGen:C0220743,OMIM:241510,Orphanet:247667,Orphanet:436;MONDO:MONDO:1010169,MedGen:C0268412,OMIM:241500,Orphanet:247651,Orphanet:436",Hypophosphatasia|not provided|Adult hypophosphatasia|Adult hypophosphatasia;Childhood hypophosphatasia;Infantile hypophosphatasia,germline;unknown,germline,GRCh37,NC_000001.10,1,21903107,21903107,na,na,1p36.12,"criteria provided, multiple submitters, no conflicts",6,-,N,ClinGen:CA666794,2,929188,21903107,C,T,-,-,-,-,-,-,SCV001363682|SCV001376590|SCV004194463|SCV005644689|SCV006335174|SCV007596603,-,-,,0.00002,
39959,single nucleotide variant,NM_025099.6(CTC1):c.1994T>G (p.Val665Gly),80169,CTC1,HGNC:26169,Pathogenic,1,"Jan 09, 2026",199473676,-,RCV000023993|RCV003227608|RCV005089310,"MONDO:MONDO:0024564,MedGen:C4552029,OMIM:612199,Orphanet:313838|MedGen:C3661900|MONDO:MONDO:0015780,MedGen:C0265965,OMIM:PS127550,Orphanet:1775",Cerebroretinal microangiopathy with calcifications and cysts 1|not provided|Dyskeratosis congenita,germline,germline,GRCh37,NC_000017.10,17,8135745,8135745,na,na,17p13.1,"criteria provided, multiple submitters, no conflicts",5,-,N,"ClinGen:CA129614,UniProtKB:Q2NKJ3#VAR_067372,OMIM:613129.0006",3,31002,8135745,A,C,-,-,-,-,-,-,SCV003844293|SCV003924725|SCV005652898|SCV005773627,-,-,,0.00011,
441908,single nucleotide variant,NM_001126108.2(SLC12A3):c.506-1G>A,6559,SLC12A3,HGNC:10912,Pathogenic,1,"Mar 01, 2026",201555148,-,RCV000517374|RCV000762971|RCV001328170|RCV006659597|RCV003925548,"MedGen:C3661900|MONDO:MONDO:0009904,MedGen:C0268450,OMIM:263800,Orphanet:358|MONDO:MONDO:0015231,MedGen:C0004775,OMIM:PS601678,Orphanet:112;MONDO:MONDO:0009904,MedGen:C0268450,OMIM:263800,Orphanet:358||",not provided|Familial hypokalemia-hypomagnesemia|Bartter syndrome;Familial hypokalemia-hypomagnesemia|Renal tubulopathies|SLC12A3-related disorder,germline;unknown,germline,GRCh37,NC_000016.9,16,56903640,56903640,na,na,16q13,"criteria provided, multiple submitters, no conflicts",13,-,N,ClinGen:CA8069085,2,448398,56903640,G,A,-,-,-,-,-,-,SCV000615294|SCV000893413|SCV001225434|SCV001458486|SCV002020628|SCV002055326|SCV003923826|SCV005087170|SCV006303680|SCV007544433|SCV007579154,-,-,0.00008,0.00002,
3226470,single nucleotide variant,NM_015687.5(FILIP1):c.2665C>T (p.Arg889Ter),27145,FILIP1,HGNC:21015,Pathogenic,1,"Apr 01, 2026",775141616,-,RCV003991498,"MONDO:MONDO:0958332,MedGen:C5935643,OMIM:620775","Neuromuscular disorder, congenital, with dysmorphic facies",germline,germline,GRCh37,NC_000006.11,6,76022883,76022883,na,na,6q14.1,"criteria provided, single submitter",2,-,N,"ClinGen:CA3895233,OMIM:607307.0002",3,3066459,76022883,G,A,-,-,-,-,-,-,SCV007601004,-,-,,0.00001,
15504,single nucleotide variant,NM_000035.4(ALDOB):c.524C>A (p.Ala175Asp),229,ALDOB,HGNC:417,Pathogenic,1,"Jan 28, 2026",76917243,-,RCV000000494|RCV000352944|RCV002251842|RCV002512605|RCV003952332,"Human Phenotype Ontology:HP:0005973,MONDO:MONDO:0009249,MedGen:C0016751,OMIM:229600,Orphanet:469|MedGen:C3661900||MeSH:D030342,MedGen:C0950123|",Hereditary fructosuria|not provided|See cases|Inborn genetic diseases|ALDOB-related disorder,germline;paternal;unknown,germline,GRCh37,NC_000009.11,9,104189780,104189780,na,na,9q31.1,"criteria provided, multiple submitters, no conflicts",27,-,Y,"UniProtKB:P05062#VAR_000554,OMIM:612724.0002,ClinGen:CA339811",3,465,104189780,G,T,-,-,-,-,-,-,SCV000230834|SCV000330017|SCV000693983|SCV000812921|SCV000894460|SCV001193855|SCV001426598|SCV001462842|SCV001554467|SCV001810256|SCV002024893|SCV002523064|SCV002577416|SCV003680248|SCV004046247|SCV004196082|SCV004848093|SCV005904042|SCV005920912|SCV006302964|SCV006559058|SCV007517812,-,-,,0.00033,0.00040
586375,single nucleotide variant,NM_003742.4(ABCB11):c.2944G>A (p.Gly982Arg),8647,ABCB11,HGNC:42,Pathogenic,1,"Apr 14, 2026",72549399,-,RCV000730828|RCV002499359|RCV003987684|RCV004569414|RCV006685291,"MedGen:C3661900|MONDO:MONDO:0011156,MedGen:C3489789,OMIM:601847,Orphanet:79304;MONDO:MONDO:0011559,MedGen:C2608083,OMIM:605479,Orphanet:65682,Orphanet:99961|MONDO:MONDO:0011156,MedGen:C3489789,OMIM:601847,Orphanet:79304|MONDO:MONDO:0011559,MedGen:C2608083,OMIM:605479,Orphanet:65682,Orphanet:99961|MONDO:MONDO:0017290,MedGen:CN296401,Orphanet:284385",not provided|Progressive familial intrahepatic cholestasis type 2;Benign recurrent intrahepatic cholestasis type 2|Progressive familial intrahepatic cholestasis type 2|Benign recurrent intrahepatic cholestasis type 2|Familial intrahepatic cholestasis,germline;unknown,germline,GRCh37,NC_000002.11,2,169791806,169791806,na,na,2q31.1,"criteria provided, multiple submitters, no conflicts",8,-,N,ClinGen:CA1951147,2,595313,169791806,C,T,-,-,-,-,-,-,SCV000858592|SCV001590799|SCV002811077|SCV004805186|SCV005042914|SCV005055934|SCV007521412|SCV007581613,-,-,,0.00001,
76773,single nucleotide variant,NM_000784.4(CYP27A1):c.379C>T (p.Arg127Trp),1593,CYP27A1,HGNC:2605,Pathogenic,1,"Mar 04, 2026",201114717,-,RCV000056110|RCV001267948|RCV002251956|RCV003415826|RCV006659185,"MONDO:MONDO:0008948,MedGen:C0238052,OMIM:213700,Orphanet:909|MedGen:C3661900|||MedGen:CN230736",Cholestanol storage disease|not provided|See cases|CYP27A1-related disorder|Cardiovascular phenotype,germline;unknown,germline,GRCh37,NC_000002.11,2,219674423,219674423,na,na,2q35,"criteria provided, multiple submitters, no conflicts",14,-,N,ClinGen:CA345193,3,65865,219674423,C,T,-,-,-,-,-,-,SCV000933713|SCV001446470|SCV001823953|SCV002078763|SCV002496638|SCV002523876|SCV002810277|SCV004118437|SCV004192648|SCV005413550|SCV007495893|SCV007553114,-,-,0.00015,,0.00040
444192,single nucleotide variant,NM_014251.3(SLC25A13):c.1063C>T (p.Arg355Ter),10165,SLC25A13,HGNC:10983,Pathogenic,1,"Jan 21, 2026",758827458,-,RCV000523426|RCV000806593|RCV001834681|RCV003476219|RCV005034068,"MedGen:C3661900|MONDO:MONDO:0016602,MedGen:C1997910,Orphanet:247582|MONDO:MONDO:0015991,MedGen:C0175683,OMIM:PS215700,Orphanet:187|MONDO:MONDO:0011326,MedGen:CN295299,OMIM:603471,Orphanet:247585|MONDO:MONDO:0011601,MedGen:C1853942,OMIM:605814,Orphanet:247598;MONDO:MONDO:0011326,MedGen:CN295299,OMIM:603471,Orphanet:247585","not provided|Citrin deficiency|Citrullinemia|Citrullinemia, type II, adult-onset|Neonatal intrahepatic cholestasis due to citrin deficiency;Citrullinemia, type II, adult-onset",germline;unknown,germline,GRCh37,NC_000007.13,7,95813703,95813703,na,na,7q21.3,"criteria provided, multiple submitters, no conflicts",5,-,N,ClinGen:CA4353042,2,449394,95813703,G,A,-,-,-,-,-,-,SCV000617513|SCV000946598|SCV002079379|SCV004201643|SCV005671929,-,-,,0.00001,
496803,Deletion,NM_000065.5(C6):c.1879del (p.Asp627fs),729,C6,HGNC:1339,Pathogenic,1,"May 01, 2026",61469168,-,RCV000767913|RCV000991161|RCV001385988|RCV003403415,"MONDO:MONDO:0012908,MedGen:C2676232,OMIM:612446|MONDO:MONDO:0015700,MedGen:C0398765,Orphanet:169150|MedGen:C3661900|",Complement component 6 deficiency|Immunodeficiency due to a late component of complement deficiency|not provided|C6-related disorder,germline;unknown,germline,GRCh37,NC_000005.9,5,41158865,41158865,na,na,5p13.1,"criteria provided, multiple submitters, no conflicts",14,-,N,"ClinGen:CA3252287,OMIM:217050.0005",3,505659,41158864,TC,T,-,-,-,-,-,-,SCV000713023|SCV000898560|SCV001586054|SCV002518621|SCV002781864|SCV003807624|SCV005202587|SCV005325137|SCV005916063|SCV007599811|SCV007640191,-,-,0.00391,0.00094,0.00319
26969,single nucleotide variant,NM_000431.4(MVK):c.1000G>A (p.Ala334Thr),4598,MVK,HGNC:7530,Pathogenic,1,"Jan 20, 2026",104895317,-,RCV000012706|RCV000074422|RCV000688831|RCV003114187|RCV004795398|RCV004814887,"MONDO:MONDO:0012481,MedGen:C1959626,OMIM:610377,Orphanet:29|MONDO:MONDO:0009849,MedGen:C0398691,OMIM:260920,Orphanet:343|MONDO:MONDO:0008293,MedGen:C1867981,OMIM:175900;MONDO:MONDO:0012481,MedGen:C1959626,OMIM:610377,Orphanet:29;MONDO:MONDO:0009849,MedGen:C0398691,OMIM:260920,Orphanet:343|MedGen:C3661900|MONDO:MONDO:0012481,MedGen:C1959626,OMIM:610377,Orphanet:29;MONDO:MONDO:0009849,MedGen:C0398691,OMIM:260920,Orphanet:343|Human Phenotype Ontology:HP:0000556,Human Phenotype Ontology:HP:0007736,Human Phenotype Ontology:HP:0007910,Human Phenotype Ontology:HP:0007974,Human Phenotype Ontology:HP:0007982,MONDO:MONDO:0019118,MeSH:D058499,MedGen:C0854723,Orphanet:71862","Mevalonic aciduria|Hyperimmunoglobulin D with periodic fever|Porokeratosis 3, disseminated superficial actinic type;Mevalonic aciduria;Hyperimmunoglobulin D with periodic fever|not provided|Mevalonic aciduria;Hyperimmunoglobulin D with periodic fever|Retinal dystrophy",germline;unknown,germline,GRCh37,NC_000012.11,12,110032947,110032947,na,na,12q24.11,"criteria provided, multiple submitters, no conflicts",9,-,N,"OMIM:251170.0006,ClinGen:CA121778,UniProtKB:Q03426#VAR_004026",3,11930,110032947,G,A,-,-,-,-,-,-,SCV000816455|SCV002786434|SCV003800245|SCV005072428|SCV005416683|SCV005900259|SCV006325335,-,-,,0.00014,
264486,single nucleotide variant,NM_003172.4(SURF1):c.688C>T (p.Arg230Ter),6834,SURF1,HGNC:11474,Pathogenic,1,"Jan 19, 2026",782623477,-,RCV000321649|RCV000631405|RCV005049509,"MedGen:C3661900|MONDO:MONDO:0009723,MedGen:C2931891,OMIM:256000,Orphanet:506|MONDO:MONDO:0700250,MedGen:C5435656,OMIM:220110;MONDO:MONDO:0014733,MedGen:C4225246,OMIM:616684,Orphanet:391351","not provided|Leigh syndrome|Mitochondrial complex IV deficiency, nuclear type 1;Charcot-Marie-Tooth disease type 4K",germline,germline,GRCh37,NC_000009.11,9,136219364,136219364,na,na,9q34.2,"criteria provided, multiple submitters, no conflicts",5,-,N,ClinGen:CA10603164,2,280010,136219364,G,A,-,-,-,-,-,-,SCV000329713|SCV000752476|SCV001338432|SCV002018898|SCV005681419,-,-,,0.00016,
79575,single nucleotide variant,NM_000448.3(RAG1):c.1420C>T (p.Arg474Cys),5896,RAG1,HGNC:9831,Pathogenic,1,"Jan 26, 2026",199474678,-,RCV000059564|RCV001235005|RCV003137602|RCV003474646|RCV006695544,"MedGen:C3661900|MONDO:MONDO:0009306,MedGen:C2673536,OMIM:233650,Orphanet:157949;MONDO:MONDO:0011086,MedGen:C1832322,OMIM:601457,Orphanet:331206|MONDO:MONDO:0009306,MedGen:C2673536,OMIM:233650,Orphanet:157949|MONDO:MONDO:0012359,MedGen:C1835931,OMIM:609889,Orphanet:231154|","not provided|Combined immunodeficiency with skin granulomas;Severe combined immunodeficiency, autosomal recessive, T cell-negative, B cell-negative, NK cell-positive|Combined immunodeficiency with skin granulomas|Combined immunodeficiency due to partial RAG1 deficiency|Autosomal recessive RAG1-related disorders",germline;unknown,germline,GRCh37,NC_000011.9,11,36596274,36596274,na,na,11p12,"criteria provided, multiple submitters, no conflicts",5,-,N,"ClinGen:CA219806,UniProtKB:P15918#VAR_067275,UniProtKB/Swiss-Prot:VAR_067275",3,68683,36596274,C,T,-,-,-,-,-,-,SCV001407669|SCV003806839|SCV004200487|SCV007593643,-,-,0.00008,0.00002,
359556,single nucleotide variant,NM_006846.4(SPINK5):c.2240+1G>A,11005,SPINK5,HGNC:15464,Pathogenic,1,"Jan 18, 2026",775341740,-,RCV000413096|RCV003595956|RCV005033940,"MedGen:C3661900|Human Phenotype Ontology:HP:0025810,MONDO:MONDO:0043106,MedGen:C0265962|MONDO:MONDO:0009735,MedGen:C5574950,OMIM:256500,Orphanet:634",not provided|Ichthyosis linearis circumflexa|Netherton syndrome,germline,germline,GRCh37,NC_000005.9,5,147498128,147498128,na,na,5q32,"criteria provided, multiple submitters, no conflicts",3,-,N,ClinGen:CA3495901,2,372517,147498128,G,A,-,-,-,-,-,-,SCV000490829|SCV004292874|SCV005668503,-,-,,0.00002,
105659,single nucleotide variant,NM_004183.4(BEST1):c.900G>C (p.Glu300Asp),7439,BEST1,HGNC:12703,Pathogenic,1,"Jan 21, 2026",1805144,-,RCV000086189|RCV001074846|RCV006695553,"MedGen:C3661900|Human Phenotype Ontology:HP:0000556,Human Phenotype Ontology:HP:0007736,Human Phenotype Ontology:HP:0007910,Human Phenotype Ontology:HP:0007974,Human Phenotype Ontology:HP:0007982,MONDO:MONDO:0019118,MeSH:D058499,MedGen:C0854723,Orphanet:71862|MONDO:MONDO:0007931,MedGen:C2745945,OMIM:153700,Orphanet:1243",not provided|Retinal dystrophy|Vitelliform macular dystrophy 2,germline,germline,GRCh37,NC_000011.9,11,61727002,61727002,na,na,11q12.3,"criteria provided, multiple submitters, no conflicts",5,-,N,"ClinGen:CA227841,UniProtKB:O76090#VAR_010486",2,99770,61727002,G,C,-,-,-,-,-,-,SCV001240447|SCV001396694|SCV001779449|SCV007593657,-,-,0.00015,0.00001,
1968191,single nucleotide variant,NM_000392.5(ABCC2):c.1963C>T (p.Arg655Ter),1244,ABCC2,HGNC:53,Pathogenic,1,"Jan 18, 2026",780765144,-,RCV002625700|RCV004747093,MedGen:C3661900|,not provided|ABCC2-related disorder,germline,germline,GRCh37,NC_000010.10,10,101571355,101571355,na,na,10q24.2,"criteria provided, single submitter",2,-,N,ClinGen:CA5643350,2,1917907,101571355,C,T,-,-,-,-,-,-,SCV002955927,-,-,,0.00002,
23681,single nucleotide variant,NM_000163.5(GHR):c.619-1G>T,2690,GHR,HGNC:4263,Pathogenic,1,"Jan 22, 2026",730880281,-,RCV000009174|RCV006461125,"MONDO:MONDO:0009877,MedGen:C0271568,OMIM:262500,Orphanet:633|MedGen:C3661900",Laron-type isolated somatotropin defect|not provided,germline,germline,GRCh37,NC_000005.9,5,42711308,42711308,na,na,5p12,"criteria provided, single submitter",2,-,N,"ClinGen:CA212900,OMIM:600946.0012",3,8642,42711308,G,T,-,-,-,-,-,-,SCV007419400,-,-,,0.00001,
21834,single nucleotide variant,NM_001360.3(DHCR7):c.1055G>A (p.Arg352Gln),1717,DHCR7,HGNC:2860,Pathogenic,1,"Jan 10, 2026",121909768,-,RCV000007197|RCV000254828,"MONDO:MONDO:0010035,MedGen:C0175694,OMIM:270400,Orphanet:818|MedGen:C3661900",Smith-Lemli-Opitz syndrome|not provided,germline;unknown,germline,GRCh37,NC_000011.9,11,71146794,71146794,na,na,11q13.4,"criteria provided, multiple submitters, no conflicts",11,-,N,"ClinGen:CA253952,UniProtKB:Q9UBM7#VAR_023171,OMIM:602858.0021",3,6795,71146794,C,T,-,-,-,-,-,-,SCV000321550|SCV000331534|SCV000893239|SCV001194167|SCV001572442|SCV001581349|SCV002093014|SCV007539855,-,-,,,0.00020
23647,single nucleotide variant,NM_000256.3(MYBPC3):c.1624G>C (p.Glu542Gln),4607,MYBPC3,HGNC:7551,Pathogenic,1,"Jan 27, 2026",121909374,-,RCV000009139|RCV000035424|RCV000158104|RCV000201915|RCV000199033|RCV000247235|RCV000505586|RCV001170957|RCV003332998|RCV003387501|RCV006695496,"MONDO:MONDO:0007268,MedGen:C1861862,OMIM:115197|MONDO:MONDO:0024573,MeSH:D024741,MedGen:C0949658,OMIM:PS192600,Orphanet:99739|MedGen:C3661900|MONDO:MONDO:0008647,MedGen:C3495498,OMIM:192600|Human Phenotype Ontology:HP:0001639,MONDO:MONDO:0005045,MeSH:D002312,MedGen:C0007194,Orphanet:217569|MedGen:CN230736|MONDO:MONDO:0014163,MedGen:C3715165,OMIM:615396,Orphanet:154,Orphanet:54260;MONDO:MONDO:0007268,MedGen:C1861862,OMIM:115197|Human Phenotype Ontology:HP:0001638,MONDO:MONDO:0004994,MedGen:C0878544,Orphanet:167848|MONDO:MONDO:0014163,MedGen:C3715165,OMIM:615396,Orphanet:154,Orphanet:54260||",Hypertrophic cardiomyopathy 4|Primary familial hypertrophic cardiomyopathy|not provided|Hypertrophic cardiomyopathy 1|Hypertrophic cardiomyopathy|Cardiovascular phenotype|Left ventricular noncompaction 10;Hypertrophic cardiomyopathy 4|Cardiomyopathy|Left ventricular noncompaction 10|MYBPC3-related disorder|Autosomal dominant MYBPC3-related disorders,germline;maternal;paternal;unknown,germline,GRCh37,NC_000011.9,11,47364129,47364129,na,na,11p11.2,"criteria provided, multiple submitters, no conflicts",37,"ACMG2013,ACMG2016,ACMG2021,ACMG2022",N,"ClinGen:CA010806,OMIM:600958.0006",3,8608,47364129,C,G,-,-,-,-,-,-,SCV000059072|SCV000208039|SCV000253809|SCV000256661|SCV000319843|SCV000494449|SCV000679775|SCV000696317|SCV000747943|SCV000993585|SCV001132521|SCV001333612|SCV001343368|SCV001434956|SCV001447952|SCV001984871|SCV002017652|SCV002503365|SCV002762765|SCV002814679|SCV004040644|SCV004040787|SCV004099224|SCV004101361|SCV004177148|SCV004226848|SCV004842463|SCV005398022|SCV007593609|SCV007599338,-,-,,0.00002,
801667,single nucleotide variant,NM_054012.4(ASS1):c.469C>T (p.Arg157Cys),445,ASS1,HGNC:758,Pathogenic,1,"Jan 14, 2026",770585183,-,RCV001004331|RCV001376579,"MONDO:MONDO:0008988,MedGen:C4721769,OMIM:215700,Orphanet:247525|MONDO:MONDO:0015991,MedGen:C0175683,OMIM:PS215700,Orphanet:187",Citrullinemia type I|Citrullinemia,germline;unknown,germline,GRCh37,NC_000009.11,9,133342160,133342160,na,na,9q34.11,"criteria provided, multiple submitters, no conflicts",3,-,N,ClinGen:CA5283296,2,813408,133342160,C,T,-,-,-,-,-,-,SCV001163224|SCV001388335|SCV002085072,-,-,,0.00002,
214207,single nucleotide variant,NM_001384732.1(CPLANE1):c.8140C>T (p.Arg2714Ter),65250,CPLANE1,HGNC:25801,Pathogenic,1,"Jan 16, 2026",147416429,-,RCV000201628|RCV001332490|RCV002517309|RCV005042430|RCV006261959,"MONDO:MONDO:0013824,MedGen:C3553264,OMIM:614615,Orphanet:475|MONDO:MONDO:0010176,MedGen:C2745997,OMIM:277170,Orphanet:2754|MedGen:C3661900|MONDO:MONDO:0010176,MedGen:C2745997,OMIM:277170,Orphanet:2754;MONDO:MONDO:0013824,MedGen:C3553264,OMIM:614615,Orphanet:475|",Joubert syndrome 17|Orofaciodigital syndrome type 6|not provided|Orofaciodigital syndrome type 6;Joubert syndrome 17|CPLANE1-related disorder,germline;inherited;maternal;unknown,germline,GRCh37,NC_000005.9,5,37154075,37154075,na,na,5p13.2,"criteria provided, multiple submitters, no conflicts",8,-,N,ClinGen:CA277737,2,217566,37154075,G,A,-,-,-,-,-,-,SCV000256298|SCV001524830|SCV003525782|SCV005673013|SCV007114117|SCV007598539,-,-,0.00008,0.00003,
212296,single nucleotide variant,NM_181426.2(CCDC39):c.610-2A>G,339829,CCDC39,HGNC:25244,Pathogenic,1,"Jan 06, 2026",756235547,-,RCV000200347|RCV001781580,"Human Phenotype Ontology:HP:0012265,MONDO:MONDO:0016575,MedGen:C0008780,OMIM:PS244400,Orphanet:244|MONDO:MONDO:0013434,MedGen:C3151136,OMIM:613807,Orphanet:244",Primary ciliary dyskinesia|Primary ciliary dyskinesia 14,germline,germline,GRCh37,NC_000003.11,3,180377370,180377370,na,na,3q26.33,"criteria provided, multiple submitters, no conflicts",6,-,N,ClinGen:CA339257,2,216140,180377370,T,C,-,-,-,-,-,-,SCV000253976|SCV002016962|SCV002661067|SCV002769092|SCV005661937,-,-,,0.00014,
361787,single nucleotide variant,NM_016011.4(MECR):c.772C>T (p.Arg258Trp),51102,MECR,HGNC:19691,Pathogenic,1,"Jan 20, 2026",145192716,-,RCV000415607|RCV000755160|RCV001865308|RCV003448300|RCV006704679|RCV005398507,"MONDO:MONDO:0015003,MedGen:C4310634,OMIM:617282,Orphanet:508093|MedGen:C0752202;Human Phenotype Ontology:HP:0000648,Human Phenotype Ontology:HP:0007751,Human Phenotype Ontology:HP:0007855,MONDO:MONDO:0003608,MedGen:C0029124|MedGen:C3661900|MONDO:MONDO:0957978,MedGen:C5882723,OMIM:620629||MONDO:MONDO:0957978,MedGen:C5882723,OMIM:620629;MONDO:MONDO:0015003,MedGen:C4310634,OMIM:617282,Orphanet:508093","Dystonia, childhood-onset, with optic atrophy and basal ganglia abnormalities|Childhood Onset Dystonias;Optic atrophy|not provided|Optic atrophy 16|MECR-related disorder|Optic atrophy 16;Dystonia, childhood-onset, with optic atrophy and basal ganglia abnormalities",germline;inherited;paternal;unknown,germline,GRCh37,NC_000001.10,1,29527086,29527086,na,na,1p35.3,"criteria provided, multiple submitters, no conflicts",11,-,N,"ClinGen:CA725666,OMIM:608205.0005",3,374882,29527086,G,A,-,-,-,-,-,-,SCV001149831|SCV001244726|SCV002247275|SCV005086744|SCV005885698|SCV006075600|SCV006319397|SCV006585513,-,-,0.00023,0.00008,
18005,single nucleotide variant,NM_000271.5(NPC1):c.3019C>G (p.Pro1007Ala),4864,NPC1,HGNC:7897,Pathogenic,1,"Jun 01, 2026",80358257,-,RCV000003100|RCV000254671|RCV000321958|RCV000415371|RCV002512691|RCV003952339,"MONDO:MONDO:0009757,MedGen:C3179455,OMIM:257220,Orphanet:646|MedGen:C3661900|MONDO:MONDO:0018982,MedGen:C0220756,Orphanet:646|6 conditions|MeSH:D030342,MedGen:C0950123|","Niemann-Pick disease, type C1|not provided|Niemann-Pick disease, type C|6 conditions|Inborn genetic diseases|NPC1-related disorder",germline;inherited;maternal;paternal;unknown,germline,GRCh37,NC_000018.9,18,21118528,21118528,na,na,18q11.2,"criteria provided, multiple submitters, no conflicts",28,-,N,"ClinGen:CA340032,UniProtKB:O15118#VAR_008834,OMIM:607623.0012",3,2966,21118528,G,C,-,-,-,-,-,-,SCV000208910|SCV000227615|SCV000407850|SCV000492760|SCV000611221|SCV000650843|SCV000696419|SCV001140857|SCV001193996|SCV001249523|SCV001447180|SCV001453835|SCV001528308|SCV001554476|SCV002018351|SCV002107103|SCV003556234|SCV003807753|SCV004027757|SCV007607331,-,-,,0.00012,0.00020
186247,single nucleotide variant,NM_001042492.3(NF1):c.2041C>T (p.Arg681Ter),4763,NF1,HGNC:7765,Pathogenic,1,"Apr 01, 2026",768638173,-,RCV000168265|RCV000414746|RCV000415426|RCV000999937|RCV001257528|RCV002313014,"MONDO:MONDO:0018975,MedGen:C0027831,OMIM:162200,Orphanet:636|MedGen:C3661900|Human Phenotype Ontology:HP:0009734,MONDO:MONDO:0003235,MedGen:C0346326;Human Phenotype Ontology:HP:0000997,MedGen:C1860335;Human Phenotype Ontology:HP:0000957,Human Phenotype Ontology:HP:0005601,Human Phenotype Ontology:HP:0007454,MedGen:C0221263|MedGen:CN169374|Human Phenotype Ontology:HP:0002859,MONDO:MONDO:0005212,MeSH:D012208,MedGen:C0035412,Orphanet:780|MedGen:CN230736;MONDO:MONDO:0015356,MeSH:D009386,MedGen:C0027672,Orphanet:140162","Neurofibromatosis, type 1|not provided|Optic nerve glioma;Axillary freckling;Cafe-au-lait spot|not specified|Rhabdomyosarcoma|Cardiovascular phenotype;Hereditary cancer-predisposing syndrome",de novo;germline;maternal;unknown,germline,GRCh37,NC_000017.10,17,29553492,29553492,na,na,17q11.2,"criteria provided, multiple submitters, no conflicts",22,-,N,ClinGen:CA334507,2,188280,29553492,C,T,-,-,-,-,-,-,SCV000218936|SCV000491216|SCV000492769|SCV000674060|SCV000781937|SCV000885841|SCV001479207|SCV002012189|SCV002061610|SCV002561727|SCV002580864|SCV002762850|SCV002771574|SCV003924418|SCV005068226|SCV005417444|SCV007550412|SCV007600068,-,-,,0.00001,
2156715,Duplication,NM_018136.5(ASPM):c.2495dup (p.Tyr832Ter),259266,ASPM,HGNC:19048,Pathogenic,1,"Jan 12, 2026",765640131,-,RCV003012076,MedGen:C3661900,not provided,germline,germline,GRCh37,NC_000001.10,1,197099178,197099179,na,na,1q31.3,"criteria provided, single submitter",1,-,N,ClinGen:CA1310428,2,2094931,197099178,A,AT,-,-,-,-,-,-,SCV003307828,-,-,,0.00001,
1054199,single nucleotide variant,NM_000035.4(ALDOB):c.770T>C (p.Leu257Pro),229,ALDOB,HGNC:417,Pathogenic,1,"Jan 16, 2026",764701775,-,RCV001376709,"Human Phenotype Ontology:HP:0005973,MONDO:MONDO:0009249,MedGen:C0016751,OMIM:229600,Orphanet:469",Hereditary fructosuria,germline;unknown,germline,GRCh37,NC_000009.11,9,104187764,104187764,na,na,9q31.1,"criteria provided, multiple submitters, no conflicts",4,-,N,ClinGen:CA5161480,2,1065855,104187764,A,G,-,-,-,-,-,-,SCV004029605|SCV004296043|SCV007534496,-,-,,0.00002,
18938,single nucleotide variant,NM_000520.6(HEXA):c.1496G>A (p.Arg499His),3073,HEXA,HGNC:4878,Pathogenic,1,"Jan 27, 2026",121907956,-,RCV000004105|RCV000210735|RCV000338961|RCV000520531,"MedGen:C0268276|MeSH:D030342,MedGen:C0950123|MONDO:MONDO:0010100,MedGen:C0039373,OMIM:272800,Orphanet:845|MedGen:C3661900","GM2-GANGLIOSIDOSIS, JUVENILE|Inborn genetic diseases|Tay-Sachs disease|not provided",germline;unknown,germline,GRCh37,NC_000015.9,15,72637817,72637817,na,na,15q23,"criteria provided, multiple submitters, no conflicts",19,-,N,"ClinGen:CA116501,UniProtKB:P06865#VAR_003244,OMIM:606869.0010",3,3899,72637817,C,T,-,-,-,-,-,-,SCV000263008|SCV000331828|SCV000617692|SCV000820054|SCV000917512|SCV001443705|SCV002085655|SCV002516540|SCV002562210|SCV002572637|SCV003835595|SCV003843894|SCV003917408|SCV004236152|SCV005690573|SCV007329945|SCV007594266,-,-,,0.00007,
424406,single nucleotide variant,NM_003901.4(SGPL1):c.665G>A (p.Arg222Gln),8879,SGPL1,HGNC:10817,Pathogenic,1,"Jan 06, 2026",769259446,-,RCV000495961|RCV001851363|RCV001849385,"MONDO:MONDO:0033203,MedGen:C4540559,OMIM:617575,Orphanet:506334|MedGen:C3661900|Human Phenotype Ontology:HP:0000100,Human Phenotype Ontology:HP:0000801,Human Phenotype Ontology:HP:0004718,Human Phenotype Ontology:HP:0008638,Human Phenotype Ontology:HP:0008727,MONDO:MONDO:0005377,MedGen:C0027726",Nephrotic syndrome 14|not provided|Nephrotic syndrome,germline,germline,GRCh37,NC_000010.10,10,72628151,72628151,na,na,10q22.1,"criteria provided, multiple submitters, no conflicts",6,-,N,"ClinGen:CA5541257,OMIM:603729.0001",3,430861,72628151,G,A,-,-,-,-,-,-,SCV001426653|SCV002152961|SCV004231785,-,-,,0.00002,
200154,single nucleotide variant,NM_000048.4(ASL):c.649C>T (p.Arg217Ter),435,ASL,HGNC:746,Pathogenic,1,"Jan 12, 2026",369879957,-,RCV000185765|RCV000668606,"MedGen:C3661900|Human Phenotype Ontology:HP:0025630,MONDO:MONDO:0008815,MedGen:C0268547,OMIM:207900,Orphanet:23",not provided|Argininosuccinate lyase deficiency,germline;unknown,germline,GRCh37,NC_000007.13,7,65552367,65552367,na,na,7q11.21,"criteria provided, multiple submitters, no conflicts",8,-,N,ClinGen:CA312325,2,203615,65552367,C,T,-,-,-,-,-,-,SCV000238694|SCV000894436|SCV001206851|SCV001363606|SCV002076025|SCV004202972|SCV005199588,-,-,0.00008,0.00001,
425758,single nucleotide variant,NM_000162.5(GCK):c.106C>T (p.Arg36Trp),2645,GCK,HGNC:4195,Pathogenic,1,"Feb 11, 2026",762263694,-,RCV000497478|RCV000503648|RCV000788107|RCV003403150|RCV004751569,"MedGen:C3661900|MONDO:MONDO:0007453,MedGen:C0342277,OMIM:125851,Orphanet:552|Human Phenotype Ontology:HP:0004904,MONDO:MONDO:0018911,MedGen:C0342276,OMIM:PS125850,Orphanet:552|MONDO:MONDO:0015967,MedGen:C3888631,Orphanet:183625|",not provided|Maturity-onset diabetes of the young type 2|Maturity-onset diabetes of the young|Monogenic diabetes|GCK-related disorder,germline;unknown,germline,GRCh37,NC_000007.13,7,44193002,44193002,na,na,7p13,reviewed by expert panel,12,-,N,ClinGen:CA4239720,2,431973,44193002,G,A,-,-,-,-,-,-,SCV004102863,-,-,,0.00002,
214327,single nucleotide variant,NM_025114.4(CEP290):c.4882C>T (p.Gln1628Ter),80184,CEP290,HGNC:29021,Pathogenic,1,"Jan 26, 2026",376493409,-,RCV000201672|RCV000414892|RCV000493605|RCV000626966|RCV000763311|RCV000806654|RCV001271568|RCV002519581|RCV003462354|RCV004732783|RCV004816347|RCV006695574,"MONDO:MONDO:0012432,MedGen:C1857780,OMIM:610188,Orphanet:2318|Human Phenotype Ontology:HP:0000754,Human Phenotype Ontology:HP:0001255,Human Phenotype Ontology:HP:0001263,Human Phenotype Ontology:HP:0001277,Human Phenotype Ontology:HP:0001292,Human Phenotype Ontology:HP:0002433,Human Phenotype Ontology:HP:0002473,Human Phenotype Ontology:HP:0002532,Human Phenotype Ontology:HP:0006793,Human Phenotype Ontology:HP:0006867,Human Phenotype Ontology:HP:0006885,Human Phenotype Ontology:HP:0006935,Human Phenotype Ontology:HP:0007005,Human Phenotype Ontology:HP:0007094,Human Phenotype Ontology:HP:0007106,Human Phenotype Ontology:HP:0007174,Human Phenotype Ontology:HP:0007224,Human Phenotype Ontology:HP:0007228,Human Phenotype Ontology:HP:0007342,Human Phenotype Ontology:HP:0025356,MedGen:C0557874;Human Phenotype Ontology:HP:0000618,Human Phenotype Ontology:HP:0007839,MONDO:MONDO:0001941,MedGen:C0456909|MedGen:C3661900|Human Phenotype Ontology:HP:0002085,Human Phenotype Ontology:HP:0007051,Human Phenotype Ontology:HP:0007357,MONDO:MONDO:0017080,MedGen:C0014067,Orphanet:268823;Human Phenotype Ontology:HP:0000800,Human Phenotype Ontology:HP:0008737,MedGen:C1834931|MONDO:MONDO:0012723,MedGen:C1857821,OMIM:611755,Orphanet:65;MONDO:MONDO:0014442,MedGen:C2673874,OMIM:615991,Orphanet:110;MONDO:MONDO:0012626,MedGen:C1970161,OMIM:611134,Orphanet:564;MONDO:MONDO:0012433,MedGen:C1857779,OMIM:610189,Orphanet:3156;MONDO:MONDO:0012432,MedGen:C1857780,OMIM:610188,Orphanet:2318|Human Phenotype Ontology:HP:0000090,Human Phenotype Ontology:HP:0004748,MONDO:MONDO:0019005,MedGen:C0687120,OMIM:PS256100,Orphanet:655;MONDO:MONDO:0018772,MedGen:C5979921,OMIM:PS213300,Orphanet:475;MONDO:MONDO:0018921,MedGen:C0265215,OMIM:PS249000,Orphanet:564|MONDO:MONDO:0018998,MeSH:D057130,MedGen:C0339527,OMIM:PS204000,Orphanet:65|MeSH:D030342,MedGen:C0950123|MONDO:MONDO:0014442,MedGen:C2673874,OMIM:615991,Orphanet:110|MedGen:CN239314|Human Phenotype Ontology:HP:0000556,Human Phenotype Ontology:HP:0007736,Human Phenotype Ontology:HP:0007910,Human Phenotype Ontology:HP:0007974,Human Phenotype Ontology:HP:0007982,MONDO:MONDO:0019118,MeSH:D058499,MedGen:C0854723,Orphanet:71862|","Joubert syndrome 5|Global developmental delay;Blindness|not provided|Occipital encephalocele;Cystic renal dysplasia|Leber congenital amaurosis 10;Bardet-Biedl syndrome 14;Meckel syndrome, type 4;Senior-Loken syndrome 6;Joubert syndrome 5|Nephronophthisis;Joubert syndrome;Meckel-Gruber syndrome|Leber congenital amaurosis|Inborn genetic diseases|Bardet-Biedl syndrome 14|CEP290-related disorder|Retinal dystrophy|Autosomal recessive CEP290-related disorders",germline;unknown,germline,GRCh37,NC_000012.11,12,88476938,88476938,na,na,12q21.32,"criteria provided, multiple submitters, no conflicts",14,-,N,ClinGen:CA277760,2,217635,88476938,G,A,-,-,-,-,-,-,SCV000256387|SCV000492801|SCV000581997|SCV000747669|SCV000893988|SCV000946666|SCV001246566|SCV001366412|SCV001452833|SCV003722717|SCV003820639|SCV004214836|SCV005070589|SCV007593862|SCV007610769,-,-,0.00017,0.00004,
623884,Deletion,NM_014249.4(NR2E3):c.481del (p.Thr161fs),10002,NR2E3,HGNC:7974,Pathogenic,1,"Jan 29, 2026",759339012,-,RCV000787629|RCV001059829|RCV001075832|RCV003467321|RCV004535917|RCV006448603,"MONDO:MONDO:0019200,MeSH:D012174,MedGen:C0035334,OMIM:268000,OMIM:PS268000,Orphanet:791|MedGen:C3661900|Human Phenotype Ontology:HP:0000556,Human Phenotype Ontology:HP:0007736,Human Phenotype Ontology:HP:0007910,Human Phenotype Ontology:HP:0007974,Human Phenotype Ontology:HP:0007982,MONDO:MONDO:0019118,MeSH:D058499,MedGen:C0854723,Orphanet:71862|MONDO:MONDO:0100288,MedGen:C1849394,OMIM:PS268100,Orphanet:53540|MedGen:CN239387|MONDO:MONDO:0012625,MedGen:C1970163,OMIM:611131,Orphanet:791",Retinitis pigmentosa|not provided|Retinal dystrophy|Enhanced S-cone syndrome|NR2E3-related disorder|Retinitis pigmentosa 37,germline;unknown,germline,GRCh37,NC_000015.9,15,72104426,72104426,na,na,15q23,"criteria provided, multiple submitters, no conflicts",10,-,N,ClinGen:CA7640319,2,636047,72104425,CA,C,-,-,-,-,-,-,SCV001224477|SCV001241470|SCV001334797|SCV001460505|SCV004117158|SCV004191594|SCV005069800|SCV006320809|SCV007329762,-,-,,0.00016,
28541,single nucleotide variant,NM_002693.3(POLG):c.2542G>A (p.Gly848Ser),5428,POLG,HGNC:9179,Pathogenic,1,"Mar 24, 2026",113994098,-,RCV000014449|RCV000014450|RCV000014451|RCV000014452|RCV000188580|RCV000363602|RCV000678386|RCV001027839|RCV002054437|RCV002272018|RCV002313707|RCV001847601|RCV003230362|RCV005364878|RCV006649843|RCV006697617,"MONDO:MONDO:0009783,MedGen:C4225153,OMIM:258450,Orphanet:254886|MedGen:C1868097|MONDO:MONDO:0008758,MedGen:C0205710,OMIM:203700,Orphanet:726|MONDO:MONDO:0013350,MedGen:C3150914,OMIM:613662,Orphanet:298|MedGen:C3661900|MedGen:C4763519|MONDO:MONDO:0024528,MedGen:C1834846,OMIM:157640|MONDO:MONDO:0009783,MedGen:C4225153,OMIM:258450,Orphanet:254886;MONDO:MONDO:0024528,MedGen:C1834846,OMIM:157640;MONDO:MONDO:0011835,MedGen:C1843851,OMIM:607459,Orphanet:70595;MONDO:MONDO:0008758,MedGen:C0205710,OMIM:203700,Orphanet:726;MONDO:MONDO:0013350,MedGen:C3150914,OMIM:613662,Orphanet:298|MONDO:MONDO:0009783,MedGen:C4225153,OMIM:258450,Orphanet:254886;MONDO:MONDO:0024528,MedGen:C1834846,OMIM:157640;MONDO:MONDO:0008758,MedGen:C0205710,OMIM:203700,Orphanet:726;MONDO:MONDO:0013350,MedGen:C3150914,OMIM:613662,Orphanet:298|MONDO:MONDO:0044970,MeSH:D028361,MedGen:C0751651,Orphanet:68380|MeSH:D030342,MedGen:C0950123|MONDO:MONDO:0019064,MedGen:C0037773,OMIM:PS303350,Orphanet:685|MONDO:MONDO:0018158,MedGen:C0342782,OMIM:PS603041,Orphanet:35698|6 conditions||","Progressive external ophthalmoplegia with mitochondrial DNA deletions, autosomal recessive 1|Progressive external ophthalmoplegia with mitochondrial DNA deletions, digenic|Progressive sclerosing poliodystrophy|Mitochondrial DNA depletion syndrome 4b|not provided|POLG-related disorder|Progressive external ophthalmoplegia with mitochondrial DNA deletions, autosomal dominant 1|Progressive external ophthalmoplegia with mitochondrial DNA deletions, autosomal recessive 1;Progressive external ophthalmoplegia with mitochondrial DNA deletions, autosomal dominant 1;Sensory ataxic neuropathy, dysarthria, and ophthalmoparesis;Progressive sclerosing poliodystrophy;Mitochondrial DNA depletion syndrome 4b|Progressive external ophthalmoplegia with mitochondrial DNA deletions, autosomal recessive 1;Progressive external ophthalmoplegia with mitochondrial DNA deletions, autosomal dominant 1;Progressive sclerosing poliodystrophy;Mitochondrial DNA depletion syndrome 4b|Mitochondrial disease|Inborn genetic diseases|Hereditary spastic paraplegia|Mitochondrial DNA depletion syndrome|6 conditions|Possible mitochondrial disorder - nuclear genes|Mitochondrial DNA maintenance disorder",germline;maternal;paternal;unknown,germline,GRCh37,NC_000015.9,15,89865023,89865023,na,na,15q26.1,"criteria provided, multiple submitters, no conflicts",39,-,N,"ClinGen:CA123144,UniProtKB:P54098#VAR_023675,OMIM:174763.0006",3,13502,89865023,C,T,-,-,-,-,-,-,SCV000236513|SCV000242202|SCV000331837|SCV000394274|SCV000511422|SCV000543865|SCV000611298|SCV000614716|SCV000803530|SCV000804455|SCV000848835|SCV000887116|SCV000892141|SCV001190459|SCV001447477|SCV001554491|SCV001984826|SCV002010403|SCV002019466|SCV002105571|SCV002107104|SCV002496144|SCV002761805|SCV003929297|SCV004102724|SCV004205836|SCV004543837|SCV005400015|SCV005414297|SCV005916398|SCV007521209|SCV007541211|SCV007596559,-,-,,0.00016,0.00020
71221,single nucleotide variant,NM_017739.4(POMGNT1):c.1539+1G>A,55624,POMGNT1,HGNC:19139,Pathogenic,1,"Jan 17, 2026",138642840,-,RCV000049995|RCV000153760|RCV000323217|RCV000501155|RCV000648199|RCV000983990|RCV000763345|RCV001030748|RCV001196668|RCV001269143|RCV002295277|RCV002470740|RCV002514263|RCV005357428|RCV004814990|RCV005025104|RCV006633891|RCV005890363|RCV005890362,"MONDO:MONDO:0018939,MedGen:C0457133,Orphanet:588,Orphanet:899|MedGen:C3661900|MedGen:CN239299|MedGen:C5679924,Orphanet:352687|MONDO:MONDO:0013155,MedGen:C3150412,OMIM:613151;MONDO:MONDO:0013161,MedGen:C3150417,OMIM:613157,Orphanet:206564|MONDO:MONDO:0014929,MedGen:C4310704,OMIM:617123|MONDO:MONDO:0018939,MedGen:C0457133,Orphanet:588,Orphanet:899;MONDO:MONDO:0013155,MedGen:C3150412,OMIM:613151;MONDO:MONDO:0014929,MedGen:C4310704,OMIM:617123;MONDO:MONDO:0013161,MedGen:C3150417,OMIM:613157,Orphanet:206564|MONDO:MONDO:0013155,MedGen:C3150412,OMIM:613151|MONDO:MONDO:0013161,MedGen:C3150417,OMIM:613157,Orphanet:206564|MONDO:MONDO:0015152,MedGen:C2931907,OMIM:PS253600,Orphanet:102015|MONDO:MONDO:0009667,MedGen:C3151519,OMIM:253280|MONDO:MONDO:0700068,MedGen:CN305639|MONDO:MONDO:0018276,MedGen:C5679911,Orphanet:370953|MONDO:MONDO:0013155,MedGen:C3150412,OMIM:613151;MONDO:MONDO:0009667,MedGen:C3151519,OMIM:253280;MONDO:MONDO:0013161,MedGen:C3150417,OMIM:613157,Orphanet:206564|Human Phenotype Ontology:HP:0000556,Human Phenotype Ontology:HP:0007736,Human Phenotype Ontology:HP:0007910,Human Phenotype Ontology:HP:0007974,Human Phenotype Ontology:HP:0007982,MONDO:MONDO:0019118,MeSH:D058499,MedGen:C0854723,Orphanet:71862|MONDO:MONDO:0013155,MedGen:C3150412,OMIM:613151;MONDO:MONDO:0009667,MedGen:C3151519,OMIM:253280;MONDO:MONDO:0014929,MedGen:C4310704,OMIM:617123;MONDO:MONDO:0013161,MedGen:C3150417,OMIM:613157,Orphanet:206564||MedGen:C4048328|MedGen:C0546837","Muscle eye brain disease|not provided|POMGNT1-related disorder|Congenital muscular alpha-dystroglycanopathy with brain and eye anomalies|Muscular dystrophy-dystroglycanopathy (congenital with intellectual disability), type B3;Autosomal recessive limb-girdle muscular dystrophy type 2O|Retinitis pigmentosa 76|Muscle eye brain disease;Muscular dystrophy-dystroglycanopathy (congenital with intellectual disability), type B3;Retinitis pigmentosa 76;Autosomal recessive limb-girdle muscular dystrophy type 2O|Muscular dystrophy-dystroglycanopathy (congenital with intellectual disability), type B3|Autosomal recessive limb-girdle muscular dystrophy type 2O|Autosomal recessive limb-girdle muscular dystrophy|Muscular dystrophy-dystroglycanopathy (congenital with brain and eye anomalies), type A3|Myopathy caused by variation in POMGNT1|Muscular dystrophy-dystroglycanopathy|Muscular dystrophy-dystroglycanopathy (congenital with intellectual disability), type B3;Muscular dystrophy-dystroglycanopathy (congenital with brain and eye anomalies), type A3;Autosomal recessive limb-girdle muscular dystrophy type 2O|Retinal dystrophy|Muscular dystrophy-dystroglycanopathy (congenital with intellectual disability), type B3;Muscular dystrophy-dystroglycanopathy (congenital with brain and eye anomalies), type A3;Retinitis pigmentosa 76;Autosomal recessive limb-girdle muscular dystrophy type 2O|Autosomal recessive POMGNT1-related disorders|Cervical cancer|Malignant tumor of esophagus",germline;maternal;not applicable;unknown,germline,GRCh37,NC_000001.10,1,46657769,46657769,na,na,1p34.1,"criteria provided, multiple submitters, no conflicts",28,-,N,"ClinGen:CA234711,OMIM:606822.0002",3,56582,46657769,C,T,-,-,-,-,-,-,SCV000329689|SCV000331069|SCV000357985|SCV000596517|SCV000770013|SCV000894030|SCV001193937|SCV001248088|SCV001367299|SCV001448404|SCV001460157|SCV001810579|SCV002019480|SCV002579121|SCV002767580|SCV003761158|SCV004205955|SCV005073114|SCV005655779|SCV005916415|SCV007517778|SCV007517817|SCV007610891,-,-,0.00054,0.00092,0.00040
46845,single nucleotide variant,NM_001370658.1(BTD):c.410G>A (p.Arg137His),686,BTD,HGNC:1122,Pathogenic,1,"Mar 13, 2026",146015592,-,RCV000078072|RCV005532573|RCV000021904,"MedGen:C3661900|MeSH:D030342,MedGen:C0950123|MONDO:MONDO:0009665,MedGen:C0220754,OMIM:253260,Orphanet:79241",not provided|Inborn genetic diseases|Biotinidase deficiency,germline;unknown,germline,GRCh37,NC_000003.11,3,15685833,15685833,na,na,3p25.1,"criteria provided, multiple submitters, no conflicts",15,"ACMG2021,ACMG2022",Y,ClinGen:CA220323,2,38290,15685833,G,A,-,-,-,-,-,-,SCV000230012|SCV000329674|SCV000754949|SCV000888018|SCV001193882|SCV001460182|SCV002061179|SCV004211386|SCV005660269|SCV005883892|SCV006083367|SCV006205518|SCV006312988|SCV007540619|SCV007600769,-,-,0.00023,0.00013,
406756,single nucleotide variant,NM_174889.5(NDUFAF2):c.114C>G (p.Tyr38Ter),-1,ERCC8;NDUFAF2,-,Pathogenic,1,"Jan 16, 2026",199754807,-,RCV000485122|RCV000590864|RCV000674200|RCV000780529|RCV001335554|RCV004735557,"MedGen:C3661900|MONDO:MONDO:0032616,MedGen:C4748768,OMIM:618233|MONDO:MONDO:0019569,MedGen:C0751039,OMIM:216400,Orphanet:191,Orphanet:90321|MedGen:CN169374|MONDO:MONDO:0100224,MedGen:C6022305,OMIM:252010|","not provided|Mitochondrial complex I deficiency, nuclear type 10|Cockayne syndrome type 1|not specified|Mitochondrial complex I deficiency, nuclear type 1|NDUFAF2-related disorder",germline;maternal;unknown,germline,GRCh37,NC_000005.9,5,60241196,60241196,na,na,5q12.1,"criteria provided, multiple submitters, no conflicts",10,-,N,"OMIM:609653.0004,ClinGen:CA3278074",3,419231,60241196,C,G,-,-,-,-,-,-,SCV000566903|SCV000917864|SCV001528725|SCV002557530|SCV004291832|SCV004563745|SCV005673563,-,-,,0.00005,
137978,single nucleotide variant,NM_000135.4(FANCA):c.862G>T (p.Glu288Ter),2175,FANCA,HGNC:3582,Pathogenic,1,"Jan 13, 2026",148100796,-,RCV000120912|RCV000474583|RCV000665641|RCV001818291|RCV003925189,"MedGen:CN169374|MONDO:MONDO:0019391,MeSH:D005199,MedGen:C0015625,OMIM:PS227650,Orphanet:84|MONDO:MONDO:0009215,MedGen:C3469521,OMIM:227650,Orphanet:84|MedGen:C3661900|",not specified|Fanconi anemia|Fanconi anemia complementation group A|not provided|FANCA-related disorder,germline;unknown,germline,GRCh37,NC_000016.9,16,89865605,89865605,na,na,16q24.3,"criteria provided, multiple submitters, no conflicts",12,-,N,ClinGen:CA159232,2,134239,89865605,C,A,-,-,-,-,-,-,SCV000547763|SCV002072103|SCV002095092|SCV002762317|SCV002812556|SCV004026681|SCV004196007|SCV005051573|SCV007599391,-,-,0.00008,0.00003,
143157,single nucleotide variant,NM_012079.6(DGAT1):c.751+2T>C,8694,DGAT1,HGNC:2843,Pathogenic,1,"Jan 28, 2026",148665132,-,RCV000128413|RCV001266236|RCV001382858|RCV004755776|RCV005886889|RCV005886888,"MONDO:MONDO:0014375,MedGen:C4014516,OMIM:615863,Orphanet:329242|MeSH:D030342,MedGen:C0950123|MedGen:C3661900||MedGen:C0279702|MedGen:C0338106",Congenital diarrhea 7 with exudative enteropathy|Inborn genetic diseases|not provided|DGAT1-related disorder|Clear cell carcinoma of kidney|Colon adenocarcinoma,germline;maternal;not applicable;unknown,germline,GRCh37,NC_000008.10,8,145541756,145541756,na,na,8q24.3,"criteria provided, multiple submitters, no conflicts",12,-,N,"ClinGen:CA163225,OMIM:604900.0001",3,139512,145541756,A,G,-,-,-,-,-,-,SCV000807603|SCV000893777|SCV001424296|SCV001444408|SCV001581807|SCV001804375|SCV004848116|SCV005088150|SCV006314731,-,-,0.00038,0.00011,
631127,single nucleotide variant,NM_018297.4(NGLY1):c.1231C>T (p.Arg411Ter),55768,NGLY1,HGNC:17646,Pathogenic,1,"Jan 26, 2026",146140738,-,RCV000802056|RCV001008026|RCV002537141|RCV003338810,"MONDO:MONDO:0031376,MedGen:C3808991,OMIM:PS615273|MedGen:C3661900|MeSH:D030342,MedGen:C0950123|MONDO:MONDO:0800044,MedGen:CN306977,OMIM:615273,Orphanet:404454",Congenital disorder of deglycosylation|not provided|Inborn genetic diseases|Congenital disorder of deglycosylation 1,germline,germline,GRCh37,NC_000003.11,3,25775392,25775392,na,na,3p24.2,"criteria provided, multiple submitters, no conflicts",6,-,N,ClinGen:CA2289224,2,647531,25775392,G,A,-,-,-,-,-,-,SCV000941869|SCV001167758|SCV003670542|SCV004046951|SCV005658061|SCV006320326,-,-,,0.00002,0.00040
920320,single nucleotide variant,NM_025114.4(CEP290):c.6012-2A>G,80184,CEP290,HGNC:29021,Pathogenic,1,"May 07, 2026",555755221,-,RCV001198220|RCV001211579|RCV001828613|RCV003469314|RCV006697114,"MONDO:MONDO:0012432,MedGen:C1857780,OMIM:610188,Orphanet:2318|MONDO:MONDO:0018921,MedGen:C0265215,OMIM:PS249000,Orphanet:564;MONDO:MONDO:0018772,MedGen:C5979921,OMIM:PS213300,Orphanet:475;Human Phenotype Ontology:HP:0000090,Human Phenotype Ontology:HP:0004748,MONDO:MONDO:0019005,MedGen:C0687120,OMIM:PS256100,Orphanet:655|MONDO:MONDO:0018998,MeSH:D057130,MedGen:C0339527,OMIM:PS204000,Orphanet:65|MONDO:MONDO:0014442,MedGen:C2673874,OMIM:615991,Orphanet:110|MONDO:MONDO:0012723,MedGen:C1857821,OMIM:611755,Orphanet:65",Joubert syndrome 5|Meckel-Gruber syndrome;Joubert syndrome;Nephronophthisis|Leber congenital amaurosis|Bardet-Biedl syndrome 14|Leber congenital amaurosis 10,germline;maternal;unknown,germline,GRCh37,NC_000012.11,12,88462424,88462424,na,na,12q21.32,"criteria provided, multiple submitters, no conflicts",5,-,N,ClinGen:CA241149791,2,931558,88462424,T,C,-,-,-,-,-,-,SCV001369090|SCV001383124|SCV002091855|SCV004216573|SCV007592818,-,-,,,0.00020
2894417,Deletion,NM_173076.3(ABCA12):c.3270del (p.Val1089_Tyr1090insTer),26154,ABCA12,HGNC:14637,Pathogenic,1,"Jan 14, 2026",754358467,-,RCV003554992,MedGen:C3661900,not provided,germline,germline,GRCh37,NC_000002.11,2,215862443,215862443,na,na,2q35,"criteria provided, single submitter",1,-,N,ClinGen:CA2091769,2,2734380,215862442,CA,C,-,-,-,-,-,-,SCV004293948,-,-,,0.00001,
31343,single nucleotide variant,NM_001002294.3(FMO3):c.913G>T (p.Glu305Ter),2328,FMO3,HGNC:3771,Pathogenic,1,"Jan 28, 2026",61753344,-,RCV000017697|RCV001036315,"Human Phenotype Ontology:HP:0003614,MONDO:MONDO:0011182,MedGen:C0342739,OMIM:602079|MedGen:C3661900",Trimethylaminuria|not provided,germline;unknown,germline,GRCh37,NC_000001.10,1,171083232,171083232,na,na,1q24.3,"criteria provided, multiple submitters, no conflicts",10,-,N,"ClinGen:CA341392,OMIM:136132.0001",3,16304,171083232,G,T,-,-,-,-,-,-,SCV000351251|SCV001199670|SCV002023745|SCV004803242|SCV005435971|SCV005632212|SCV005870239|SCV007600475,-,-,,0.00031,0.00020
268359,Duplication,NM_000070.3(CAPN3):c.258dup (p.Leu87fs),825,CAPN3,HGNC:1480,Pathogenic,1,"Feb 18, 2026",753360208,-,RCV000498857|RCV000809165|RCV003475904|RCV005008242|RCV006646445,"MedGen:C3661900|MONDO:MONDO:0009675,MedGen:C1869123,OMIM:253600,Orphanet:267|MONDO:MONDO:0029133,MedGen:C4748295,OMIM:618129,Orphanet:565909|MONDO:MONDO:0029133,MedGen:C4748295,OMIM:618129,Orphanet:565909;MONDO:MONDO:0009675,MedGen:C1869123,OMIM:253600,Orphanet:267|MONDO:MONDO:0015152,MedGen:C2931907,OMIM:PS253600,Orphanet:102015","not provided|Autosomal recessive limb-girdle muscular dystrophy type 2A|Muscular dystrophy, limb-girdle, autosomal dominant 4|Muscular dystrophy, limb-girdle, autosomal dominant 4;Autosomal recessive limb-girdle muscular dystrophy type 2A|Autosomal recessive limb-girdle muscular dystrophy",germline;unknown,germline,GRCh37,NC_000015.9,15,42652260,42652261,na,na,15q15.1,reviewed by expert panel,8,-,N,ClinGen:CA7510881,2,284122,42652260,C,CT,-,-,-,-,-,-,SCV007540262,-,-,,0.00002,
17436,single nucleotide variant,NM_000045.4(ARG1):c.61C>T (p.Arg21Ter),383,ARG1,HGNC:663,Pathogenic,1,"Mar 25, 2026",104893944,-,RCV000002498|RCV000421601|RCV002512678,"MONDO:MONDO:0008814,MedGen:C0268548,OMIM:207800,Orphanet:90|MedGen:C3661900|MeSH:D030342,MedGen:C0950123",Arginase deficiency|not provided|Inborn genetic diseases,germline;unknown,germline,GRCh37,NC_000006.11,6,131897806,131897806,na,na,6q23.2,"criteria provided, multiple submitters, no conflicts",11,-,N,"ClinGen:CA339978,OMIM:608313.0012",3,2397,131897806,C,T,-,-,-,-,-,-,SCV000517079|SCV000631876|SCV000894376|SCV001251872|SCV002020588|SCV003555877|SCV003807824|SCV003835122|SCV005904483|SCV007598657,-,-,,0.00004,
23942,single nucleotide variant,NM_000310.4(PPT1):c.29T>A (p.Leu10Ter),5538,PPT1,HGNC:9325,Pathogenic,1,"Jan 13, 2026",137852699,-,RCV000009454|RCV000188716|RCV002311509|RCV005406734|RCV006697851,"MONDO:MONDO:0009744,MedGen:C1850451,OMIM:256730,Orphanet:228329|MedGen:C3661900|MeSH:D030342,MedGen:C0950123|MONDO:MONDO:0016295,MedGen:C0027877,OMIM:PS256730,Orphanet:216,Orphanet:79263|MONDO:MONDO:0100620,MedGen:C5779964",Neuronal ceroid lipofuscinosis 1|not provided|Inborn genetic diseases|Neuronal ceroid lipofuscinosis|Developmental and epileptic encephalopathy,germline;maternal;unknown,germline,GRCh37,NC_000001.10,1,40562882,40562882,na,na,1p34.2,"criteria provided, multiple submitters, no conflicts",13,-,N,"ClinGen:CA254584,OMIM:600722.0005",3,8903,40562882,A,T,-,-,-,-,-,-,SCV000242340|SCV000550823|SCV000846385|SCV000854968|SCV000920081|SCV001162888|SCV001453967|SCV005648681|SCV005849007|SCV007131341|SCV007596935,-,-,,0.00007,
131940,single nucleotide variant,NM_015474.4(SAMHD1):c.1411-2A>G,25939,SAMHD1,HGNC:15925,Pathogenic,1,"Jan 12, 2026",515726141,-,RCV000114348|RCV003137627|RCV004739368|RCV005031599,"MONDO:MONDO:0013059,MedGen:C2749659,OMIM:612952,Orphanet:51|MedGen:C3661900||MONDO:MONDO:0013739,MedGen:C3280721,OMIM:614415;MONDO:MONDO:0013059,MedGen:C2749659,OMIM:612952,Orphanet:51",Aicardi-Goutieres syndrome 5|not provided|SAMHD1-related disorder|Chilblain lupus 2;Aicardi-Goutieres syndrome 5,germline,germline,GRCh37,NC_000020.10,20,35532654,35532654,na,na,20q11.23,"criteria provided, multiple submitters, no conflicts",6,-,N,ClinGen:CA345515,3,126407,35532654,T,C,-,-,-,-,-,-,SCV001218442|SCV003827360|SCV005201557|SCV005661830,-,-,,0.00001,
101600,single nucleotide variant,NM_015506.3(MMACHC):c.481C>T (p.Arg161Ter),25974,MMACHC,HGNC:24525,Pathogenic,1,"Jan 22, 2026",370596113,-,RCV000081739|RCV000340205|RCV004755764,"MedGen:C3661900|MONDO:MONDO:0010184,MedGen:C1848561,OMIM:277400,Orphanet:26,Orphanet:79282|",not provided|Cobalamin C disease|MMACHC-related disorder,germline;unknown,germline,GRCh37,NC_000001.10,1,45974519,45974519,na,na,1p34.1,"criteria provided, multiple submitters, no conflicts",13,-,N,ClinGen:CA223189,2,95703,45974519,C,T,-,-,-,-,-,-,SCV000329426|SCV000331416|SCV000919671|SCV000934746|SCV001162913|SCV001456020|SCV001752449|SCV003807763|SCV004178186|SCV005417958|SCV007134146,-,-,0.00008,,
1330529,single nucleotide variant,NM_198076.6(COX20):c.222G>T (p.Trp74Cys),116228,COX20,HGNC:26970,Pathogenic,1,"Mar 10, 2026",766397584,-,RCV001824092,"MONDO:MONDO:0033645,MedGen:C5436694,OMIM:619054","Mitochondrial complex IV deficiency, nuclear type 11",germline,germline,GRCh37,NC_000001.10,1,245006343,245006343,na,na,1q44,"criteria provided, single submitter",2,-,N,"ClinGen:CA1486170,OMIM:614698.0004",3,1339430,245006343,G,T,-,-,-,-,-,-,SCV007583314,-,-,,0.00001,
26906,single nucleotide variant,NM_000137.4(FAH):c.1090G>T (p.Glu364Ter),2184,FAH,HGNC:3579,Pathogenic,1,"Jan 19, 2026",121965076,-,RCV000012642|RCV003105771,"MONDO:MONDO:0010161,MedGen:C0268490,OMIM:276700,Orphanet:882|MedGen:C3661900",Tyrosinemia type I|not provided,germline;unknown,germline,GRCh37,NC_000015.9,15,80473411,80473411,na,na,15q25.1,"criteria provided, multiple submitters, no conflicts",6,-,N,"ClinGen:CA256101,OMIM:613871.0005",3,11867,80473411,G,T,-,-,-,-,-,-,SCV001163766|SCV001442677|SCV001590816|SCV002089847|SCV003761733,-,-,,0.00003,
1431899,single nucleotide variant,NM_014384.3(ACAD8):c.286G>A (p.Gly96Ser),27034,ACAD8,HGNC:87,Pathogenic,1,"Jan 28, 2026",773472208,-,RCV002037738,"MONDO:MONDO:0012648,MedGen:C1969809,OMIM:611283,Orphanet:79159",Deficiency of isobutyryl-CoA dehydrogenase,germline,germline,GRCh37,NC_000011.9,11,134127057,134127057,na,na,11q25,"criteria provided, multiple submitters, no conflicts",3,-,N,ClinGen:CA6372895,2,1452755,134127057,G,A,-,-,-,-,-,-,SCV002235512|SCV005416655,-,-,,0.00010,
22938,single nucleotide variant,NM_000350.3(ABCA4):c.52C>T (p.Arg18Trp),24,ABCA4,HGNC:34,Pathogenic,1,"Feb 01, 2026",121909205,-,RCV000008356|RCV000085719|RCV001075717|RCV004558241,"MONDO:MONDO:0009549,MeSH:D000080362,MedGen:C1855465,OMIM:248200,Orphanet:364055,Orphanet:827|MedGen:C3661900|Human Phenotype Ontology:HP:0000556,Human Phenotype Ontology:HP:0007736,Human Phenotype Ontology:HP:0007910,Human Phenotype Ontology:HP:0007974,Human Phenotype Ontology:HP:0007982,MONDO:MONDO:0019118,MeSH:D058499,MedGen:C0854723,Orphanet:71862|MONDO:MONDO:0010819,MedGen:C1838644,OMIM:600110,Orphanet:827",Severe early-childhood-onset retinal dystrophy|not provided|Retinal dystrophy|Stargardt disease 3,germline;unknown,germline,GRCh37,NC_000001.10,1,94586550,94586550,na,na,1p22.1,"criteria provided, multiple submitters, no conflicts",12,-,N,"ClinGen:CA227296,UniProtKB:P78363#VAR_008398,OMIM:601691.0021,ClinVar:1048166",3,7899,94586550,G,A,-,-,-,-,-,-,SCV000281792|SCV000701766|SCV001241345|SCV001402755|SCV001447330|SCV001573651|SCV001745932|SCV001796097|SCV006318874,-,-,0.00015,,0.00040
1416690,single nucleotide variant,NM_018192.4(P3H2):c.952C>T (p.Arg318Ter),55214,P3H2,HGNC:19317,Pathogenic,1,"Jan 27, 2026",200083855,-,RCV001989724|RCV003389506,"MedGen:C3661900|MedGen:C4751232,Orphanet:98619",not provided|Rare isolated myopia,germline;unknown,germline,GRCh37,NC_000003.11,3,189706699,189706699,na,na,3q28,"criteria provided, multiple submitters, no conflicts",2,-,N,ClinGen:CA2753172,2,1449634,189706699,G,A,-,-,-,-,-,-,SCV002228353|SCV004101693,-,-,0.00008,,
236391,Deletion,NM_032043.3(BRIP1):c.633del (p.Gly212fs),83990,BRIP1,HGNC:20473,Pathogenic,1,"May 21, 2026",779466229,-,RCV000215252|RCV000657273|RCV000706262|RCV003155934|RCV003335259|RCV006730110,"MONDO:MONDO:0015356,MeSH:D009386,MedGen:C0027672,Orphanet:140162|MedGen:C3661900|MONDO:MONDO:0016419,MedGen:C0346153,OMIM:114480,Orphanet:227535;MONDO:MONDO:0012187,MedGen:C1836860,OMIM:609054,Orphanet:84|MONDO:MONDO:0008170,MedGen:C1140680,OMIM:167000,Orphanet:213500|MONDO:MONDO:0016419,MedGen:C0346153,OMIM:114480,Orphanet:227535|",Hereditary cancer-predisposing syndrome|not provided|Familial cancer of breast;Fanconi anemia complementation group J|Ovarian cancer|Familial cancer of breast|Inherited ovarian cancer (without breast cancer),germline;unknown,germline,GRCh37,NC_000017.10,17,59886113,59886113,na,na,17q23.2,"criteria provided, multiple submitters, no conflicts",9,-,N,ClinGen:CA8690870,2,232527,59886112,CA,C,-,-,-,-,-,-,SCV000276684|SCV000779004|SCV000835302|SCV001471792|SCV004043733|SCV004214624|SCV004220732|SCV007637170,-,-,,0.00002,
1421961,single nucleotide variant,NM_020964.3(EPG5):c.7057C>T (p.Gln2353Ter),57724,EPG5,HGNC:29331,Pathogenic,1,"Jan 12, 2026",763931697,-,RCV001909479,"MONDO:MONDO:0009452,MedGen:C1855772,OMIM:242840,Orphanet:1493",Vici syndrome,germline,germline,GRCh37,NC_000018.9,18,43438700,43438700,na,na,18q12.3,"criteria provided, single submitter",1,-,N,ClinGen:CA8948085,2,1408314,43438700,G,A,-,-,-,-,-,-,SCV002183891,-,-,,0.00001,
232266,single nucleotide variant,NM_001048174.2(MUTYH):c.383G>A (p.Trp128Ter),4595,MUTYH,HGNC:7527,Pathogenic,1,"Feb 03, 2026",762307622,-,RCV000213856|RCV000235993|RCV000411443|RCV001353489|RCV002500727|RCV003165561,"MONDO:MONDO:0015356,MeSH:D009386,MedGen:C0027672,Orphanet:140162|MedGen:C3661900|MONDO:MONDO:0012041,MedGen:C3272841,OMIM:608456,Orphanet:220460,Orphanet:247798|MONDO:MONDO:0002032,MedGen:C0699790|MONDO:MONDO:0012041,MedGen:C3272841,OMIM:608456,Orphanet:220460,Orphanet:247798;Human Phenotype Ontology:HP:0012126,MONDO:MONDO:0001056,MeSH:D013274,MedGen:C0024623,OMIM:613659|Human Phenotype Ontology:HP:0012126,MONDO:MONDO:0001056,MeSH:D013274,MedGen:C0024623,OMIM:613659",Hereditary cancer-predisposing syndrome|not provided|Familial adenomatous polyposis 2|Carcinoma of colon|Familial adenomatous polyposis 2;Gastric cancer|Gastric cancer,germline;unknown,germline,GRCh37,NC_000001.10,1,45798627,45798627,na,na,1p34.1,"criteria provided, multiple submitters, no conflicts",13,"ACMG2013,ACMG2016,ACMG2021,ACMG2022",N,ClinGen:CA057931,2,230971,45798627,C,T,-,-,-,-,-,-,SCV000274683|SCV000292870|SCV000545719|SCV000685631|SCV001478129|SCV002813994|SCV004198813|SCV004839760|SCV005622969|SCV005919625|SCV007339601,-,-,,0.00005,
32046,single nucleotide variant,NM_004004.6(GJB2):c.551G>C (p.Arg184Pro),2706,GJB2,HGNC:4284,Pathogenic,1,"Jan 20, 2026",80338950,-,RCV000018531|RCV000211781|RCV000678888|RCV000657913|RCV000763321|RCV001112462|RCV001257160|RCV005007867|RCV006684138,"MONDO:MONDO:0009076,MedGen:C2673759,OMIM:220290,Orphanet:90636|MedGen:C5680250,Orphanet:96210|MedGen:C3887873|MedGen:C3661900|8 conditions|MONDO:MONDO:0011103,MedGen:C2675750,OMIM:601544,Orphanet:90635|MONDO:MONDO:0019497,MedGen:C5680182,Orphanet:87884|7 conditions|MONDO:MONDO:1060236,MedGen:CN382183",Autosomal recessive nonsyndromic hearing loss 1A|Rare genetic deafness|Hearing loss|not provided|8 conditions|Autosomal dominant nonsyndromic hearing loss 3A|Nonsyndromic genetic hearing loss|7 conditions|GJB2-related disorder,germline;unknown,germline,GRCh37,NC_000013.10,13,20763170,20763170,na,na,13q12.11,"criteria provided, multiple submitters, no conflicts",21,-,N,"ClinGen:CA341438,UniProtKB:P29033#VAR_015943,OMIM:121011.0008",3,17007,20763170,C,G,-,-,-,-,-,-,SCV000061525|SCV000599760|SCV000698267|SCV000779679|SCV000885514|SCV000893998|SCV000914611|SCV000935561|SCV001366460|SCV001433678|SCV001476380|SCV002094996|SCV005400139|SCV005632542|SCV005920420|SCV007579777|SCV007610625,-,-,,0.00004,
543136,Deletion,NM_147127.5(EVC2):c.3660del (p.Ser1220fs),132884,EVC2,HGNC:19747,Pathogenic,1,"Jan 12, 2026",753581033,-,RCV000669358|RCV001214869|RCV001553071,"MONDO:MONDO:0009162,MedGen:C0013903,OMIM:225500,Orphanet:289|MONDO:MONDO:0008673,MedGen:C0457013,OMIM:193530,Orphanet:952;MONDO:MONDO:0009162,MedGen:C0013903,OMIM:225500,Orphanet:289|MedGen:C3661900",Ellis-van Creveld syndrome|Curry-Hall syndrome;Ellis-van Creveld syndrome|not provided,germline;unknown,germline,GRCh37,NC_000004.11,4,5564842,5564842,na,na,4p16.2,"criteria provided, multiple submitters, no conflicts",7,-,N,"ClinGen:CA2834214,OMIM:607261.0001",3,553833,5564841,TG,T,-,-,-,-,-,-,SCV001386574|SCV001773875|SCV002599016|SCV002805346|SCV005879781,-,-,,0.00003,
27037,single nucleotide variant,NM_000151.4(G6PC1):c.247C>T (p.Arg83Cys),2538,G6PC1,HGNC:4056,Pathogenic,1,"May 01, 2026",1801175,-,RCV000012778|RCV000424594|RCV000360229|RCV000626623|RCV003987317|RCV005357111,"MONDO:MONDO:0009287,MedGen:C2919796,OMIM:232200,Orphanet:364,Orphanet:79258|MedGen:C3661900|MONDO:MONDO:0002412,MedGen:C0017919,OMIM:PS232200,Orphanet:79201|Human Phenotype Ontology:HP:0001509,Human Phenotype Ontology:HP:0003501,Human Phenotype Ontology:HP:0003507,Human Phenotype Ontology:HP:0003512,Human Phenotype Ontology:HP:0003518,Human Phenotype Ontology:HP:0003519,Human Phenotype Ontology:HP:0004322,Human Phenotype Ontology:HP:0008871,Human Phenotype Ontology:HP:0008882,Human Phenotype Ontology:HP:0008888,Human Phenotype Ontology:HP:0008913,MedGen:C0349588;Human Phenotype Ontology:HP:0001943,Human Phenotype Ontology:HP:0003356,MONDO:MONDO:0004946,MedGen:C0020615|MedGen:CN169374|MONDO:MONDO:0002413,MedGen:C0017920,Orphanet:364","Glycogen storage disease due to glucose-6-phosphatase deficiency type IA|not provided|Glycogen storage disease|Short stature;Hypoglycemia|not specified|Glycogen storage disease, type I",germline;inherited;unknown,germline,GRCh37,NC_000017.10,17,41055964,41055964,na,na,17q21.31,"criteria provided, multiple submitters, no conflicts",31,-,N,"ClinGen:CA256177,UniProtKB:P35575#VAR_005239,OMIM:613742.0002",3,11998,41055964,C,T,-,-,-,-,-,-,SCV000223927|SCV000227025|SCV000402976|SCV000520992|SCV000658103|SCV000695636|SCV000712202|SCV000747324|SCV000784537|SCV000801484|SCV000894121|SCV000996289|SCV001140451|SCV001163780|SCV001194060|SCV001244747|SCV001246604|SCV001463398|SCV002023776|SCV002573306|SCV003549547|SCV004805179|SCV005051772|SCV005088759|SCV005875332|SCV005918132|SCV006302916,-,-,,0.00053,
29035,single nucleotide variant,NM_000270.4(PNP):c.172C>T (p.Arg58Ter),4860,PNP,HGNC:7892,Pathogenic,1,"Jan 19, 2026",104894460,-,RCV000015033|RCV002221477,"MONDO:MONDO:0013171,MedGen:C0268125,OMIM:613179,Orphanet:760|MedGen:C3661900",Purine-nucleoside phosphorylase deficiency|not provided,germline;unknown,germline,GRCh37,NC_000014.8,14,20940627,20940627,na,na,14q11.2,"criteria provided, multiple submitters, no conflicts",7,-,N,"ClinGen:CA123685,OMIM:164050.0009",3,13996,20940627,C,T,-,-,-,-,-,-,SCV001524609|SCV002059705|SCV002231154|SCV002498863|SCV002807025|SCV005892104,-,-,,0.00001,
920726,single nucleotide variant,NM_024715.4(TXNDC15):c.379C>T (p.Arg127Ter),79770,TXNDC15,HGNC:20652,Pathogenic,1,"Jan 01, 2026",371232361,-,RCV001200172,MedGen:C3661900,not provided,germline,germline,GRCh37,NC_000005.9,5,134223660,134223660,na,na,5q31.1,"criteria provided, single submitter",1,-,N,ClinGen:CA3416837,2,932395,134223660,C,T,-,-,-,-,-,-,SCV001371063,-,-,0.00008,0.00001,
29357,single nucleotide variant,NM_005912.2(MC4R):c.105C>A (p.Tyr35Ter),4160,MC4R,HGNC:6932,Pathogenic,1,"Jan 09, 2026",13447324,-,RCV000015394|RCV000202583|RCV000255005|RCV002504792|RCV004017247|RCV004797761,"Human Phenotype Ontology:HP:0001513,MONDO:MONDO:0011122,MeSH:D009765,MedGen:C0028754,Orphanet:71529|Human Phenotype Ontology:HP:0100753,MONDO:MONDO:0005090,MeSH:D012559,MedGen:C0036341,OMIM:181500|MedGen:C3661900|MedGen:C4759928,OMIM:618406|MONDO:MONDO:0019115,MedGen:C4273958,Orphanet:71529|",Obesity|Schizophrenia|not provided|BODY MASS INDEX QUANTITATIVE TRAIT LOCUS 20|Obesity due to melanocortin 4 receptor deficiency|See cases,germline;paternal;unknown,germline,GRCh37,NC_000018.9,18,58039478,58039478,na,na,18q21.32,"criteria provided, multiple submitters, no conflicts",23,-,N,"ClinGen:CA214751,OMIM:155541.0003,ClinVar:917498",2,14318,58039478,G,T,-,-,-,-,-,-,SCV000052811|SCV000321871|SCV000409981|SCV000862775|SCV001423111|SCV001447336|SCV002811048|SCV003823512|SCV004297611|SCV004848238|SCV005198726|SCV005382176|SCV005400000|SCV005419400|SCV006302607|SCV006555964|SCV007595458,-,-,,0.00005,
27817,single nucleotide variant,NM_003000.3(SDHB):c.268C>T (p.Arg90Ter),6390,SDHB,HGNC:10681,Pathogenic,1,"Jan 12, 2026",74315366,-,RCV000013616|RCV000037718|RCV000183211|RCV000215883|RCV000627749|RCV000763272|RCV003233026,"MONDO:MONDO:0007273,MedGen:C1861848,OMIM:115310,Orphanet:29072|MONDO:MONDO:0017366,MedGen:C4274332,OMIM:PS168000,Orphanet:29072|MedGen:C3661900|MONDO:MONDO:0015356,MeSH:D009386,MedGen:C0027672,Orphanet:140162|Human Phenotype Ontology:HP:0002666,MONDO:MONDO:0008233,MedGen:C0031511,OMIM:171300,Orphanet:29072;MONDO:MONDO:0007273,MedGen:C1861848,OMIM:115310,Orphanet:29072;Human Phenotype Ontology:HP:0100723,MONDO:MONDO:0011719,MeSH:D046152,MedGen:C0238198,OMIM:606764,Orphanet:44890|Human Phenotype Ontology:HP:0002666,MONDO:MONDO:0008233,MedGen:C0031511,OMIM:171300,Orphanet:29072;MONDO:MONDO:0011740,MedGen:C1847319,OMIM:606864,Orphanet:97286;MONDO:MONDO:0007273,MedGen:C1861848,OMIM:115310,Orphanet:29072|MONDO:MONDO:0008667,MedGen:C0019562,OMIM:193300,Orphanet:892",Pheochromocytoma/paraganglioma syndrome 4|Hereditary pheochromocytoma and paraganglioma|not provided|Hereditary cancer-predisposing syndrome|Pheochromocytoma;Pheochromocytoma/paraganglioma syndrome 4;Gastrointestinal stromal tumor|Pheochromocytoma;Carney-Stratakis syndrome;Pheochromocytoma/paraganglioma syndrome 4|Von Hippel-Lindau syndrome,germline;unknown,germline,GRCh37,NC_000001.10,1,17359573,17359573,na,na,1p36.13,"criteria provided, multiple submitters, no conflicts",16,"ACMG2013,ACMG2016,ACMG2021,ACMG2022",N,"ClinGen:CA015643,OMIM:185470.0001",3,12778,17359573,G,A,-,-,-,-,-,-,SCV000053299|SCV000061380|SCV000235630|SCV000255462|SCV000274572|SCV000554022|SCV000893916|SCV002760634|SCV002761844|SCV002774863|SCV003930413|SCV004806426|SCV004933588|SCV005414425,-,-,,0.00001,0.00020
173141,Deletion,NM_001267550.2(TTN):c.49648+2del,7273,TTN,HGNC:12403,Pathogenic,1,"Apr 01, 2026",727504851,-,RCV000156200|RCV000184308|RCV000705999|RCV001170836|RCV001535491|RCV002415671|RCV002478464|RCV004535006|RCV004558352|RCV006257277|RCV006456742,"EFO: The Experimental Factor Ontology:EFO_0000407,Human Phenotype Ontology:HP:0001644,Human Phenotype Ontology:HP:0001725,Human Phenotype Ontology:HP:0005159,Human Phenotype Ontology:HP:0200130,MONDO:MONDO:0005021,MeSH:D002311,MedGen:C0007193,Orphanet:217604|MedGen:C3661900|MONDO:MONDO:0011400,MedGen:C1858763,OMIM:604145,Orphanet:154;MONDO:MONDO:0012127,MedGen:C1837342,OMIM:608807,Orphanet:140922|Human Phenotype Ontology:HP:0001638,MONDO:MONDO:0004994,MedGen:C0878544,Orphanet:167848|MONDO:MONDO:0010870,MedGen:C1838244,OMIM:600334,Orphanet:609;EFO: The Experimental Factor Ontology:EFO_0000407,Human Phenotype Ontology:HP:0001644,Human Phenotype Ontology:HP:0001725,Human Phenotype Ontology:HP:0005159,Human Phenotype Ontology:HP:0200130,MONDO:MONDO:0005021,MeSH:D002311,MedGen:C0007193,Orphanet:217604;MONDO:MONDO:0012127,MedGen:C1837342,OMIM:608807,Orphanet:140922;MONDO:MONDO:0011362,MedGen:C1863599,OMIM:603689,Orphanet:178464,Orphanet:34521|MedGen:CN230736|6 conditions||MONDO:MONDO:0010870,MedGen:C1838244,OMIM:600334,Orphanet:609|MONDO:MONDO:0011400,MedGen:C1858763,OMIM:604145,Orphanet:154|MONDO:MONDO:0016333,MedGen:C0340427,OMIM:PS115200,Orphanet:217607","Primary dilated cardiomyopathy|not provided|Dilated cardiomyopathy 1G;Autosomal recessive limb-girdle muscular dystrophy type 2J|Cardiomyopathy|Tibial muscular dystrophy;Primary dilated cardiomyopathy;Autosomal recessive limb-girdle muscular dystrophy type 2J;Myopathy, myofibrillar, 9, with early respiratory failure|Cardiovascular phenotype|6 conditions|TTN-related disorder|Tibial muscular dystrophy|Dilated cardiomyopathy 1G|Primary familial dilated cardiomyopathy",germline;unknown,germline,GRCh37,NC_000002.11,2,179477886,179477886,na,na,2q31.2,"criteria provided, multiple submitters, no conflicts",18,"ACMG2021,ACMG2022",N,ClinGen:CA273623,2,179411,179477885,TA,T,-,-,-,-,-,-,SCV000205916|SCV000236933|SCV000835026|SCV000862484|SCV000928141|SCV001333456|SCV002022467|SCV002502336|SCV002724997|SCV002799572|SCV004011268|SCV004121633|SCV004122225|SCV005049469|SCV006065480|SCV007108139|SCV007600456,-,-,,0.00001,
969721,single nucleotide variant,NM_020366.4(RPGRIP1):c.2895+1G>T,57096,RPGRIP1,HGNC:13436,Pathogenic,1,"Jan 03, 2026",748072501,-,RCV001261174|RCV001880011|RCV003324559,"MONDO:MONDO:0013446,MedGen:C1854260,OMIM:613826,Orphanet:65|MONDO:MONDO:0011987,MedGen:C2750720,OMIM:608194,Orphanet:1872;MONDO:MONDO:0013446,MedGen:C1854260,OMIM:613826,Orphanet:65|MONDO:MONDO:0018998,MeSH:D057130,MedGen:C0339527,OMIM:PS204000,Orphanet:65",Leber congenital amaurosis 6|Cone-rod dystrophy 13;Leber congenital amaurosis 6|Leber congenital amaurosis,germline;inherited,germline,GRCh37,NC_000014.8,14,21795967,21795967,na,na,14q11.2,"criteria provided, multiple submitters, no conflicts",4,-,N,ClinGen:CA7089364,2,981634,21795967,G,T,-,-,-,-,-,-,SCV002208945|SCV004030315|SCV005886533,-,-,,0.00002,
1934843,single nucleotide variant,NM_000297.4(PKD2):c.1521G>A (p.Trp507Ter),5311,PKD2,HGNC:9009,Pathogenic,1,"Feb 17, 2026",747688660,-,RCV002651834|RCV006687662,"MONDO:MONDO:0004691,MedGen:C0085413,Orphanet:730|MONDO:MONDO:0013131,MedGen:C2751306,OMIM:613095",Autosomal dominant polycystic kidney disease|Polycystic kidney disease 2,germline,germline,GRCh37,NC_000004.11,4,88967995,88967995,na,na,4q22.1,"criteria provided, multiple submitters, no conflicts",2,-,N,ClinGen:CA3003958,2,2203553,88967995,G,A,-,-,-,-,-,-,SCV003525520|SCV007588025,-,-,,0.00001,
27084,single nucleotide variant,NM_000136.3(FANCC):c.456+4A>T,2176,FANCC,HGNC:3584,Pathogenic,1,"Mar 27, 2026",104886456,-,RCV000012825|RCV000115354|RCV000197192|RCV000562912|RCV001358012|RCV004748518,"MONDO:MONDO:0009213,MedGen:C3468041,OMIM:227645,Orphanet:84|MedGen:C3661900|MONDO:MONDO:0019391,MeSH:D005199,MedGen:C0015625,OMIM:PS227650,Orphanet:84|MONDO:MONDO:0015356,MeSH:D009386,MedGen:C0027672,Orphanet:140162|MONDO:MONDO:0007254,MedGen:C0006142|",Fanconi anemia complementation group C|not provided|Fanconi anemia|Hereditary cancer-predisposing syndrome|Malignant tumor of breast|FANCC-related disorder,germline;inherited;unknown,germline,GRCh37,NC_000009.11,9,97934315,97934315,na,na,9q22.32,"criteria provided, multiple submitters, no conflicts",27,-,Y,"ClinGen:CA287219,OMIM:613899.0003",3,12045,97934315,T,A,-,-,-,-,-,-,SCV000149263|SCV000230847|SCV000253765|SCV000281326|SCV000673287|SCV000695432|SCV000838356|SCV000894484|SCV000916270|SCV001163628|SCV001194186|SCV001439971|SCV001478123|SCV002022327|SCV002081269|SCV004218679|SCV005044139|SCV006325159|SCV007538078|SCV007598419|SCV007602325,-,-,,0.00024,
1670657,single nucleotide variant,NM_003104.6(SORD):c.298C>T (p.Arg100Ter),6652,SORD,HGNC:11184,Pathogenic,1,"Feb 04, 2026",535669510,-,RCV002226177,MedGen:C3661900,not provided,germline,germline,GRCh37,NC_000015.9,15,45353297,45353297,na,na,15q21.1,"criteria provided, single submitter",1,-,N,ClinGen:CA7537136,2,1678863,45353297,C,T,-,-,-,-,-,-,SCV002504660,-,-,,0.00001,
193855,single nucleotide variant,NM_001130987.2(DYSF):c.3403-2A>G,8291,DYSF,HGNC:3097,Pathogenic,1,"Jan 14, 2026",370874727,-,RCV000277199|RCV000701150|RCV000984258|RCV003468863|RCV004800315|RCV005889935,"MedGen:C3661900|MONDO:MONDO:0016145,MedGen:C2931687,Orphanet:207073|MONDO:MONDO:0009676,MedGen:C1850889,OMIM:253601,Orphanet:268|MONDO:MONDO:0024545,MedGen:C4551973,OMIM:254130,Orphanet:45448|MONDO:MONDO:0015152,MedGen:C2931907,OMIM:PS253600,Orphanet:102015|MedGen:C0023467",not provided|Neuromuscular disease caused by qualitative or quantitative defects of dysferlin|Autosomal recessive limb-girdle muscular dystrophy type 2B|Miyoshi muscular dystrophy 1|Autosomal recessive limb-girdle muscular dystrophy|Acute myeloid leukemia,germline;not applicable;unknown,germline,GRCh37,NC_000002.11,2,71816721,71816721,na,na,2p13.2,"criteria provided, multiple submitters, no conflicts",7,-,N,ClinGen:CA275204,2,196694,71816721,A,G,-,-,-,-,-,-,SCV000333035|SCV000829934|SCV004194181|SCV005423250|SCV007527977,-,-,0.00008,0.00001,
1166562,single nucleotide variant,NM_005562.3(LAMC2):c.1045C>T (p.Arg349Ter),3918,LAMC2,HGNC:6493,Pathogenic,1,"Jan 13, 2026",772306395,-,RCV001532909|RCV002568217|RCV005005951,"MONDO:MONDO:0017612,MedGen:C0079301,OMIM:PS226650,Orphanet:305|MedGen:C3661900|MONDO:MONDO:0030749,MedGen:C5676939,OMIM:619786;MONDO:MONDO:0030748,MedGen:C5676938,OMIM:619785","Junctional epidermolysis bullosa|not provided|Epidermolysis bullosa, junctional 3B, severe;Epidermolysis bullosa, junctional 3A, intermediate",germline,germline,GRCh37,NC_000001.10,1,183194834,183194834,na,na,1q25.3,"criteria provided, multiple submitters, no conflicts",3,-,N,ClinGen:CA1282510,2,1177256,183194834,C,T,-,-,-,-,-,-,SCV001748708|SCV003523983|SCV005634960,-,-,,0.00002,
76340,Deletion,NM_001379500.1(COL18A1):c.3523_3524del (p.Leu1175fs),80781,COL18A1,HGNC:2195,Pathogenic,1,"Jan 11, 2026",398122391,-,RCV000055632|RCV000479282|RCV000505165|RCV000504900|RCV001074487|RCV001198207|RCV002504954|RCV003235024,"MONDO:MONDO:0800166,MedGen:C1849409,OMIM:PS267750,Orphanet:1571|MedGen:C3661900|MONDO:MONDO:0019200,MeSH:D012174,MedGen:C0035334,OMIM:268000,OMIM:PS268000,Orphanet:791|Human Phenotype Ontology:HP:0007638,Human Phenotype Ontology:HP:0007754,Human Phenotype Ontology:HP:0007798,Human Phenotype Ontology:HP:0007914,Human Phenotype Ontology:HP:0007919,Human Phenotype Ontology:HP:0007999,MedGen:C0730292|Human Phenotype Ontology:HP:0000556,Human Phenotype Ontology:HP:0007736,Human Phenotype Ontology:HP:0007910,Human Phenotype Ontology:HP:0007974,Human Phenotype Ontology:HP:0007982,MONDO:MONDO:0019118,MeSH:D058499,MedGen:C0854723,Orphanet:71862|MONDO:MONDO:0030038,MedGen:C5394374,OMIM:618880|MONDO:MONDO:0030038,MedGen:C5394374,OMIM:618880;MONDO:MONDO:0800167,MedGen:C4551775,OMIM:267750|MONDO:MONDO:0800167,MedGen:C4551775,OMIM:267750","Knobloch syndrome|not provided|Retinitis pigmentosa|Macular dystrophy|Retinal dystrophy|Hereditary glaucoma, primary closed-angle|Hereditary glaucoma, primary closed-angle;Knobloch syndrome 1|Knobloch syndrome 1",germline;inherited;unknown,germline,GRCh37,NC_000021.8,21,46930005,46930006,na,na,21q22.3,"criteria provided, multiple submitters, no conflicts",19,-,N,"ClinGen:CA144775,OMIM:120328.0002,OMIM:120328.0008",3,65410,46930004,CCT,C,-,-,-,-,-,-,SCV000567322|SCV001240074|SCV001369077|SCV001416967|SCV001447309|SCV001501806|SCV002051613|SCV002064455|SCV002107162|SCV002812897|SCV003934783|SCV005199173|SCV006551597|SCV007610298,-,-,,0.00089,
791648,single nucleotide variant,NM_000303.3(PMM2):c.97C>T (p.Gln33Ter),5373,PMM2,HGNC:9115,Pathogenic,1,"Apr 10, 2026",149530060,-,RCV000989519|RCV003332275|RCV003936246,"MONDO:MONDO:0008907,MedGen:C0349653,OMIM:212065,Orphanet:79318|MedGen:C3661900|",PMM2-congenital disorder of glycosylation|not provided|PMM2-related disorder,germline;unknown,germline,GRCh37,NC_000016.9,16,8895686,8895686,na,na,16p13.2,"criteria provided, multiple submitters, no conflicts",10,-,N,ClinGen:CA7893888,2,803211,8895686,C,T,-,-,-,-,-,-,SCV001139934|SCV001587982|SCV002089466|SCV002794503|SCV004039146|SCV004039669|SCV004204832|SCV006278724|SCV007599398,-,-,0.00008,0.00001,
542058,single nucleotide variant,NM_000091.5(COL4A3):c.4486C>T (p.Arg1496Ter),1285,COL4A3,HGNC:2204,Pathogenic,1,"Jan 26, 2026",769863513,-,RCV000670558|RCV001861795|RCV005004343|RCV005250086|RCV006552667|RCV006701615,"MONDO:MONDO:0008762,MedGen:C4746745,OMIM:203780,Orphanet:63,Orphanet:88919|MedGen:C3661900|MONDO:MONDO:0957811,MedGen:C5882699,OMIM:620536;MONDO:MONDO:0958186,MedGen:C5830421,OMIM:620320;MONDO:MONDO:0007086,MedGen:C5882663,OMIM:104200,Orphanet:63,Orphanet:88918|MONDO:MONDO:0018965,MedGen:C1567741,OMIM:PS301050,Orphanet:63|MONDO:MONDO:0007086,MedGen:C5882663,OMIM:104200,Orphanet:63,Orphanet:88918|MONDO:MONDO:0957811,MedGen:C5882699,OMIM:620536","Autosomal recessive Alport syndrome|not provided|Alport syndrome 3b, autosomal recessive;Hematuria, benign familial, 2;Autosomal dominant Alport syndrome|Alport syndrome|Autosomal dominant Alport syndrome|Alport syndrome 3b, autosomal recessive",germline;unknown,germline,GRCh37,NC_000002.11,2,228173638,228173638,na,na,2q36.3,"criteria provided, multiple submitters, no conflicts",8,-,N,ClinGen:CA2147563,2,554855,228173638,C,T,-,-,-,-,-,-,SCV001338270|SCV002227386|SCV002778744|SCV005900501|SCV007432958|SCV007531043|SCV007602802,-,-,,0.00002,
15981,single nucleotide variant,NM_000404.4(GLB1):c.1498A>G (p.Thr500Ala),2720,GLB1,HGNC:4298,Pathogenic,1,"Mar 30, 2026",72555368,-,RCV000000991|RCV000673423|RCV001040694|RCV001818116|RCV002281685|RCV003137481|RCV006697956,"MONDO:MONDO:0009660,MedGen:C0086652,OMIM:253010,Orphanet:309310,Orphanet:582|MONDO:MONDO:0009260,MedGen:C0268271,OMIM:230500,Orphanet:354,Orphanet:79255;MONDO:MONDO:0009262,MedGen:C0268273,OMIM:230650,Orphanet:79257;MONDO:MONDO:0009261,MedGen:C0268272,OMIM:230600,Orphanet:354,Orphanet:79256;MONDO:MONDO:0009660,MedGen:C0086652,OMIM:253010,Orphanet:309310,Orphanet:582|MONDO:MONDO:0018149,MedGen:C0085131,Orphanet:354;MONDO:MONDO:0009660,MedGen:C0086652,OMIM:253010,Orphanet:309310,Orphanet:582|MedGen:C3661900|MONDO:MONDO:0018149,MedGen:C0085131,Orphanet:354|MONDO:MONDO:0009262,MedGen:C0268273,OMIM:230650,Orphanet:79257|MONDO:MONDO:0001586,MedGen:C0023786,Orphanet:579","Mucopolysaccharidosis, MPS-IV-B|Infantile GM1 gangliosidosis;GM1 gangliosidosis type 3;GM1 gangliosidosis type 2;Mucopolysaccharidosis, MPS-IV-B|GM1 gangliosidosis;Mucopolysaccharidosis, MPS-IV-B|not provided|GM1 gangliosidosis|GM1 gangliosidosis type 3|Mucopolysaccharidosis type 1",germline;unknown,germline,GRCh37,NC_000003.11,3,33055784,33055784,na,na,3p22.3,"criteria provided, multiple submitters, no conflicts",8,-,N,"ClinGen:CA114660,OMIM:611458.0020",3,942,33055784,T,C,-,-,-,-,-,-,SCV001204283|SCV002064369|SCV002572319|SCV003807839|SCV007530271|SCV007598800,-,-,,0.00001,
543691,single nucleotide variant,NM_000255.4(MMUT):c.1677-1G>A,4594,MMUT,HGNC:7526,Pathogenic,1,"Jan 20, 2026",754369323,-,RCV000664627|RCV001193330|RCV001276634|RCV001383400,"MONDO:MONDO:0009612,MedGen:C1855114,OMIM:251000,Orphanet:27|Human Phenotype Ontology:HP:0002912,Human Phenotype Ontology:HP:0003123,Human Phenotype Ontology:HP:0008295,MONDO:MONDO:0002012,MeSH:C537358,MedGen:C0268583,OMIM:PS251000||MedGen:C3661900",Methylmalonic aciduria due to methylmalonyl-CoA mutase deficiency|Methylmalonic acidemia|Methylmalonic aciduria due to complete methylmalonyl-CoA mutase deficiency|not provided,germline;unknown,germline,GRCh37,NC_000006.11,6,49409685,49409685,na,na,6p12.3,"criteria provided, multiple submitters, no conflicts",5,-,N,ClinGen:CA3846767,2,550012,49409685,C,T,-,-,-,-,-,-,SCV001362081|SCV001463086|SCV001582533,-,-,,0.00001,
1679347,single nucleotide variant,NM_207163.3(LMOD2):c.1537C>T (p.Arg513Ter),442721,LMOD2,HGNC:6648,Pathogenic,1,"Feb 03, 2026",201276725,-,RCV002250433|RCV006698451,"MONDO:MONDO:0030887,MedGen:C5676995,OMIM:619897|MedGen:C3661900","Cardiomyopathy, dilated, 2G|not provided",germline,germline,GRCh37,NC_000007.13,7,123303177,123303177,na,na,7q31.32,"criteria provided, single submitter",2,-,N,"ClinGen:CA4463219,OMIM:608006.0003",3,1687096,123303177,C,T,-,-,-,-,-,-,SCV007598255,-,-,,0.00007,0.00020
536159,Duplication,NM_001130987.2(DYSF):c.1493+2dup,8291,DYSF,HGNC:3097,Pathogenic,1,"Jan 23, 2026",753885022,-,RCV000656701|RCV003144459|RCV006649144,"MONDO:MONDO:0009676,MedGen:C1850889,OMIM:253601,Orphanet:268|MedGen:C3661900|MONDO:MONDO:0015152,MedGen:C2931907,OMIM:PS253600,Orphanet:102015",Autosomal recessive limb-girdle muscular dystrophy type 2B|not provided|Autosomal recessive limb-girdle muscular dystrophy,germline,germline,GRCh37,NC_000002.11,2,71762442,71762443,na,na,2p13.2,reviewed by expert panel,3,-,N,ClinGen:CA1705770,2,545663,71762442,G,GT,-,-,-,-,-,-,SCV007540290,-,-,,0.00001,
1861676,single nucleotide variant,NM_153766.3(KCNJ1):c.874C>T (p.Arg292Trp),3758,KCNJ1,HGNC:6255,Pathogenic,1,"Jan 09, 2026",779747435,-,RCV002469957|RCV003561053,"MONDO:MONDO:0015231,MedGen:C0004775,OMIM:PS601678,Orphanet:112|MedGen:C3661900",Bartter syndrome|not provided,germline,germline,GRCh37,NC_000011.9,11,128709265,128709265,na,na,11q24.3,"criteria provided, multiple submitters, no conflicts",2,-,N,ClinGen:CA6357435,2,1804660,128709265,G,A,-,-,-,-,-,-,SCV002765970|SCV004295003,-,-,,0.00003,
17125,single nucleotide variant,NM_000159.4(GCDH):c.1093G>A (p.Glu365Lys),2639,GCDH,HGNC:4189,Pathogenic,1,"Jun 01, 2026",121434370,-,RCV000002167|RCV000224528,"MONDO:MONDO:0009281,MedGen:C0268595,OMIM:231670,Orphanet:25|MedGen:C3661900","Glutaric aciduria, type 1|not provided",germline;unknown,germline,GRCh37,NC_000019.9,19,13008527,13008527,na,na,19p13.13,"criteria provided, multiple submitters, no conflicts",16,-,N,"ClinGen:CA252098,UniProtKB:Q92947#VAR_000402,OMIM:608801.0005",3,2086,13008527,G,A,-,-,-,-,-,-,SCV000281620|SCV000820463|SCV000893502|SCV001430117|SCV001456394|SCV001737768|SCV001817907|SCV002024223|SCV004198748|SCV004804658|SCV005413327|SCV005873861|SCV007539487|SCV007644193,-,-,,0.00002,0.00020
1454832,single nucleotide variant,NM_144643.4(SCLT1):c.37C>T (p.Arg13Ter),132320,SCLT1,HGNC:26406,Pathogenic,1,"Jan 07, 2026",201848700,-,RCV001951287,MedGen:C3661900,not provided,germline,germline,GRCh37,NC_000004.11,4,130003526,130003526,na,na,4q28.2,"criteria provided, single submitter",1,-,N,ClinGen:CA3080100,2,1456730,130003526,G,A,-,-,-,-,-,-,SCV002242674,-,-,,0.00013,
402564,single nucleotide variant,NM_002878.4(RAD51D):c.803G>A (p.Trp268Ter),5892,RAD51D,HGNC:9823,Pathogenic,1,"Jan 14, 2026",750219200,-,RCV000475620|RCV000565505|RCV000578790|RCV003479126|RCV006554535,"MONDO:MONDO:0013669,MedGen:C3280345,OMIM:614291,Orphanet:145|MONDO:MONDO:0015356,MeSH:D009386,MedGen:C0027672,Orphanet:140162|MedGen:C3661900|MONDO:MONDO:0003582,MeSH:D061325,MedGen:C0677776,Orphanet:145|MONDO:MONDO:0700274,MedGen:CN377763","Breast-ovarian cancer, familial, susceptibility to, 4|Hereditary cancer-predisposing syndrome|not provided|Hereditary breast ovarian cancer syndrome|RAD51D-related cancer predisposition",germline;unknown,germline,GRCh37,NC_000017.10,17,33428320,33428320,na,na,17q12,"criteria provided, multiple submitters, no conflicts",13,-,N,"ClinGen:CA501240,OMIM:602954.0002",3,410552,33428320,C,T,-,-,-,-,-,-,SCV000551339|SCV000663807|SCV000680622|SCV000904085|SCV001470636|SCV002534859|SCV004208064|SCV004222942|SCV004931200|SCV006052606|SCV007449285|SCV007595192,-,-,,0.00001,
1061351,Deletion,NM_152419.3(HGSNAT):c.1348del (p.Asp450fs),138050,HGSNAT,HGNC:26527,Pathogenic,1,"Mar 02, 2026",771455190,-,RCV001387361|RCV001826176|RCV003106224,"MONDO:MONDO:0014687,MedGen:C4225287,OMIM:616544,Orphanet:791;MONDO:MONDO:0009657,MedGen:C0086649,OMIM:252930,Orphanet:581,Orphanet:79271|MONDO:MONDO:0009657,MedGen:C0086649,OMIM:252930,Orphanet:581,Orphanet:79271|MedGen:C3661900","Retinitis pigmentosa 73;Mucopolysaccharidosis, MPS-III-C|Mucopolysaccharidosis, MPS-III-C|not provided",germline;unknown,germline,GRCh37,NC_000008.10,8,43047544,43047544,na,na,8p11.21,"criteria provided, multiple submitters, no conflicts",8,-,N,ClinGen:CA4736848,2,1074147,43047543,CG,C,-,-,-,-,-,-,SCV001587975|SCV002083314|SCV002810897|SCV003762019|SCV003822750|SCV004847312|SCV005420839|SCV007539171,-,-,,0.00001,
569012,single nucleotide variant,NM_004629.2(FANCG):c.1642C>T (p.Arg548Ter),2189,FANCG,HGNC:3588,Pathogenic,1,"Apr 10, 2026",779834525,-,RCV000696742|RCV001194971|RCV002259362,"MONDO:MONDO:0019391,MeSH:D005199,MedGen:C0015625,OMIM:PS227650,Orphanet:84|MONDO:MONDO:0013565,MedGen:C3469527,OMIM:614082,Orphanet:84|MedGen:C3661900",Fanconi anemia|Fanconi anemia complementation group G|not provided,germline;unknown,germline,GRCh37,NC_000009.11,9,35074486,35074486,na,na,9p13.3,"criteria provided, multiple submitters, no conflicts",9,-,N,ClinGen:CA5039658,2,574728,35074486,G,A,-,-,-,-,-,-,SCV000825319|SCV001521507|SCV002085273|SCV002538737|SCV005675449|SCV006316144|SCV007495915|SCV007589004,-,-,,0.00004,
533776,Duplication,NM_021254.4(CFAP298):c.557_566dup (p.Gln190fs),56683,CFAP298,HGNC:1301,Pathogenic,1,"Jan 02, 2026",746361802,-,RCV001078454|RCV002528828,"MONDO:MONDO:0014211,MedGen:C3809684,OMIM:615500,Orphanet:244|MedGen:C3661900",Primary ciliary dyskinesia 26|not provided,germline,germline,GRCh37,NC_000021.8,21,33975570,33975571,na,na,21q22.11,"criteria provided, multiple submitters, no conflicts",5,-,N,ClinGen:CA10002807,2,525239,33975570,C,CGCCTCTGCCT,-,-,-,-,-,-,SCV000750223|SCV001244698|SCV001762373|SCV005398319|SCV007594980,-,-,,0.00018,
259635,single nucleotide variant,NM_019026.6(TMCO1):c.187C>T (p.Arg63Ter),54499,TMCO1,HGNC:18188,Pathogenic,1,"Jan 12, 2026",765824628,-,RCV000255045|RCV000851185,"MedGen:C3661900|MONDO:MONDO:0800436,MedGen:C5677021,OMIM:213980,Orphanet:1394","not provided|Craniofacial dysmorphism, skeletal anomalies, and impaired intellectual development 1",germline;paternal;unknown,germline,GRCh37,NC_000001.10,1,165728783,165728783,na,na,1q24.1,"criteria provided, multiple submitters, no conflicts",6,-,N,ClinGen:CA1221739,2,265628,165728783,G,A,-,-,-,-,-,-,SCV000322621|SCV000993426|SCV001451467|SCV003459826|SCV007520038|SCV007611981,-,-,,0.00006,
1510400,single nucleotide variant,NM_001082538.3(TCTN1):c.736A>T (p.Lys246Ter),79600,TCTN1,HGNC:26113,Pathogenic,1,"Jan 11, 2026",748215804,-,RCV001940214|RCV002300621,"MONDO:MONDO:0018772,MedGen:C5979921,OMIM:PS213300,Orphanet:475;MONDO:MONDO:0018921,MedGen:C0265215,OMIM:PS249000,Orphanet:564|MONDO:MONDO:0013608,MedGen:C3280031,OMIM:614173,Orphanet:475",Joubert syndrome;Meckel-Gruber syndrome|Joubert syndrome 13,germline,germline,GRCh37,NC_000012.11,12,111072498,111072498,na,na,12q24.11,"criteria provided, multiple submitters, no conflicts",2,-,N,ClinGen:CA6786699,2,1410963,111072498,A,T,-,-,-,-,-,-,SCV002186216|SCV002588779,-,-,,0.00002,
2085884,single nucleotide variant,NM_000152.5(GAA):c.2577G>A (p.Trp859Ter),2548,GAA,HGNC:4065,Pathogenic,1,"Jan 14, 2026",757577323,-,RCV002871829,"MONDO:MONDO:0009290,MedGen:C0017921,OMIM:232300,Orphanet:365","Glycogen storage disease, type II",germline,germline,GRCh37,NC_000017.10,17,78092087,78092087,na,na,17q25.3,"criteria provided, multiple submitters, no conflicts",3,"ACMG2021,ACMG2022",N,ClinGen:CA8815791,2,2030537,78092087,G,A,-,-,-,-,-,-,SCV003232761|SCV005884008|SCV007529295,-,-,,0.00001,
489057,single nucleotide variant,NM_000443.4(ABCB4):c.3081+1G>C,5244,ABCB4,HGNC:45,Pathogenic,1,"Apr 14, 2026",750829010,-,RCV000594231|RCV005863216|RCV006685199,"MedGen:C3661900|MONDO:MONDO:0011214,MedGen:C1865643,OMIM:602347,Orphanet:79305|MONDO:MONDO:0017290,MedGen:CN296401,Orphanet:284385",not provided|Progressive familial intrahepatic cholestasis type 3|Familial intrahepatic cholestasis,germline,germline,GRCh37,NC_000007.13,7,87038551,87038551,na,na,7q21.12,"criteria provided, multiple submitters, no conflicts",3,-,N,ClinGen:CA4326871,2,497633,87038551,C,G,-,-,-,-,-,-,SCV000702249|SCV006555597|SCV007581129,-,-,,0.00001,
187060,single nucleotide variant,NM_000071.3(CBS):c.346G>A (p.Gly116Arg),875,CBS,HGNC:1550,Pathogenic,1,"Jan 16, 2026",760214620,-,RCV000169116|RCV001844063|RCV002228606,"MONDO:MONDO:0009352,MedGen:C0751202,OMIM:236200,Orphanet:394|Human Phenotype Ontology:HP:0002156,MONDO:MONDO:0004737,MedGen:C0019880|MedGen:C3150344","Classic homocystinuria|Homocystinuria|HYPERHOMOCYSTEINEMIA, THROMBOTIC, CBS-RELATED",germline;unknown,germline,GRCh37,NC_000021.8,21,44486458,44486458,na,na,21q22.3,"criteria provided, multiple submitters, no conflicts",5,-,N,"ClinGen:CA273957,UniProtKB:P35520#VAR_008053",2,188787,44486458,C,T,-,-,-,-,-,-,SCV001580706|SCV002083825|SCV002104117|SCV004215530,-,-,,0.00001,
22858,single nucleotide variant,NM_000314.8(PTEN):c.388C>T (p.Arg130Ter),5728,PTEN,HGNC:9588,Pathogenic,1,"May 14, 2026",121909224,-,RCV000008265|RCV000008263|RCV000078615|RCV000132187|RCV000199099|RCV000424529|RCV001327978|RCV001257555|RCV001542771|RCV002476944|RCV003162218|RCV003326115|RCV004532310|RCV004668708|RCV005394140|RCV005409596|RCV006250156,"MONDO:MONDO:0011537,MedGen:C1854416,OMIM:605309,Orphanet:210548|MONDO:MONDO:0008021,MedGen:CN072330,OMIM:158350|MedGen:C3661900|MONDO:MONDO:0015356,MeSH:D009386,MedGen:C0027672,Orphanet:140162|MONDO:MONDO:0017623,MeSH:D006223,MedGen:C1959582,Orphanet:306498|Human Phenotype Ontology:HP:0100615,MONDO:MONDO:0021068,MeSH:D010051,MedGen:C0919267|Human Phenotype Ontology:HP:0001632,Human Phenotype Ontology:HP:0002564,Human Phenotype Ontology:HP:0002565,Human Phenotype Ontology:HP:0030680,MedGen:C4049796|Human Phenotype Ontology:HP:0002859,MONDO:MONDO:0005212,MeSH:D012208,MedGen:C0035412,Orphanet:780|MONDO:MONDO:0013092,MedGen:C2751642,OMIM:613028,Orphanet:182067|MONDO:MONDO:0011789,MedGen:C3551915,OMIM:607174,Orphanet:263662;MONDO:MONDO:0008021,MedGen:CN072330,OMIM:158350;MONDO:MONDO:0013092,MedGen:C2751642,OMIM:613028,Orphanet:182067;Human Phenotype Ontology:HP:0012125,MONDO:MONDO:0008315,MedGen:C0376358,Orphanet:1331;MONDO:MONDO:0011537,MedGen:C1854416,OMIM:605309,Orphanet:210548|Human Phenotype Ontology:HP:0012126,MONDO:MONDO:0001056,MeSH:D013274,MedGen:C0024623,OMIM:613659|MONDO:MONDO:0008021,MedGen:CN072330,OMIM:158350;MONDO:MONDO:0011537,MedGen:C1854416,OMIM:605309,Orphanet:210548||Human Phenotype Ontology:HP:0002664,Human Phenotype Ontology:HP:0003008,Human Phenotype Ontology:HP:0006741,MONDO:MONDO:0005070,MeSH:D009369,MedGen:C0027651|MONDO:MONDO:0700275,MedGen:C2931456,OMIM:176807,Orphanet:1331;MONDO:MONDO:0011789,MedGen:C3551915,OMIM:607174,Orphanet:263662;MONDO:MONDO:0008021,MedGen:CN072330,OMIM:158350;MONDO:MONDO:0013092,MedGen:C2751642,OMIM:613028,Orphanet:182067;MONDO:MONDO:0011537,MedGen:C1854416,OMIM:605309,Orphanet:210548|MONDO:MONDO:0016063,MedGen:C0018553,OMIM:PS158350,Orphanet:201|MONDO:MONDO:0005575,MedGen:C0346629,OMIM:114500",Macrocephaly-autism syndrome|Cowden syndrome 1|not provided|Hereditary cancer-predisposing syndrome|PTEN hamartoma tumor syndrome|Ovarian neoplasm|Abnormal cardiovascular system morphology|Rhabdomyosarcoma|Glioma susceptibility 2|Familial meningioma;Cowden syndrome 1;Glioma susceptibility 2;Prostate cancer;Macrocephaly-autism syndrome|Gastric cancer|Cowden syndrome 1;Macrocephaly-autism syndrome|PTEN-related disorder|Neoplasm|Familial prostate cancer;Familial meningioma;Cowden syndrome 1;Glioma susceptibility 2;Macrocephaly-autism syndrome|Cowden syndrome|Colorectal cancer,de novo;germline;paternal;somatic;unknown,germline/somatic,GRCh37,NC_000010.10,10,89692904,89692904,na,na,10q23.31,"criteria provided, multiple submitters, no conflicts",56,"ACMG2013,ACMG2016,ACMG2021,ACMG2022",N,"ClinGen:CA000433,OMIM:601728.0007",3,7819,89692904,C,T,Tier I - Strong,"Oct 10, 2024",no assertion criteria provided,Oncogenic,"Mar 04, 2025","criteria provided, single submitter",SCV000187267|SCV000222110|SCV000253832|SCV000579271|SCV000604969|SCV000967757|SCV001134775|SCV001249159|SCV001340966|SCV001428573|SCV001448140|SCV001448935|SCV001760260|SCV002059850|SCV002061182|SCV002525581|SCV002576484|SCV002580289|SCV002793214|SCV003761297|SCV003841764|SCV004019961|SCV004032474|SCV004175664|SCV004207132|SCV005398854|SCV005685289|SCV005900566|SCV006059506|SCV006075390|SCV006099449|SCV006302678|SCV007107203|SCV007126383|SCV007449257|SCV007496233|SCV007519961|SCV007540565|SCV007601074,SCV006076881,SCV005094204,,0.00001,
652576,single nucleotide variant,NM_001126108.2(SLC12A3):c.1670-191C>T,6559,SLC12A3,HGNC:10912,Pathogenic,1,"Jan 02, 2026",374182921,-,RCV000823626|RCV001251115|RCV003928288,"MedGen:C3661900|MONDO:MONDO:0009904,MedGen:C0268450,OMIM:263800,Orphanet:358|",not provided|Familial hypokalemia-hypomagnesemia|SLC12A3-related disorder,germline;unknown,germline,GRCh37,NC_000016.9,16,56917770,56917770,na,na,16q13,"criteria provided, multiple submitters, no conflicts",14,-,N,ClinGen:CA281504280,2,665361,56917770,C,T,-,-,-,-,-,-,SCV000964491|SCV001426480|SCV001752826|SCV002020627|SCV002055336|SCV002513836|SCV002758879|SCV004807891|SCV005420466|SCV005423387|SCV005904215|SCV007594611,-,-,,,0.00040
195656,single nucleotide variant,NM_001130987.2(DYSF):c.797G>A (p.Gly266Glu),8291,DYSF,HGNC:3097,Pathogenic,1,"Jan 23, 2026",141497053,-,RCV000179859|RCV000984257|RCV001852238|RCV002265663|RCV003468872|RCV005025287,"MedGen:C3661900|MONDO:MONDO:0009676,MedGen:C1850889,OMIM:253601,Orphanet:268|MONDO:MONDO:0016145,MedGen:C2931687,Orphanet:207073|MONDO:MONDO:0015152,MedGen:C2931907,OMIM:PS253600,Orphanet:102015|MONDO:MONDO:0024545,MedGen:C4551973,OMIM:254130,Orphanet:45448|MONDO:MONDO:0009676,MedGen:C1850889,OMIM:253601,Orphanet:268;MONDO:MONDO:0011721,MedGen:C1847532,OMIM:606768,Orphanet:178400;MONDO:MONDO:0024545,MedGen:C4551973,OMIM:254130,Orphanet:45448",not provided|Autosomal recessive limb-girdle muscular dystrophy type 2B|Neuromuscular disease caused by qualitative or quantitative defects of dysferlin|Autosomal recessive limb-girdle muscular dystrophy|Miyoshi muscular dystrophy 1|Autosomal recessive limb-girdle muscular dystrophy type 2B;Distal myopathy with anterior tibial onset;Miyoshi muscular dystrophy 1,germline;unknown,germline,GRCh37,NC_000002.11,2,71742790,71742790,na,na,2p13.2,reviewed by expert panel,10,-,N,"ClinGen:CA275400,UniProtKB:O75923#VAR_057838",2,198495,71742790,G,A,-,-,-,-,-,-,SCV007540330,-,-,0.00008,0.00002,
846648,single nucleotide variant,NM_025099.6(CTC1):c.322C>T (p.Arg108Ter),80169,CTC1,HGNC:26169,Pathogenic,1,"Mar 25, 2026",372031509,-,RCV001044694|RCV006698314,"MONDO:MONDO:0015780,MedGen:C0265965,OMIM:PS127550,Orphanet:1775|MedGen:C3661900",Dyskeratosis congenita|not provided,germline,germline,GRCh37,NC_000017.10,17,8141823,8141823,na,na,17p13.1,"criteria provided, multiple submitters, no conflicts",2,-,N,ClinGen:CA8372652,2,842299,8141823,G,A,-,-,-,-,-,-,SCV001208502|SCV007599550,-,-,,0.00001,
409907,Deletion,NM_002878.4(RAD51D):c.81del (p.Val28fs),5892,RAD51D,HGNC:9823,Pathogenic,1,"Feb 23, 2026",1064793952,-,RCV000485671|RCV000574135|RCV000649689|RCV006690532,"MedGen:C3661900|MONDO:MONDO:0015356,MeSH:D009386,MedGen:C0027672,Orphanet:140162|MONDO:MONDO:0013669,MedGen:C3280345,OMIM:614291,Orphanet:145|MONDO:MONDO:0003582,MeSH:D061325,MedGen:C0677776,Orphanet:145","not provided|Hereditary cancer-predisposing syndrome|Breast-ovarian cancer, familial, susceptibility to, 4|Hereditary breast ovarian cancer syndrome",germline;unknown,germline,GRCh37,NC_000017.10,17,33446552,33446552,na,na,17q12,"criteria provided, multiple submitters, no conflicts",10,-,N,ClinGen:CA16620392,2,419558,33446551,CT,C,-,-,-,-,-,-,SCV000567444|SCV000663817|SCV000771521|SCV004017756|SCV004200450|SCV004220186|SCV004357184|SCV007587232,-,-,0.00008,,
265377,single nucleotide variant,NM_001130987.2(DYSF):c.460+2T>G,8291,DYSF,HGNC:3097,Pathogenic,1,"Jan 08, 2026",750356247,-,RCV000264961|RCV000986769|RCV005025414|RCV005895495|RCV005895498|RCV005895497|RCV005895496|RCV006648398,"MedGen:CN169374|MONDO:MONDO:0009676,MedGen:C1850889,OMIM:253601,Orphanet:268|MONDO:MONDO:0009676,MedGen:C1850889,OMIM:253601,Orphanet:268;MONDO:MONDO:0011721,MedGen:C1847532,OMIM:606768,Orphanet:178400;MONDO:MONDO:0024545,MedGen:C4551973,OMIM:254130,Orphanet:45448|MedGen:C0346153|MedGen:C2931038|MedGen:CN074294|MedGen:C0023467|MONDO:MONDO:0015152,MedGen:C2931907,OMIM:PS253600,Orphanet:102015",not specified|Autosomal recessive limb-girdle muscular dystrophy type 2B|Autosomal recessive limb-girdle muscular dystrophy type 2B;Distal myopathy with anterior tibial onset;Miyoshi muscular dystrophy 1|Familial cancer of breast|Familial pancreatic carcinoma|Nonpapillary renal cell carcinoma|Acute myeloid leukemia|Autosomal recessive limb-girdle muscular dystrophy,germline;not applicable;unknown,germline,GRCh37,NC_000002.11,2,71739053,71739053,na,na,2p13.2,reviewed by expert panel,5,-,N,ClinGen:CA1705352,2,281140,71739053,T,G,-,-,-,-,-,-,SCV007540328,-,-,,0.03614,
21602,Deletion,NM_001171.6(ABCC6):c.3775del (p.Trp1259fs),368,ABCC6,HGNC:57,Pathogenic,1,"Jan 13, 2026",72664233,-,RCV000006941|RCV001588804|RCV002496288|RCV004814849,"MONDO:MONDO:0009925,MedGen:CN032334,OMIM:264800,Orphanet:758|MedGen:C3661900|MONDO:MONDO:0009925,MedGen:CN032334,OMIM:264800,Orphanet:758;MONDO:MONDO:0008333,MedGen:C1867450,OMIM:177850,Orphanet:758;MONDO:MONDO:0013768,MedGen:C3276161,OMIM:614473,Orphanet:51608|Human Phenotype Ontology:HP:0000556,Human Phenotype Ontology:HP:0007736,Human Phenotype Ontology:HP:0007910,Human Phenotype Ontology:HP:0007974,Human Phenotype Ontology:HP:0007982,MONDO:MONDO:0019118,MeSH:D058499,MedGen:C0854723,Orphanet:71862","Autosomal recessive inherited pseudoxanthoma elasticum|not provided|Autosomal recessive inherited pseudoxanthoma elasticum;Pseudoxanthoma elasticum, forme fruste;Arterial calcification, generalized, of infancy, 2|Retinal dystrophy",germline;unknown,germline,GRCh37,NC_000016.9,16,16251627,16251627,na,na,16p13.11,"criteria provided, multiple submitters, no conflicts",7,-,N,"ClinGen:CA281569,OMIM:603234.0005,OMIM:603234.0007",3,6563,16251626,CA,C,-,-,-,-,-,-,SCV001440151|SCV001824669|SCV002162942|SCV002785884|SCV005073551,-,-,0.00016,0.00009,
964991,single nucleotide variant,NM_015909.4(NBAS):c.1741C>T (p.Arg581Ter),51594,NBAS,HGNC:15625,Pathogenic,1,"Feb 02, 2026",767280377,-,RCV001254351|RCV001384260|RCV006646011,"MONDO:MONDO:0013889,MedGen:C3541319,OMIM:614800,Orphanet:391677;MONDO:MONDO:0014659,MedGen:C3809651,OMIM:616483|MedGen:C3661900|",Short stature-optic atrophy-Pelger-Huët anomaly syndrome;Infantile liver failure syndrome 2|not provided|Fetal anomalies with a likely genetic cause,germline,germline,GRCh37,NC_000002.11,2,15608642,15608642,na,na,2p24.3,"criteria provided, multiple submitters, no conflicts",3,-,N,ClinGen:CA1536559,2,976858,15608642,G,A,-,-,-,-,-,-,SCV001583689|SCV007538499,-,-,,0.00001,
264312,single nucleotide variant,NM_000083.3(CLCN1):c.854G>A (p.Gly285Glu),1180,CLCN1,HGNC:2019,Pathogenic,1,"Jan 22, 2026",150885084,-,RCV000305463|RCV000560216|RCV001753743|RCV003319192|RCV004535246|RCV006547941,"MedGen:C3661900|MONDO:MONDO:0008055,MedGen:C2936781,OMIM:160800,Orphanet:614;MONDO:MONDO:0009715,MedGen:C0751360,OMIM:255700,Orphanet:614|MONDO:MONDO:0010035,MedGen:C0175694,OMIM:270400,Orphanet:818|Human Phenotype Ontology:HP:0002394,Human Phenotype Ontology:HP:0030051,Human Phenotype Ontology:HP:0040083,MedGen:C0427144||","not provided|Congenital myotonia, autosomal dominant form;Congenital myotonia, autosomal recessive form|Smith-Lemli-Opitz syndrome|Tip-toe gait|CLCN1-related disorder|Skeletal muscle channelopathy",germline;unknown,germline,GRCh37,NC_000007.13,7,143027865,143027865,na,na,7q34,"criteria provided, multiple submitters, no conflicts",15,-,N,"ClinGen:CA4537163,UniProtKB:P35523#VAR_001593",2,280100,143027865,G,A,-,-,-,-,-,-,SCV000329930|SCV000612800|SCV000636300|SCV000893757|SCV001248204|SCV001994821|SCV002017360|SCV002506923|SCV004227073|SCV007433009|SCV007595702,-,-,0.00015,0.00006,
187038,single nucleotide variant,NM_000159.4(GCDH):c.416C>T (p.Ser139Leu),2639,GCDH,HGNC:4189,Pathogenic,1,"Jan 05, 2026",139851890,-,RCV000169288|RCV000254928,"MONDO:MONDO:0009281,MedGen:C0268595,OMIM:231670,Orphanet:25|MedGen:C3661900","Glutaric aciduria, type 1|not provided",germline;unknown,germline,GRCh37,NC_000019.9,19,13004378,13004378,na,na,19p13.13,"criteria provided, multiple submitters, no conflicts",10,-,N,"ClinGen:CA274128,UniProtKB:Q92947#VAR_000373",2,188921,13004378,C,T,-,-,-,-,-,-,SCV000321705|SCV000891511|SCV000894185|SCV001235363|SCV001247982|SCV002086962|SCV002516453|SCV004190989,-,-,0.00008,0.00001,
266918,single nucleotide variant,NM_000070.3(CAPN3):c.2288A>G (p.Tyr763Cys),825,CAPN3,HGNC:1480,Pathogenic,1,"Feb 26, 2026",764459544,-,RCV000301610|RCV000725121|RCV003226273|RCV003463744|RCV005008237,"MONDO:MONDO:0009675,MedGen:C1869123,OMIM:253600,Orphanet:267|MedGen:C3661900|MONDO:MONDO:0015152,MedGen:C2931907,OMIM:PS253600,Orphanet:102015|MONDO:MONDO:0029133,MedGen:C4748295,OMIM:618129,Orphanet:565909|MONDO:MONDO:0029133,MedGen:C4748295,OMIM:618129,Orphanet:565909;MONDO:MONDO:0009675,MedGen:C1869123,OMIM:253600,Orphanet:267","Autosomal recessive limb-girdle muscular dystrophy type 2A|not provided|Autosomal recessive limb-girdle muscular dystrophy|Muscular dystrophy, limb-girdle, autosomal dominant 4|Muscular dystrophy, limb-girdle, autosomal dominant 4;Autosomal recessive limb-girdle muscular dystrophy type 2A",germline;unknown,germline,GRCh37,NC_000015.9,15,42703106,42703106,na,na,15q15.1,reviewed by expert panel,8,-,N,ClinGen:CA7511820,2,282681,42703106,A,G,-,-,-,-,-,-,SCV007540252,-,-,,0.00001,
624002,single nucleotide variant,NM_000326.5(RLBP1):c.346G>C (p.Gly116Arg),6017,RLBP1,HGNC:10024,Pathogenic,1,"Feb 20, 2026",762326108,-,RCV000787877|RCV005092358,"MONDO:MONDO:0019200,MeSH:D012174,MedGen:C0035334,OMIM:268000,OMIM:PS268000,Orphanet:791|MedGen:C3661900",Retinitis pigmentosa|not provided,germline;unknown,germline,GRCh37,NC_000015.9,15,89760351,89760351,na,na,15q26.1,"criteria provided, multiple submitters, no conflicts",3,-,N,ClinGen:CA7722320,2,636197,89760351,C,G,-,-,-,-,-,-,SCV005838987|SCV007587328,-,-,,0.00001,
18091,single nucleotide variant,NM_000487.6(ARSA):c.1283C>T (p.Pro428Leu),410,ARSA,HGNC:713,Pathogenic,1,"Jun 01, 2026",28940893,-,RCV000003195|RCV000003196|RCV000003197|RCV000020314|RCV000392246|RCV001251909|RCV004755702|RCV004797751|RCV006694000,"MONDO:MONDO:0009591,MedGen:C0751276,Orphanet:309263||MONDO:MONDO:0017730,MedGen:C0751279,Orphanet:309271|MONDO:MONDO:0018868,MedGen:C0023522,OMIM:250100,Orphanet:512|MedGen:C3661900|Human Phenotype Ontology:HP:0000730,Human Phenotype Ontology:HP:0001249,Human Phenotype Ontology:HP:0001267,Human Phenotype Ontology:HP:0001286,Human Phenotype Ontology:HP:0002122,Human Phenotype Ontology:HP:0002192,Human Phenotype Ontology:HP:0002316,Human Phenotype Ontology:HP:0002382,Human Phenotype Ontology:HP:0002386,Human Phenotype Ontology:HP:0002402,Human Phenotype Ontology:HP:0002458,Human Phenotype Ontology:HP:0002482,Human Phenotype Ontology:HP:0002499,Human Phenotype Ontology:HP:0002543,Human Phenotype Ontology:HP:0003767,Human Phenotype Ontology:HP:0006833,Human Phenotype Ontology:HP:0007154,Human Phenotype Ontology:HP:0007176,Human Phenotype Ontology:HP:0007180,MONDO:MONDO:0001071,MeSH:D008607,MedGen:C3714756|||","Metachromatic leukodystrophy, juvenile type||Metachromatic leukodystrophy, adult type|Metachromatic leukodystrophy|not provided|Intellectual disability|ARSA-related disorder|See cases|Fetal anomalies with a likely genetic cause",germline;inherited;unknown,germline,GRCh37,NC_000022.10,22,51063820,51063820,na,na,22q13.33,"criteria provided, multiple submitters, no conflicts",33,-,N,"ClinGen:CA115956,OMIM:607574.0004",3,3052,51063820,G,A,-,-,-,-,-,-,SCV000110801|SCV000329084|SCV000593419|SCV000627138|SCV000696807|SCV000893596|SCV001163453|SCV001193818|SCV001245875|SCV001429405|SCV001476147|SCV002021443|SCV002081638|SCV002581156|SCV002767236|SCV005328382|SCV005419381|SCV006583964|SCV007540883|SCV007592073|SCV007599779,-,-,,0.00037,
21628,single nucleotide variant,NM_003742.4(ABCB11):c.1723C>T (p.Arg575Ter),8647,ABCB11,HGNC:42,Pathogenic,1,"Apr 14, 2026",72549401,-,RCV000006967|RCV001851713|RCV003472992|RCV004742222|RCV004797757|RCV005025019|RCV006451891|RCV006684477,"MONDO:MONDO:0011156,MedGen:C3489789,OMIM:601847,Orphanet:79304|MedGen:C3661900|MONDO:MONDO:0011559,MedGen:C2608083,OMIM:605479,Orphanet:65682,Orphanet:99961|||MONDO:MONDO:0011156,MedGen:C3489789,OMIM:601847,Orphanet:79304;MONDO:MONDO:0011559,MedGen:C2608083,OMIM:605479,Orphanet:65682,Orphanet:99961|MONDO:MONDO:0008892,MedGen:C4551898,OMIM:211600,Orphanet:79306|MONDO:MONDO:0017290,MedGen:CN296401,Orphanet:284385",Progressive familial intrahepatic cholestasis type 2|not provided|Benign recurrent intrahepatic cholestasis type 2|ABCB11-related disorder|See cases|Progressive familial intrahepatic cholestasis type 2;Benign recurrent intrahepatic cholestasis type 2|Progressive familial intrahepatic cholestasis type 1|Familial intrahepatic cholestasis,germline;unknown,germline,GRCh37,NC_000002.11,2,169826641,169826641,na,na,2q31.1,"criteria provided, multiple submitters, no conflicts",10,-,N,"ClinGen:CA253876,OMIM:603201.0001",3,6589,169826641,G,A,-,-,-,-,-,-,SCV002229358|SCV004213143|SCV005419303|SCV005653426|SCV005907500|SCV007336001|SCV007526825|SCV007582162,-,-,,0.00001,
26989,Deletion,NM_001918.5(DBT):c.75_76del (p.Cys26fs),1629,DBT,HGNC:2698,Pathogenic,1,"Jan 28, 2026",768832921,-,RCV000012728|RCV000626239|RCV005000982|RCV004566724,"MONDO:MONDO:0023693,MedGen:C1855371,OMIM:620699|MONDO:MONDO:0009563,MeSH:D008375,MedGen:C0024776,OMIM:PS248600,Orphanet:511|MedGen:C3661900|MONDO:MONDO:0023691,MedGen:C1855369,OMIM:248600",Maple syrup urine disease type 2|Maple syrup urine disease|not provided|Maple syrup urine disease type 1A,germline;inherited;unknown,germline,GRCh37,NC_000001.10,1,100706416,100706417,na,na,1p21.2,"criteria provided, multiple submitters, no conflicts",15,-,N,"ClinGen:CA212934,OMIM:248610.0009",3,11950,100706415,CAT,C,-,-,-,-,-,-,SCV000247162|SCV000746889|SCV000752992|SCV000891578|SCV001193992|SCV001448786|SCV002018145|SCV002033196|SCV002790945|SCV004190844|SCV005422808|SCV005626485|SCV005905560|SCV007519871,-,-,,0.00007,
3084192,Deletion,NM_001008212.2(OPTN):c.523del (p.Glu175fs),10133,OPTN,HGNC:17142,Pathogenic,1,"Feb 01, 2026",771268520,-,RCV003782385,"MONDO:MONDO:0013264,MedGen:C3150692,OMIM:613435,Orphanet:803;MONDO:MONDO:0100553,MedGen:C0339573,OMIM:137760;MedGen:C1842026","Amyotrophic lateral sclerosis type 12;Primary open angle glaucoma;Glaucoma 1, open angle, E",germline,germline,GRCh37,NC_000010.10,10,13154606,13154606,na,na,10p13,"criteria provided, single submitter",1,-,N,ClinGen:CA5410644,2,2931123,13154605,AG,A,-,-,-,-,-,-,SCV004578048,-,-,,0.00002,
1977154,single nucleotide variant,NM_000122.2(ERCC3):c.973C>T (p.Arg325Ter),2071,ERCC3,HGNC:3435,Pathogenic,1,"Jan 05, 2026",368191279,-,RCV002593578,MedGen:C3661900,not provided,germline,germline,GRCh37,NC_000002.11,2,128046290,128046290,na,na,2q14.3,"criteria provided, single submitter",1,-,N,ClinGen:CA1858396,2,1913053,128046290,G,A,-,-,-,-,-,-,SCV002945393,-,-,0.00008,0.00002,
511872,single nucleotide variant,NM_001083116.3(PRF1):c.445G>A (p.Gly149Ser),5551,PRF1,HGNC:9360,Pathogenic,1,"Mar 01, 2026",147462227,-,RCV000622519|RCV000819599|RCV001331590|RCV002473073|RCV002483745|RCV003479176,"MeSH:D030342,MedGen:C0950123|MONDO:MONDO:0011337,MedGen:C1863727,OMIM:603553,Orphanet:540|Human Phenotype Ontology:HP:0001915,MONDO:MONDO:0015909,MedGen:C0002874,OMIM:609135,Orphanet:182040,Orphanet:88|MedGen:C3661900|Human Phenotype Ontology:HP:0001915,MONDO:MONDO:0015909,MedGen:C0002874,OMIM:609135,Orphanet:182040,Orphanet:88;MONDO:MONDO:0011508,MedGen:C4721532,OMIM:605027;MONDO:MONDO:0011337,MedGen:C1863727,OMIM:603553,Orphanet:540|MONDO:MONDO:0015541,MedGen:C0272199,OMIM:PS267700,Orphanet:158038,Orphanet:540","Inborn genetic diseases|Familial hemophagocytic lymphohistiocytosis 2|Aplastic anemia|not provided|Aplastic anemia;Lymphoma, non-Hodgkin, familial;Familial hemophagocytic lymphohistiocytosis 2|Familial hemophagocytic lymphohistiocytosis",biparental;germline;unknown,germline,GRCh37,NC_000010.10,10,72360214,72360214,na,na,10q22.1,"criteria provided, multiple submitters, no conflicts",13,-,N,ClinGen:CA5539032,2,520942,72360214,C,T,-,-,-,-,-,-,SCV000741303|SCV000960267|SCV001138066|SCV001523660|SCV002073891|SCV002770374|SCV002777246|SCV004223335|SCV004226836|SCV006321527|SCV006585495|SCV007128563|SCV007544371,-,-,0.00008,0.00014,0.00020
