AlleleID,GeneSymbol,model,prompt_class,llm_class,confidence,acmg_rules,references,parse_error,time_s,notes
1245256,CRLF1,mimo-v2.5-pro,Benign,Benign,1.0,BA1,"Exome Sequencing Project (ESP), Nature, 2012;Exome Aggregation Consortium (ExAC), Nature, 2016;1000 Genomes Project (1000G), Nature, 2015",,34.71,
46864,PSEN1,mimo-v2.5-pro,Pathogenic,Pathogenic,0.95,PS1;PM2,"Cruts M et al., Human Mutation, 2012;Alzheimer Disease & Frontotemporal Dementia Mutation Database, 2015",,45.37,
1245256,CRLF1,deepseek-v4-pro,Benign,Benign,0.99,BA1,"Richards et al., Genetics in Medicine, 2015;Lek et al., Nature, 2016",,46.43,
1595058,STAG2,mimo-v2.5-pro,Benign,Benign,0.9,BS1,"ExAC Project, 2017;1000 Genomes Project Consortium, 2015",,58.14,
1523421,ILK,mimo-v2.5-pro,Benign,Uncertain significance,0.5,PM2,,,15.96,
46864,PSEN1,deepseek-v4-pro,Pathogenic,Pathogenic,0.95,PS3;PM1;PM2;PP2;PP3,"Campion et al., Hum Mol Genet, 1995;Murayama et al., Neurosci Lett, 1999;Richards et al., Genet Med, 2015",,139.89,
1196263,DRP2,mimo-v2.5-pro,Benign,Benign,0.95,BA1;BS1,,,10.17,
1153278,NAXE,deepseek-v4-pro,Benign,Benign,1.0,BA1,"Richards et al., Genetics in Medicine, 2015;ESP6500;1000 Genomes Project",,22.64,
1595058,STAG2,deepseek-v4-pro,Benign,Likely benign,0.7,BS1;BP4,"Richards et al., Genet Med, 2015;Lek et al., Nature, 2016;1000 Genomes Project Consortium, Nature, 2015",,149.27,
1153278,NAXE,mimo-v2.5-pro,Benign,Benign,0.99,BA1,Exome Sequencing Project (ESP);1000 Genomes Project,,17.21,
53208,ANAPC15;LRTOMT;TOMT,mimo-v2.5-pro,Benign,Benign,0.95,BA1,"Richards S, et al. Genet Med. 2015;Exome Aggregation Consortium. Nature. 2016;1000 Genomes Project Consortium. Nature. 2015",,13.82,
1523421,ILK,deepseek-v4-pro,Benign,other,,,,empty output,178.02,
1154108,DRC1,deepseek-v4-pro,Benign,Benign,0.99,BA1,"Richards S et al. Genet Med. 2015;17(5):405-424.;Exome Variant Server, NHLBI GO Exome Sequencing Project (ESP).;Lek M et al. Nature. 2016;536:285-291.;Auton A et al. Nature. 2015;526:68-74.",,22.38,
1154108,DRC1,mimo-v2.5-pro,Benign,Benign,1.0,BA1,Exome Sequencing Project (ESP);Exome Aggregation Consortium (ExAC);1000 Genomes Project,,30.3,
1224759,PTPRO,mimo-v2.5-pro,Benign,Benign,0.99,BA1;BS1,,,29.35,
1196263,DRP2,deepseek-v4-pro,Benign,other,,,,empty output,177.09,
1224759,PTPRO,deepseek-v4-pro,Benign,Likely benign,0.85,BS1;BP7,"Richards S, et al. Genet Med. 2015;17(5):405-424",,81.46,
102013,GNPTAB,deepseek-v4-pro,Benign,Benign,1.0,BA1,"Richards S et al., Genet Med, 2015",,35.14,
102013,GNPTAB,mimo-v2.5-pro,Benign,Benign,1.0,BA1,"Richards S, et al., Genetics in Medicine, 2015",,44.05,
53208,ANAPC15;LRTOMT;TOMT,deepseek-v4-pro,Benign,other,,,,empty output,172.83,
350145,CYP24A1,mimo-v2.5-pro,Benign,Likely benign,0.8,BS1,"Richards et al., Genet Med, 2015;Exome Sequencing Project, 2015;1000 Genomes Project, 2015;Exome Aggregation Consortium, 2016",,74.16,
249748,PSEN2,deepseek-v4-pro,Benign,Benign,0.99,BA1;BP7,"Richards S, et al., Genet Med, 2015;Lek M, et al., Nature, 2016",,13.25,
51200,SGCB,mimo-v2.5-pro,Pathogenic,Uncertain significance,0.5,PM2,,,70.61,
249748,PSEN2,mimo-v2.5-pro,Benign,Benign,0.99,BA1,"Richards S et al., Genet Med, 2015;Exome Sequencing Project (ESP);Exome Aggregation Consortium (ExAC);1000 Genomes Project (1000G)",,49.52,
350145,CYP24A1,deepseek-v4-pro,Benign,other,,,,"{""classification"": ""Likely benign"",
 ""acmg_rules"": [""BS1"", ""BP4""],
 ""confidence"": 0.9,
 ""evidence_summary"": ""The variant is present at high population allele frequencies up to 3.25% (ESP), exceeding t",168.05,
51200,SGCB,deepseek-v4-pro,Pathogenic,other,,,,empty output,161.22,
1580096,IFT88,mimo-v2.5-pro,Benign,Uncertain significance,0.5,,,,53.51,
54277,TJP2,deepseek-v4-pro,Benign,Benign,0.95,BA1;BS1,"Lek M, et al. Nature. 2016;536:285-291.;Genomes Project Consortium. Nature. 2015;526:68-74.;NHLBI Exome Sequencing Project (ESP), Exome Variant Server, 2011.",,48.68,
54277,TJP2,mimo-v2.5-pro,Benign,Benign,0.95,BA1;BS1,"Richards et al., Genetics in Medicine, 2015",,13.16,
742994,TUBGCP6,mimo-v2.5-pro,Benign,Uncertain significance,0.4,,"Richards S et al., Genet Med, 2015;ExAC;1000 Genomes Project;ESP",,81.98,
1580096,IFT88,deepseek-v4-pro,Benign,other,,,,empty output,168.72,
2040246,CAMTA1,deepseek-v4-pro,Benign,Likely benign,0.85,BS1;BP4,"Richards S, et al. Genet Med. 2015;Lek M, et al. Nature. 2016;Auton A, et al. Nature. 2015;Exome Variant Server, NHLBI GO ESP. 2013",,58.93,
21628,ABCB11,mimo-v2.5-pro,Pathogenic,Pathogenic,0.95,PVS1;PM2;PS1,"Strautnieks SS, et al. Mutations in the liver-specific ABCB11 gene (BSEP) are the major cause of progressive familial intrahepatic cholestasis type 2. Gastroenterology, 2001.",,15.27,
742994,TUBGCP6,deepseek-v4-pro,Benign,other,,,,empty output,178.92,
2040246,CAMTA1,mimo-v2.5-pro,Benign,Benign,0.7,BS1,"Exome Sequencing Project, 2015;Exome Aggregation Consortium, 2016;1000 Genomes Project, 2015",,77.65,
1631466,MRPS34,mimo-v2.5-pro,Benign,Benign,0.9,BS1,"NHLBI GO Exome Sequencing Project (ESP), 2012;The 1000 Genomes Project Consortium, Nature, 2015",,55.03,
21628,ABCB11,deepseek-v4-pro,Pathogenic,Pathogenic,0.9,PVS1;PM2,"Strautnieks et al., Nat Genet, 1998, 20(3):233-238",,114.75,
3068484,NDUFB10,mimo-v2.5-pro,Benign,Likely benign,0.8,BP7,"Richards S, et al. Standards and guidelines for the interpretation of sequence variants: a joint consensus recommendation of the American College of Medical Genetics and Genomics and the Association for Molecular Pathology. Genet Med. 2015;17(5):405-24.",,72.74,
1631466,MRPS34,deepseek-v4-pro,Benign,other,,,,empty output,190.37,
460150,JMJD1C,mimo-v2.5-pro,Benign,Uncertain significance,0.5,,,,62.52,
3068484,NDUFB10,deepseek-v4-pro,Benign,other,,,,empty output,186.89,
101787,DNAAF2,mimo-v2.5-pro,Benign,Benign,1.0,BA1,"Lek M et al., Nature, 2016;The 1000 Genomes Project Consortium, Nature, 2015",,33.01,
460150,JMJD1C,deepseek-v4-pro,Benign,other,,,,empty output,178.62,
101787,DNAAF2,deepseek-v4-pro,Benign,Benign,0.99,BA1,"Richards S et al., Genet Med, 2015",,61.86,
250601,COL4A4,mimo-v2.5-pro,Benign,Likely benign,0.9,BS1,"Richards et al., Genet Med, 2015",,63.94,
265436,LRP5,deepseek-v4-pro,Benign,Likely benign,0.8,BS1;BP7,"Richards S, et al., Genet Med, 2015",,52.37,
265436,LRP5,mimo-v2.5-pro,Benign,Benign,0.9,BS1,"Richards S, et al., Genetics in Medicine, 2015;Exome Sequencing Project, NHLBI, 2012;1000 Genomes Project Consortium, Nature, 2015",,63.04,
283717,MERTK,deepseek-v4-pro,Benign,Benign,1.0,BA1,"Richards et al., Genetics in Medicine, 2015",,15.62,
250601,COL4A4,deepseek-v4-pro,Benign,Likely benign,0.8,BS1;BP4,"Richards et al., Genetics in Medicine, 2015",,137.33,
283717,MERTK,mimo-v2.5-pro,Benign,Benign,1.0,BA1,"Richards et al., Genetics in Medicine, 2015;Exome Sequencing Project (ESP);Exome Aggregation Consortium (ExAC);1000 Genomes Project",,31.16,
276709,MTHFR,deepseek-v4-pro,Benign,Benign,0.99,BA1,"Richards S, et al., Genet Med, 2015",,33.61,
276709,MTHFR,mimo-v2.5-pro,Benign,Benign,0.99,BA1;BS1,"Exome Sequencing Project (ESP), 2015;1000 Genomes Project Consortium, 2015",,11.62,
705698,DSCAM,deepseek-v4-pro,Benign,Likely benign,0.85,BS1;BP7,"Richards S et al., Genet Med, 2015;Lek M et al., Nature, 2016;Auton A et al., Nature, 2015",,82.15,
705698,DSCAM,mimo-v2.5-pro,Benign,Likely benign,0.7,BS1,"Exome Sequencing Project, 2012;Exome Aggregation Consortium, 2016;1000 Genomes Project Consortium, 2015",,87.42,
227651,MRTFA,deepseek-v4-pro,Benign,Benign,0.99,BA1,"Richards et al., Genet Med, 2015",,20.04,
227651,MRTFA,mimo-v2.5-pro,Benign,Benign,0.95,BA1,"1000 Genomes Project Consortium, Nature, 2012",,33.14,
195195,AGXT,deepseek-v4-pro,Benign,Benign,0.99,BA1;BP7,"Richards et al., Genetics in Medicine, 2015;Lek et al., Nature, 2016",,25.8,
195195,AGXT,mimo-v2.5-pro,Benign,Benign,0.95,BA1,Exome Sequencing Project;Exome Aggregation Consortium;1000 Genomes Project,,33.27,
402616,RBFOX3,mimo-v2.5-pro,Benign,Benign,0.9,BA1;BS1,,,59.49,
402616,RBFOX3,deepseek-v4-pro,Benign,Likely benign,0.8,BS1;BP4,"Richards S, et al. Genet Med. 2015;17(5):405-424.;Lek M, et al. Nature. 2016;536(7616):285-291.;1000 Genomes Project Consortium. Nature. 2015;526(7571):68-74.",,96.24,
141206,ADGRV1,deepseek-v4-pro,Benign,Likely benign,0.85,BS1;BP4,"Richards S, et al. Genet Med. 2015;17(5):405-424.",,85.24,
1925577,COL7A1,mimo-v2.5-pro,Pathogenic,Pathogenic,0.95,PS1;PM2;PM1,ClinVar;Human Gene Mutation Database (HGMD),,36.38,
141206,ADGRV1,mimo-v2.5-pro,Benign,Likely benign,0.8,BS1,,,77.14,
134908,LAMC3,mimo-v2.5-pro,Benign,Benign,0.95,BA1,"Exome Sequencing Project (ESP), NHLBI, 2015;1000 Genomes Project Consortium, Nature, 2012",,20.78,
134908,LAMC3,deepseek-v4-pro,Benign,Benign,0.99,BA1,"Richards S et al., Genet Med, 2015;1000 Genomes Project Consortium, Nature, 2015;Exome Variant Server, NHLBI GO Exome Sequencing Project, 2011",,31.81,
1155059,IL7R,mimo-v2.5-pro,Benign,Benign,0.99,BA1,"Lek M, Nature, 2016;1000 Genomes Project Consortium, Nature, 2015",,10.48,
1291638,CBL,mimo-v2.5-pro,Benign,Likely benign,0.7,BA1,"Richards et al., Genet Med, 2015",,17.29,
1291638,CBL,deepseek-v4-pro,Benign,Uncertain significance,0.2,PM2,"Richards et al., Genet Med, 2015",,32.18,
317218,DBH,deepseek-v4-pro,Benign,Benign,0.99,BA1;BP7,"Lek et al., Nature, 2016;Genomes Project Consortium, Nature, 2015;Exome Variant Server, NHLBI GO ESP",,12.76,
317218,DBH,mimo-v2.5-pro,Benign,Benign,0.95,BA1,"Karczewski et al., Nature, 2020 (ExAC/Genome Aggregation Database); 1000 Genomes Project Consortium, Nature, 2015",,15.81,
1154927,PCDH12,mimo-v2.5-pro,Benign,Benign,1.0,BA1,"Richards S et al., Genetics in Medicine, 2015",,10.82,
1154927,PCDH12,deepseek-v4-pro,Benign,Benign,1.0,BA1,"Richards et al., Genet Med, 2015",,25.13,
1925577,COL7A1,deepseek-v4-pro,Pathogenic,other,,,,empty output,178.12,
322164,TRPM1,deepseek-v4-pro,Benign,Benign,0.99,BA1,"Richards S, et al. Genet Med. 2015;17(5):405-424.",,31.53,
322164,TRPM1,mimo-v2.5-pro,Benign,Benign,0.95,BA1,"Richards S et al., Standards and guidelines for the interpretation of sequence variants: a joint consensus recommendation of the American College of Medical Genetics and Genomics and the Association for Molecular Pathology, Genet Med, 2015",,46.45,
55423,ADGRV1,deepseek-v4-pro,Benign,Benign,1.0,BA1,"Richards et al., Genet Med, 2015;Lek et al., Nature, 2016;The 1000 Genomes Project Consortium, Nature, 2015",,26.39,
1709644,ASH1L,mimo-v2.5-pro,Benign,Likely benign,0.9,BS1,"Richards et al., Genetics in Medicine, 2015",,21.93,
55423,ADGRV1,mimo-v2.5-pro,Benign,Benign,1.0,BA1,"NHLBI Exome Sequencing Project (ESP), 2015;Exome Aggregation Consortium (ExAC), 2016;1000 Genomes Project Consortium, 2012",,52.06,
1155059,IL7R,deepseek-v4-pro,Benign,other,,,,empty output,184.89,
1709644,ASH1L,deepseek-v4-pro,Benign,Likely benign,0.8,BS1;BP7,"Richards S et al., Genet Med, 2015;OMIM: ASH1L-related neurodevelopmental disorder",,62.16,
343699,ATP1A3,mimo-v2.5-pro,Benign,Benign,0.85,BP7;BS1,"Richards, S. et al. Standards and guidelines for the interpretation of sequence variants: a joint consensus recommendation of the American College of Medical Genetics and Genomics and the Association for Molecular Pathology. Genet Med 17, 405-424 (2015).;Lek, M. et al. Analysis of protein-coding genetic variation in 60,706 humans. Nature 536, 285-291 (2016).;1000 Genomes Project Consortium. A global reference for human genetic variation. Nature 526, 68-74 (2015).",,79.02,
343699,ATP1A3,deepseek-v4-pro,Benign,Likely benign,0.85,BP4;BP7,"Richards S et al., Genet Med, 2015, 17:405-424",,114.95,
269763,CACNA1A,mimo-v2.5-pro,Benign,Benign,0.9,BS1,"Richards et al., Genet Med, 2015;Lek et al., Nature, 2016;1000 Genomes Project Consortium, Nature, 2015;NHLBI Exome Sequencing Project, Database, 2012",,79.36,
1631944,NUP160,deepseek-v4-pro,Benign,Benign,0.99,BA1,"Richards et al., Genet Med, 2015;Lek et al., Nature, 2016",,25.86,
1155072,C9,mimo-v2.5-pro,Benign,Likely benign,0.85,BS1,"Richards S et al., Genet Med, 2015;Exome Sequencing Project;Exome Aggregation Consortium;1000 Genomes Project",,48.91,
269763,CACNA1A,deepseek-v4-pro,Benign,Likely benign,0.8,BS1;BP4,"Richards S, et al., Genet Med, 2015;Lek M, et al., Nature, 2016;Auton A, et al., Nature, 2015",,154.23,
1631944,NUP160,mimo-v2.5-pro,Benign,Benign,0.99,BA1,"Tennessen et al., Science, 2012 (ESP);Lek et al., Nature, 2016 (ExAC);1000 Genomes Project Consortium, Nature, 2015 (1000G)",,48.03,
53691,MYH6,mimo-v2.5-pro,Benign,Likely benign,0.9,BS1;BP7,"Lek M et al., Nature, 2016;1000 Genomes Project Consortium, Nature, 2012;Exome Sequencing Project, NHLBI, 2012",,74.47,
53691,MYH6,deepseek-v4-pro,Benign,Likely benign,0.85,BS1;BP7,"Richards S, et al., Genet Med, 2015;Lek M, et al., Nature, 2016;Auton A, et al., Nature, 2015",,104.7,
1540250,DHX32,deepseek-v4-pro,Benign,Likely benign,0.8,BS1;BP4,"Richards S et al., Genet Med, 2015;Lek M et al., Nature, 2016",,83.77,
1155072,C9,deepseek-v4-pro,Benign,Likely benign,0.9,BS1;BP4,"Richards S, et al., Genet Med, 2015",,197.82,
1540250,DHX32,mimo-v2.5-pro,Benign,Uncertain significance,0.35,,"Richards et al., Genet Med, 2015",,34.01,
136040,TMEM237,deepseek-v4-pro,Benign,Benign,0.95,BA1,"Richards S et al., Genet Med, 2015",,34.89,
136040,TMEM237,mimo-v2.5-pro,Benign,Benign,0.95,BA1,ESP;ExAC;1000G,,35.61,
1984392,SKIC2,mimo-v2.5-pro,Pathogenic,Pathogenic,0.9,PVS1;PM2,"Richards S, et al., Genetics in Medicine, 2015;Exome Aggregation Consortium, Nature, 2016",,49.13,
288245,HGD,mimo-v2.5-pro,Benign,Likely benign,0.75,BS1,"Richards S, et al. Standards and guidelines for the interpretation of sequence variants: a joint consensus recommendation of the American College of Medical Genetics and Genomics and the Association for Molecular Pathology. Genet Med. 2015.;Exome Sequencing Project (ESP6500);1000 Genomes Project",,66.57,
1984392,SKIC2,deepseek-v4-pro,Pathogenic,Pathogenic,0.85,PVS1;PM2,"Richards et al., Genet Med, 2015;Fabre et al., Am J Hum Genet, 2012",,98.82,
141675,KANSL1,mimo-v2.5-pro,Benign,Uncertain significance,0.4,PM2,"Richards S, et al., Genet Med, 2015",,70.86,
98797,GALE,mimo-v2.5-pro,Benign,Likely benign,0.7,BS1,"Exome Variant Server, NHLBI GO Exome Sequencing Project (ESP), 2014;Exome Aggregation Consortium (ExAC), 2015;1000 Genomes Project Consortium, 2015",,23.52,
288245,HGD,deepseek-v4-pro,Benign,Likely benign,0.85,BS1;BP7,"Richards S et al., Genet Med, 2015;Zatkova A et al., J Inherit Metab Dis, 2020",,176.64,
502395,ACTB,mimo-v2.5-pro,Benign,Benign,0.9,BP7,"Richards et al., Genet Med, 2015",,61.66,
502395,ACTB,deepseek-v4-pro,Benign,Likely benign,0.85,BS1;BP7,"Richards S, et al., Genet Med, 2015, PMID:25741868",,101.56,
141675,KANSL1,deepseek-v4-pro,Benign,other,,,,empty output,215.75,
229038,CCDC39,deepseek-v4-pro,Benign,Likely benign,0.8,BS1,"Richards S, et al. Genet Med. 2015;17(5):405-424.",,50.83,
98797,GALE,deepseek-v4-pro,Benign,Likely benign,0.8,BS1;BP4,"Richards S, et al. Genet Med. 2015;17(5):405-424.",,173.43,
229038,CCDC39,mimo-v2.5-pro,Benign,Likely benign,0.92,BS1,"Richards S, et al. Genetics in Medicine, 2015 - ACMG/AMP guidelines;Horani A, et al. American Journal of Human Genetics, 2012 - CCDC39 in PCD;Lek M, et al. Nature, 2016 - ExAC population frequency data",,31.15,
1157239,NFKBIA,mimo-v2.5-pro,Benign,Benign,0.99,BA1;BS1,"Lek et al., Nature, 2016;1000 Genomes Project Consortium, Nature, 2015",,14.06,
1157239,NFKBIA,deepseek-v4-pro,Benign,Benign,0.99,BA1,"Richards et al., Genet Med, 2015;Lek et al., Nature, 2016",,27.14,
3227860,HNF4A,mimo-v2.5-pro,Pathogenic,Uncertain significance,0.7,PM2,,,42.93,
1686994,RET,mimo-v2.5-pro,Benign,Benign,0.9,BS1,"1000 Genomes Project Consortium, Nature, 2015",,71.26,
1686994,RET,deepseek-v4-pro,Benign,Likely benign,0.8,BS1;BP4,"Richards et al., Genet Med, 2015;1000 Genomes Project Consortium, Nature, 2015",,124.02,
526210,EXT2,mimo-v2.5-pro,Pathogenic,Pathogenic,0.9,PVS1;PM2,"Richards S et al., Genet Med, 2015;Stickens D et al., Nat Genet, 1996",,45.06,
526210,EXT2,deepseek-v4-pro,Pathogenic,Pathogenic,0.9,PVS1;PM2,"Richards S, et al., Genet Med, 2015;Wuyts W, et al., Am J Hum Genet, 1998",,92.32,
3227860,HNF4A,deepseek-v4-pro,Pathogenic,other,,,,empty output,182.28,
508799,SLC6A3,deepseek-v4-pro,Benign,Benign,0.99,BA1,"Richards S, et al. Genet Med. 2015;17(5):405-424.",,45.25,
1610930,LRP2,mimo-v2.5-pro,Benign,Benign,0.9,BP7,"Richards S, Aziz N, Bale S, et al., Standards and guidelines for the interpretation of sequence variants: a joint consensus recommendation of the American College of Medical Genetics and Genomics and the Association for Molecular Pathology, Genet Med, 2015;Lek M, Karczewski KJ, Minikel EV, et al., Analysis of protein-coding genetic variation in 60,706 humans, Nature, 2016",,92.12,
142322,PCNT,deepseek-v4-pro,Benign,Benign,1.0,BA1,"Richards et al., Genet Med, 2015, PMID:25741868",,18.42,
1153710,SAMD11,deepseek-v4-pro,Benign,Benign,0.99,BA1,"Richards et al., Genet Med, 2015",,20.88,
508799,SLC6A3,mimo-v2.5-pro,Benign,Benign,1.0,BA1,"Richards et al., Genet Med, 2015",,63.67,
142322,PCNT,mimo-v2.5-pro,Benign,Benign,1.0,BA1,"Richards S, et al., Genetics in Medicine, 2015",,60.25,
1153710,SAMD11,mimo-v2.5-pro,Benign,Benign,0.95,BA1,"Richards S, et al., Genetics in Medicine, 2015;1000 Genomes Project Consortium, Nature, 2012",,44.91,
1610930,LRP2,deepseek-v4-pro,Benign,other,,,,empty output,185.54,
54972,MYO3A,deepseek-v4-pro,Benign,Benign,1.0,BA1,"Richards S, et al. Genet Med. 2015;17(5):405-424.",,31.79,
1156643,PUS3,deepseek-v4-pro,Benign,Benign,0.99,BA1,"Richards S, et al., Genet Med, 2015;Lek M, et al., Nature, 2016;1000 Genomes Project Consortium, Nature, 2015",,15.97,
32699,BRCA1,mimo-v2.5-pro,Pathogenic,Pathogenic,0.7,PM1;PM2,"Richards et al., Genetics in Medicine, 2015",,86.36,
54972,MYO3A,mimo-v2.5-pro,Benign,Benign,1.0,BA1,"Exome Sequencing Project (ESP), NHLBI, 2014;Exome Aggregation Consortium (ExAC), Broad Institute, 2016;1000 Genomes Project Consortium, Nature, 2012",,60.68,
1156643,PUS3,mimo-v2.5-pro,Benign,Benign,0.95,BA1,"Exome Sequencing Project (ESP), 2015;Exome Aggregation Consortium (ExAC), 2016;1000 Genomes Project Consortium, 2015",,43.27,
252149,PEX3,deepseek-v4-pro,Benign,Benign,0.99,BA1,"Richards et al., Genetics in Medicine, 2015",,19.55,
252149,PEX3,mimo-v2.5-pro,Benign,Benign,0.99,BA1,"Exome Sequencing Project (ESP), NHLBI, 2014;Exome Aggregation Consortium (ExAC), Broad Institute, 2016;1000 Genomes Project, Nature, 2015",,46.07,
249854,SDCCAG8,mimo-v2.5-pro,Benign,Benign,0.98,BA1,"Exome Sequencing Project (ESP), 2015;Exome Aggregation Consortium (ExAC), 2016;1000 Genomes Project, 2015",,32.13,
249854,SDCCAG8,deepseek-v4-pro,Benign,Benign,1.0,BA1,"Richards S, et al. Genet Med. 2015;17(5):405-424.;Lek M, et al. Nature. 2016;536:285-291.",,40.35,
2098218,WDR83OS,deepseek-v4-pro,Benign,Benign,0.95,BA1,"Richards et al., Genet Med, 2015",,10.21,
32699,BRCA1,deepseek-v4-pro,Pathogenic,other,,,,empty output,174.18,
256618,SMCHD1,deepseek-v4-pro,Benign,Benign,0.99,BA1,"Richards et al., Genet Med, 2015",,41.5,
256618,SMCHD1,mimo-v2.5-pro,Benign,Benign,0.95,BA1;BS1,"Richards S et al., Genet Med, 2015;Exome Sequencing Project (ESP);1000 Genomes Project (1000G)",,38.7,
53722,MYH9,deepseek-v4-pro,Benign,Benign,0.99,BA1;BP7,"Richards S, et al. Genet Med. 2015;17(5):405-424.;Lek M, et al. Nature. 2016;536(7616):285-291.",,29.96,
2098218,WDR83OS,mimo-v2.5-pro,Benign,Benign,1.0,BA1,"Exome Sequencing Project (ESP), NHLBI, 2014;Lek M et al., Nature, 2016;1000 Genomes Project Consortium, Nature, 2015",,50.86,
134014,CAMTA1,deepseek-v4-pro,Benign,Benign,0.99,BA1,"Lek et al., Nature, 2016;1000 Genomes Project Consortium, Nature, 2015;NHLBI GO Exome Sequencing Project, 2012",,16.15,
53722,MYH9,mimo-v2.5-pro,Benign,Benign,1.0,BA1,"Exome Sequencing Project (ESP), 2015;Exome Aggregation Consortium (ExAC), 2016;1000 Genomes Project (1000G), 2015",,48.95,
2880021,HCFC1,mimo-v2.5-pro,Benign,Uncertain significance,0.4,PM2,"Richards S, et al., Genet Med, 2015",,72.42,
134014,CAMTA1,mimo-v2.5-pro,Benign,Benign,0.99,BA1,"NHLBI GO Exome Sequencing Project, 2014;Exome Aggregation Consortium, 2016;1000 Genomes Project Consortium, 2015",,39.34,
2880021,HCFC1,deepseek-v4-pro,Benign,Uncertain significance,0.2,PM2,"Richards S et al., Genet Med, 2015",,89.09,
714746,TELO2,mimo-v2.5-pro,Benign,Uncertain significance,0.4,,,,42.51,
22938,ABCA4,mimo-v2.5-pro,Pathogenic,Uncertain significance,0.7,,"NHLBI GO Exome Sequencing Project (ESP);1000 Genomes Project Consortium (1000G);Richards, S. et al., Genetics in Medicine, 2015",,84.42,
286984,PIKFYVE,deepseek-v4-pro,Benign,Likely benign,0.9,BS1;BP7,"Richards S, et al. Genet Med. 2015;17(5):405-424.;Lek M, et al. Nature. 2016;536:285-291.;1000 Genomes Project Consortium. Nature. 2015;526:68-74.",,42.34,
22938,ABCA4,deepseek-v4-pro,Pathogenic,other,,,,empty output,176.03,
286984,PIKFYVE,mimo-v2.5-pro,Benign,Benign,0.95,BS1,Exome Sequencing Project;Exome Aggregation Consortium;1000 Genomes Project,,72.39,
714746,TELO2,deepseek-v4-pro,Benign,Benign,0.9,BS1;BS2;BP4,"Richards et al., Genet Med, 2015;Lek et al., Nature, 2016;Landrum et al., Nucleic Acids Res, 2018",,165.27,
741921,CREB3L3,mimo-v2.5-pro,Benign,Benign,0.95,BS1;BP7,"Richards S et al., Genet Med, 2015",,66.77,
741921,CREB3L3,deepseek-v4-pro,Benign,Likely benign,0.85,BS1;BP7,"Richards S, et al., Genet Med, 2015",,163.35,
1546977,SIPA1L3,mimo-v2.5-pro,Benign,Uncertain significance,0.4,,"Exome Sequencing Project, 2015;Exome Aggregation Consortium, 2016;1000 Genomes Project Consortium, 2015",,98.02,
2806582,MUC5B,mimo-v2.5-pro,Benign,Likely benign,0.8,BS1,"Exome Sequencing Project, NHLBI, 2014;1000 Genomes Project Consortium, Nature, 2015",,62.57,
134977,LRP2,deepseek-v4-pro,Benign,Likely benign,0.9,BS1;BP7,"Richards S, et al. Genet Med. 2015;17(5):405-424.;Kantarci S, et al. Nat Genet. 2007;39(8):957-959.",,66.2,
134977,LRP2,mimo-v2.5-pro,Benign,Benign,0.99,BA1,,,10.94,
1546977,SIPA1L3,deepseek-v4-pro,Benign,Likely benign,0.75,BS1;BP4,"Richards et al., Genetics in Medicine, 2015;Lek et al., Nature, 2016",,190.48,
133798,ALDH7A1,mimo-v2.5-pro,Benign,Benign,0.9,BS1,"Exome Sequencing Project (ESP), 2015;Exome Aggregation Consortium (ExAC), 2016;1000 Genomes Project Consortium, 2015",,70.88,
133798,ALDH7A1,deepseek-v4-pro,Benign,Likely benign,0.8,BS1;BP7,"Richards et al., Genet Med, 2015;1000 Genomes Project Consortium, Nature, 2015;Lek et al., Nature, 2016",,78.07,
2806582,MUC5B,deepseek-v4-pro,Benign,other,,,,empty output,202.7,
231194,TRIOBP,mimo-v2.5-pro,Benign,Uncertain significance,0.6,,,,32.59,
257605,DEPDC5,mimo-v2.5-pro,Benign,Benign,0.95,BA1;BS1,"Richards et al., Genet Med, 2015;Ishida et al., Nat Genet, 2013;Dibbens et al., Nat Genet, 2013",,54.14,
665994,IFITM5,mimo-v2.5-pro,Benign,Benign,0.9,BS1,"Exome Aggregation Consortium, Nature, 2016;1000 Genomes Project Consortium, Nature, 2015;Exome Variant Server, NHLBI, 2014",,67.33,
257605,DEPDC5,deepseek-v4-pro,Benign,other,,,,empty output,192.28,
665994,IFITM5,deepseek-v4-pro,Benign,Likely benign,0.85,BS1;BP4,"Richards S, et al. Genet Med. 2015;17(5):405-424;Lek M, et al. Nature. 2016;536:285-291;Auton A, et al. Nature. 2015;526:68-74",,91.37,
266615,TBX3,mimo-v2.5-pro,Benign,Benign,1.0,BA1,"Richards et al., Genetics in Medicine, 2015;The Genome Aggregation Database (gnomAD), 2017;The Exome Aggregation Consortium (ExAC), 2016;1000 Genomes Project Consortium, 2015",,11.5,
231194,TRIOBP,deepseek-v4-pro,Benign,other,,,,empty output,194.64,
247170,KCNN4,mimo-v2.5-pro,Pathogenic,Uncertain significance,0.5,PM2,"Richards S et al., Genetics in Medicine, 2015;Exome Aggregation Consortium, Nature, 2016",,72.89,
266615,TBX3,deepseek-v4-pro,Benign,Likely benign,0.9,BS1;BP6,Richards S et al. Genet Med. 2015;17(5):405-424;ClinVar entry for NM_005996.4(TBX3):c.1126T>A (p.Ser376Thr),,127.27,
730145,FBXO11,deepseek-v4-pro,Benign,Uncertain significance,0.3,PM2,"Richards S et al., Genet Med, 2015",,50.07,
730145,FBXO11,mimo-v2.5-pro,Benign,Uncertain significance,0.35,PM2,,,31.17,
1273272,DLC1,deepseek-v4-pro,Benign,Benign,0.98,BA1;BP7,"Richards et al., Genetics in Medicine, 2015",,13.33,
247170,KCNN4,deepseek-v4-pro,Pathogenic,Pathogenic,0.95,PS1;PS3;PM2;PP1;PP3,"Rapetti-Mauss J, Lacoste C, Picard V, et al. Blood. 2015;126(11):1273-1280.",,141.19,
1273272,DLC1,mimo-v2.5-pro,Benign,Benign,0.95,BA1,"ESP, NHLBI Exome Sequencing Project;ExAC, Exome Aggregation Consortium;1000G, 1000 Genomes Project",,35.13,
1634125,ABCA1,mimo-v2.5-pro,Benign,Uncertain significance,0.5,,,,58.23,
1157046,C1S,mimo-v2.5-pro,Benign,Uncertain significance,0.5,,"Richards et al., Genetics in Medicine, 2015",,21.17,
1601346,CASQ1,mimo-v2.5-pro,Benign,Benign,0.95,BA1;BS1,,,15.46,
1544399,GRIP1,deepseek-v4-pro,Benign,Benign,0.99,BA1,"Lek et al., Nature, 2016;Auton et al., Nature, 2015",,39.68,
1544399,GRIP1,mimo-v2.5-pro,Benign,Benign,0.99,BA1,,,12.36,
1601346,CASQ1,deepseek-v4-pro,Benign,Likely benign,0.75,BS1;BP4,"Richards et al., Genetics in Medicine, 2015;Lek et al., Nature, 2016;The 1000 Genomes Project Consortium, Nature, 2015",,113.25,
1634125,ABCA1,deepseek-v4-pro,Benign,other,,,,empty output,201.71,
1157046,C1S,deepseek-v4-pro,Benign,other,,,,empty output,207.1,
1156327,PAX2,mimo-v2.5-pro,Benign,Pathogenic,0.8,PVS1;PM2,"Richards S, Aziz N, Bale S, et al. Standards and guidelines for the interpretation of sequence variants: a joint consensus recommendation of the American College of Medical Genetics and Genomics and the Association for Molecular Pathology. Genet Med. 2015;17(5):405-424.",,55.08,
1156964,CACNA2D4,mimo-v2.5-pro,Benign,Uncertain significance,0.5,,Exome Sequencing Project;Exome Aggregation Consortium;1000 Genomes Project,,123.85,
100914,COL6A3,deepseek-v4-pro,Benign,Benign,0.99,BA1;BS1,"Richards et al., Genet Med, 2015;Lek et al., Nature, 2016;1000 Genomes Project Consortium, Nature, 2015",,14.2,
100914,COL6A3,mimo-v2.5-pro,Benign,Benign,0.95,BA1,"Richards S, et al. Genetics in Medicine, 2015 (ACMG/AMP guidelines);Exome Aggregation Consortium (ExAC);1000 Genomes Project (1000G);Exome Sequencing Project (ESP)",,19.72,
1235658,ROR1,deepseek-v4-pro,Benign,Benign,1.0,BA1,"Exome Variant Server, NHLBI GO Exome Sequencing Project, 2011;1000 Genomes Project Consortium, Nature, 2015",,18.93,
1156964,CACNA2D4,deepseek-v4-pro,Benign,other,,,,empty output,207.28,
306908,PSMB8,mimo-v2.5-pro,Benign,Benign,0.95,BS1,,,15.64,
1235658,ROR1,mimo-v2.5-pro,Benign,Benign,1.0,BA1,"Exome Sequencing Project (ESP), NHLBI, 2014;1000 Genomes Project Consortium, Nature, 2012",,51.36,
2938759,OBSCN,mimo-v2.5-pro,Benign,Benign,1.0,BA1,,,33.19,
1156327,PAX2,deepseek-v4-pro,Benign,other,,,,empty output,206.29,
2938759,OBSCN,deepseek-v4-pro,Benign,Benign,0.99,BA1,"Richards S, et al. Genet Med. 2015;17(5):405-424.",,53.6,
1164419,WNT10B,mimo-v2.5-pro,Benign,Benign,1.0,BA1,"Richards et al., Genetics in Medicine, 2015 (ACMG guidelines);Exome Sequencing Project (ESP);Exome Aggregation Consortium (ExAC);1000 Genomes Project Consortium",,15.44,
1164419,WNT10B,deepseek-v4-pro,Benign,Benign,1.0,BA1,"Lek M et al., Nature, 2016;Auton A et al., Nature, 2015",,29.93,
306908,PSMB8,deepseek-v4-pro,Benign,Likely benign,0.9,BS1;BP7,"Richards S, et al., Genet Med, 2015;Lek M, et al., Nature, 2016",,137.59,
257578,CRYBB3,deepseek-v4-pro,Benign,Benign,1.0,BA1;BS1,"Richards S, et al. Genet Med. 2015;17(5):405-424.;Lek M, et al. Nature. 2016;536:285-291.;1000 Genomes Project Consortium. Nature. 2015;526:68-74.",,51.64,
257578,CRYBB3,mimo-v2.5-pro,Benign,Benign,1.0,BA1,"Richards S, Aziz N, Bale S, et al., Standards and guidelines for the interpretation of sequence variants: a joint consensus recommendation of the American College of Medical Genetics and Genomics and the Association for Molecular Pathology, Genetics in Medicine, 2015",,50.31,
294895,PTH1R,mimo-v2.5-pro,Benign,Benign,0.9,BS1,"Richards S et al., Genet Med, 2015;Exome Variant Server (ESP);Exome Aggregation Consortium (ExAC);1000 Genomes Project",,54.23,
337872,TRIP11,mimo-v2.5-pro,Benign,Likely benign,0.8,BS1,"Exome Aggregation Consortium (ExAC), Nature, 2016;1000 Genomes Project Consortium, Nature, 2012;Exome Sequencing Project (ESP), NHLBI, 2014",,80.85,
99636,EP300,deepseek-v4-pro,Benign,Likely benign,0.85,BS1;BP7,"Richards S et al., Genet Med, 2015;Lek M et al., Nature, 2016;1000 Genomes Project Consortium, Nature, 2015",,37.8,
294895,PTH1R,deepseek-v4-pro,Benign,Likely benign,0.9,BS1;BP4,"Richards et al., Genet Med, 2015;Lek et al., Nature, 2016;Auton et al., Nature, 2015;NHLBI Exome Sequencing Project, Exome Variant Server",,116.73,
337872,TRIP11,deepseek-v4-pro,Benign,Likely benign,0.7,BS1;BP4,"Richards S, et al., Genet Med, 2015;Lek M, et al., Nature, 2016;1000 Genomes Project Consortium, Nature, 2012",,169.31,
699458,DLL1,mimo-v2.5-pro,Benign,Likely benign,0.9,BA1;BS1,"Richards et al., Genetics in Medicine, 2015",,17.07,
99636,EP300,mimo-v2.5-pro,Benign,Likely benign,0.9,BS1,"Richards et al., Genet Med, 2015;ESP, ExAC, 1000G",,63.68,
256639,SMCHD1,deepseek-v4-pro,Benign,Benign,0.99,BA1,"Richards S et al., Genet Med, 2015",,20.78,
256639,SMCHD1,mimo-v2.5-pro,Benign,Benign,0.95,BA1,"Exome Variant Server, NHLBI GO Exome Sequencing Project (ESP), 2019;Exome Aggregation Consortium (ExAC), 2016;1000 Genomes Project Consortium, 2015",,10.78,
1330879,CYP1B1,mimo-v2.5-pro,Pathogenic,Pathogenic,0.9,PS1;PM2,"Stoilov et al., Am J Hum Genet, 1997;Bailey et al., J Med Genet, 2010",,68.73,
699458,DLL1,deepseek-v4-pro,Benign,Likely benign,0.8,BS1;BP7,"Richards S et al., Genet Med, 2015;Lek M et al., Nature, 2016;Auton A et al., Nature, 2015",,134.17,
763683,HPS3,mimo-v2.5-pro,Benign,Benign,0.9,BP7,"Richards S et al., Genet Med, 2015;Lek M et al., Nature, 2016;1000 Genomes Project Consortium, Nature, 2015",,82.51,
1330879,CYP1B1,deepseek-v4-pro,Pathogenic,other,,,,empty output,162.88,
577874,APP,deepseek-v4-pro,Benign,Likely benign,0.85,BS1;BP7,"Richards S, et al. Genet Med. 2015;17(5):405-424.",,70.33,
577874,APP,mimo-v2.5-pro,Benign,Benign,0.85,BP7,"Exome Sequencing Project, NHLBI, 2012;1000 Genomes Project Consortium, Nature, 2012",,58.95,
763683,HPS3,deepseek-v4-pro,Benign,other,,,,empty output,187.19,
367673,DAG1,deepseek-v4-pro,Benign,Likely benign,0.85,BS1;BP7,"Richards S, et al. Genet Med. 2015;17(5):405-424;Lek M, et al. Nature. 2016;536:285-291",,68.39,
367673,DAG1,mimo-v2.5-pro,Benign,Benign,0.9,BS1,"Richards et al., Genet Med, 2015",,78.44,
621282,HGSNAT,mimo-v2.5-pro,Benign,Likely benign,0.7,BP7,,,56.72,
714537,HERC1,deepseek-v4-pro,Benign,Likely benign,0.8,BS1;BP7,"Richards et al., Genet Med, 2015;Lek et al., Nature, 2016;Auton et al., Nature, 2015",,57.61,
714537,HERC1,mimo-v2.5-pro,Benign,Benign,0.9,BS1,"Richards S, et al., Genet Med, 2015",,56.64,
1549081,TONSL,mimo-v2.5-pro,Benign,Uncertain significance,0.3,,,,72.56,
621282,HGSNAT,deepseek-v4-pro,Benign,other,,,,empty output,177.85,
3179473,ST14,deepseek-v4-pro,Benign,Likely benign,0.8,BS1;BP4,"Richards S, et al. Genet Med. 2015;17(5):405-424.",,85.26,
367057,LIPT1,deepseek-v4-pro,Benign,Benign,1.0,BA1,"Richards S, et al., Genet Med, 2015",,16.86,
3179473,ST14,mimo-v2.5-pro,Benign,Likely benign,0.9,BS1,"Richards et al., Genet Med, 2015",,56.8,
367057,LIPT1,mimo-v2.5-pro,Benign,Benign,0.95,BA1;BS1,"Exome Sequencing Project, NHLBI, 2012;Exome Aggregation Consortium, Lek et al., Nature, 2016;1000 Genomes Project Consortium, Nature, 2015",,38.94,
311868,CARD9,deepseek-v4-pro,Benign,Benign,1.0,BA1,"Richards S, et al. Genet Med. 2015;17(5):405-424.",,32.58,
1549081,TONSL,deepseek-v4-pro,Benign,Uncertain significance,0.2,,"Richards S, et al., Genet Med, 2015, 17(5):405-424",,158.02,
311868,CARD9,mimo-v2.5-pro,Benign,Benign,0.97,BA1,"Richards et al., Genet Med, 2015;Exome Aggregation Consortium (ExAC);1000 Genomes Project",,43.96,
1154402,P3H2,mimo-v2.5-pro,Benign,Benign,0.95,BA1;BS1,"Exome Aggregation Consortium (ExAC), Nature, 2016;1000 Genomes Project Consortium, Nature, 2015",,15.3,
271601,ABCB11,mimo-v2.5-pro,Pathogenic,Uncertain significance,0.5,PM2,"Lek M. et al., Nature, 2016",,43.45,
1154402,P3H2,deepseek-v4-pro,Benign,Benign,0.99,BA1,"Richards S, et al. Genet Med. 2015;17(5):405-424.",,44.21,
230806,MYOM1,deepseek-v4-pro,Benign,Benign,0.99,BA1,"Richards S, et al., Genet Med, 2015",,22.71,
230806,MYOM1,mimo-v2.5-pro,Benign,Benign,1.0,BA1,"Richards S, et al., Genet Med, 2015",,25.02,
732055,CR2,mimo-v2.5-pro,Benign,Uncertain significance,0.3,PM2,,,72.45,
271601,ABCB11,deepseek-v4-pro,Pathogenic,Pathogenic,0.85,PS3;PM1;PM2;PM3;PM5;PP3;PP4,"Strautnieks et al., Gastroenterology, 2008;Kagawa et al., Hepatology Research, 2008",,157.62,
1154941,OTULIN,deepseek-v4-pro,Benign,Likely benign,0.85,BS1;BP4,"Richards et al., Genetics in Medicine, 2015",,59.27,
252348,DNAH8,deepseek-v4-pro,Benign,Benign,0.98,BA1,"Richards et al., Genet Med, 2015, PMID:25741868;Lek et al., Nature, 2016, PMID:27535533;Auton et al., Nature, 2015, PMID:26432245",,33.75,
1154941,OTULIN,mimo-v2.5-pro,Benign,Likely benign,0.9,BS1,Exome Sequencing Project (ESP);Exome Aggregation Consortium (ExAC);1000 Genomes Project (1000G),,66.61,
252348,DNAH8,mimo-v2.5-pro,Benign,Benign,0.99,BA1,"Exome Sequencing Project (ESP), NHLBI, 2012;Lek M, et al., Nature, 2016;1000 Genomes Project Consortium, Nature, 2012",,43.07,
732055,CR2,deepseek-v4-pro,Benign,other,,,,empty output,160.41,
695022,ATP2B4,mimo-v2.5-pro,Benign,Likely benign,0.9,BS1,"ESP, ExAC, 1000 Genomes Project",,49.15,
703735,FTO,mimo-v2.5-pro,Benign,Uncertain significance,0.5,,ESP database;ExAC database;1000 Genomes project,,65.71,
703735,FTO,deepseek-v4-pro,Benign,Likely benign,0.85,BS1;BP7,"Richards S et al., Genet Med, 2015;Lek M et al., Nature, 2016",,88.91,
279015,FLVCR1,deepseek-v4-pro,Benign,Benign,0.99,BA1,"Richards et al., Genetics in Medicine, 2015",,17.93,
240528,KCNT1,deepseek-v4-pro,Benign,Likely benign,0.8,BS1;BP7,"Richards S et al., Genet Med, 2015, PMID:25741868",,41.88,
695022,ATP2B4,deepseek-v4-pro,Benign,Likely benign,0.85,BS1;BP4,"Richards S, et al. Genet Med. 2015;17(5):405-424.;Lek M, et al. Nature. 2016;536:285-291.;1000 Genomes Project Consortium. Nature. 2012;491:56-65.",,104.07,
240528,KCNT1,mimo-v2.5-pro,Benign,Likely benign,0.9,BS1,"Exome Sequencing Project (ESP), 2015;Exome Aggregation Consortium (ExAC), 2016;1000 Genomes Project (1000G), 2015",,55.36,
279015,FLVCR1,mimo-v2.5-pro,Benign,Benign,1.0,BA1,"Richards et al., Genetics in Medicine, 2015;ESP, ExAC, 1000G databases",,36.34,
274247,ANO5,deepseek-v4-pro,Pathogenic,Pathogenic,0.9,PVS1;PM2,"Richards S, et al., Genet Med, 2015;OMIM: ANO5, 608662",,34.2,
325228,DHH,deepseek-v4-pro,Benign,Likely benign,0.85,BS1;BP7,"Richards et al., Genet Med, 2015;Lek et al., Nature, 2016",,70.3,
325228,DHH,mimo-v2.5-pro,Benign,Likely benign,0.9,BS1;BP7,"Exome Sequencing Project, NHLBI, 2015;Exome Aggregation Consortium, Nature, 2016;1000 Genomes Project Consortium, Nature, 2015;Richards et al., Genetics in Medicine, 2015",,62.78,
274247,ANO5,mimo-v2.5-pro,Pathogenic,Pathogenic,0.95,PVS1;PM2,"Richards S, et al., Genet Med, 2015;Nicolas G, et al., Ann Neurol, 2013",,53.23,
249292,COL11A1,deepseek-v4-pro,Benign,Benign,1.0,BA1,"Richards S et al., Genet Med, 2015;Lek M et al., Nature, 2016",,18.79,
1687656,FGFR1,mimo-v2.5-pro,Benign,Uncertain significance,0.5,,"1000 Genomes Project Consortium, Nature, 2015",,43.77,
1287935,ABCB4,mimo-v2.5-pro,Benign,Likely benign,0.9,BS1,"Richards et al., Genet Med, 2015;1000 Genomes Project Consortium, Nature, 2012",,18.43,
1287935,ABCB4,deepseek-v4-pro,Benign,Likely benign,0.8,BS1;BP7,"Richards S et al., Genet Med, 2015;Auton A et al., Nature, 2015",,47.87,
249292,COL11A1,mimo-v2.5-pro,Benign,Benign,1.0,BA1,"NHLBI GO Exome Sequencing Project (ESP), 2014;Lek M et al., Nature, 2016;1000 Genomes Project Consortium, Nature, 2015",,51.86,
389610,DNAH1,deepseek-v4-pro,Benign,Benign,0.99,BA1;BS1,"Richards S et al., Genet Med, 2015;Lek M et al., Nature, 2016",,9.67,
389610,DNAH1,mimo-v2.5-pro,Benign,Benign,0.95,BA1,"NHLBI Exome Sequencing Project (ESP), 2014;Exome Aggregation Consortium (ExAC), Nature, 2016;1000 Genomes Project Consortium, Nature, 2012",,37.61,
1687656,FGFR1,deepseek-v4-pro,Benign,other,,,,empty output,148.79,
259892,EXT1,mimo-v2.5-pro,Pathogenic,Uncertain significance,0.3,PM2,"ExAC database, 2015",,62.46,
259892,EXT1,deepseek-v4-pro,Pathogenic,Pathogenic,0.9,PS4;PM1;PM2;PP3;PP5,"Wuyts et al., Am J Hum Genet, 1998;Landrum et al., Nucleic Acids Res, 2018",,114.03,
1330529,COX20,mimo-v2.5-pro,Pathogenic,Pathogenic,0.8,PS1;PM2,"Doss S, et al., Am J Hum Genet, 2014",,63.58,
1530352,TELO2,deepseek-v4-pro,Benign,Likely benign,0.85,BS1;BP4,"Richards S, et al. Genet Med. 2015;17(5):405-424.;Lek M, et al. Nature. 2016;536(7616):285-291.",,67.39,
392734,ALK,mimo-v2.5-pro,Benign,Likely benign,0.75,BP4_supporting,"Richards S et al., Genet Med, 2015;Jaganathan K et al., Cell, 2019;Desmet FO et al., Nucleic Acids Res, 2009",,13.54,
1330529,COX20,deepseek-v4-pro,Pathogenic,Pathogenic,0.9,PS3;PM3;PM2;PP3;PP4,"Szklarczyk et al., Ann Neurol, 2014, PMID: 24239381",,133.17,
1530352,TELO2,mimo-v2.5-pro,Benign,Uncertain significance,0.5,,"Exome Sequencing Project, 2015;Exome Aggregation Consortium, 2016;1000 Genomes Project Consortium, 2015",,79.66,
282294,IL1RN,mimo-v2.5-pro,Benign,Benign,0.95,BS1,"Richards et al., Genetics in Medicine, 2015",,14.19,
255293,MYO5A,deepseek-v4-pro,Benign,Benign,0.99,BA1,"Richards et al., Genetics in Medicine, 2015;1000 Genomes Project Consortium, Nature, 2015",,23.07,
320017,KCNQ1,deepseek-v4-pro,Benign,Benign,0.99,BA1,"Richards S, et al. Genet Med. 2015;17(5):405-424.",,13.93,
255293,MYO5A,mimo-v2.5-pro,Benign,Benign,0.95,BA1,Exome Sequencing Project (ESP);Exome Aggregation Consortium (ExAC);1000 Genomes Project (1000G),,47.62,
320017,KCNQ1,mimo-v2.5-pro,Benign,Benign,1.0,BA1,"Lek M, et al., Nature, 2016 (ExAC);The 1000 Genomes Project Consortium, Nature, 2015 (1000G)",,33.77,
1610461,KRT6B,deepseek-v4-pro,Benign,Benign,1.0,BA1,"Richards et al., Genetics in Medicine, 2015",,24.06,
392734,ALK,deepseek-v4-pro,Benign,Likely benign,0.7,BS1;BP4,"Richards S et al., Genet Med, 2015",,152.6,
362496,GGCX,deepseek-v4-pro,Benign,Benign,0.95,BA1;BS1,"Richards et al., Genet Med, 2015;Lek et al., Nature, 2016;Exome Variant Server, NHLBI ESP, 2015",,30.12,
282294,IL1RN,deepseek-v4-pro,Benign,other,,,,empty output,157.26,
362496,GGCX,mimo-v2.5-pro,Benign,Benign,0.95,BA1,"ESP, ExAC, 1000 Genomes Project",,30.78,
1610461,KRT6B,mimo-v2.5-pro,Benign,Benign,0.99,BA1;BS1,"Tennessen et al., Science, 2012",,57.17,
375923,ATP5F1A,deepseek-v4-pro,Benign,Benign,0.99,BA1;BS1,"Richards et al., Genet Med, 2015;Lek et al., Nature, 2016;Auton et al., Nature, 2015",,19.53,
1213600,FAT2,mimo-v2.5-pro,Benign,Benign,0.9,BA1;BS1,"Richards S, et al., Genet Med, 2015",,13.63,
250629,COL4A3,deepseek-v4-pro,Benign,Benign,0.99,BA1;BS1,"Richards S, et al. Genet Med. 2015;17:405-424",,19.81,
375923,ATP5F1A,mimo-v2.5-pro,Benign,Benign,1.0,BA1,"Exome Sequencing Project, NHLBI, 2015;Exome Aggregation Consortium, Broad Institute, 2015;1000 Genomes Project Consortium, Nature, 2015",,44.39,
1213600,FAT2,deepseek-v4-pro,Benign,Benign,0.99,BA1,"Richards S et al., Genetics in Medicine, 2015, PMID:25741868",,42.36,
250629,COL4A3,mimo-v2.5-pro,Benign,Benign,1.0,BA1,"Richards S, et al., Genet Med, 2015",,24.92,
715868,TBCD,deepseek-v4-pro,Benign,Likely benign,0.85,BS1;BP7,"Richards et al., Genet Med, 2015, PMID:25741868",,47.06,
134751,KBTBD13,mimo-v2.5-pro,Benign,Benign,0.95,BS1,"Exome Sequencing Project (ESP), Exome Aggregation Consortium (ExAC), 1000 Genomes Project (1000G)",,51.34,
134751,KBTBD13,deepseek-v4-pro,Benign,Likely benign,0.85,BS1;BP7,"Richards et al., Genetics in Medicine, 2015",,60.4,
715868,TBCD,mimo-v2.5-pro,Benign,Benign,0.8,BS1,"Richards et al., Genet Med, 2015",,55.02,
2092691,NAF1,mimo-v2.5-pro,Benign,Uncertain significance,0.4,,,,58.39,
1574977,IFT88,mimo-v2.5-pro,Benign,Uncertain significance,0.5,,"Richards S, et al. Genet Med. 2015",,86.44,
134755,KBTBD13,deepseek-v4-pro,Benign,Benign,0.99,BA1,"Richards et al., Genet Med, 2015;Lek et al., Nature, 2016;Auton et al., Nature, 2015",,20.47,
230890,MYOM1,deepseek-v4-pro,Benign,Benign,0.99,BA1;BS1,"Richards et al., Genet Med, 2015;ExAC Consortium, Nature, 2016;1000 Genomes Project Consortium, Nature, 2015",,14.36,
134755,KBTBD13,mimo-v2.5-pro,Benign,Benign,1.0,BA1,"Exome Aggregation Consortium, Nature, 2016;1000 Genomes Project Consortium, Nature, 2015;NHLBI Exome Sequencing Project, 2014",,33.76,
2092691,NAF1,deepseek-v4-pro,Benign,Likely benign,0.85,BS1;BP4,"Richards S, et al. Genet Med. 2015;17(5):405-424",,137.59,
230890,MYOM1,mimo-v2.5-pro,Benign,Benign,1.0,BA1,"Exome Sequencing Project (ESP), NHLBI, 2014;Exome Aggregation Consortium (ExAC), Nature, 2016;1000 Genomes Project Consortium, Nature, 2015",,43.29,
1574977,IFT88,deepseek-v4-pro,Benign,other,,,,empty output,153.4,
1605474,DNAH9,mimo-v2.5-pro,Benign,Benign,0.95,BS1,"Exome Sequencing Project (ESP), 2015; Exome Aggregation Consortium (ExAC), 2016; 1000 Genomes Project Consortium, 2015",,11.93,
565687,CD27,deepseek-v4-pro,Pathogenic,Pathogenic,0.8,PVS1;PM2,"Richards S, et al. Genet Med. 2015;17(5):405-424.;van Montfrans JM, et al. J Allergy Clin Immunol. 2012;129(3):787-793.;Salzer E, et al. Haematologica. 2013;98(4):473-478.",,48.1,
21795,PKP2,deepseek-v4-pro,Pathogenic,Pathogenic,0.75,PVS1;PM2,"Richards et al., Genet Med, 2015;Gerull et al., Nat Genet, 2004",,94.59,
21795,PKP2,mimo-v2.5-pro,Pathogenic,Pathogenic,0.8,PVS1,"Richards S, et al., Genetics in Medicine, 2015;Syrris P, et al., European Heart Journal, 2006",,78.58,
227595,TGFBR2,deepseek-v4-pro,Benign,Benign,1.0,BA1,"Richards S et al., Genet Med, 2015;1000 Genomes Project Consortium, Nature, 2015",,17.49,
227595,TGFBR2,mimo-v2.5-pro,Benign,Benign,0.99,BA1,"1000 Genomes Project Consortium, Nature, 2015",,35.87,
565687,CD27,mimo-v2.5-pro,Pathogenic,Pathogenic,0.95,PVS1;PM2,"Richards, S., et al., Genetics in Medicine, 2015",,61.02,
190218,FUCA1,deepseek-v4-pro,Benign,Benign,0.99,BA1,"Richards et al., Genetics in Medicine, 2015;1000 Genomes Project Consortium, Nature, 2015",,13.13,
1605474,DNAH9,deepseek-v4-pro,Benign,other,,,,empty output,146.42,
190218,FUCA1,mimo-v2.5-pro,Benign,Benign,0.95,BA1,,,12.95,
1673977,KATNIP,mimo-v2.5-pro,Benign,Likely benign,0.7,BS1,,,73.06,
2110045,TF,mimo-v2.5-pro,Benign,Likely benign,0.9,BA1,,,47.03,
253873,GATA3,deepseek-v4-pro,Benign,Likely benign,0.85,BS1;BP7,"Richards et al., Genetics in Medicine, 2015",,48.87,
1673977,KATNIP,deepseek-v4-pro,Benign,other,,,,empty output,153.0,
253873,GATA3,mimo-v2.5-pro,Benign,Likely benign,0.95,BS1,"Richards et al., Genet Med, 2015;ESP database;ExAC database;1000 Genomes database",,45.02,
1158357,LAMA1,deepseek-v4-pro,Benign,Benign,1.0,BA1,"Richards S, et al. Genet Med. 2015;Lek M, et al. Nature. 2016",,14.51,
1158357,LAMA1,mimo-v2.5-pro,Benign,Benign,1.0,BA1,ESP;ExAC;1000 Genomes Project,,12.61,
2110045,TF,deepseek-v4-pro,Benign,Likely benign,0.8,BP4;BP7,"Richards S, et al., Genet Med, 2015",,132.93,
340016,ADAMTS17,deepseek-v4-pro,Benign,Benign,0.99,BA1,"Richards et al., Genetics in Medicine, 2015;Exome Variant Server;ExAC Consortium, Nature, 2016;1000 Genomes Project Consortium, Nature, 2015",,15.64,
254880,DYNC1H1,mimo-v2.5-pro,Benign,Likely benign,0.9,BS1,"Exome Sequencing Project, NHLBI;1000 Genomes Project Consortium, Nature, 2012",,68.66,
340016,ADAMTS17,mimo-v2.5-pro,Benign,Benign,1.0,BA1,"Richards S, et al., Genet Med, 2015",,26.73,
254880,DYNC1H1,deepseek-v4-pro,Benign,Likely benign,0.85,BS1;BP4,"Richards S, et al. Genet Med. 2015;17(5):405-424.",,80.94,
799533,GSR,mimo-v2.5-pro,Benign,Likely benign,0.9,BS1,"Exome Aggregation Consortium (ExAC), Broad Institute, 2016;NHLBI GO Exome Sequencing Project (ESP), 2015;1000 Genomes Project Consortium, Nature, 2015",,49.9,
459309,CIZ1,mimo-v2.5-pro,Benign,Uncertain significance,0.5,,"Richards S, Aziz N, Bale S, et al. Standards and guidelines for the interpretation of sequence variants: a joint consensus recommendation of the American College of Medical Genetics and Genomics and the Association for Molecular Pathology. Genet Med. 2015;17(5):405-424.",,67.06,
229004,MYLK,deepseek-v4-pro,Benign,Benign,1.0,BA1,"Richards S, et al. Genet Med. 2015;17(5):405-424.;Lek M, et al. Nature. 2016;536(7616):285-291.",,22.4,
799533,GSR,deepseek-v4-pro,Benign,Likely benign,0.85,BS1;BP4,"Lek et al., Nature, 2016;Richards et al., Genet Med, 2015",,115.97,
229004,MYLK,mimo-v2.5-pro,Benign,Benign,1.0,BA1,"Richards et al., Genetics in Medicine, 2015",,28.84,
297224,ADAMTS2,deepseek-v4-pro,Benign,Benign,0.99,BA1,"Richards et al., Genet Med, 2015;Lek et al., Nature, 2016",,29.59,
297224,ADAMTS2,mimo-v2.5-pro,Benign,Benign,1.0,BA1,"Richards et al., Genetics in Medicine, 2015",,25.85,
255125,ALDH1A3,mimo-v2.5-pro,Benign,Benign,0.95,BA1,"Exome Aggregation Consortium (ExAC), 2016;1000 Genomes Project, 2015;NHLBI GO Exome Sequencing Project (ESP), 2013",,20.72,
255125,ALDH1A3,deepseek-v4-pro,Benign,Benign,0.99,BA1,"Lek et al., Nature, 2016;Auton et al., Nature, 2015;Richards et al., Genetics in Medicine, 2015",,26.88,
334555,FREM2,deepseek-v4-pro,Benign,Likely benign,0.85,BS1;BP7,"Richards et al., Genetics in Medicine, 2015",,35.16,
459309,CIZ1,deepseek-v4-pro,Benign,other,,,,empty output,170.36,
1279906,NPRL3,mimo-v2.5-pro,Benign,Uncertain significance,0.4,PM2,"Richards S et al., Standards and guidelines for the interpretation of sequence variants, Genet Med, 2015;Exome Aggregation Consortium et al., Analysis of protein-coding genetic variation in 60,706 humans, Nature, 2016;1000 Genomes Project Consortium, A global reference for human genetic variation, Nature, 2015",,77.14,
176642,CCDC40,deepseek-v4-pro,Benign,Benign,0.95,BA1;BS1;BP7,Richards S et al. Genet Med. 2015;17:405-424.;Lek M et al. Nature. 2016;536:285-291.;Auton A et al. Nature. 2015;526:68-74.,,41.55,
176642,CCDC40,mimo-v2.5-pro,Benign,Benign,0.95,BA1;BS1,"Richards et al., Genetics in Medicine, 2015 (ACMG/AMP guidelines)",,24.35,
334555,FREM2,mimo-v2.5-pro,Benign,Likely benign,0.9,BS1,"Richards S, et al., Genetics in Medicine, 2015",,67.12,
1279906,NPRL3,deepseek-v4-pro,Benign,other,,,,empty output,149.9,
508239,OSBPL2,mimo-v2.5-pro,Benign,Likely benign,0.8,BS1,"Richards et al., Genet Med, 2015",,63.58,
1158680,PALM,deepseek-v4-pro,Benign,Benign,1.0,BA1,"Lek et al., Nature, 2016;The 1000 Genomes Project Consortium, Nature, 2015;NHLBI Exome Sequencing Project, 2012",,13.26,
695525,HBB,deepseek-v4-pro,Benign,Uncertain significance,0.5,,"Richards et al., Genetics in Medicine, 2015, PMID:25741868",,98.6,
695525,HBB,mimo-v2.5-pro,Benign,Uncertain significance,0.3,PM2,"Richards et al., Genet Med, 2015",,70.39,
1158680,PALM,mimo-v2.5-pro,Benign,Benign,1.0,BA1,Exome Sequencing Project (ESP);Exome Aggregation Consortium (ExAC);1000 Genomes Project,,52.24,
251474,WDR19,deepseek-v4-pro,Benign,Benign,0.99,BA1,"Richards S et al., Genet Med, 2015;Lek M et al., Nature, 2016",,22.47,
508239,OSBPL2,deepseek-v4-pro,Benign,other,,,,"{""classification"": ""Likely benign"",
 ""acmg_rules"": [""BS1"", ""BP4""],
 ""confidence"": 0.85,
 ""evidence_summary"": ""The variant c.38-6G>A is intronic with a maximum population allele frequency of 0.006, whi",170.93,
310837,GSN,deepseek-v4-pro,Benign,Likely benign,0.9,BS1;BP4,"Richards S, et al., Genetics in Medicine, 2015;Lek M, et al., Nature, 2016;Auton A, et al., Nature, 2015",,66.29,
310837,GSN,mimo-v2.5-pro,Benign,Likely benign,0.8,BS1,"Richards et al., Genet Med, 2015;Exome Sequencing Project (ESP);Exome Aggregation Consortium (ExAC);1000 Genomes Project",,78.25,
251474,WDR19,mimo-v2.5-pro,Benign,Benign,0.99,BA1,"Richards et al., Genet Med, 2015;Exome Aggregation Consortium (ExAC), 2016;1000 Genomes Project Consortium, 2015",,46.18,
44373,ATP7B,mimo-v2.5-pro,Benign,Benign,1.0,BA1,Exome Sequencing Project (ESP);Exome Aggregation Consortium (ExAC);1000 Genomes Project (1000G),,39.29,
44373,ATP7B,deepseek-v4-pro,Benign,Benign,0.99,BA1,"Richards et al., Genet Med, 2015, PMID:25741868;Lek et al., Nature, 2016, PMID:27535533",,43.97,
702212,DHX37,mimo-v2.5-pro,Benign,Likely benign,0.75,BS1,"Richards S et al., Standards and guidelines for the interpretation of sequence variants, Genetics in Medicine, 2015;The 1000 Genomes Project Consortium, A global reference for human genetic variation, Nature, 2015;Lek M et al., Analysis of protein-coding genetic variation in 60,706 humans, Nature, 2016;Exome Sequencing Project, NHLBI Exome Sequencing Project (ESP), 2012",,81.51,
135050,MED17,mimo-v2.5-pro,Benign,Benign,0.95,BA1,"Richards S, et al., Genetics in Medicine, 2015",,39.78,
135050,MED17,deepseek-v4-pro,Benign,Benign,0.95,BA1,"Richards S, et al. Genet Med. 2015;17(5):405-424.",,62.76,
256704,LMAN1,deepseek-v4-pro,Benign,Benign,0.99,BA1,"Lek et al., Nature, 2016;Auton et al., Nature, 2015;Exome Variant Server, NHLBI GO Exome Sequencing Project",,13.29,
702212,DHX37,deepseek-v4-pro,Benign,other,,,,empty output,154.76,
1674709,ATP5F1D,mimo-v2.5-pro,Benign,Benign,0.9,BS1;BP7,"1000 Genomes Project Consortium, Nature, 2015;Richards et al., Genet Med, 2015",,56.49,
256704,LMAN1,mimo-v2.5-pro,Benign,Benign,1.0,BA1,"Exome Sequencing Project (ESP), NHLBI, 2014;Exome Aggregation Consortium (ExAC), 2016;1000 Genomes Project Consortium, 2015",,41.97,
142328,PCNT,deepseek-v4-pro,Benign,Benign,0.99,BA1,"Richards et al., Genet Med, 2015",,17.83,
1674709,ATP5F1D,deepseek-v4-pro,Benign,Likely benign,0.8,BS1,"Richards S, et al., Genet Med, 2015;Auton A, et al., Nature, 2015",,130.9,
1159047,COL18A1,deepseek-v4-pro,Benign,Likely benign,0.8,BS1;BP1,"Richards et al., Genet Med, 2015;OMIM 267750",,74.18,
142328,PCNT,mimo-v2.5-pro,Benign,Benign,0.95,BA1,"Exome Sequencing Project (ESP), NHLBI, 2015;Exome Aggregation Consortium (ExAC), Broad Institute, 2016;1000 Genomes Project Consortium, Nature, 2012",,32.94,
1159047,COL18A1,mimo-v2.5-pro,Benign,Benign,0.9,BS1,"Richards S, et al. Standards and guidelines for the interpretation of sequence variants: a joint consensus recommendation of the American College of Medical Genetics and Genomics and the Association for Molecular Pathology. Genet Med. 2015.;Exome Sequencing Project (ESP) data;1000 Genomes Project Consortium. A global reference for human genetic variation. Nature. 2015.",,86.43,
456937,FLNC,mimo-v2.5-pro,Pathogenic,Pathogenic,0.9,PVS1;PM2,"Richards et al., Genetics in Medicine, 2015",,67.65,
337689,FOXN1,deepseek-v4-pro,Benign,Benign,1.0,BA1,"Richards et al., Genet Med, 2015;Lek et al., Nature, 2016;1000 Genomes Project Consortium, Nature, 2015",,23.87,
398932,CEP57,mimo-v2.5-pro,Benign,Benign,0.9,BS1,"Richards S, et al., Genet Med, 2015",,80.83,
456937,FLNC,deepseek-v4-pro,Pathogenic,Pathogenic,0.85,PVS1;PM2,"Richards S, et al. Genet Med. 2015;17(5):405-424.;Ortiz-Genga M, et al. J Am Coll Cardiol. 2016;68(22):2440-2451.",,122.97,
337689,FOXN1,mimo-v2.5-pro,Benign,Benign,0.95,BA1,Exome Sequencing Project (ESP);Exome Aggregation Consortium (ExAC);1000 Genomes Project (1000G),,43.18,
398932,CEP57,deepseek-v4-pro,Benign,other,,,,empty output,150.93,
760953,STAG2,mimo-v2.5-pro,Benign,Pathogenic,0.8,PVS1;PM2,"Richards S, et al., Genet Med, 2015;Deardorff MA, et al., Hum Mutat, 2012",,54.18,
1153665,DNAJC6,deepseek-v4-pro,Benign,Benign,0.99,BA1,"Richards S, et al. Genet Med. 2015;17(5):405-424.;Lek M, et al. Nature. 2016;536:285-291.;Auton A, et al. Nature. 2015;526:68-74.",,39.33,
1153665,DNAJC6,mimo-v2.5-pro,Benign,Benign,1.0,BA1,"Richards S, et al. Genet Med. 2015;17(5):405-424;Exome Sequencing Project (ESP);Exome Aggregation Consortium (ExAC);1000 Genomes Project",,48.85,
299686,ANTXR2,mimo-v2.5-pro,Benign,Uncertain significance,0.5,,"1000 Genomes Project Consortium, Nature, 2012",,81.75,
18938,HEXA,mimo-v2.5-pro,Pathogenic,Pathogenic,0.95,PM2;PS3;PP5,"Kaback MM, JAMA, 1993;Fernandes MJ, Am J Hum Genet, 1992;Triggs-Raine BL, Am J Hum Genet, 1995",,13.36,
760953,STAG2,deepseek-v4-pro,Benign,other,,,,empty output,178.89,
18938,HEXA,deepseek-v4-pro,Pathogenic,Pathogenic,0.95,PS3;PM2;PM3;PP3;PP4,"Paw BH, Kaback MM, Neufeld EF. Proc Natl Acad Sci U S A. 1989;86(7):2413-7.",,91.55,
299686,ANTXR2,deepseek-v4-pro,Benign,Likely benign,0.8,BS1;BP4;BP7,"Richards S et al., Genet Med, 2015",,145.38,
1155882,OPLAH,deepseek-v4-pro,Benign,Benign,1.0,BA1,"Richards S, et al., Genet Med, 2015",,12.11,
1155882,OPLAH,mimo-v2.5-pro,Benign,Benign,0.95,BA1,,,33.78,
1153666,DNAJC6,deepseek-v4-pro,Benign,Benign,0.99,BA1,"Richards S et al., Genet Med, 2015;Auton A et al., Nature, 2015",,33.52,
29079,PCSK1,mimo-v2.5-pro,Benign,Likely benign,0.8,BS1,"Exome Aggregation Consortium, Nature, 2015;1000 Genomes Project Consortium, Nature, 2015",,70.74,
1153291,PIGM,deepseek-v4-pro,Benign,Benign,0.99,BA1,"Richards S, et al., Genet Med, 2015",,27.84,
1153666,DNAJC6,mimo-v2.5-pro,Benign,Benign,0.95,BA1,"Richards et al., Genet Med, 2015",,51.62,
1153291,PIGM,mimo-v2.5-pro,Benign,Benign,0.95,BA1,"Richards S et al., Standards and guidelines for the interpretation of sequence variants, Genet Med, 2015;Exome Sequencing Project (ESP);Exome Aggregation Consortium (ExAC);1000 Genomes Project",,46.61,
29079,PCSK1,deepseek-v4-pro,Benign,other,,,,empty output,157.56,
134087,CDC6,mimo-v2.5-pro,Benign,Likely benign,0.8,BS1,"Exome Sequencing Project (ESP), 2015;Exome Aggregation Consortium (ExAC), 2016;1000 Genomes Project (1000G), 2015",,94.6,
1661961,ABL1,mimo-v2.5-pro,Benign,Likely benign,0.7,BS1,"Richards S, et al., Genet Med, 2015",,68.52,
134087,CDC6,deepseek-v4-pro,Benign,other,,,,empty output,175.94,
533197,TICAM1,mimo-v2.5-pro,Benign,Likely benign,0.7,BS1,"Richards et al., Standards and guidelines for the interpretation of sequence variants: a joint consensus recommendation of the American College of Medical Genetics and Genomics and the Association for Molecular Pathology, Genet Med, 2015;Lek et al., Analysis of protein-coding genetic variation in 60,706 humans, Nature, 2016 (ExAC);1000 Genomes Project Consortium, A global reference for human genetic variation, Nature, 2015",,71.33,
1661961,ABL1,deepseek-v4-pro,Benign,other,,,,empty output,160.97,
375545,CA5A,deepseek-v4-pro,Benign,Benign,0.99,BA1,"Richards et al., Genet Med, 2015",,25.0,
2025785,MAST1,deepseek-v4-pro,Benign,Benign,0.95,BA1,"Richards et al., Genetics in Medicine, 2015;NHLBI Exome Sequencing Project (ESP)",,15.62,
375545,CA5A,mimo-v2.5-pro,Benign,Benign,0.95,BA1,"Richards S, Aziz N, Bale S, et al. Standards and guidelines for the interpretation of sequence variants. Genet Med. 2015;17(5):405-424.;Lek M, Karczewski KJ, Minikel EV, et al. Analysis of protein-coding genetic variation in 60,706 humans. Nature. 2016;536(7616):285-291.;Tennessen JA, Bigham AW, O'Connor TD, et al. Evolution and functional impact of rare coding variation from deep sequencing of human exomes. Science. 2012;337(6090):64-69.;The 1000 Genomes Project Consortium. A global reference for human genetic variation. Nature. 2015;526(7571):68-74.",,49.64,
2025785,MAST1,mimo-v2.5-pro,Benign,Benign,1.0,BA1,"Richards S, et al., Genetics in Medicine, 2015;Exome Sequencing Project (ESP);Exome Aggregation Consortium (ExAC);1000 Genomes Project",,54.65,
533197,TICAM1,deepseek-v4-pro,Benign,other,,,,empty output,154.94,
744346,SLC27A4,mimo-v2.5-pro,Benign,Uncertain significance,0.5,,"Richards et al., Genet Med, 2015",,62.63,
44392,ATP7B,mimo-v2.5-pro,Pathogenic,Pathogenic,0.95,PVS1;PM2,"Exome Sequencing Project (ESP), 2014;Exome Aggregation Consortium (ExAC), 2016",,65.53,
1560830,PKDCC,mimo-v2.5-pro,Benign,Uncertain significance,0.4,,,,20.7,
744346,SLC27A4,deepseek-v4-pro,Benign,other,,,,empty output,160.04,
44392,ATP7B,deepseek-v4-pro,Pathogenic,other,,,,empty output,146.47,
1158812,ZNF341,mimo-v2.5-pro,Benign,Uncertain significance,0.7,,"Lek et al., Nature, 2016;The 1000 Genomes Project Consortium, Nature, 2015",,55.81,
1560830,PKDCC,deepseek-v4-pro,Benign,other,,,,empty output,160.68,
1234158,IL17RD,deepseek-v4-pro,Benign,Benign,0.99,BA1;BP7,"Richards et al., Genetics in Medicine, 2015",,11.12,
378110,KCNB1,mimo-v2.5-pro,Benign,Benign,0.95,BS1,Exome Sequencing Project (ESP) 2012;Exome Aggregation Consortium (ExAC) 2016;1000 Genomes Project Consortium 2015,,71.1,
1158812,ZNF341,deepseek-v4-pro,Benign,other,,,,empty output,158.04,
1234158,IL17RD,mimo-v2.5-pro,Benign,Benign,0.99,BA1,"ESP6500, NHLBI Exome Sequencing Project, 2015;Exome Aggregation Consortium (ExAC), Broad Institute, 2016;1000 Genomes Project Consortium, Nature, 2015",,43.4,
255205,CDAN1,mimo-v2.5-pro,Benign,Benign,0.95,BA1;BS1,,,12.58,
255205,CDAN1,deepseek-v4-pro,Benign,Benign,0.95,BA1,"Richards S, et al. Genet Med. 2015;17(5):405-424;1000 Genomes Project Consortium. Nature. 2015;526(7571):68-74;Lek M, et al. Nature. 2016;536(7616):285-291",,42.89,
378110,KCNB1,deepseek-v4-pro,Benign,other,,,,empty output,155.75,
778749,F5,mimo-v2.5-pro,Benign,Uncertain significance,0.5,,"Lek et al., Nature, 2016;Tennessen et al., Science, 2012;1000 Genomes Project Consortium, Nature, 2015",,54.31,
744680,ARCN1,mimo-v2.5-pro,Benign,Uncertain significance,0.5,,"Richards S et al., Genet Med, 2015",,89.64,
1928344,NPHP4,mimo-v2.5-pro,Pathogenic,Pathogenic,0.85,PVS1;PM2,"Richards S, et al., Genet Med, 2015;Hildebrandt F, et al., N Engl J Med, 2009",,44.22,
744680,ARCN1,deepseek-v4-pro,Benign,other,,,,empty output,161.38,
1928344,NPHP4,deepseek-v4-pro,Pathogenic,Pathogenic,0.8,PVS1;PM2,"Richards S, et al. Genet Med. 2015;17(5):405-424.",,64.28,
525489,PAPSS2,mimo-v2.5-pro,Benign,Likely benign,0.9,BS1,"Richards S et al., Genet Med, 2015;Landrum MJ et al., Nucleic Acids Res, 2018",,14.42,
778749,F5,deepseek-v4-pro,Benign,other,,,,empty output,159.44,
315468,RBP3,deepseek-v4-pro,Benign,Benign,0.95,BA1,"Richards et al., Genet Med, 2015",,20.25,
315468,RBP3,mimo-v2.5-pro,Benign,Benign,0.95,BA1,"Richards et al., Genetics in Medicine, 2015",,35.37,
254029,HEPACAM,deepseek-v4-pro,Benign,Likely benign,0.9,BS1;BP7,"Richards et al., Genet Med, 2015;Lek et al., Nature, 2016",,50.0,
254029,HEPACAM,mimo-v2.5-pro,Benign,Benign,0.9,BS1,"Richards S, et al., Genet Med, 2015;ExAC Consortium, Nature, 2016;1000 Genomes Project, Nature, 2015;ESP, NHLBI, 2014",,50.31,
253946,PLCE1,deepseek-v4-pro,Benign,Benign,0.99,BA1,"Richards et al., Genet Med, 2015;Lek et al., Nature, 2016",,26.34,
253946,PLCE1,mimo-v2.5-pro,Benign,Benign,0.99,BA1;BS1,"Richards et al., Genetics in Medicine, 2015",,18.37,
707308,SLC9A1,mimo-v2.5-pro,Benign,Benign,0.95,BS1,"Exome Sequencing Project (ESP), 2014;Exome Aggregation Consortium (ExAC), 2015;1000 Genomes Project Consortium, 2012",,57.71,
525489,PAPSS2,deepseek-v4-pro,Benign,other,,,,empty output,153.23,
390370,ADA2,mimo-v2.5-pro,Benign,Benign,0.95,BA1,,,11.2,
707308,SLC9A1,deepseek-v4-pro,Benign,Likely benign,0.7,BS1;BP7,"Richards et al., Genetics in Medicine, 2015",,93.03,
390370,ADA2,deepseek-v4-pro,Benign,Benign,0.99,BA1;BS1,"Richards et al., Genet Med, 2015;Lek et al., Nature, 2016;Auton et al., Nature, 2015",,46.58,
99160,RYR1,deepseek-v4-pro,Benign,Likely benign,0.9,BS1;BP7,"Richards S, et al. Genet Med. 2015;17(5):405-424.;Lek M, et al. Nature. 2016;536(7616):285-291.",,53.52,
1235297,FAT1,deepseek-v4-pro,Benign,Likely benign,0.9,BS1;BP7,"Richards S, et al., Genet Med, 2015;Lek M, et al., Nature, 2016;Auton A, et al., Nature, 2015",,60.88,
1235297,FAT1,mimo-v2.5-pro,Benign,Likely benign,0.95,BS1,"Richards S, et al., Genet Med, 2015",,59.69,
99160,RYR1,mimo-v2.5-pro,Benign,Benign,0.95,BS1;BP7,"Lek et al., Nature, 2016;1000 Genomes Project Consortium, Nature, 2015;Richards et al., Genetics in Medicine, 2015",,59.82,
1207354,CNNM2,deepseek-v4-pro,Benign,Benign,0.99,BA1,"Richards S, et al., Genet Med, 2015;Lek M, et al., Nature, 2016",,33.63,
1207354,CNNM2,mimo-v2.5-pro,Benign,Benign,0.95,BA1;BS1,"Exome Aggregation Consortium (ExAC), 2016;1000 Genomes Project Consortium, 2015;NHLBI GO Exome Sequencing Project (ESP), 2016",,17.41,
1219395,WDR11,deepseek-v4-pro,Benign,Benign,1.0,BA1,"Richards S, et al., Genetics in Medicine, 2015",,26.37,
1219395,WDR11,mimo-v2.5-pro,Benign,Benign,0.98,BA1,Exome Sequencing Project (ESP);1000 Genomes Project,,18.65,
256549,ALOXE3,mimo-v2.5-pro,Benign,Likely benign,0.95,BS1,"Richards S, Aziz N, Bale S, et al. Standards and guidelines for the interpretation of sequence variants: a joint consensus recommendation of the American College of Medical Genetics and Genomics and the Association for Molecular Pathology. Genet Med. 2015;17(5):405-424.",,64.56,
2037062,AR,mimo-v2.5-pro,Benign,Pathogenic,0.95,PS1;PM2;PP3;PP5,"Hiort O et al., J Clin Endocrinol Metab, 1996;Holterhus PM et al., J Clin Endocrinol Metab, 2000;Gottlieb B et al., Nucleic Acids Res, 2001",,11.89,
256549,ALOXE3,deepseek-v4-pro,Benign,Likely benign,0.85,BS1;BP4,"Richards S et al., Genet Med, 2015;Lek M et al., Nature, 2016",,84.78,
207640,MPDZ,mimo-v2.5-pro,Benign,Likely benign,0.7,BS1,"Richards S, et al. Standards and guidelines for the interpretation of sequence variants: a joint consensus recommendation of the American College of Medical Genetics and Genomics and the Association for Molecular Pathology. Genet Med. 2015;17(5):405-424.",,88.06,
519639,IL17RC,mimo-v2.5-pro,Benign,Benign,0.9,BS1;BP7,,,14.21,
519639,IL17RC,deepseek-v4-pro,Benign,Likely benign,0.85,BS1;BP7,"Richards S, et al. Genet Med. 2015;17(5):405-424.;Ling Y, et al. J Exp Med. 2015;212(5):619-631.",,106.51,
207640,MPDZ,deepseek-v4-pro,Benign,other,,,,empty output,154.38,
2037062,AR,deepseek-v4-pro,Benign,other,,,,empty output,159.32,
243266,LDLR,mimo-v2.5-pro,Pathogenic,Pathogenic,0.95,PVS1;PM2,"Richards S, et al., Genet Med, 2015",,36.5,
243266,LDLR,deepseek-v4-pro,Pathogenic,Pathogenic,0.9,PVS1;PM2,"Richards S, et al., Genet Med, 2015",,38.71,
687812,LTBP3,mimo-v2.5-pro,Benign,Likely benign,0.7,BS1,"Richards et al., Genet Med, 2015",,78.16,
687812,LTBP3,deepseek-v4-pro,Benign,Likely benign,0.8,BS1;BP7,"Richards S, et al., Genet Med, 2015;Lek M, et al., Nature, 2016;1000 Genomes Project Consortium, Nature, 2015",,113.23,
134814,KCNT1,mimo-v2.5-pro,Benign,Benign,0.95,BS1;BP7,"Richards et al., Genet Med, 2015",,61.69,
134814,KCNT1,deepseek-v4-pro,Benign,Likely benign,0.9,BS1;BP7,"Richards S et al., Genet Med, 2015",,77.86,
19367,GBA1,mimo-v2.5-pro,Pathogenic,Pathogenic,0.95,PS3;PM2,"ClinVar: RCV000018483.51;Sidransky et al., N Engl J Med, 2009;Mallett et al., Mol Genet Metab, 2016",,13.48,
1947560,CFH,mimo-v2.5-pro,Benign,Uncertain significance,0.6,,,,63.4,
99808,COL6A2,deepseek-v4-pro,Benign,Benign,1.0,BA1,"Richards S, et al. Genet Med. 2015;17(5):405-424.",,19.16,
99808,COL6A2,mimo-v2.5-pro,Benign,Benign,1.0,BA1,"Richards S et al., Genet Med, 2015;Exome Aggregation Consortium;1000 Genomes Project;Exome Sequencing Project",,31.89,
1276925,APOA4,deepseek-v4-pro,Benign,Benign,1.0,BA1,"Richards et al., Genet Med, 2015",,22.7,
1276925,APOA4,mimo-v2.5-pro,Benign,Benign,0.95,BA1,,,9.87,
1947560,CFH,deepseek-v4-pro,Benign,other,,,,empty output,162.02,
19367,GBA1,deepseek-v4-pro,Pathogenic,Pathogenic,0.92,PS3;PM2;PM3;PP3;PP5,"Beutler E, Gelbart T, Scott CR. Blood Cells Mol Dis. 2005;35(3):355-364.;Hruska KS, LaMarca ME, Scott CR, Sidransky E. Hum Mutat. 2008;29(5):567-583.",,113.22,
982256,CYB5R3,mimo-v2.5-pro,Benign,Likely benign,0.8,BS1,"Richards S, et al., Genet Med, 2015",,53.92,
982256,CYB5R3,deepseek-v4-pro,Benign,Likely benign,0.85,BS1;BP4,"Richards S, et al., Genet Med, 2015;Lek M, et al., Nature, 2016;Auton A, et al., Nature, 2015",,116.08,
76773,CYP27A1,mimo-v2.5-pro,Pathogenic,Pathogenic,0.9,PS1;PM2,"Exome Sequencing Project (ESP), 2014;1000 Genomes Project, 2015;ClinVar, variant classified as pathogenic",,120.12,
76773,CYP27A1,deepseek-v4-pro,Pathogenic,Pathogenic,0.9,PS3;PM2;PP3;PP5,"Cali JJ, Hsieh CL, Francke U, Russell DW, J Biol Chem, 1991;Verrips A, Hoefsloot LH, Steenbergen GC, et al., Brain, 2000",,136.17,
191080,ABAT,deepseek-v4-pro,Benign,Likely benign,0.85,BS1;BP7,"Richards S, et al., Genetics in Medicine, 2015, 17(5):405-424;Lek M, et al., Nature, 2016, 536(7616):285-291",,121.56,
191080,ABAT,mimo-v2.5-pro,Benign,Benign,0.85,BP7,"Richards et al., Genet Med, 2015;ExAC database;1000 Genomes Project",,82.4,
229237,TERT,deepseek-v4-pro,Benign,Likely benign,0.85,BS1;BP7,"Richards S, et al. Genet Med, 2015;Lek M, et al. Nature, 2016;1000 Genomes Project Consortium. Nature, 2015",,39.23,
229237,TERT,mimo-v2.5-pro,Benign,Benign,0.95,BS1;BP7,"Richards S, et al. Standards and guidelines for the interpretation of sequence variants: a joint consensus recommendation of the American College of Medical Genetics and Genomics and the Association for Molecular Pathology. Genet Med. 2015;17(5):405-424.;Lek M, et al. Analysis of protein-coding genetic variation in 60,706 humans. Nature. 2016;536(7616):285-291.",,59.57,
368919,UQCC2,mimo-v2.5-pro,Benign,Likely benign,0.8,BS1,"Richards S, et al., Genetics in Medicine, 2015",,67.65,
368919,UQCC2,deepseek-v4-pro,Benign,Likely benign,0.8,BS1;BP7,"Richards et al., Genet Med, 2015",,88.3,
1632097,LTBP2,mimo-v2.5-pro,Benign,Likely benign,0.7,BP4;BP7,"Richards et al., Genet Med, 2015",,81.05,
719050,ROR1,mimo-v2.5-pro,Benign,Benign,0.95,BS1,"Exome Sequencing Project (ESP), 2015;Exome Aggregation Consortium (ExAC), 2016;1000 Genomes Project Consortium, 2015",,68.74,
1632097,LTBP2,deepseek-v4-pro,Benign,other,,,,empty output,156.19,
719050,ROR1,deepseek-v4-pro,Benign,Likely benign,0.85,BS1;BP7,"Richards et al., Genetics in Medicine, 2015",,94.45,
255728,SLX4,deepseek-v4-pro,Benign,Benign,0.99,BA1,"Richards S, et al. Genet Med. 2015;17(5):405-424.",,53.85,
255728,SLX4,mimo-v2.5-pro,Benign,Benign,1.0,BA1,"Richards S, Aziz N, Bale S, et al., Genet Med, 2015",,41.34,
53496,DSG2,deepseek-v4-pro,Benign,Benign,0.99,BA1,"Richards S, et al., Genet Med, 2015",,26.21,
1235613,KANK2,deepseek-v4-pro,Benign,Benign,0.99,BA1,"Richards S et al., Genet Med, 2015",,27.72,
53496,DSG2,mimo-v2.5-pro,Benign,Benign,1.0,BA1,"Exome Aggregation Consortium (ExAC), Nature, 2016;1000 Genomes Project Consortium, Nature, 2015;NHLBI Exome Sequencing Project (ESP), Science, 2012",,46.97,
1235613,KANK2,mimo-v2.5-pro,Benign,Benign,1.0,BA1,Exome Sequencing Project (ESP);1000 Genomes Project,,30.31,
717550,SBF1,deepseek-v4-pro,Benign,Likely benign,0.85,BS1;BP7,"Richards et al., Genet Med, 2015;Lek et al., Nature, 2016",,55.81,
717550,SBF1,mimo-v2.5-pro,Benign,Likely benign,0.9,BP7;BP4,"Richards S, et al., Genet Med, 2015;Exome Aggregation Consortium (ExAC), 2015;1000 Genomes Project Consortium, 2012",,64.5,
347550,SEPTIN9,mimo-v2.5-pro,Benign,Benign,0.95,BS1,"Richards S, et al., Standards and guidelines for the interpretation of sequence variants: a joint consensus recommendation of the American College of Medical Genetics and Genomics and the Association for Molecular Pathology, Genet Med, 2015",,64.76,
347550,SEPTIN9,deepseek-v4-pro,Benign,Likely benign,0.8,BS1;BP7,"Richards S, et al. Genet Med. 2015;17(5):405-424.;Auton A, et al. Nature. 2015;526(7571):68-74.",,74.07,
1609434,DHODH,mimo-v2.5-pro,Benign,Benign,1.0,BA1,"Richards S et al., Genet Med, 2015",,10.78,
1546191,A4GALT,deepseek-v4-pro,Benign,Likely benign,0.85,BS1;BP7,"Richards S, et al. Genet Med. 2015;17(5):405-424.",,83.25,
1546191,A4GALT,mimo-v2.5-pro,Benign,Likely benign,0.8,BS1,"Richards et al., Genetics in Medicine, 2015;Exome Sequencing Project;1000 Genomes Project Consortium",,76.69,
1609434,DHODH,deepseek-v4-pro,Benign,Likely benign,0.85,BS1;BP4,"Richards S et al., Genet Med, 2015",,97.43,
1583670,DIP2C,mimo-v2.5-pro,Benign,Uncertain significance,0.5,,"Richards S et al., Genet Med, 2015;Exome Sequencing Project;Exome Aggregation Consortium;1000 Genomes Project",,73.45,
704434,RNF213,deepseek-v4-pro,Benign,Likely benign,0.85,BS1;BP7,"Richards et al., Genet Med, 2015",,63.79,
704434,RNF213,mimo-v2.5-pro,Benign,Benign,0.9,BS1,"ACMG/AMP 2015 guidelines;ExAC (Lek et al., Nature, 2016);1000 Genomes Project (Auton et al., Nature, 2015)",,54.86,
1583670,DIP2C,deepseek-v4-pro,Benign,other,,,,empty output,151.49,
361210,TECPR2,mimo-v2.5-pro,Pathogenic,Pathogenic,0.9,PVS1;PM2,"Richards S, Aziz N, Bale S, et al. Standards and guidelines for the interpretation of sequence variants: a joint consensus recommendation of the American College of Medical Genetics and Genomics and the Association for Molecular Pathology. Genet Med. 2015;17(5):405-424.;Kurth I, et al. Mutations in TECPR2 cause hereditary sensory and autonomic neuropathy type VIII. Am J Hum Genet. 2019;105(6):1179-1187.",,72.76,
361210,TECPR2,deepseek-v4-pro,Pathogenic,Pathogenic,0.85,PVS1;PM2,"Richards et al., Genet Med, 2015",,90.02,
577234,DEAF1,mimo-v2.5-pro,Benign,Benign,0.95,BS1,"Exome Aggregation Consortium (ExAC), Nature, 2016;1000 Genomes Project Consortium, Nature, 2015;NHLBI Exome Sequencing Project (ESP), 2012",,54.08,
577234,DEAF1,deepseek-v4-pro,Benign,Likely benign,0.9,BS1;BP7,"Richards S et al., Genet Med, 2015",,86.03,
1661866,CEP89,deepseek-v4-pro,Benign,Benign,1.0,BA1,"Richards S, et al., Genet Med, 2015",,21.16,
1661866,CEP89,mimo-v2.5-pro,Benign,Benign,0.95,BA1,,,10.86,
191341,GALNS,mimo-v2.5-pro,Benign,Likely benign,0.7,BS1,"Richards S, et al. Standards and guidelines for the interpretation of sequence variants. Genet Med. 2015;Exome Aggregation Consortium, et al. Analysis of protein-coding genetic variation in 60,706 humans. Nature. 2016;1000 Genomes Project Consortium. A global reference for human genetic variation. Nature. 2015",,57.68,
178145,VCAN,deepseek-v4-pro,Benign,Benign,0.99,BA1,"Richards S, et al. Genet Med. 2015;17(5):405-424",,29.11,
696008,MAD2L2,deepseek-v4-pro,Benign,Likely benign,0.85,BS1;BP7,"Richards S, et al. Genet Med. 2015;17(5):405-424.;Lek M, et al. Nature. 2016;536:285-291.",,59.59,
696008,MAD2L2,mimo-v2.5-pro,Benign,Likely benign,0.85,BS1;BP7,"Richards S, Aziz N, Bale S, et al. Genet Med, 2015",,62.35,
799421,MSH3,deepseek-v4-pro,Benign,Benign,0.99,BA1;BP7,"Richards et al., Genetics in Medicine, 2015;Lek et al., Nature, 2016;The 1000 Genomes Project Consortium, Nature, 2015",,11.04,
178145,VCAN,mimo-v2.5-pro,Benign,Benign,1.0,BA1,"Richards S et al., Genetics in Medicine, 2015;Exome Aggregation Consortium et al., Nature, 2016;1000 Genomes Project Consortium, Nature, 2015;ESP6500SI-V2 data, NHLBI GO Exome Sequencing Project",,28.32,
799421,MSH3,mimo-v2.5-pro,Benign,Benign,1.0,BA1,"Richards S, et al., Genetics in Medicine, 2015;Exome Sequencing Project;1000 Genomes Project;Exome Aggregation Consortium",,32.39,
191341,GALNS,deepseek-v4-pro,Benign,other,,,,empty output,149.61,
1250959,POP1,deepseek-v4-pro,Benign,Benign,0.99,BA1,"Lek M, et al. Nature. 2016;536:285-291.;Auton A, et al. Nature. 2015;526:68-74.",,17.4,
1250959,POP1,mimo-v2.5-pro,Benign,Benign,0.99,BA1,Exome Sequencing Project (ESP);Exome Aggregation Consortium (ExAC);1000 Genomes Project,,25.4,
315202,EYA1,mimo-v2.5-pro,Benign,Pathogenic,0.7,PM2;PP3;PP5,"ClinVar, RCV000018377.4, pathogenic, multiple submitters.",,12.1,
708679,SLC7A14,mimo-v2.5-pro,Benign,Likely benign,0.9,BS1,,,87.95,
708679,SLC7A14,deepseek-v4-pro,Benign,other,,,,empty output,146.29,
264590,POLG,mimo-v2.5-pro,Pathogenic,Pathogenic,0.85,PVS1;PM2,"Richards et al., Genet Med, 2015",,60.03,
1199678,CENPF,deepseek-v4-pro,Benign,Benign,0.99,BA1,"Richards et al., Genetics in Medicine, 2015;Lek et al., Nature, 2016",,18.39,
315202,EYA1,deepseek-v4-pro,Benign,other,,,,empty output,150.05,
1199678,CENPF,mimo-v2.5-pro,Benign,Benign,1.0,BA1,"Richards, S. et al., Standards and guidelines for the interpretation of sequence variants: a joint consensus recommendation of the American College of Medical Genetics and Genomics and the Association for Molecular Pathology, Genet Med, 2015",,35.89,
264590,POLG,deepseek-v4-pro,Pathogenic,other,,,,empty output,140.46,
291612,ITPR1,deepseek-v4-pro,Benign,Likely benign,0.9,BS1;BP7,"Richards S et al., Genet Med, 2015;1000 Genomes Project Consortium, Nature, 2015",,50.19,
291612,ITPR1,mimo-v2.5-pro,Benign,Likely benign,0.85,BS1,"Richards S, et al., Standards and guidelines for the interpretation of sequence variants: a joint consensus recommendation of the American College of Medical Genetics and Genomics and the Association for Molecular Pathology, Genet Med, 2015;1000 Genomes Project Consortium, A global reference for human genetic variation, Nature, 2015",,44.26,
250841,FANCD2,mimo-v2.5-pro,Benign,Benign,0.95,BA1;BS1,"Richards et al., Genetics in Medicine, 2015",,13.46,
231171,MYH9,mimo-v2.5-pro,Benign,Benign,0.9,BS1;BP7,"Richards S, et al., Genet Med, 2015;Lek M, et al., Nature, 2016;The 1000 Genomes Project Consortium, Nature, 2015",,50.98,
231171,MYH9,deepseek-v4-pro,Benign,Likely benign,0.85,BS1;BP7,"Richards et al., Genet Med, 2015;Lek et al., Nature, 2016;1000 Genomes Project Consortium, Nature, 2015",,80.71,
266921,FTCD,mimo-v2.5-pro,Benign,Likely benign,0.85,BA1_partial;BS1;BP7;BP6,"Richards et al., Genetics in Medicine, 2015 (ACMG/AMP guidelines);Kishore et al., Journal of Inherited Metabolic Disease, 2002 (FTCD deficiency characterization);Hilton et al., Molecular Genetics and Metabolism, 2003",,18.46,
250841,FANCD2,deepseek-v4-pro,Benign,Likely benign,0.9,BS1;BP7,"Richards S et al., Genet Med, 2015",,75.62,
266921,FTCD,deepseek-v4-pro,Benign,Likely benign,0.85,BS1;BP4,"Richards S, et al. Genet Med. 2015;17(5):405-424.",,58.14,
20973,CLDN16,mimo-v2.5-pro,Pathogenic,Pathogenic,0.85,PS1;PM2,"Simon DB, et al., Nature Genetics, 1999;Claverie-Martin F, et al., Clinical Genetics, 2011",,50.1,
1327007,SPECC1L,mimo-v2.5-pro,Benign,Uncertain significance,0.5,,Exome Sequencing Project (ESP);1000 Genomes Project (1000G),,83.07,
704572,DSG1,deepseek-v4-pro,Benign,Likely benign,0.9,BS1;BP7,"Richards S et al., Genet Med, 2015;Lek M et al., Nature, 2016;1000 Genomes Project Consortium, Nature, 2015",,71.87,
20973,CLDN16,deepseek-v4-pro,Pathogenic,other,,,,empty output,145.62,
221072,KIF1B,mimo-v2.5-pro,Benign,Benign,0.95,BA1,"Exome Aggregation Consortium (ExAC), 2016;1000 Genomes Project Consortium, 2015",,12.13,
704572,DSG1,mimo-v2.5-pro,Benign,Likely benign,0.8,BS1,,,42.71,
1327007,SPECC1L,deepseek-v4-pro,Benign,other,,,,empty output,152.28,
251176,NBEAL2,deepseek-v4-pro,Benign,Benign,0.99,BA1;BS1,"Exome Sequencing Project (ESP), accessed 2025;1000 Genomes Project Consortium, Nature, 2015",,13.35,
221072,KIF1B,deepseek-v4-pro,Benign,Likely benign,0.85,BS1;BP4,"Richards S et al., Genet Med, 2015;Lek M et al., Nature, 2016;Auton A et al., Nature, 2015",,77.63,
251176,NBEAL2,mimo-v2.5-pro,Benign,Benign,0.99,BA1,"Richards S et al., Genet Med, 2015",,57.26,
191843,FREM1,deepseek-v4-pro,Benign,Benign,1.0,BA1,"Lek et al., Nature, 2016;Auton et al., Nature, 2015;NHLBI Exome Sequencing Project, 2012",,11.45,
752399,NPAT,mimo-v2.5-pro,Benign,Uncertain significance,0.5,,"Richards et al., Genet Med, 2015",,61.27,
1156369,DHTKD1,deepseek-v4-pro,Benign,Benign,1.0,BA1,"Richards et al., Genet Med, 2015",,21.64,
191843,FREM1,mimo-v2.5-pro,Benign,Benign,1.0,BA1,"NHLBI Exome Sequencing Project, 2014;Lek M et al., Nature, 2016;1000 Genomes Project Consortium, Nature, 2015",,37.04,
1156369,DHTKD1,mimo-v2.5-pro,Benign,Benign,1.0,BA1,"Richards S, et al., Genetics in Medicine, 2015;ESP, ExAC, 1000G databases as provided in input",,33.56,
711028,PKD1L1,deepseek-v4-pro,Benign,Likely benign,0.85,BS1;BP7,"Richards S, et al., Genet Med, 2015",,45.8,
697872,ZIC4,mimo-v2.5-pro,Benign,Likely benign,0.8,BS1,"Exome Sequencing Project, NHLBI, 2014;1000 Genomes Project Consortium, Nature, 2015",,65.55,
752399,NPAT,deepseek-v4-pro,Benign,other,,,,empty output,155.29,
711028,PKD1L1,mimo-v2.5-pro,Benign,Benign,0.99,BA1;BS1,,,10.9,
372800,NOTCH1,mimo-v2.5-pro,Benign,Benign,1.0,BA1,"ClinVar, NCBI, 2024",,12.03,
372800,NOTCH1,deepseek-v4-pro,Benign,Likely benign,0.85,BS1;BP4,"Richards et al., Genet Med, 2015;Lek et al., Nature, 2016",,56.54,
697872,ZIC4,deepseek-v4-pro,Benign,other,,,,empty output,154.54,
2107128,PYGL,mimo-v2.5-pro,Benign,Uncertain significance,0.5,PM2,"Richards S et al., Genetics in Medicine, 2015;Tennessen JA et al., Science, 2012;Lek M et al., Nature, 2016;The 1000 Genomes Project Consortium, Nature, 2015",,63.75,
277809,LAMC2,mimo-v2.5-pro,Benign,Benign,0.95,BA1,,,9.39,
277809,LAMC2,deepseek-v4-pro,Benign,Likely benign,0.85,BS1;BP7,"Richards S, et al. Genet Med. 2015;17(5):405-424.",,53.92,
2107128,PYGL,deepseek-v4-pro,Benign,Uncertain significance,0.4,PM2,"Richards et al., Genetics in Medicine, 2015",,129.31,
1253006,CYP7A1,mimo-v2.5-pro,Benign,Benign,0.9,BS1,"Exome Sequencing Project, NHLBI GO Exome Sequencing Project, 2014;Exome Aggregation Consortium, Nature, 2016;1000 Genomes Project Consortium, Nature, 2015",,49.67,
257481,COL18A1,deepseek-v4-pro,Benign,Benign,0.95,BA1,"Lek M et al., Nature, 2016, 536:285-291;Auton A et al., Nature, 2015, 526:68-74;Exome Variant Server, NHLBI GO Exome Sequencing Project (ESP), Seattle, WA",,23.6,
1156614,VPS11,deepseek-v4-pro,Benign,Likely benign,0.85,BS1;BP7,"Richards et al., Genetics in Medicine, 2015",,52.61,
1156614,VPS11,mimo-v2.5-pro,Benign,Benign,0.95,BA1,,,73.73,
257481,COL18A1,mimo-v2.5-pro,Benign,Benign,0.95,BA1;BS1,ESP;ExAC;1000G,,50.95,
106004,UMPS,deepseek-v4-pro,Benign,Benign,0.99,BA1,"Richards S, et al., Genet Med, 2015",,50.85,
1253006,CYP7A1,deepseek-v4-pro,Benign,Likely benign,0.85,BS1;BP4,"Richards S, et al. Genet Med. 2015;17(5):405-424",,140.05,
106004,UMPS,mimo-v2.5-pro,Benign,Benign,0.95,BA1,ESP;ExAC;1000G,,20.05,
250906,GATA2,deepseek-v4-pro,Benign,Benign,1.0,BA1,"Richards et al., Genet Med, 2015",,25.57,
250906,GATA2,mimo-v2.5-pro,Benign,Benign,1.0,BA1,"Exome Sequencing Project (ESP), http://evs.gs.washington.edu/EVS/, 2014;Exome Aggregation Consortium (ExAC), http://exac.broadinstitute.org/, 2016;1000 Genomes Project, http://www.internationalgenome.org/, 2015",,30.72,
2858708,CCDC88C,mimo-v2.5-pro,Benign,Benign,0.9,BP4;BP7,"Richards S, et al., Genet Med, 2015;Exome Sequencing Project (ESP);Exome Aggregation Consortium (ExAC)",,54.87,
256867,NPHS1,deepseek-v4-pro,Benign,Benign,0.99,BA1,"Richards et al., Genet Med, 2015",,34.94,
256867,NPHS1,mimo-v2.5-pro,Benign,Benign,1.0,BA1,"Richards S, et al. Standards and guidelines for the interpretation of sequence variants: a joint consensus recommendation of the American College of Medical Genetics and Genomics and the Association for Molecular Pathology. Genet Med. 2015.;Exome Sequencing Project (ESP);1000 Genomes Project Consortium",,29.28,
1238948,CTNNA3,deepseek-v4-pro,Benign,Benign,0.99,BA1,"Richards S, et al. Genet Med. 2015;17(5):405-424;Lek M, et al. Nature. 2016;536(7616):285-291;Auton A, et al. Nature. 2015;526(7571):68-74",,42.69,
1238948,CTNNA3,mimo-v2.5-pro,Benign,Benign,0.99,BA1;BS1,"Richards et al., Genet Med, 2015",,17.02,
728465,VAV1,mimo-v2.5-pro,Benign,Benign,0.8,BS1,"Richards S, et al. Standards and guidelines for the interpretation of sequence variants: a joint consensus recommendation of the American College of Medical Genetics and Genomics and the Association for Molecular Pathology. Genet Med. 2015.",,89.67,
2858708,CCDC88C,deepseek-v4-pro,Benign,other,,,,empty output,172.89,
728465,VAV1,deepseek-v4-pro,Benign,Likely benign,0.85,BS1;BP7,"Richards S et al., Genet Med, 2015;Lek M et al., Nature, 2016;1000 Genomes Project Consortium, Nature, 2015",,118.8,
177507,BBS12,deepseek-v4-pro,Benign,Benign,0.99,BA1,"Richards et al., Genetics in Medicine, 2015;Lek et al., Nature, 2016",,22.6,
1649545,RUSC2,deepseek-v4-pro,Benign,Uncertain significance,0.3,PM2,"Richards S et al., Genet Med, 2015, 17(5):405-424;Lek M et al., Nature, 2016, 536(7616):285-291;Auton A et al., Nature, 2015, 526(7571):68-74",,84.88,
1649545,RUSC2,mimo-v2.5-pro,Benign,Uncertain significance,0.3,,,,63.74,
177507,BBS12,mimo-v2.5-pro,Benign,Benign,0.95,BA1,"Exome Sequencing Project, Nature Genetics, 2015;Exome Aggregation Consortium, Nature, 2016;1000 Genomes Project Consortium, Nature, 2015",,47.69,
1154638,BBS7,mimo-v2.5-pro,Benign,Benign,0.95,BS1;BP7,"Richards S, et al. Genet Med. 2015 (ACMG guidelines);Karczewski KJ, et al. Nature. 2020 (gnomAD v2.1);Lek M, et al. Nature. 2016 (ExAC)",,19.71,
453120,EOGT,mimo-v2.5-pro,Benign,Likely benign,0.7,BS1,"Richards S et al., Standards and guidelines for the interpretation of sequence variants, Genet Med, 2015",,51.06,
779502,GUCY2C,mimo-v2.5-pro,Benign,Likely benign,0.9,BS1,,,58.76,
453120,EOGT,deepseek-v4-pro,Benign,other,,,,empty output,146.21,
204363,CLCN1,mimo-v2.5-pro,Pathogenic,Pathogenic,0.8,PM2;PM1;PP3,"Richards S, et al. Genet Med. 2015 (ACMG/AMP guidelines); Colding-Jorgensen E, et al. Neurology. 2006 (CLCN1 functional studies)",,33.9,
779502,GUCY2C,deepseek-v4-pro,Benign,other,,,,"{""classification"":""Likely benign"",""acmg_rules"":[""BS1"",""BP4""],""confidence"":0.85,""evidence_summary"":""The variant is present at ~3.5% in population databases, far above the expected frequency for GUCY2C-",140.4,
1154638,BBS7,deepseek-v4-pro,Benign,other,,,,empty output,171.47,
329256,NFKBIA,deepseek-v4-pro,Benign,Benign,0.99,BA1,"Richards S, et al. Genet Med. 2015",,16.27,
222445,LITAF,deepseek-v4-pro,Benign,Likely benign,0.9,BS1;BP7,"Richards S et al., Genet Med, 2015",,59.57,
222445,LITAF,mimo-v2.5-pro,Benign,Likely benign,0.9,BS1,,,52.4,
329256,NFKBIA,mimo-v2.5-pro,Benign,Benign,1.0,BA1,Exome Sequencing Project (ESP);Exome Aggregation Consortium (ExAC);1000 Genomes Project (1000G),,45.09,
204363,CLCN1,deepseek-v4-pro,Pathogenic,other,,,,empty output,140.37,
1535086,DNAH8,mimo-v2.5-pro,Benign,Uncertain significance,0.6,,"Exome Sequencing Project (ESP), NHLBI, 2014;Exome Aggregation Consortium (ExAC), Nature, 2016;1000 Genomes Project Consortium, Nature, 2015",,58.9,
489057,ABCB4,deepseek-v4-pro,Pathogenic,Pathogenic,0.9,PVS1;PM2,"Richards S, et al., Genet Med, 2015;Davit-Spraul A, et al., Orphanet J Rare Dis, 2010",,59.28,
519333,MYD88,mimo-v2.5-pro,Benign,Benign,0.95,BA1,"Richards et al., Genetics in Medicine, 2015",,9.94,
489057,ABCB4,mimo-v2.5-pro,Pathogenic,Pathogenic,0.95,PVS1;PM2,"Richards S, et al. Genet Med. 2015.;Davit-Spraul A, et al. J Hepatol. 2009.",,54.23,
1158593,LIG1,mimo-v2.5-pro,Benign,Uncertain significance,0.6,PM2_Supporting;PP2;PP3_Strong,"Richards S, et al., Genet Med, 2015;spliceAI, 2019;gnomAD, 2020",,11.75,
1535086,DNAH8,deepseek-v4-pro,Benign,other,,,,empty output,140.08,
26989,DBT,deepseek-v4-pro,Pathogenic,Pathogenic,0.85,PVS1;PM2,"Richards S, et al. Genet Med. 2015;17(5):405-424.;Strauss KA, et al. GeneReviews: Maple Syrup Urine Disease. 2020.",,42.38,
519333,MYD88,deepseek-v4-pro,Benign,Likely benign,0.8,BS1;BP7,"Richards S, Aziz N, Bale S, et al. Genet Med. 2015;17(5):405-424.",,97.71,
1062324,RAG1,mimo-v2.5-pro,Pathogenic,Pathogenic,0.95,PVS1;PM2;PP3,"ClinVar SCV000025862.2 (Submitters: OMIM, GeneReviews); Oettinger MA, et al. (1990) Science 248(4962):1517-23; Notarangelo LD, et al. (2016) J Allergy Clin Immunol 137(4):959-75",,11.94,
26989,DBT,mimo-v2.5-pro,Pathogenic,Pathogenic,0.9,PVS1;PM2,"Richards S, et al., Genetics in Medicine, 2015",,45.63,
1602887,TONSL,mimo-v2.5-pro,Benign,Uncertain significance,0.5,PM2,,,10.82,
1158593,LIG1,deepseek-v4-pro,Benign,other,,,,empty output,129.68,
1062324,RAG1,deepseek-v4-pro,Pathogenic,Pathogenic,0.95,PS3;PM1;PM2;PM3;PP3,"Villa A et al., Cell, 1998;Corneo B et al., Blood, 2001",,91.5,
191436,PITPNM3,deepseek-v4-pro,Benign,Benign,1.0,BA1,"Lek M, et al., Nature, 2016;Auton A, et al., Nature, 2015;NHLBI GO Exome Sequencing Project, 2012",,18.72,
348073,TRMU,deepseek-v4-pro,Benign,Likely benign,0.85,BS1;BP7,Richards S et al. Genet Med. 2015;Lek M et al. Nature. 2016;1000 Genomes Project Consortium. Nature. 2015,,61.62,
191436,PITPNM3,mimo-v2.5-pro,Benign,Benign,1.0,BA1,"Richards et al., Genetics in Medicine, 2015 (ACMG/AMP guidelines);Exome Variant Server (ESP);Exome Aggregation Consortium (ExAC);1000 Genomes Project (1000G)",,11.54,
348073,TRMU,mimo-v2.5-pro,Benign,Benign,0.9,BS1,"Lek M et al., Nature, 2016;1000 Genomes Project Consortium, Nature, 2015;NHLBI GO Exome Sequencing Project, 2012",,50.65,
724743,CAPN5,deepseek-v4-pro,Benign,Likely benign,0.85,BS1;BP7,"Richards et al., Genet Med, 2015;Mahajan et al., PLoS Genet, 2012",,48.86,
1232267,MYO18B,mimo-v2.5-pro,Benign,Likely benign,0.9,BS1,,,10.49,
724743,CAPN5,mimo-v2.5-pro,Benign,Benign,0.9,BS1,,,54.41,
1602887,TONSL,deepseek-v4-pro,Benign,other,,,,empty output,151.02,
1584091,PARN,mimo-v2.5-pro,Benign,Uncertain significance,0.6,,,,56.13,
712579,EXPH5,mimo-v2.5-pro,Benign,Likely benign,0.85,BS1,,,11.29,
131878,SMARCA2,deepseek-v4-pro,Benign,Benign,0.99,BA1,"Richards et al., Genetics in Medicine, 2015",,19.01,
712579,EXPH5,deepseek-v4-pro,Benign,Likely benign,0.85,BS1;BP7,"Richards et al., Genet Med, 2015;Lek et al., Nature, 2016;1000 Genomes Project Consortium, Nature, 2015",,92.29,
1232267,MYO18B,deepseek-v4-pro,Benign,other,,,,empty output,163.52,
131878,SMARCA2,mimo-v2.5-pro,Benign,Benign,1.0,BA1,"Exome Sequencing Project (ESP), accessed via http://evs.gs.washington.edu/EVS/;Exome Aggregation Consortium (ExAC), accessed via http://exac.broadinstitute.org/;1000 Genomes Project (1000G), accessed via http://www.1000genomes.org/",,38.36,
31344,FMO3,deepseek-v4-pro,Benign,Benign,1.0,BA1,"Richards S et al, Genet Med, 2015;Lek M et al, Nature, 2016;1000 Genomes Project Consortium, Nature, 2015",,16.36,
1584091,PARN,deepseek-v4-pro,Benign,other,,,,empty output,153.79,
31344,FMO3,mimo-v2.5-pro,Benign,Benign,0.95,BA1,,,8.52,
3179315,GCK,deepseek-v4-pro,Benign,Likely benign,0.9,BS1;BP7,"Richards S, et al. Genet Med. 2015;17(5):405-424.",,65.0,
3179315,GCK,mimo-v2.5-pro,Benign,Uncertain significance,0.5,,,,73.55,
1020251,TNXB,mimo-v2.5-pro,Pathogenic,Pathogenic,0.85,PVS1;PM2,"Richards et al., Genet Med, 2015;Schalkwijk et al., N Engl J Med, 2001",,15.9,
191573,CEP164,mimo-v2.5-pro,Benign,Uncertain significance,0.5,,"Richards S, et al., Genet Med, 2015",,69.32,
1020251,TNXB,deepseek-v4-pro,Pathogenic,Pathogenic,0.85,PVS1;PM2,"Richards S, et al., Genet Med, 2015;Schalkwijk J, et al., N Engl J Med, 2001",,64.17,
246241,LDLR,deepseek-v4-pro,Benign,Benign,0.99,BA1,"Richards et al., Genet Med, 2015, PMID:25741868",,23.63,
246241,LDLR,mimo-v2.5-pro,Benign,Benign,1.0,BA1,"Richards S, Aziz N, Bale S, et al. Standards and guidelines for the interpretation of sequence variants: a joint consensus recommendation of the American College of Medical Genetics and Genomics and the Association for Molecular Pathology. Genet Med. 2015;17(5):405-424.",,31.78,
882976,ADAMTS10,deepseek-v4-pro,Benign,Likely benign,0.8,BS1;BP7,"Richards S et al., Genet Med, 2015;Lek M et al., Nature, 2016",,84.09,
882976,ADAMTS10,mimo-v2.5-pro,Benign,Uncertain significance,0.5,,,,71.89,
191573,CEP164,deepseek-v4-pro,Benign,other,,,,empty output,153.53,
1659530,LRRK1,deepseek-v4-pro,Benign,Benign,0.99,BA1,"Richards S et al., Genet Med, 2015;Lek M et al., Nature, 2016;Auton A et al., Nature, 2015",,21.13,
1659530,LRRK1,mimo-v2.5-pro,Benign,Benign,0.95,BA1,"Richards et al., Genetics in Medicine, 2015;Exome Sequencing Project, NHLBI, 2014;1000 Genomes Project Consortium, Nature, 2015;Exome Aggregation Consortium, Nature, 2016",,18.66,
2079733,DHX37,deepseek-v4-pro,Benign,Benign,1.0,BA1;BS1,"Richards S, et al. Genet Med. 2015;17(5):405-424.;Lek M, et al. Nature. 2016;536(7616):285-291.;NHLBI GO Exome Sequencing Project (ESP) Exome Variant Server.",,33.57,
1596088,HPD,mimo-v2.5-pro,Benign,Pathogenic,0.75,PVS1;PP3,"Richards S et al., Genet Med, 2015;Lek M et al., Nature, 2016;1000 Genomes Project Consortium, Nature, 2015",,79.93,
2079733,DHX37,mimo-v2.5-pro,Benign,Benign,1.0,BA1,"Exome Sequencing Project (ESP), NHLBI, 2014;Exome Aggregation Consortium (ExAC), Nature, 2016;1000 Genomes Project Consortium, Nature, 2015",,48.26,
133812,ANK3,mimo-v2.5-pro,Benign,Likely benign,0.85,BS1,"Richards et al., Genetics in Medicine, 2015",,24.04,
1596088,HPD,deepseek-v4-pro,Benign,other,,,,empty output,148.84,
1158041,NLRP1,deepseek-v4-pro,Benign,Likely benign,0.9,BS1;BP4,"Richards S, et al. Genet Med. 2015;17(5):405-424.",,71.67,
1158041,NLRP1,mimo-v2.5-pro,Benign,Benign,0.9,BS1,,,58.83,
133812,ANK3,deepseek-v4-pro,Benign,other,,,,empty output,149.13,
3202942,EP300,mimo-v2.5-pro,Benign,Benign,0.9,BS1,"Richards S, et al. Standards and guidelines for the interpretation of sequence variants: a joint consensus recommendation of the American College of Medical Genetics and Genomics and the Association for Molecular Pathology. Genet Med. 2015.;Lek M, et al. Analysis of protein-coding genetic variation in 60,706 humans. Nature. 2016.",,62.04,
3202942,EP300,deepseek-v4-pro,Benign,Uncertain significance,0.3,PM2,"Richards S et al., Genet Med, 2015",,107.19,
370237,SYNE1,deepseek-v4-pro,Benign,Likely benign,0.8,BS1;BP4,Richards S et al. Genet Med. 2015;17(5):405-424;1000 Genomes Project Consortium. Nature. 2015;526(7571):68-74;Lek M et al. Nature. 2016;536(7616):285-291,,86.69,
370237,SYNE1,mimo-v2.5-pro,Benign,Benign,0.9,BS1,"Richards et al., Genet Med, 2015;ESP, ExAC, 1000 Genomes Project",,68.24,
716433,PLEKHG2,deepseek-v4-pro,Benign,Likely benign,0.92,BS1;BP7,"Richards S et al., Genetics in Medicine, 2015;Lek M et al., Nature, 2016;1000 Genomes Project Consortium, Nature, 2015;NHLBI Exome Sequencing Project (ESP), Exome Variant Server",,79.37,
716433,PLEKHG2,mimo-v2.5-pro,Benign,Benign,0.9,BS1,"Richards S et al., Standards and guidelines for the interpretation of sequence variants: a joint consensus recommendation of the American College of Medical Genetics and Genomics and the Association for Molecular Pathology, Genet Med, 2015",,53.17,
440413,NPHS2,mimo-v2.5-pro,Pathogenic,Pathogenic,0.8,PS1;PM2;PP3,"Boute et al., Nature Genetics, 2000;Richards et al., Genetics in Medicine, 2015",,74.44,
720851,LETM1,mimo-v2.5-pro,Benign,Uncertain significance,0.5,,"Richards S, et al., Genet Med, 2015",,62.83,
440413,NPHS2,deepseek-v4-pro,Pathogenic,Pathogenic,0.9,PS3;PM1;PM2;PM3;PP3,"Boute N et al., Nat Genet, 2000;Roselli S et al., J Am Soc Nephrol, 2004",,139.53,
1157015,TNFRSF1A,deepseek-v4-pro,Benign,Benign,0.99,BA1,"Richards S, et al. Genet Med. 2015;17(5):405-424.",,20.82,
1585181,CHD4,deepseek-v4-pro,Benign,Likely benign,0.9,BS1;BP7,"Richards S, et al. Genet Med. 2015;17(5):405-424;Weiss K, et al. Am J Hum Genet. 2016;99(4):934-941",,58.71,
1585181,CHD4,mimo-v2.5-pro,Benign,Benign,0.95,BA1;BS1,"Richards S, et al. Genet Med. 2015;Lek M, et al. Nature. 2016",,47.88,
174229,NME8,mimo-v2.5-pro,Benign,Benign,0.99,BA1,Exome Sequencing Project (ESP);Exome Aggregation Consortium (ExAC);1000 Genomes Project (1000G),,12.7,
174229,NME8,deepseek-v4-pro,Benign,Benign,1.0,BA1,"Richards S, et al. Genet Med. 2015;17(5):405-424.",,15.31,
1157015,TNFRSF1A,mimo-v2.5-pro,Benign,Benign,1.0,BA1,"Richards S, Aziz N, Bale S, et al. Standards and guidelines for the interpretation of sequence variants: a joint consensus recommendation of the American College of Medical Genetics and Genomics and the Association for Molecular Pathology. Genet Med. 2015;17(5):405-424.",,35.12,
720851,LETM1,deepseek-v4-pro,Benign,other,,,,empty output,151.53,
737504,ERCC6,mimo-v2.5-pro,Benign,Uncertain significance,0.5,,"Exome Aggregation Consortium, Nature, 2016;1000 Genomes Project Consortium, Nature, 2015",,54.63,
251502,KIT,mimo-v2.5-pro,Benign,Likely benign,0.9,BS1,"Exome Sequencing Project, NHLBI, 2015;Exome Aggregation Consortium, Broad Institute, 2016;1000 Genomes Project Consortium, 2015",,51.02,
346719,COL18A1,mimo-v2.5-pro,Benign,Benign,0.9,BA1;BS1,,,10.49,
2849151,CTNNBL1,deepseek-v4-pro,Benign,Benign,0.99,BA1,"Richards et al., Genetics in Medicine, 2015",,15.93,
2849151,CTNNBL1,mimo-v2.5-pro,Benign,Benign,0.99,BA1,"NHLBI GO Exome Sequencing Project (ESP), 2012;Lek et al., Nature, 2016;1000 Genomes Project Consortium, Nature, 2015",,29.7,
251502,KIT,deepseek-v4-pro,Benign,Likely benign,0.9,BS1;BP7,"Richards S, et al., Genet Med, 2015",,112.09,
737504,ERCC6,deepseek-v4-pro,Benign,other,,,,empty output,142.49,
346719,COL18A1,deepseek-v4-pro,Benign,Likely benign,0.8,BS1;BP7,"Richards et al., Genetics in Medicine, 2015, PMID:25741868",,112.0,
251737,DNAH5,mimo-v2.5-pro,Benign,Benign,0.99,BA1;BS1,"Richards et al., Genet Med, 2015;ESP, ExAC, 1000G databases",,16.09,
251610,WDR36,deepseek-v4-pro,Benign,Benign,0.95,BA1,"Richards S, et al. Genet Med. 2015;17(5):405-424.;Lek M, et al. Nature. 2016;536(7616):285-291.",,15.98,
32077,C8B,mimo-v2.5-pro,Pathogenic,Pathogenic,0.85,PVS1,"Richards et al., Genet Med, 2015",,78.08,
251610,WDR36,mimo-v2.5-pro,Benign,Benign,0.95,BA1,Exome Sequencing Project (ESP);Exome Aggregation Consortium (ExAC);1000 Genomes Project (1000G),,38.9,
32077,C8B,deepseek-v4-pro,Pathogenic,Pathogenic,0.95,PVS1;PS4;PP5,"Saucedo L, Ackermann L, Platonov AE, Gewurz A, Densen P. J Immunol. 1995;155(10):5022-8.",,113.03,
251737,DNAH5,deepseek-v4-pro,Benign,Likely benign,0.9,BS1;BP4,"Richards S, Aziz N, Bale S, et al. Genet Med. 2015;17(5):405-424.;Zariwala MA, Knowles MR, Leigh MW. GeneReviews: Primary Ciliary Dyskinesia. 2019.",,120.21,
1276483,SUN1,deepseek-v4-pro,Benign,Benign,0.99,BA1,"Richards et al., Genetics in Medicine, 2015;1000 Genomes Project Consortium, Nature, 2015",,37.15,
20685,AGXT,deepseek-v4-pro,Pathogenic,Pathogenic,0.95,PS3;PM1;PM2;PP3;PP5,"Fargue S, Lewin J, Rumsby G, Danpure CJ, J Biol Chem, 2013;Williams EL, Bagg EA, Mueller M, Vandrovcova J, Pittman AM, Thompson JR, et al., Hum Mutat, 2009;Coulter-Mackie MB, Applegarth D, Toone JR, Henderson H, Mol Genet Metab, 2004",,79.11,
1276483,SUN1,mimo-v2.5-pro,Benign,Benign,1.0,BA1,"1000 Genomes Project Consortium, Nature, 2015",,33.02,
1159738,KDM5C,mimo-v2.5-pro,Benign,Uncertain significance,0.4,PM2,"Richards S, et al., Genet Med, 2015",,39.36,
20685,AGXT,mimo-v2.5-pro,Pathogenic,Pathogenic,0.9,PS1;PM2,"Richards S, et al. Genet Med. 2015;Lek M, et al. Nature. 2016",,94.72,
364955,B3GALNT2,mimo-v2.5-pro,Benign,Uncertain significance,0.5,,"Richards et al., Genetics in Medicine, 2015",,63.4,
1272742,LRRC56,mimo-v2.5-pro,Benign,Benign,0.95,BS1,"Exome Aggregation Consortium (ExAC), Broad Institute, 2015;1000 Genomes Project Consortium, 2015",,11.3,
1159738,KDM5C,deepseek-v4-pro,Benign,other,,,,empty output,137.46,
364955,B3GALNT2,deepseek-v4-pro,Benign,other,,,,empty output,153.91,
1153564,AHDC1,deepseek-v4-pro,Benign,Benign,0.95,BA1,"Richards S, Aziz N, Bale S, et al. Standards and guidelines for the interpretation of sequence variants. Genet Med. 2015;17(5):405-424.;Exome Variant Server (ESP6500), NHLBI GO Exome Sequencing Project;Lek M, et al. Analysis of protein-coding genetic variation in 60,706 humans. Nature. 2016;536(7616):285-291.;1000 Genomes Project Consortium. A global reference for human genetic variation. Nature. 2015;526(7571):68-74.",,27.81,
530689,CYBA,mimo-v2.5-pro,Benign,Benign,0.9,BS1;BP7,"Exome Sequencing Project, 2016;Exome Aggregation Consortium, 2016;1000 Genomes Project, 2015",,60.98,
1272742,LRRC56,deepseek-v4-pro,Benign,other,,,,empty output,149.54,
530689,CYBA,deepseek-v4-pro,Benign,Likely benign,0.8,BS1;BP7,"Richards S, et al. Genet Med. 2015;17(5):405-424.",,89.07,
1153564,AHDC1,mimo-v2.5-pro,Benign,Benign,0.95,BA1,"Lek M et al., Nature, 2016;The 1000 Genomes Project Consortium, Nature, 2015;NHLBI Exome Sequencing Project, 2014",,37.81,
586375,ABCB11,mimo-v2.5-pro,Pathogenic,Uncertain significance,0.4,PM2,"Richards S, et al. Genet Med. 2015;Exome Aggregation Consortium. Nature. 2016",,70.17,
1157774,CARMIL2,mimo-v2.5-pro,Benign,Likely benign,0.75,BP4;BP7,"Exome Sequencing Project (ESP), 2015;Exome Aggregation Consortium (ExAC), 2015;1000 Genomes Project, 2015",,57.12,
586375,ABCB11,deepseek-v4-pro,Pathogenic,Pathogenic,0.95,PS3;PM2;PM3;PP3;PP4,"Strautnieks SS, et al. Nat Genet. 1998;20(3):233-238.;Lam P, et al. Hepatology. 2006;43(2):266-274.",,149.73,
1157774,CARMIL2,deepseek-v4-pro,Benign,other,,,,empty output,150.64,
1670657,SORD,mimo-v2.5-pro,Pathogenic,Pathogenic,0.98,PVS1;PM2;PS3;PP3_Strong,"Lopes et al., 2021, Am J Hum Genet;Synofzik et al., 2022, Brain",,9.61,
2825367,YIPF5,mimo-v2.5-pro,Benign,Uncertain significance,0.5,,"Richards et al., Genetics in Medicine, 2015",,82.42,
1670657,SORD,deepseek-v4-pro,Pathogenic,Pathogenic,0.9,PVS1;PM2,"Richards S et al., Genet Med, 2015;Cortese A et al., Nat Genet, 2020",,33.87,
268308,FLNB,deepseek-v4-pro,Benign,Likely benign,0.85,BS1;BP7,"Richards et al., Genet Med, 2015;Lek et al., Nature, 2016;Auton et al., Nature, 2015",,38.65,
2825367,YIPF5,deepseek-v4-pro,Benign,other,,,,empty output,161.68,
1534924,TNNT1,mimo-v2.5-pro,Benign,Uncertain significance,0.5,PM2,"Richards S, et al., Genetics in Medicine, 2015",,67.24,
324013,CACNA2D4,mimo-v2.5-pro,Benign,Benign,0.99,BA1,"Exome Sequencing Project (ESP), NHLBI Exome Sequencing Project, 2014;Exome Aggregation Consortium (ExAC), 2016;1000 Genomes Project Consortium, 2015",,12.26,
268308,FLNB,mimo-v2.5-pro,Benign,Benign,0.95,BS1;BP7,"ESP, 2015;ExAC, 2016;1000 Genomes Project, 2015;Richards et al., Genet Med, 2015",,44.16,
1521723,ATR,mimo-v2.5-pro,Benign,Pathogenic,0.75,PM2;PP3,"Richards et al., Genetics in Medicine, 2015",,14.1,
324013,CACNA2D4,deepseek-v4-pro,Benign,Likely benign,0.8,BS1;BP4,"Richards et al., Genet Med, 2015;Lek et al., Nature, 2016;Genomes Project Consortium, Nature, 2015",,74.14,
1534924,TNNT1,deepseek-v4-pro,Benign,other,,,,empty output,147.56,
709753,FAT2,deepseek-v4-pro,Benign,Likely benign,0.85,BS1;BP7,"Richards et al., Genet Med, 2015;Lek et al., Nature, 2016;Genomes Project Consortium, Nature, 2015",,80.43,
1649348,AK7,mimo-v2.5-pro,Benign,Benign,0.95,BS1,"Exome Variant Server, NHLBI GO Exome Sequencing Project (ESP), Seattle, WA;Exome Aggregation Consortium (ExAC), Cambridge, MA;1000 Genomes Project Consortium",,11.71,
709753,FAT2,mimo-v2.5-pro,Benign,Benign,0.95,BS1,Exome Sequencing Project;Exome Aggregation Consortium;1000 Genomes Project,,64.42,
1521723,ATR,deepseek-v4-pro,Benign,other,,,,empty output,122.63,
230151,OTOG,deepseek-v4-pro,Benign,Benign,0.98,BA1,"Richards S, et al. Genet Med. 2015;17(5):405-424.",,19.01,
503660,CTNNA3,deepseek-v4-pro,Benign,Benign,0.99,BA1,"Richards et al., Genet Med, 2015;Lek et al., Nature, 2016",,13.65,
503660,CTNNA3,mimo-v2.5-pro,Benign,Benign,1.0,BA1,"Exome Variant Server, NHLBI GO Exome Sequencing Project, 2015;Exome Aggregation Consortium, 2015;1000 Genomes Project Consortium, 2015",,11.03,
230151,OTOG,mimo-v2.5-pro,Benign,Benign,0.98,BA1,"Lek et al., Nature, 2016 (ExAC);1000 Genomes Project Consortium, Nature, 2015",,33.04,
255135,OCA2,deepseek-v4-pro,Benign,Benign,0.99,BA1,"Richards S, et al. Genet Med. 2015;17(5):405-424.",,33.26,
2096146,TRRAP,deepseek-v4-pro,Benign,Likely benign,0.85,BS1;BP7,"Richards S, et al., Genet Med, 2015;Lek M, et al., Nature, 2016",,64.64,
1649348,AK7,deepseek-v4-pro,Benign,other,,,,empty output,142.15,
255135,OCA2,mimo-v2.5-pro,Benign,Benign,1.0,BA1,"Exome Sequencing Project (ESP), NHLBI, 2015;1000 Genomes Project Consortium, Nature, 2015",,35.4,
2096146,TRRAP,mimo-v2.5-pro,Benign,Benign,0.8,BP7,"Richards et al., Genet Med, 2015",,76.74,
229063,KLHL40,mimo-v2.5-pro,Benign,Benign,0.99,BA1;BS1,"ESP, NHLBI GO Exome Sequencing Project, 2014;ExAC, Exome Aggregation Consortium, 2015;1000G, The 1000 Genomes Project, 2015",,36.84,
315213,TALDO1,mimo-v2.5-pro,Benign,Likely benign,0.9,BS1,"Exome Sequencing Project (ESP), 2015;Exome Aggregation Consortium (ExAC), 2016;1000 Genomes Project Consortium, 2015",,54.87,
256146,NF1,mimo-v2.5-pro,Benign,Benign,0.99,BA1,ClinVar Variation ID: 181856;gnomAD v2.1,,9.68,
315213,TALDO1,deepseek-v4-pro,Benign,Likely benign,0.85,BS1;BP7,"Richards S, et al., Genet Med, 2015;Lek M, et al., Nature, 2016",,82.4,
190315,SDHAF1,mimo-v2.5-pro,Benign,Benign,1.0,BA1,,,8.76,
190315,SDHAF1,deepseek-v4-pro,Benign,Benign,1.0,BA1,"Richards et al., Genetics in Medicine, 2015;Lek et al., Nature, 2016;1000 Genomes Project Consortium, Nature, 2015",,28.95,
1200004,SORL1,deepseek-v4-pro,Benign,Benign,0.99,BA1,"Richards S, et al., Genet Med, 2015;Lek M, et al., Nature, 2016;1000 Genomes Project Consortium, et al., Nature, 2015",,18.44,
256146,NF1,deepseek-v4-pro,Benign,Likely benign,0.9,BS1;BP4,"Richards et al., Genetics in Medicine, 2015;Exome Aggregation Consortium (ExAC), Nature, 2016;NHLBI Exome Sequencing Project (ESP), 2012",,50.57,
1200004,SORL1,mimo-v2.5-pro,Benign,Benign,0.95,BA1;BS1,"Exome Variant Server (ESP), NHLBI GO Exome Sequencing Project;Exome Aggregation Consortium (ExAC);1000 Genomes Project",,19.58,
55693,MYLK2,deepseek-v4-pro,Benign,Benign,1.0,BA1;BP7,"Richards et al., Genet Med, 2015;Exome Sequencing Project;ExAC;1000 Genomes Project",,11.39,
779515,SLC37A4,mimo-v2.5-pro,Benign,Benign,0.99,BA1,"The 1000 Genomes Project Consortium, Nature, 2015",,10.16,
55693,MYLK2,mimo-v2.5-pro,Benign,Benign,1.0,BA1,Exome Sequencing Project (ESP);Exome Aggregation Consortium (ExAC);1000 Genomes Project,,31.06,
229063,KLHL40,deepseek-v4-pro,Benign,other,,,,empty output,132.3,
101855,SELENON,mimo-v2.5-pro,Benign,Benign,1.0,BA1,"Richards S, et al., Genetics in Medicine, 2015",,31.36,
101855,SELENON,deepseek-v4-pro,Benign,Benign,1.0,BA1,"Richards S, et al. Genet Med. 2015;17(5):405-424.;Lek M, et al. Nature. 2016;536(7616):285-291.;Auton A, et al. Nature. 2015;526(7571):68-74.",,53.78,
779515,SLC37A4,deepseek-v4-pro,Benign,Benign,0.98,BA1,"Richards S, et al., Genet Med, 2015;Auton A, et al., Nature, 2015",,68.76,
1421750,RAB27A,mimo-v2.5-pro,Pathogenic,Uncertain significance,0.3,PM2_supporting,"Richards S et al., Genet Med, 2015;International FHL Registry, Blood, 2001",,10.03,
779477,ITGA8,mimo-v2.5-pro,Benign,Uncertain significance,0.3,,,,44.9,
214204,CPLANE1,deepseek-v4-pro,Pathogenic,Pathogenic,0.8,PVS1;PM2,"Richards S, et al., Genet Med, 2015, 17:405-424",,75.81,
214204,CPLANE1,mimo-v2.5-pro,Pathogenic,Pathogenic,0.85,PVS1;PM2,"Richards et al., Genet Med, 2015;Exome Sequencing Project, NHLBI, 2015",,57.71,
779477,ITGA8,deepseek-v4-pro,Benign,other,,,,empty output,151.13,
1421750,RAB27A,deepseek-v4-pro,Pathogenic,Pathogenic,0.9,PS3;PM3;PM2;PP3;PP5,"Menasche G, et al., Nat Genet, 2000;Menasche G, et al., Blood, 2003",,119.01,
187060,CBS,mimo-v2.5-pro,Pathogenic,Pathogenic,0.95,PVS1;PS1;PM2,"ClinVar (accession: 14092);Kluijtmans et al., Am J Hum Genet, 1996;Shih et al., Hum Mutat, 2001",,10.78,
230410,OTOGL,mimo-v2.5-pro,Benign,Likely benign,0.7,BS1;BP7,,,47.43,
727970,BRD4,mimo-v2.5-pro,Benign,Uncertain significance,0.5,,,,40.85,
256168,JUP,deepseek-v4-pro,Benign,Benign,0.99,BA1,"Richards S, et al. Genet Med. 2015;17(5):405-424",,15.76,
230410,OTOGL,deepseek-v4-pro,Benign,other,,,,empty output,127.98,
256168,JUP,mimo-v2.5-pro,Benign,Benign,0.95,BA1,"Richards S et al., Genet Med, 2015;Lek M et al., Nature, 2016;1000 Genomes Project Consortium, Nature, 2015",,30.76,
187060,CBS,deepseek-v4-pro,Pathogenic,Pathogenic,0.9,PS3;PM2;PM3;PP3;PP5,"Kluijtmans LA et al., Am J Hum Genet, 1999, 65(1):59-67;Kozich V et al., Hum Mutat, 2010, 31(7):809-819",,108.23,
734107,PTPN23,mimo-v2.5-pro,Benign,Uncertain significance,0.3,,,,17.35,
727970,BRD4,deepseek-v4-pro,Benign,Uncertain significance,0.4,BS1,"Richards S, et al., Genet Med, 2015;Lek M, et al., Nature, 2016",,129.98,
1158610,LIG1,deepseek-v4-pro,Benign,Likely benign,0.9,BS1;BP4,"Richards S et al., Genetics in Medicine, 2015",,70.46,
1158610,LIG1,mimo-v2.5-pro,Benign,Likely benign,0.85,BS1,"Richards et al., Genet Med, 2015;NHLBI Exome Sequencing Project, 2015;1000 Genomes Project Consortium, Nature, 2015",,57.67,
1158213,CYBC1,mimo-v2.5-pro,Benign,Benign,0.9,BS1,"Exome Aggregation Consortium (ExAC), Nature, 2016;1000 Genomes Project Consortium, Nature, 2015;NHLBI GO Exome Sequencing Project (ESP), 2015",,14.44,
1158213,CYBC1,deepseek-v4-pro,Benign,Likely benign,0.85,BS1;BP4,"Richards S, et al. Genet Med. 2015;17(5):405-424.;Lek M, et al. Nature. 2016;536(7616):285-291.;1000 Genomes Project Consortium. Nature. 2015;526(7571):68-74.",,71.79,
759008,MERTK,mimo-v2.5-pro,Benign,Uncertain significance,0.2,,"Richards et al., Genetics in Medicine, 2015",,49.22,
734107,PTPN23,deepseek-v4-pro,Benign,other,,,,empty output,146.96,
1274269,NEFH,mimo-v2.5-pro,Benign,Uncertain significance,0.5,,"Lek M et al., Nature, 2016",,50.0,
759008,MERTK,deepseek-v4-pro,Benign,other,,,,empty output,142.71,
2174060,SACS,deepseek-v4-pro,Benign,Uncertain significance,0.5,PM2,"Lek et al., Nature, 2016",,78.3,
1274269,NEFH,deepseek-v4-pro,Benign,Likely benign,0.8,BS1;BP4,"Richards S, et al., Genet Med, 2015;Lek M, et al., Nature, 2016",,112.33,
2174060,SACS,mimo-v2.5-pro,Benign,Uncertain significance,0.3,,,,41.98,
343969,GYS1,mimo-v2.5-pro,Benign,Benign,0.9,BS1;BP7,"ESP, 2015;ExAC, 2016;1000G, 2015",,35.74,
343969,GYS1,deepseek-v4-pro,Benign,Likely benign,0.9,BS1;BP7,"Richards S, et al. Genet Med, 2015, 17(5):405-424.",,64.62,
300091,SLC2A9,mimo-v2.5-pro,Benign,Likely benign,0.7,BS1,"Exome Aggregation Consortium, 2015;Exome Sequencing Project, 2015;1000 Genomes Project, 2015",,67.15,
497834,TSPEAR,mimo-v2.5-pro,Benign,Uncertain significance,0.5,,"Exome Sequencing Project (ESP), 2015;1000 Genomes Project, 2015",,45.15,
39959,CTC1,mimo-v2.5-pro,Pathogenic,Pathogenic,0.85,PVS1;PS3;PM2;PM3;PP3,"Anderson et al., Am J Hum Genet, 2012;Li et al., J Biol Chem, 2019;ClinVar submission: SCV000910712.1",,13.0,
300091,SLC2A9,deepseek-v4-pro,Benign,other,,,,empty output,144.1,
1631641,FZD5,deepseek-v4-pro,Benign,Benign,1.0,BA1,"Richards et al., Genet Med, 2015",,27.5,
497834,TSPEAR,deepseek-v4-pro,Benign,other,,,,empty output,146.84,
1631641,FZD5,mimo-v2.5-pro,Benign,Likely benign,0.8,BS1,"Richards et al., Genetics in Medicine, 2015",,70.67,
39959,CTC1,deepseek-v4-pro,Pathogenic,other,,,,empty output,150.08,
1617470,MCM3AP,mimo-v2.5-pro,Benign,Likely benign,0.7,BS1,"Richards et al., Genetics in Medicine, 2015",,43.79,
194182,CACNA1S,deepseek-v4-pro,Benign,Benign,0.99,BA1,"Richards et al., Genet Med, 2015;Lek et al., Nature, 2016",,47.54,
1617470,MCM3AP,deepseek-v4-pro,Benign,other,,,,"{""classification"": ""Likely benign"",
 ""acmg_rules"": [""BP4"", ""BP7""],
 ""confidence"": 0.8,
 ""evidence_summary"": ""Synonymous variant p.Ala152= with no amino acid change and no predicted splicing impact, ob",143.0,
730847,DNAH10,mimo-v2.5-pro,Benign,Likely benign,0.75,BS1,"Exome Sequencing Project (ESP), 2012;Exome Aggregation Consortium (ExAC), 2016;1000 Genomes Project, 2015",,90.7,
194182,CACNA1S,mimo-v2.5-pro,Benign,Benign,0.95,BA1,"Richards S et al., Genet Med, 2015;ExAC Consortium, Nature, 2016;1000 Genomes Project Consortium, Nature, 2015;NHLBI GO Exome Sequencing Project (ESP), Seattle, WA",,29.82,
730847,DNAH10,deepseek-v4-pro,Benign,Likely benign,0.7,BS1;BP4,"Richards S, et al., Genet Med, 2015;Lek M, et al., Nature, 2016",,119.01,
679944,PLG,deepseek-v4-pro,Benign,Benign,0.99,BA1,"Richards et al., Genet Med, 2015, PMID:25741868",,30.72,
28912,ERBB2,deepseek-v4-pro,Benign,Benign,0.99,BA1,"Richards S et al., Genet Med, 2015;Lek M et al., Nature, 2016;Auton A et al., Nature, 2015",,23.08,
679944,PLG,mimo-v2.5-pro,Benign,Benign,0.95,BA1,"Tennessen et al., Science, 2012;Lek et al., Nature, 2016;1000 Genomes Project Consortium, Nature, 2012",,40.89,
71221,POMGNT1,mimo-v2.5-pro,Pathogenic,Pathogenic,0.9,PVS1;PM2,"Richards S, et al., Genetics in Medicine, 2015",,73.39,
28912,ERBB2,mimo-v2.5-pro,Benign,Benign,1.0,BA1,"Lek M, et al., Nature, 2016;1000 Genomes Project Consortium, Nature, 2015",,31.49,
71221,POMGNT1,deepseek-v4-pro,Pathogenic,other,,,,empty output,136.5,
1158448,FCHO1,mimo-v2.5-pro,Benign,Likely benign,0.8,BS1,"Exome Sequencing Project (ESP), NHLBI, 2016;Exome Aggregation Consortium (ExAC), Nature, 2016;1000 Genomes Project Consortium, Nature, 2015",,67.1,
1159218,TUBGCP6,deepseek-v4-pro,Benign,Benign,0.99,BA1,"Exome Variant Server, NHLBI GO ESP;Lek M et al., Nature, 2016;1000 Genomes Project Consortium, Nature, 2015",,25.48,
692067,LCA5,mimo-v2.5-pro,Benign,Uncertain significance,0.4,,"Richards S, et al., Genet Med, 2015",,56.54,
1159218,TUBGCP6,mimo-v2.5-pro,Benign,Benign,0.99,BA1,"Tennessen et al., Science, 2012;Lek et al., Nature, 2016;1000 Genomes Project Consortium, Nature, 2015",,38.21,
1158448,FCHO1,deepseek-v4-pro,Benign,other,,,,empty output,146.79,
1153654,JAK1,deepseek-v4-pro,Benign,Benign,0.98,BA1;BP7,"Richards S et al., Genet Med, 2015;Lek M et al., Nature, 2016;NHLBI Exome Sequencing Project, 2014",,50.05,
1153654,JAK1,mimo-v2.5-pro,Benign,Benign,0.95,BA1,"Richards S, et al., Genet Med, 2015",,35.23,
692067,LCA5,deepseek-v4-pro,Benign,other,,,,empty output,154.98,
1158470,AP3D1,deepseek-v4-pro,Benign,Benign,0.99,BA1,"Richards et al., Genet Med, 2015;Lek et al., Nature, 2016",,17.12,
1158470,AP3D1,mimo-v2.5-pro,Benign,Benign,0.99,BA1,"Richards S et al., Genet Med, 2015",,27.19,
1607747,SLC9A3,deepseek-v4-pro,Benign,Uncertain significance,0.2,PM2,"Richards S, Genet Med, 2015;Lek M, Nature, 2016",,28.03,
201803,ALDH7A1,mimo-v2.5-pro,Pathogenic,Pathogenic,0.85,PS1;PM2,"ClinVar, accessed 2023;Mills et al., Journal of Medical Genetics, 2012",,61.95,
1607747,SLC9A3,mimo-v2.5-pro,Benign,Uncertain significance,0.5,,"Richards et al., Genetics in Medicine, 2015;Lek et al., Nature, 2016",,65.01,
287899,DYSF,mimo-v2.5-pro,Benign,Uncertain significance,0.4,PM2,"1000 Genomes Project Consortium, Nature, 2015",,48.54,
201803,ALDH7A1,deepseek-v4-pro,Pathogenic,Pathogenic,0.85,PS3;PM1;PM2;PP3,"Richards et al., Genet Med, 2015;Mills et al., Nat Med, 2006;Plecko et al., Hum Mutat, 2007",,129.14,
167973,CCDC88C,deepseek-v4-pro,Benign,Benign,0.99,BA1,"Richards S, Aziz N, Bale S, Bick D, Das S, Gastier-Foster J, Grody WW, Hegde M, Lyon E, Spector E, Voelkerding K, Rehm HL; ACMG Laboratory Quality Assurance Committee. Standards and guidelines for the interpretation of sequence variants: a joint consensus recommendation of the American College of Medical Genetics and Genomics and the Association for Molecular Pathology. Genet Med. 2015;17(5):405-424.",,18.55,
167973,CCDC88C,mimo-v2.5-pro,Benign,Benign,1.0,BA1,"Exome Sequencing Project, NHLBI, 2012;1000 Genomes Project Consortium, Nature, 2015",,40.46,
727787,LAMA1,mimo-v2.5-pro,Benign,Uncertain significance,0.5,,"Tennessen et al., Science, 2012;Lek et al., Nature, 2016;The 1000 Genomes Project Consortium, Nature, 2015",,80.81,
287899,DYSF,deepseek-v4-pro,Benign,other,,,,empty output,140.62,
727787,LAMA1,deepseek-v4-pro,Benign,Uncertain significance,0.3,,"Richards et al., Genetics in Medicine, 2015",,111.74,
1156800,PC,mimo-v2.5-pro,Benign,Uncertain significance,0.5,PM2,"Richards S, Aziz N, Bale S, et al., Standards and guidelines for the interpretation of sequence variants: a joint consensus recommendation of the American College of Medical Genetics and Genomics and the Association for Molecular Pathology, Genet Med, 2015",,59.53,
1156800,PC,deepseek-v4-pro,Benign,Uncertain significance,0.3,PM2,"Richards et al., Genet Med, 2015",,85.81,
372145,DNM1,deepseek-v4-pro,Benign,Benign,1.0,BA1,"Richards S, et al. Genet Med. 2015;17(5):405-424",,15.53,
425758,GCK,mimo-v2.5-pro,Pathogenic,Pathogenic,0.85,PS1;PM2,"Richards S et al., Genet Med, 2015;Stoffel M et al., Nat Genet, 1992",,48.26,
425758,GCK,deepseek-v4-pro,Pathogenic,Pathogenic,0.9,PS3;PM1;PM2;PP3;PP5,"Takeda J et al., J Biol Chem, 1993;Osbak KK et al., Hum Mutat, 2009;Richards S et al., Genet Med, 2015",,93.11,
372145,DNM1,mimo-v2.5-pro,Benign,Benign,0.95,BA1,"Exome Sequencing Project, NHLBI, 2012;Exome Aggregation Consortium, Nature, 2014;1000 Genomes Project Consortium, Nature, 2015;Richards et al., Genetics in Medicine, 2015",,31.93,
500282,MCM2,deepseek-v4-pro,Benign,Benign,1.0,BA1,"Richards et al., Genet Med, 2015;Auton et al., Nature, 2015",,14.85,
500282,MCM2,mimo-v2.5-pro,Benign,Benign,1.0,BA1;BS1,"1000 Genomes Project Consortium, Nature, 2015;Exome Aggregation Consortium, Nature, 2016;Exome Sequencing Project (ESP), NHLBI, 2012",,33.47,
2889413,KAT6A,mimo-v2.5-pro,Benign,Uncertain significance,0.7,PM2,"Richards S, et al., Genetics in Medicine, 2015;Exome Sequencing Project, NHLBI GO Exome Sequencing Project (ESP)",,59.36,
53280,CDH23,deepseek-v4-pro,Benign,Likely benign,0.85,BS1;BP7,"Richards et al., Genet Med, 2015",,40.42,
2889413,KAT6A,deepseek-v4-pro,Benign,Uncertain significance,0.2,PM2,"Richards S, Genet Med, 2015, PMID 25741868",,88.78,
1566683,LTBP2,mimo-v2.5-pro,Benign,Uncertain significance,0.4,PM2_supporting;PP3,"Richards S, et al., Genet Med, 2015",,12.27,
364467,TARS2,deepseek-v4-pro,Benign,Benign,0.99,BA1,"Richards S, Aziz N, Bale S, et al. Genet Med. 2015;17(5):405-424. PMID:25741868",,33.63,
364467,TARS2,mimo-v2.5-pro,Benign,Benign,1.0,BA1,"Richards S, Aziz N, Bale S, et al., Genetics in Medicine, 2015",,39.15,
1607828,SLIT2,mimo-v2.5-pro,Benign,Benign,0.99,BA1,"Richards et al., Genet Med, 2015",,11.89,
1607828,SLIT2,deepseek-v4-pro,Benign,Benign,0.99,BA1,"Richards et al., Genet Med, 2015;Lek et al., Nature, 2016;Auton et al., Nature, 2015",,22.22,
1566683,LTBP2,deepseek-v4-pro,Benign,Likely benign,0.75,BS1;BP4,"Richards et al., Genetics in Medicine, 2015;1000 Genomes Project Consortium, Nature, 2015",,111.41,
53280,CDH23,mimo-v2.5-pro,Benign,other,,,,empty output,127.4,
2022825,USP7,mimo-v2.5-pro,Benign,Uncertain significance,0.7,,,,57.29,
2022825,USP7,deepseek-v4-pro,Benign,Likely benign,0.7,BS1;BP7,"Richards S, et al., Genet Med, 2015, PMID: 25741868;Fountain MD, et al., Am J Hum Genet, 2019, PMID: 30827696",,119.52,
