AlleleID,Type,Name,GeneID,GeneSymbol,HGNC_ID,ClinicalSignificance,ClinSigSimple,LastEvaluated,RS# (dbSNP),nsv/esv (dbVar),RCVaccession,PhenotypeIDS,PhenotypeList,Origin,OriginSimple,Assembly,ChromosomeAccession,Chromosome,Start,Stop,ReferenceAllele,AlternateAllele,Cytogenetic,ReviewStatus,NumberSubmitters,Guidelines,TestedInGTR,OtherIDs,SubmitterCategories,VariationID,PositionVCF,ReferenceAlleleVCF,AlternateAlleleVCF,SomaticClinicalImpact,SomaticClinicalImpactLastEvaluated,ReviewStatusClinicalImpact,Oncogenicity,OncogenicityLastEvaluated,ReviewStatusOncogenicity,SCVsForAggregateGermlineClassification,SCVsForAggregateSomaticClinicalImpact,SCVsForAggregateOncogenicityClassification
1976941,single nucleotide variant,NM_001367624.2(ZNF469):c.2929G>A (p.Gly977Ser),84627,ZNF469,HGNC:23216,Conflicting classifications of pathogenicity,0,"Mar 20, 2026",770061832,-,RCV002608176|RCV006717925,MedGen:C3661900|MedGen:CN230736,not provided|Cardiovascular phenotype,germline,germline,GRCh37,NC_000016.9,16,88496807,88496807,na,na,16q24.2,"criteria provided, conflicting classifications",2,-,N,ClinGen:CA8224815,2,1912840,88496807,G,A,-,-,-,-,-,-,SCV002942921|SCV007624677,-,-
183304,single nucleotide variant,NM_000051.4(ATM):c.4853G>A (p.Arg1618Gln),472,ATM,HGNC:795,Conflicting classifications of pathogenicity,0,"Jan 28, 2026",765759912,-,RCV000164315|RCV000228294|RCV000994709|RCV003474856|RCV005230006,"MONDO:MONDO:0015356,MeSH:D009386,MedGen:C0027672,Orphanet:140162|MONDO:MONDO:0008840,MedGen:C0004135,OMIM:208900,Orphanet:100|MedGen:C3661900|MONDO:MONDO:0016419,MedGen:C0346153,OMIM:114480,Orphanet:227535|MedGen:CN169374",Hereditary cancer-predisposing syndrome|Ataxia-telangiectasia syndrome|not provided|Familial cancer of breast|not specified,germline;unknown,germline,GRCh37,NC_000011.9,11,108165730,108165730,na,na,11q22.3,"criteria provided, conflicting classifications",12,-,N,ClinGen:CA190612,2,184966,108165730,G,A,-,-,-,-,-,-,SCV000214946|SCV000282970|SCV000903054|SCV001148429|SCV001752193|SCV002535432|SCV004204423|SCV005689235|SCV005872629|SCV005919146|SCV006278067|SCV007297623,-,-
55490,single nucleotide variant,NM_032119.4(ADGRV1):c.4214C>T (p.Ser1405Phe),84059,ADGRV1,HGNC:17416,Conflicting classifications of pathogenicity,0,"Feb 01, 2026",41305898,-,RCV000039581|RCV000723975|RCV001151335|RCV004549466|RCV004814966,"MedGen:CN169374|MedGen:C3661900|MONDO:MONDO:0011558,MedGen:C2931213,OMIM:605472,Orphanet:231178,Orphanet:886||Human Phenotype Ontology:HP:0000556,Human Phenotype Ontology:HP:0007736,Human Phenotype Ontology:HP:0007910,Human Phenotype Ontology:HP:0007974,Human Phenotype Ontology:HP:0007982,MONDO:MONDO:0019118,MeSH:D058499,MedGen:C0854723,Orphanet:71862",not specified|not provided|Usher syndrome type 2C|ADGRV1-related disorder|Retinal dystrophy,germline;unknown,germline,GRCh37,NC_000005.9,5,89949605,89949605,na,na,5q14.3,"criteria provided, conflicting classifications",11,-,N,ClinGen:CA138124,2,46325,89949605,C,T,-,-,-,-,-,-,SCV000063270|SCV000227723|SCV000883366|SCV000968944|SCV001046119|SCV001154435|SCV001312456|SCV001984588|SCV007133887,-,-
321054,single nucleotide variant,NM_015346.4(ZFYVE26):c.5484+13G>A,23503,ZFYVE26,HGNC:20761,Conflicting classifications of pathogenicity,0,"Mar 01, 2026",140117984,-,RCV000292372|RCV000438168|RCV002056409|RCV003401318,"MONDO:MONDO:0010044,MedGen:C1849128,OMIM:270700,Orphanet:100996|MedGen:CN169374|Human Phenotype Ontology:HP:0001258,Human Phenotype Ontology:HP:0007062,Human Phenotype Ontology:HP:0007124,Human Phenotype Ontology:HP:0007216,MedGen:C0037772|MedGen:C3661900",Hereditary spastic paraplegia 15|not specified|Spastic paraplegia|not provided,germline,germline,GRCh37,NC_000014.8,14,68238751,68238751,na,na,14q24.1,"criteria provided, conflicting classifications",4,-,N,ClinGen:CA7239496,2,313887,68238751,C,T,-,-,-,-,-,-,SCV000388020|SCV000526515|SCV002429513|SCV004136209,-,-
283584,single nucleotide variant,NM_006343.3(MERTK):c.2142G>C (p.Leu714=),10461,MERTK,HGNC:7027,Conflicting classifications of pathogenicity,0,"Jan 20, 2026",200363872,-,RCV000383593|RCV001429313,"MONDO:MONDO:0019200,MeSH:D012174,MedGen:C0035334,OMIM:268000,OMIM:PS268000,Orphanet:791|MedGen:C3661900",Retinitis pigmentosa|not provided,germline,germline,GRCh37,NC_000002.11,2,112777052,112777052,na,na,2q13,"criteria provided, conflicting classifications",3,-,N,ClinGen:CA1831722,2,330768,112777052,G,C,-,-,-,-,-,-,SCV000415969|SCV001632027|SCV001746664,-,-
270266,single nucleotide variant,NM_004369.4(COL6A3):c.6132G>T (p.Gly2044=),1293,COL6A3,HGNC:2213,Conflicting classifications of pathogenicity,0,"Jan 22, 2026",762950440,-,RCV000295669|RCV000725768|RCV001080018|RCV004547707,"MedGen:CN169374|MedGen:C3661900|MONDO:MONDO:0024530,MedGen:CN029274,OMIM:158810,Orphanet:610|",not specified|not provided|Bethlem myopathy 1A|COL6A3-related disorder,germline,germline,GRCh37,NC_000002.11,2,238270406,238270406,na,na,2q37.3,"criteria provided, conflicting classifications",4,-,N,ClinGen:CA2188456,2,286029,238270406,C,A,-,-,-,-,-,-,SCV000339283|SCV000727364|SCV001018143,-,-
196255,single nucleotide variant,NM_004560.4(ROR2):c.2395C>T (p.Pro799Ser),4920,ROR2,HGNC:10257,Conflicting classifications of pathogenicity,0,"Jan 20, 2026",141235720,-,RCV000180604|RCV000285938|RCV000343192|RCV004537514,"MedGen:C3661900|MONDO:MONDO:0009999,MedGen:C5399974,OMIM:268310,Orphanet:1507,Orphanet:97360|MONDO:MONDO:0007220,MedGen:C1862112,OMIM:113000,Orphanet:572385,Orphanet:93383|",not provided|Autosomal recessive Robinow syndrome|Brachydactyly type B1|ROR2-related disorder,germline,germline,GRCh37,NC_000009.11,9,94486381,94486381,na,na,9q22.31,"criteria provided, conflicting classifications",8,-,N,ClinGen:CA248104,2,199096,94486381,G,A,-,-,-,-,-,-,SCV000233076|SCV000480925|SCV000480926|SCV001054704|SCV001826340|SCV004160109,-,-
178522,Indel,NM_000335.5(SCN5A):c.1714_1715delinsTT (p.Ala572Phe),6331,SCN5A,HGNC:10593,Conflicting classifications of pathogenicity,0,"Mar 27, 2026",730880211,-,RCV000618061|RCV000726236|RCV001842505|RCV002265631|RCV003486709|RCV004734749|RCV005031667,"MedGen:CN230736|MedGen:C3661900|EFO: The Experimental Factor Ontology:EFO_0004269,Human Phenotype Ontology:HP:0001656,Human Phenotype Ontology:HP:0001661,Human Phenotype Ontology:HP:0001665,Human Phenotype Ontology:HP:0001666,Human Phenotype Ontology:HP:0001687,Human Phenotype Ontology:HP:0001721,Human Phenotype Ontology:HP:0004351,Human Phenotype Ontology:HP:0005158,Human Phenotype Ontology:HP:0011675,MONDO:MONDO:0007263,MedGen:C0003811|MedGen:CN169374|Human Phenotype Ontology:HP:0001638,MONDO:MONDO:0004994,MedGen:C0878544,Orphanet:167848||8 conditions",Cardiovascular phenotype|not provided|Cardiac arrhythmia|not specified|Cardiomyopathy|SCN5A-related disorder|8 conditions,germline,germline,GRCh37,NC_000003.11,3,38645378,38645379,na,na,3p22.2,"criteria provided, conflicting classifications",10,"ACMG2013,ACMG2016,ACMG2021,ACMG2022",N,ClinGen:CA015243,2,180521,38645378,GC,AA,-,-,-,-,-,-,SCV000235565|SCV000291782|SCV000343113|SCV000736007|SCV001359745|SCV002547750|SCV004239653|SCV005664493|SCV006069661,-,-
3856577,single nucleotide variant,NM_000218.3(KCNQ1):c.347G>C (p.Arg116Pro),3784,KCNQ1,HGNC:6294,Conflicting classifications of pathogenicity,1,"Jan 26, 2026",-1,-,RCV005200643|RCV006553429,"MONDO:MONDO:0002442,MeSH:D008133,MedGen:C0023976|MONDO:MONDO:0100316,MedGen:C4551647,OMIM:192500,Orphanet:101016,Orphanet:768",Long QT syndrome|Long QT syndrome 1,germline;unknown,germline,GRCh37,NC_000011.9,11,2466675,2466675,na,na,11p15.5,"criteria provided, conflicting classifications",2,"ACMG2013,ACMG2016,ACMG2021,ACMG2022",N,-,2,3720773,2466675,G,C,-,-,-,-,-,-,SCV005835052|SCV007432675,-,-
917080,single nucleotide variant,NM_005188.4(CBL):c.-5A>G,867,CBL,HGNC:1541,Conflicting classifications of pathogenicity,0,"Feb 16, 2026",552214111,-,RCV001193460|RCV001619898|RCV004538428|RCV006655777,"MedGen:CN169374|MedGen:C3661900|MONDO:MONDO:0013308,MedGen:C3150803,OMIM:613563,Orphanet:363972|MedGen:CN230736",not specified|not provided|CBL-related disorder|Cardiovascular phenotype,germline,germline,GRCh37,NC_000011.9,11,119077123,119077123,na,na,11q23.3,"criteria provided, conflicting classifications",6,-,N,ClinGen:CA6318207,2,928886,119077123,A,G,-,-,-,-,-,-,SCV001362308|SCV001845729|SCV002070073|SCV004564307|SCV007569034,-,-
170158,single nucleotide variant,NM_006306.4(SMC1A):c.855-15C>T,8243,SMC1A,HGNC:11111,Conflicting classifications of pathogenicity,0,"Feb 02, 2026",147791932,-,RCV000147574|RCV001529468|RCV002408651,"MONDO:MONDO:0010370,MedGen:C1802395,OMIM:300590,Orphanet:199|MedGen:C3661900|MeSH:D030342,MedGen:C0950123",Congenital muscular hypertrophy-cerebral syndrome|not provided|Inborn genetic diseases,germline,germline,GRCh37,NC_000023.10,X,53439218,53439218,na,na,Xp11.22,"criteria provided, conflicting classifications",7,-,N,ClinGen:CA272598,2,159964,53439218,G,A,-,-,-,-,-,-,SCV000195023|SCV001791457|SCV002382270|SCV002676209|SCV005876885,-,-
1309558,single nucleotide variant,NM_003072.5(SMARCA4):c.4769-13C>T,6597,SMARCA4,HGNC:11100,Conflicting classifications of pathogenicity,0,"Jan 06, 2026",532169644,-,RCV001761740|RCV002255689|RCV003238604,"MONDO:MONDO:0013224,MedGen:C2750074,OMIM:613325,Orphanet:231108,Orphanet:69077|MONDO:MONDO:0015356,MeSH:D009386,MedGen:C0027672,Orphanet:140162|MedGen:C3661900",Rhabdoid tumor predisposition syndrome 2|Hereditary cancer-predisposing syndrome|not provided,germline,germline,GRCh37,NC_000019.9,19,11170708,11170708,na,na,19p13.2,"criteria provided, conflicting classifications",3,-,N,ClinGen:CA9204880,2,1319305,11170708,C,T,-,-,-,-,-,-,SCV002010704|SCV002419311|SCV002535188,-,-
543215,single nucleotide variant,NM_000404.4(GLB1):c.1310A>G (p.Asn437Ser),2720,GLB1,HGNC:4298,Conflicting classifications of pathogenicity,0,"Feb 02, 2026",202237232,-,RCV000669669|RCV000874342|RCV001150120|RCV001150121|RCV002222593|RCV004535685|RCV006448562,"MONDO:MONDO:0009261,MedGen:C0268272,OMIM:230600,Orphanet:354,Orphanet:79256;MONDO:MONDO:0009262,MedGen:C0268273,OMIM:230650,Orphanet:79257;MONDO:MONDO:0009260,MedGen:C0268271,OMIM:230500,Orphanet:354,Orphanet:79255;MONDO:MONDO:0009660,MedGen:C0086652,OMIM:253010,Orphanet:309310,Orphanet:582|MONDO:MONDO:0018149,MedGen:C0085131,Orphanet:354;MONDO:MONDO:0009660,MedGen:C0086652,OMIM:253010,Orphanet:309310,Orphanet:582|MONDO:MONDO:0018149,MedGen:C0085131,Orphanet:354|MONDO:MONDO:0009660,MedGen:C0086652,OMIM:253010,Orphanet:309310,Orphanet:582|MedGen:CN169374|MedGen:CN377807|MedGen:C3661900","GM1 gangliosidosis type 2;GM1 gangliosidosis type 3;Infantile GM1 gangliosidosis;Mucopolysaccharidosis, MPS-IV-B|GM1 gangliosidosis;Mucopolysaccharidosis, MPS-IV-B|GM1 gangliosidosis|Mucopolysaccharidosis, MPS-IV-B|not specified|GLB1-related disorder|not provided",germline;unknown,germline,GRCh37,NC_000003.11,3,33059977,33059977,na,na,3p22.3,"criteria provided, conflicting classifications",6,-,N,ClinGen:CA2299431,2,554101,33059977,T,C,-,-,-,-,-,-,SCV001016502|SCV001311133|SCV001311134|SCV002500768|SCV007320953,-,-
57368,single nucleotide variant,NM_194248.3(OTOF):c.2650G>A (p.Ala884Thr),9381,OTOF,HGNC:8515,Conflicting classifications of pathogenicity,0,"Jan 26, 2026",144594692,-,RCV000041507|RCV001852847|RCV002513589,"MedGen:CN169374|MedGen:C3661900|MeSH:D030342,MedGen:C0950123",not specified|not provided|Inborn genetic diseases,germline,germline,GRCh37,NC_000002.11,2,26699785,26699785,na,na,2p23.3,"criteria provided, conflicting classifications",3,-,N,ClinGen:CA142820,2,48204,26699785,C,T,-,-,-,-,-,-,SCV000065202|SCV002230470|SCV003671348,-,-
56695,single nucleotide variant,NM_001267550.2(TTN):c.93367G>C (p.Val31123Leu),7273,TTN,HGNC:12403,Conflicting classifications of pathogenicity,0,"Jan 27, 2026",202096200,-,RCV000040800|RCV000172195|RCV001087420|RCV002371845,"MedGen:CN169374|MedGen:C3661900|MONDO:MONDO:0011400,MedGen:C1858763,OMIM:604145,Orphanet:154;MONDO:MONDO:0012127,MedGen:C1837342,OMIM:608807,Orphanet:140922|MedGen:CN230736",not specified|not provided|Dilated cardiomyopathy 1G;Autosomal recessive limb-girdle muscular dystrophy type 2J|Cardiovascular phenotype,germline;unknown,germline,GRCh37,NC_000002.11,2,179412986,179412986,na,na,2q31.2,"criteria provided, conflicting classifications",8,"ACMG2021,ACMG2022",N,ClinGen:CA141278,2,47531,179412986,C,G,-,-,-,-,-,-,SCV000051314|SCV000064491|SCV000765014|SCV000855084|SCV000970831|SCV002667727|SCV003822272|SCV004813381,-,-
174318,single nucleotide variant,NM_032119.4(ADGRV1):c.12207C>T (p.Thr4069=),84059,ADGRV1,HGNC:17416,Conflicting classifications of pathogenicity,0,"Jan 17, 2026",202066007,-,RCV000150778|RCV000710426,MedGen:CN169374|MedGen:C3661900,not specified|not provided,germline,germline,GRCh37,NC_000005.9,5,90059208,90059208,na,na,5q14.3,"criteria provided, conflicting classifications",5,-,N,ClinGen:CA176225,2,163602,90059208,C,T,-,-,-,-,-,-,SCV000198275|SCV000337990|SCV000840640|SCV001668911|SCV001773755,-,-
268480,single nucleotide variant,NM_201384.3(PLEC):c.7083G>A (p.Thr2361=),5339,PLEC,HGNC:9069,Conflicting classifications of pathogenicity,0,"Jan 26, 2026",780337094,-,RCV000265743|RCV001443044,"MedGen:C3661900|MONDO:MONDO:0012807,MedGen:C2677349,OMIM:612138,Orphanet:158684;MONDO:MONDO:0013390,MedGen:C3150989,OMIM:613723,Orphanet:254361;MONDO:MONDO:0007555,MedGen:C0432317,OMIM:131950,Orphanet:79401;MONDO:MONDO:0009181,MedGen:C2931072,OMIM:226670,Orphanet:257;MONDO:MONDO:0014661,MedGen:C4225309,OMIM:616487","not provided|Epidermolysis bullosa simplex 5C, with pyloric atresia;Autosomal recessive limb-girdle muscular dystrophy type 2Q;Epidermolysis bullosa simplex, Ogna type;Epidermolysis bullosa simplex 5B, with muscular dystrophy;Epidermolysis bullosa simplex with nail dystrophy",germline,germline,GRCh37,NC_000008.10,8,144997014,144997014,na,na,8q24.3,"criteria provided, conflicting classifications",2,-,N,ClinGen:CA4925764,2,284243,144997014,C,T,-,-,-,-,-,-,SCV000336782|SCV001646004,-,-
273837,single nucleotide variant,NM_000492.4(CFTR):c.4296C>T (p.Asn1432=),1080,CFTR,HGNC:1884,Conflicting classifications of pathogenicity,0,"Feb 03, 2026",761669740,-,RCV000305714|RCV000374600|RCV000780148|RCV001095183,"MONDO:MONDO:0009061,MedGen:C0010674,OMIM:219700,Orphanet:586|MedGen:C3661900|MedGen:CN169374|MONDO:MONDO:7770004,MedGen:C5924204",Cystic fibrosis|not provided|not specified|CFTR-related disorder,germline;unknown,germline,GRCh37,NC_000007.13,7,117307015,117307015,na,na,7q31.2,"criteria provided, conflicting classifications",9,-,N,ClinGen:CA4451687,2,289600,117307015,C,T,-,-,-,-,-,-,SCV000343985|SCV000466530|SCV000751422|SCV000883598|SCV000889310|SCV000917194|SCV001183945,-,-
796546,single nucleotide variant,NM_000360.4(TH):c.1358G>A (p.Arg453His),7054,TH,HGNC:11782,Conflicting classifications of pathogenicity,1,"Jan 29, 2026",759599321,-,RCV000994542|RCV002298813|RCV001809883,"MedGen:C3661900|MedGen:CN169374|MONDO:MONDO:0011551,MedGen:C2673535,OMIM:605407,Orphanet:101150",not provided|not specified|Autosomal recessive DOPA responsive dystonia,germline,germline,GRCh37,NC_000011.9,11,2185599,2185599,na,na,11p15.5,"criteria provided, conflicting classifications",7,-,N,ClinGen:CA5818265,2,806594,2185599,C,T,-,-,-,-,-,-,SCV001148141|SCV002059166|SCV002308896|SCV002599038|SCV005676240|SCV006551541|SCV006562300,-,-
1401053,single nucleotide variant,NM_000251.3(MSH2):c.114C>A (p.Asp38Glu),4436,MSH2,HGNC:7325,Conflicting classifications of pathogenicity,0,"May 20, 2026",587779074,-,RCV002022770|RCV003316859|RCV005445558|RCV006700588,"MeSH:D003123,MedGen:C0009405|MONDO:MONDO:0007356,MedGen:C2936783,OMIM:120435,Orphanet:144|MONDO:MONDO:0015356,MeSH:D009386,MedGen:C0027672,Orphanet:140162|",Hereditary nonpolyposis colorectal neoplasms|Lynch syndrome 1|Hereditary cancer-predisposing syndrome|Inherited MMR deficiency (Lynch syndrome),germline;unknown,germline,GRCh37,NC_000002.11,2,47630444,47630444,na,na,2p21,"criteria provided, conflicting classifications",4,"ACMG2013,ACMG2016,ACMG2021,ACMG2022",N,ClinGen:CA346728812,2,1503335,47630444,C,A,-,-,-,-,-,-,SCV002288727|SCV004018637|SCV006114787|SCV007602424,-,-
55878,single nucleotide variant,NM_001267550.2(TTN):c.23177C>T (p.Ser7726Leu),7273,TTN,HGNC:12403,Conflicting classifications of pathogenicity,0,"Jun 01, 2026",17452588,-,RCV000039983|RCV000248207|RCV000278120|RCV000284280|RCV000331984|RCV000337890|RCV000373899|RCV000372590|RCV000755421|RCV000770071|RCV001529703,"MedGen:CN169374|MedGen:CN230736|MONDO:MONDO:0010870,MedGen:C1838244,OMIM:600334,Orphanet:609|MONDO:MONDO:0011362,MedGen:C1863599,OMIM:603689,Orphanet:178464,Orphanet:34521|MONDO:MONDO:0012714,MedGen:C2673677,OMIM:611705,Orphanet:289377|Human Phenotype Ontology:HP:0001639,MONDO:MONDO:0005045,MeSH:D002312,MedGen:C0007194,Orphanet:217569|MONDO:MONDO:0011400,MedGen:C1858763,OMIM:604145,Orphanet:154|MONDO:MONDO:0012127,MedGen:C1837342,OMIM:608807,Orphanet:140922|MONDO:MONDO:0012127,MedGen:C1837342,OMIM:608807,Orphanet:140922;MONDO:MONDO:0011400,MedGen:C1858763,OMIM:604145,Orphanet:154|Human Phenotype Ontology:HP:0001638,MONDO:MONDO:0004994,MedGen:C0878544,Orphanet:167848|MedGen:C3661900","not specified|Cardiovascular phenotype|Tibial muscular dystrophy|Myopathy, myofibrillar, 9, with early respiratory failure|Early-onset myopathy with fatal cardiomyopathy|Hypertrophic cardiomyopathy|Dilated cardiomyopathy 1G|Autosomal recessive limb-girdle muscular dystrophy type 2J|Autosomal recessive limb-girdle muscular dystrophy type 2J;Dilated cardiomyopathy 1G|Cardiomyopathy|not provided",germline;unknown,germline,GRCh37,NC_000002.11,2,179585312,179585312,na,na,2q31.2,"criteria provided, conflicting classifications",19,"ACMG2021,ACMG2022",N,ClinGen:CA139019,2,46713,179585312,G,A,-,-,-,-,-,-,SCV000051624|SCV000063674|SCV000238329|SCV000286509|SCV000318853|SCV000332857|SCV000424232|SCV000424233|SCV000424234|SCV000424236|SCV000424237|SCV000605489|SCV000901497|SCV000995628|SCV001432106|SCV002544171|SCV006067889|SCV007326409,-,-
997203,single nucleotide variant,NM_002661.5(PLCG2):c.3516C>T (p.Ser1172=),5336,PLCG2,HGNC:9066,Conflicting classifications of pathogenicity,0,"Feb 01, 2026",773778524,-,RCV001305030|RCV002504463,"MONDO:MONDO:0013766,MedGen:C3280914,OMIM:614468,Orphanet:300359|MONDO:MONDO:0013944,MedGen:C3553961,OMIM:614878,Orphanet:324530;MONDO:MONDO:0013766,MedGen:C3280914,OMIM:614468,Orphanet:300359",Familial cold autoinflammatory syndrome 3|Autoinflammation-PLCG2-associated antibody deficiency-immune dysregulation;Familial cold autoinflammatory syndrome 3,germline;unknown,germline,GRCh37,NC_000016.9,16,81979814,81979814,na,na,16q23.3,"criteria provided, conflicting classifications",2,-,N,ClinGen:CA8194755,2,1007792,81979814,C,T,-,-,-,-,-,-,SCV001494342|SCV002816715,-,-
247245,single nucleotide variant,NM_000059.4(BRCA2):c.7349A>T (p.Asn2450Ile),675,BRCA2,HGNC:1101,Conflicting classifications of pathogenicity,0,"Feb 04, 2026",761505767,-,RCV000238922|RCV000773097|RCV000804173|RCV002265710|RCV004567797,"MONDO:MONDO:0012933,MedGen:C2675520,OMIM:612555,Orphanet:145|MONDO:MONDO:0015356,MeSH:D009386,MedGen:C0027672,Orphanet:140162|MONDO:MONDO:0003582,MeSH:D061325,MedGen:C0677776,Orphanet:145|MedGen:CN169374|MONDO:MONDO:0016419,MedGen:C0346153,OMIM:114480,Orphanet:227535","Breast-ovarian cancer, familial, susceptibility to, 2|Hereditary cancer-predisposing syndrome|Hereditary breast ovarian cancer syndrome|not specified|Familial cancer of breast",germline;unknown,germline,GRCh37,NC_000013.10,13,32929339,32929339,na,na,13q13.1,"criteria provided, conflicting classifications",7,"ACMG2013,ACMG2016,ACMG2021,ACMG2022",N,ClinGen:CA6941083,2,252844,32929339,A,T,-,-,-,-,-,-,SCV000906552|SCV000944069|SCV001188659|SCV002547741|SCV004844398|SCV005059149,-,-
2247598,single nucleotide variant,NM_005157.6(ABL1):c.3202G>A (p.Val1068Met),25,ABL1,HGNC:76,Conflicting classifications of pathogenicity,0,"Jan 15, 2026",749413196,-,RCV002792610|RCV005099655,"MeSH:D030342,MedGen:C0950123|MedGen:C3661900",Inborn genetic diseases|not provided,germline,germline,GRCh37,NC_000009.11,9,133760879,133760879,na,na,9q34.12,"criteria provided, conflicting classifications",2,-,N,ClinGen:CA5285887,2,2258189,133760879,G,A,-,-,-,-,-,-,SCV003593589|SCV005770705,-,-
915154,single nucleotide variant,NM_001035.3(RYR2):c.7342+4A>T,6262,RYR2,HGNC:10484,Conflicting classifications of pathogenicity,0,"Jan 12, 2026",771358777,-,RCV001183532|RCV002379710|RCV002560842|RCV004008390,"Human Phenotype Ontology:HP:0001638,MONDO:MONDO:0004994,MedGen:C0878544,Orphanet:167848|MedGen:CN230736|MONDO:MONDO:0011484,MedGen:C1631597,OMIM:604772,Orphanet:3286|MONDO:MONDO:0017990,MedGen:C5574922,OMIM:PS604772,Orphanet:3286",Cardiomyopathy|Cardiovascular phenotype|Catecholaminergic polymorphic ventricular tachycardia 1|Catecholaminergic polymorphic ventricular tachycardia,germline,germline,GRCh37,NC_000001.10,1,237806751,237806751,na,na,1q43,"criteria provided, conflicting classifications",4,"ACMG2013,ACMG2016,ACMG2021,ACMG2022",N,ClinGen:CA087370,2,923080,237806751,A,T,-,-,-,-,-,-,SCV001349289|SCV002671089|SCV003294196|SCV004827927,-,-
535241,single nucleotide variant,NM_003126.4(SPTA1):c.6421C>T (p.Arg2141Trp),6708,SPTA1,HGNC:11272,Conflicting classifications of pathogenicity,1,"Jan 01, 2026",41273519,-,RCV000655918|RCV001096843|RCV001096844|RCV001507992|RCV005392256,"MONDO:MONDO:0010053,MedGen:C2678338,OMIM:270970,Orphanet:822|Human Phenotype Ontology:HP:0004805,Human Phenotype Ontology:HP:0004839,MONDO:MONDO:0009948,MedGen:C0520739,OMIM:266140|MONDO:MONDO:0007533,MedGen:C1851741,OMIM:130600,Orphanet:288|MedGen:C3661900|MONDO:MONDO:0007533,MedGen:C1851741,OMIM:130600,Orphanet:288;MONDO:MONDO:0010053,MedGen:C2678338,OMIM:270970,Orphanet:822;Human Phenotype Ontology:HP:0004805,Human Phenotype Ontology:HP:0004839,MONDO:MONDO:0009948,MedGen:C0520739,OMIM:266140","Hereditary spherocytosis type 3|Pyropoikilocytosis, hereditary|Elliptocytosis 2|not provided|Elliptocytosis 2;Hereditary spherocytosis type 3;Pyropoikilocytosis, hereditary",germline,germline,GRCh37,NC_000001.10,1,158589121,158589121,na,na,1q23.1,"criteria provided, conflicting classifications",10,-,N,ClinGen:CA1181985,2,544821,158589121,G,A,-,-,-,-,-,-,SCV001253087|SCV001253088|SCV001253089|SCV001713868|SCV002028321|SCV002049859|SCV002519813|SCV003820097|SCV005330188|SCV005732039|SCV006054077,-,-
269177,single nucleotide variant,NM_017739.4(POMGNT1):c.960C>G (p.Arg320=),55624,POMGNT1,HGNC:19139,Conflicting classifications of pathogenicity,0,"Jan 19, 2026",146933218,-,RCV000295933|RCV000343795|RCV000385748|RCV000725556|RCV001081570|RCV001277253,"MONDO:MONDO:0013161,MedGen:C3150417,OMIM:613157,Orphanet:206564||MedGen:CN169374|MedGen:C3661900|MONDO:MONDO:0013161,MedGen:C3150417,OMIM:613157,Orphanet:206564;MONDO:MONDO:0013155,MedGen:C3150412,OMIM:613151|MONDO:MONDO:0018939,MedGen:C0457133,Orphanet:588,Orphanet:899","Autosomal recessive limb-girdle muscular dystrophy type 2O|Congenital Muscular Dystrophy, alpha-dystroglycan related|not specified|not provided|Autosomal recessive limb-girdle muscular dystrophy type 2O;Muscular dystrophy-dystroglycanopathy (congenital with intellectual disability), type B3|Muscle eye brain disease",germline,germline,GRCh37,NC_000001.10,1,46659302,46659302,na,na,1p34.1,"criteria provided, conflicting classifications",8,-,N,ClinGen:CA833545,2,284940,46659302,G,C,-,-,-,-,-,-,SCV000337762|SCV000357993|SCV000357994|SCV000721319|SCV001018534|SCV004123777,-,-
618874,single nucleotide variant,NM_001943.5(DSG2):c.1503G>T (p.Glu501Asp),1829,DSG2,HGNC:3049,Conflicting classifications of pathogenicity,0,"Mar 29, 2026",1191142951,-,RCV000773846|RCV001239198|RCV002469284|RCV004001332|RCV003411711|RCV006725980,"Human Phenotype Ontology:HP:0001638,MONDO:MONDO:0004994,MedGen:C0878544,Orphanet:167848|MONDO:MONDO:0012434,MedGen:C1857777,OMIM:610193|MedGen:C3661900|MONDO:MONDO:0016587,MeSH:D019571,MedGen:C0349788,Orphanet:247||MedGen:CN230736",Cardiomyopathy|Arrhythmogenic right ventricular dysplasia 10|not provided|Arrhythmogenic right ventricular cardiomyopathy|DSG2-related disorder|Cardiovascular phenotype,germline,germline,GRCh37,NC_000018.9,18,29116244,29116244,na,na,18q12.1,"criteria provided, conflicting classifications",6,"ACMG2013,ACMG2016,ACMG2021,ACMG2022",N,ClinGen:CA402141509,2,629155,29116244,G,T,-,-,-,-,-,-,SCV000907546|SCV001412050|SCV002765228|SCV004112904|SCV004819551|SCV007636579,-,-
1303529,single nucleotide variant,NM_000142.5(FGFR3):c.1921G>A (p.Asp641Asn),2261,FGFR3,HGNC:3690,Conflicting classifications of pathogenicity,1,"Jun 23, 2026",2108807251,-,RCV001769219|RCV006713664,"MedGen:C3661900|Human Phenotype Ontology:HP:0010816,MONDO:MONDO:0008093,MedGen:C0334082,OMIM:162900,Orphanet:79414",not provided|Epidermal nevus,germline,germline,GRCh37,NC_000004.11,4,1807862,1807862,na,na,4p16.3,"criteria provided, conflicting classifications",2,-,N,ClinGen:CA355982532,2,1313268,1807862,G,A,-,-,-,-,-,-,SCV002003353|SCV007615883,-,-
324420,single nucleotide variant,NM_002474.3(MYH11):c.4821C>T (p.Asp1607=),4629,MYH11,HGNC:7569,Conflicting classifications of pathogenicity,0,"Jan 26, 2026",749424185,-,RCV000325499|RCV001117663,"MONDO:MONDO:0019625,MedGen:C4707243,OMIM:PS607086,Orphanet:91387|MONDO:MONDO:0007568,MedGen:C1851504,OMIM:132900","Familial thoracic aortic aneurysm and aortic dissection|Aortic aneurysm, familial thoracic 4",germline,germline,GRCh37,NC_000016.9,16,15814140,15814140,na,na,16p13.11,"criteria provided, conflicting classifications",5,"ACMG2013,ACMG2016,ACMG2021,ACMG2022",N,ClinGen:CA7921529,2,318105,15814140,G,A,-,-,-,-,-,-,SCV001275872|SCV001342443|SCV002357037|SCV002637904|SCV004821172,-,-
33310,single nucleotide variant,NM_000036.3(AMPD1):c.34C>T (p.Gln12Ter),270,AMPD1,HGNC:468,Conflicting classifications of pathogenicity; other,1,"Jul 01, 2026",17602729,-,RCV000019933|RCV000487355|RCV003226164|RCV003974848,"MONDO:MONDO:0014220,MedGen:C3714933,OMIM:615511,Orphanet:45|MedGen:C3661900|MedGen:CN169374|",Muscle AMP deaminase deficiency|not provided|not specified|AMPD1-related disorder,germline;unknown,germline,GRCh37,NC_000001.10,1,115236057,115236057,na,na,1p13.2,"criteria provided, conflicting classifications",15,-,N,"ClinGen:CA128022,OMIM:102770.0001",3,18271,115236057,G,A,-,-,-,-,-,-,SCV000568077|SCV000755841|SCV000854814|SCV001366492|SCV001446914|SCV001984111|SCV002562935|SCV003922547|SCV005400820|SCV006105791,-,-
210866,single nucleotide variant,NM_133259.4(LRPPRC):c.79C>T (p.Leu27Phe),10128,LRPPRC,HGNC:15714,Conflicting classifications of pathogenicity,0,"Jan 31, 2026",116727742,-,RCV000199980|RCV000322781|RCV000757440|RCV003937735,"MedGen:CN169374|MONDO:MONDO:0009069,MedGen:C1857355,OMIM:220111,Orphanet:70472|MedGen:C3661900|","not specified|Congenital lactic acidosis, Saguenay-Lac-Saint-Jean type|not provided|LRPPRC-related disorder",germline,germline,GRCh37,NC_000002.11,2,44223008,44223008,na,na,2p21,"criteria provided, conflicting classifications",7,-,N,ClinGen:CA324529,2,214591,44223008,G,A,-,-,-,-,-,-,SCV000251656|SCV000430638|SCV000885665|SCV001101847|SCV007325781,-,-
546222,single nucleotide variant,NM_153676.4(USH1C):c.2487C>T (p.Gly829=),10083,USH1C,HGNC:12597,Conflicting classifications of pathogenicity,0,"Feb 01, 2026",142801489,-,RCV000673137|RCV000898027|RCV001108479|RCV005901502|RCV005901501,"MONDO:MONDO:0010171,MedGen:C1848604,OMIM:276904,Orphanet:231169,Orphanet:886;MONDO:MONDO:0011192,MedGen:C1865870,OMIM:602092,Orphanet:90636|MedGen:C3661900|MONDO:MONDO:0010171,MedGen:C1848604,OMIM:276904,Orphanet:231169,Orphanet:886|MedGen:C0024623|MedGen:C0546837",Usher syndrome type 1C;Autosomal recessive nonsyndromic hearing loss 18A|not provided|Usher syndrome type 1C|Gastric cancer|Malignant tumor of esophagus,germline;not applicable;unknown,germline,GRCh37,NC_000011.9,11,17519712,17519712,na,na,11p15.1,"criteria provided, conflicting classifications",5,-,N,ClinGen:CA5904153,2,557049,17519712,G,A,-,-,-,-,-,-,SCV001042209|SCV001265714|SCV002504377,-,-
411480,Microsatellite,NM_002637.4(PHKA1):c.2685+8_2685+10del,5255,PHKA1,HGNC:8925,Conflicting classifications of pathogenicity,0,"Jan 12, 2026",782176924,-,RCV000485899|RCV002063756|RCV003942590|RCV003437227,"MedGen:CN169374|MONDO:MONDO:0010362,MedGen:C1845151,OMIM:300559,Orphanet:715||MedGen:C3661900",not specified|Glycogen storage disease IXd|PHKA1-related disorder|not provided,germline,germline,GRCh37,NC_000023.10,X,71825381,71825383,na,na,Xq13.1,"criteria provided, conflicting classifications",4,-,N,ClinGen:CA10450630,2,421032,71825380,ATTC,A,-,-,-,-,-,-,SCV000570106|SCV002472726|SCV004165818,-,-
324072,single nucleotide variant,NM_002860.4(ALDH18A1):c.1153-13A>G,5832,ALDH18A1,HGNC:9722,Conflicting classifications of pathogenicity,0,"Jan 21, 2026",370680325,-,RCV000316163|RCV001718609|RCV003765780,"MONDO:MONDO:0009053,MedGen:C5234852,OMIM:219150,Orphanet:2962,Orphanet:35664|MedGen:C3661900|MONDO:MONDO:0014706,MedGen:C4225268,OMIM:616603,Orphanet:90348;MONDO:MONDO:0015091,MedGen:C1832669;MONDO:MONDO:0017569,MedGen:C0268354,Orphanet:2962","ALDH18A1-related de Barsy syndrome|not provided|Cutis laxa, autosomal dominant 3;Autosomal dominant spastic paraplegia type 9;de Barsy syndrome",germline,germline,GRCh37,NC_000010.10,10,97385225,97385225,na,na,10q24.1,"criteria provided, conflicting classifications",3,-,N,ClinGen:CA5620402,2,301769,97385225,T,C,-,-,-,-,-,-,SCV000366292|SCV000727322|SCV002336570,-,-
208554,single nucleotide variant,NM_017721.5(CC2D1A):c.2125+18G>A,54862,CC2D1A,HGNC:30237,Conflicting classifications of pathogenicity,0,"Jan 19, 2026",201665826,-,RCV000194295|RCV003678981,MedGen:CN169374|MedGen:C3661900,not specified|not provided,germline,germline,GRCh37,NC_000019.9,19,14037703,14037703,na,na,19p13.12,"criteria provided, conflicting classifications",3,-,N,ClinGen:CA208381,2,210599,14037703,G,A,-,-,-,-,-,-,SCV000246887|SCV004408281|SCV005194912,-,-
267127,single nucleotide variant,NM_001267550.2(TTN):c.53142T>C (p.Asp17714=),7273,TTN,HGNC:12403,Conflicting classifications of pathogenicity,0,"Feb 03, 2026",373316165,-,RCV000725173|RCV001088861|RCV001132955|RCV001132956|RCV001132958|RCV001132957|RCV001132959|RCV002436099|RCV004543015|RCV004782338,"MedGen:C3661900|MONDO:MONDO:0011400,MedGen:C1858763,OMIM:604145,Orphanet:154;MONDO:MONDO:0012127,MedGen:C1837342,OMIM:608807,Orphanet:140922|MONDO:MONDO:0010870,MedGen:C1838244,OMIM:600334,Orphanet:609|MONDO:MONDO:0012714,MedGen:C2673677,OMIM:611705,Orphanet:289377|MONDO:MONDO:0011362,MedGen:C1863599,OMIM:603689,Orphanet:178464,Orphanet:34521|MONDO:MONDO:0012127,MedGen:C1837342,OMIM:608807,Orphanet:140922|MONDO:MONDO:0011400,MedGen:C1858763,OMIM:604145,Orphanet:154|MedGen:CN230736||MedGen:CN169374","not provided|Dilated cardiomyopathy 1G;Autosomal recessive limb-girdle muscular dystrophy type 2J|Tibial muscular dystrophy|Early-onset myopathy with fatal cardiomyopathy|Myopathy, myofibrillar, 9, with early respiratory failure|Autosomal recessive limb-girdle muscular dystrophy type 2J|Dilated cardiomyopathy 1G|Cardiovascular phenotype|TTN-related disorder|not specified",germline,germline,GRCh37,NC_000002.11,2,179472273,179472273,na,na,2q31.2,"criteria provided, conflicting classifications",8,"ACMG2021,ACMG2022",N,ClinGen:CA1993850,2,282890,179472273,A,G,-,-,-,-,-,-,SCV000334621|SCV000531833|SCV000555568|SCV001292639|SCV001292640|SCV001292641|SCV001292642|SCV001292643|SCV002745426|SCV005395778|SCV006069250,-,-
406234,Microsatellite,NM_000249.4(MLH1):c.1285GAG[1] (p.Glu430del),4292,MLH1,HGNC:7127,Conflicting classifications of pathogenicity,0,"Feb 02, 2026",1064795262,-,RCV000482194|RCV000568094|RCV000698009|RCV003333749,"MedGen:C3661900|MONDO:MONDO:0015356,MeSH:D009386,MedGen:C0027672,Orphanet:140162|MeSH:D003123,MedGen:C0009405|MONDO:MONDO:0012249,MedGen:C1333991,OMIM:609310,Orphanet:144","not provided|Hereditary cancer-predisposing syndrome|Hereditary nonpolyposis colorectal neoplasms|Colorectal cancer, hereditary nonpolyposis, type 2",germline;unknown,germline,GRCh37,NC_000003.11,3,37067374,37067376,na,na,3p22.2,"criteria provided, conflicting classifications",7,"ACMG2013,ACMG2016,ACMG2021,ACMG2022",N,ClinGen:CA16617913,2,421629,37067373,TGAG,T,-,-,-,-,-,-,SCV000570898|SCV000662111|SCV000826647|SCV004195050|SCV004359227|SCV005623548,-,-
178240,single nucleotide variant,NM_000260.4(MYO7A):c.1126A>G (p.Ile376Val),4647,MYO7A,HGNC:7606,Conflicting classifications of pathogenicity,0,"Jan 28, 2026",368716988,-,RCV000155226|RCV001040160|RCV001111942|RCV001111944|RCV001111943|RCV002516123|RCV004534988,"MedGen:CN169374|MedGen:C3661900|MONDO:MONDO:0011032,MedGen:C1832475,OMIM:601317,Orphanet:90635|MONDO:MONDO:0010807,MedGen:C1838701,OMIM:600060,Orphanet:90636|MONDO:MONDO:0010168,MedGen:C1568247,OMIM:276900,Orphanet:231169,Orphanet:886|MeSH:D030342,MedGen:C0950123|",not specified|not provided|Autosomal dominant nonsyndromic hearing loss 11|Autosomal recessive nonsyndromic hearing loss 2|Usher syndrome type 1|Inborn genetic diseases|MYO7A-related disorder,germline,germline,GRCh37,NC_000011.9,11,76871254,76871254,na,na,11q13.5,"criteria provided, conflicting classifications",6,-,N,ClinGen:CA182408,2,178478,76871254,A,G,-,-,-,-,-,-,SCV000204912|SCV001203721|SCV001269552|SCV001269553|SCV001269554|SCV002319176|SCV003648789|SCV004118241,-,-
173823,single nucleotide variant,NM_006005.3(WFS1):c.1152C>T (p.Phe384=),7466,WFS1,HGNC:12762,Conflicting classifications of pathogenicity,0,"Jan 05, 2026",149846741,-,RCV000155338|RCV000733966|RCV001153036|RCV001153037|RCV002509042,"MedGen:CN169374|MedGen:C3661900|MONDO:MONDO:0010963,MedGen:C1833021,OMIM:600965,Orphanet:90635||MONDO:MONDO:0009101,MedGen:C4551693,OMIM:222300,Orphanet:3463",not specified|not provided|Autosomal dominant nonsyndromic hearing loss 6|WFS1-Related Spectrum Disorders|Wolfram syndrome 1,germline;unknown,germline,GRCh37,NC_000004.11,4,6302674,6302674,na,na,4p16.1,"criteria provided, conflicting classifications",9,-,N,ClinGen:CA182616,2,178589,6302674,C,T,-,-,-,-,-,-,SCV000205024|SCV000862074|SCV001020839|SCV001154163|SCV001314282|SCV001314283|SCV001815379|SCV002817363,-,-
475014,single nucleotide variant,NM_024642.5(GALNT12):c.814G>A (p.Gly272Arg),79695,GALNT12,HGNC:19877,Conflicting classifications of pathogenicity,0,"Jan 20, 2026",367645298,-,RCV000870205|RCV004024538|RCV005398914,"MedGen:C3661900|MedGen:CN169374|MONDO:MONDO:0012132,MedGen:C1837315,OMIM:608812","not provided|not specified|Colorectal cancer, susceptibility to, 1",germline;unknown,germline,GRCh37,NC_000009.11,9,101594136,101594136,na,na,9q22.33,"criteria provided, conflicting classifications",4,-,N,ClinGen:CA5154061,2,485657,101594136,G,A,-,-,-,-,-,-,SCV000673552|SCV001011691|SCV004219795|SCV006056795,-,-
175796,single nucleotide variant,NM_016239.4(MYO15A):c.4719G>A (p.Ala1573=),51168,MYO15A,HGNC:7594,Conflicting classifications of pathogenicity,0,"May 01, 2026",186426892,-,RCV000155189|RCV000297869|RCV000907717,"MedGen:CN169374|MONDO:MONDO:0010860,MedGen:C1838263,OMIM:600316,Orphanet:90636|MedGen:C3661900",not specified|Autosomal recessive nonsyndromic hearing loss 3|not provided,germline;unknown,germline,GRCh37,NC_000017.10,17,18039940,18039940,na,na,17p11.2,"criteria provided, conflicting classifications",6,-,N,ClinGen:CA182341,2,178441,18039940,G,A,-,-,-,-,-,-,SCV000204875|SCV000401143|SCV000723272|SCV001052442|SCV001246435|SCV001475316,-,-
449542,single nucleotide variant,NM_001267550.2(TTN):c.85428A>G (p.Gln28476=),7273,TTN,HGNC:12403,Conflicting classifications of pathogenicity,0,"Jun 01, 2026",777939514,-,RCV000559704|RCV003222029|RCV005298527,"MONDO:MONDO:0011400,MedGen:C1858763,OMIM:604145,Orphanet:154;MONDO:MONDO:0012127,MedGen:C1837342,OMIM:608807,Orphanet:140922|MedGen:C3661900|MedGen:CN230736",Dilated cardiomyopathy 1G;Autosomal recessive limb-girdle muscular dystrophy type 2J|not provided|Cardiovascular phenotype,germline,germline,GRCh37,NC_000002.11,2,179425431,179425431,na,na,2q31.2,"criteria provided, conflicting classifications",3,"ACMG2021,ACMG2022",N,ClinGen:CA60984697,2,467569,179425431,T,C,-,-,-,-,-,-,SCV000643797|SCV003916177|SCV005957137,-,-
425798,single nucleotide variant,NM_017780.4(CHD7):c.2273G>A (p.Arg758His),55636,CHD7,HGNC:20626,Conflicting classifications of pathogenicity,0,"Mar 01, 2026",202208393,-,RCV000497870|RCV001243456|RCV003900037|RCV005044746|RCV004975576|RCV005434972,"MedGen:C3661900|MONDO:MONDO:0008965,MedGen:C0265354,Orphanet:138||MONDO:MONDO:0012880,MedGen:C3552553,OMIM:612370,Orphanet:478;MONDO:MONDO:0008965,MedGen:C0265354,Orphanet:138|MeSH:D030342,MedGen:C0950123|MedGen:CN169374",not provided|CHARGE syndrome|CHD7-related disorder|Hypogonadotropic hypogonadism 5 with or without anosmia;CHARGE syndrome|Inborn genetic diseases|not specified,germline,germline,GRCh37,NC_000008.10,8,61712981,61712981,na,na,8q12.2,"criteria provided, conflicting classifications",8,-,N,ClinGen:CA4759667,2,431960,61712981,G,A,-,-,-,-,-,-,SCV000589569|SCV001416617|SCV003831973|SCV005433346|SCV005554574|SCV005681968|SCV006109187,-,-
1417111,single nucleotide variant,NM_001082971.2(DDC):c.322A>C (p.Ser108Arg),1644,DDC,HGNC:2719,Conflicting classifications of pathogenicity,1,"Mar 27, 2026",1364989731,-,RCV001971384,"MONDO:MONDO:0012084,MedGen:C1291564,OMIM:608643,Orphanet:35708",Deficiency of aromatic-L-amino-acid decarboxylase,germline,germline,GRCh37,NC_000007.13,7,50605671,50605671,na,na,7p12.1,"criteria provided, conflicting classifications",2,-,N,ClinGen:CA367528698,2,1477046,50605671,T,G,-,-,-,-,-,-,SCV002258923|SCV007583593,-,-
307165,single nucleotide variant,NM_001358530.2(MOCS1):c.1413C>T (p.Ala471=),4337,MOCS1,HGNC:7190,Conflicting classifications of pathogenicity,0,"Jan 16, 2026",745789021,-,RCV000270901|RCV003430924,"MONDO:MONDO:0009643,MedGen:C1854988,OMIM:252150,Orphanet:308386,Orphanet:833|MedGen:C3661900",Sulfite oxidase deficiency due to molybdenum cofactor deficiency type A|not provided,germline,germline,GRCh37,NC_000006.11,6,39874631,39874631,na,na,6p21.2,"criteria provided, conflicting classifications",3,-,N,ClinGen:CA3795952,2,356646,39874631,G,A,-,-,-,-,-,-,SCV000462914|SCV002413503|SCV004161586,-,-
95841,single nucleotide variant,NM_000249.4(MLH1):c.790C>T (p.His264Tyr),4292,MLH1,HGNC:7127,Conflicting classifications of pathogenicity,0,"Jan 27, 2026",63751597,-,RCV000478542|RCV000530665|RCV000562121|RCV001093687|RCV001193965|RCV003997138|RCV003485534|RCV003483463|RCV004748559,"MedGen:C3661900|MeSH:D003123,MedGen:C0009405|MONDO:MONDO:0015356,MeSH:D009386,MedGen:C0027672,Orphanet:140162|MONDO:MONDO:0007356,MedGen:C2936783,OMIM:120435,Orphanet:144|MedGen:CN169374|MONDO:MONDO:0005835,MedGen:C4552100,Orphanet:144|MONDO:MONDO:0012249,MedGen:C1333991,OMIM:609310,Orphanet:144|MONDO:MONDO:0003582,MeSH:D061325,MedGen:C0677776,Orphanet:145|","not provided|Hereditary nonpolyposis colorectal neoplasms|Hereditary cancer-predisposing syndrome|Lynch syndrome 1|not specified|Lynch syndrome|Colorectal cancer, hereditary nonpolyposis, type 2|Hereditary breast ovarian cancer syndrome|MLH1-related disorder",germline,germline,GRCh37,NC_000003.11,3,37056035,37056035,na,na,3p22.2,"criteria provided, conflicting classifications",11,"ACMG2013,ACMG2016,ACMG2021,ACMG2022",N,ClinGen:CA012242,2,90367,37056035,C,T,-,-,-,-,-,-,SCV000565146|SCV000625195|SCV000669560|SCV001345268|SCV001363161|SCV004231814|SCV004239098|SCV004840907|SCV005916916,-,-
644111,single nucleotide variant,NM_002528.7(NTHL1):c.37C>T (p.Arg13Trp),4913,NTHL1,HGNC:8028,Conflicting classifications of pathogenicity,0,"Jan 28, 2026",3087469,-,RCV000802855|RCV001024999|RCV003467393|RCV003947990,"MedGen:C3661900|MONDO:MONDO:0015356,MeSH:D009386,MedGen:C0027672,Orphanet:140162|MONDO:MONDO:0014630,MedGen:C4225157,OMIM:616415,Orphanet:220460,Orphanet:454840|",not provided|Hereditary cancer-predisposing syndrome|Familial adenomatous polyposis 3|NTHL1-related disorder,germline;unknown,germline,GRCh37,NC_000016.9,16,2097788,2097788,na,na,16p13.3,"criteria provided, conflicting classifications",11,-,N,ClinGen:CA027813,2,648187,2097788,G,A,-,-,-,-,-,-,SCV000942701|SCV001187103|SCV001803779|SCV002528994|SCV004133799|SCV004192110|SCV005642836|SCV006055878|SCV006277427|SCV007113285,-,-
889811,single nucleotide variant,NM_000097.7(CPOX):c.212G>C (p.Gly71Ala),1371,CPOX,HGNC:2321,Conflicting classifications of pathogenicity,0,"Jan 14, 2026",572522263,-,RCV002557145|RCV001146747|RCV005540285,"MedGen:C3661900|MONDO:MONDO:0007369,MedGen:C0162531,OMIM:121300,Orphanet:79273|MeSH:D030342,MedGen:C0950123",not provided|Hereditary coproporphyria|Inborn genetic diseases,germline,germline,GRCh37,NC_000003.11,3,98312137,98312137,na,na,3q11.2,"criteria provided, conflicting classifications",4,-,N,ClinGen:CA2511753,2,901085,98312137,C,G,-,-,-,-,-,-,SCV001307502|SCV003257724|SCV005300534|SCV006215051,-,-
191860,single nucleotide variant,NM_000152.5(GAA):c.2415G>A (p.Val805=),2548,GAA,HGNC:4065,Conflicting classifications of pathogenicity,0,"Apr 01, 2026",150536507,-,RCV000390395|RCV000724845|RCV002222424|RCV002453612,"MONDO:MONDO:0009290,MedGen:C0017921,OMIM:232300,Orphanet:365|MedGen:C3661900|MedGen:CN169374|MedGen:CN230736","Glycogen storage disease, type II|not provided|not specified|Cardiovascular phenotype",germline,germline,GRCh37,NC_000017.10,17,78091482,78091482,na,na,17q25.3,"criteria provided, conflicting classifications",12,"ACMG2021,ACMG2022",N,ClinGen:CA240812,2,194697,78091482,G,A,-,-,-,-,-,-,SCV000226557|SCV000407299|SCV000524470|SCV000626568|SCV001422812|SCV001810192|SCV002500449|SCV002735983|SCV004010577|SCV005878223|SCV007314487,-,-
471900,single nucleotide variant,NM_001111125.3(IQSEC2):c.2831A>G (p.Asn944Ser),23096,IQSEC2,HGNC:29059,Conflicting classifications of pathogenicity,0,"Jan 16, 2026",781808414,-,RCV002530065|RCV001775870|RCV000553327,"MeSH:D030342,MedGen:C0950123|MedGen:C3661900|Gene:170530,MONDO:MONDO:0010656,MedGen:C2931498,OMIM:309530,Orphanet:777","Inborn genetic diseases|not provided|Intellectual disability, X-linked 1",germline,germline,GRCh37,NC_000023.10,X,53272572,53272572,na,na,Xp11.22,"criteria provided, conflicting classifications",3,-,N,ClinGen:CA329164390,2,471269,53272572,T,C,-,-,-,-,-,-,SCV000649576|SCV002013604|SCV003538743,-,-
151455,single nucleotide variant,NM_007294.4(BRCA1):c.1534C>G (p.Leu512Val),672,BRCA1,HGNC:1100,Conflicting classifications of pathogenicity,0,"Apr 17, 2026",41286294,-,RCV000130372|RCV000198821|RCV000662675|RCV000758787|RCV004525876,"MONDO:MONDO:0015356,MeSH:D009386,MedGen:C0027672,Orphanet:140162|MONDO:MONDO:0003582,MeSH:D061325,MedGen:C0677776,Orphanet:145|MONDO:MONDO:0011450,MedGen:C2676676,OMIM:604370,Orphanet:145|MedGen:C3661900|MedGen:CN169374","Hereditary cancer-predisposing syndrome|Hereditary breast ovarian cancer syndrome|Breast-ovarian cancer, familial, susceptibility to, 1|not provided|not specified",germline;unknown,germline,GRCh37,NC_000017.10,17,41246014,41246014,na,na,17q21.31,"criteria provided, conflicting classifications",11,"ACMG2013,ACMG2016,ACMG2021,ACMG2022",N,ClinGen:CA001034,2,141741,41246014,G,C,-,-,-,-,-,-,SCV000185226|SCV000254957|SCV000566052|SCV000682970|SCV000887626|SCV001474332|SCV003851229|SCV003917929|SCV004818310|SCV005039391,-,-
949532,single nucleotide variant,NM_001605.3(AARS1):c.80A>G (p.His27Arg),16,AARS1,HGNC:20,Conflicting classifications of pathogenicity,0,"Feb 02, 2026",77753666,-,RCV001234709|RCV003142199|RCV004033254,"MONDO:MONDO:0018993,MedGen:C0270914,Orphanet:64746|MedGen:C3661900|MeSH:D030342,MedGen:C0950123",Charcot-Marie-Tooth disease type 2|not provided|Inborn genetic diseases,germline,germline,GRCh37,NC_000016.9,16,70316587,70316587,na,na,16q22.1,"criteria provided, conflicting classifications",3,-,N,ClinGen:CA8141231,2,961074,70316587,T,C,-,-,-,-,-,-,SCV001407367|SCV003821901|SCV004914882,-,-
341813,single nucleotide variant,NM_001080467.3(MYO5B):c.2647C>T (p.Leu883=),4645,MYO5B,HGNC:7603,Conflicting classifications of pathogenicity,0,"May 01, 2026",375746475,-,RCV000301139|RCV000935960|RCV004745344,"MONDO:MONDO:0009635,MedGen:C0341306,OMIM:251850,Orphanet:2290|MedGen:C3661900|",Congenital microvillous atrophy|not provided|MYO5B-related disorder,germline,germline,GRCh37,NC_000018.9,18,47429128,47429128,na,na,18q21.1,"criteria provided, conflicting classifications",4,-,N,ClinGen:CA8960982,2,327039,47429128,G,A,-,-,-,-,-,-,SCV000408992|SCV001081719|SCV007638593,-,-
1805538,single nucleotide variant,NM_001370259.2(MEN1):c.1186-2A>G,4221,MEN1,HGNC:7010,Conflicting classifications of pathogenicity,1,"Jan 21, 2026",2497147680,-,RCV002338048|RCV006470769,"MONDO:MONDO:0015356,MeSH:D009386,MedGen:C0027672,Orphanet:140162|MONDO:MONDO:0007540,MeSH:D018761,MedGen:C0025267,OMIM:131100,Orphanet:652","Hereditary cancer-predisposing syndrome|Multiple endocrine neoplasia, type 1",germline,germline,GRCh37,NC_000011.9,11,64572672,64572672,na,na,11q13.1,"criteria provided, conflicting classifications",2,"ACMG2013,ACMG2016,ACMG2021,ACMG2022",N,ClinGen:CA381180841,2,1743392,64572672,T,C,-,-,-,-,-,-,SCV002635067|SCV007383163,-,-
1595304,single nucleotide variant,NM_033026.6(PCLO):c.3368G>A (p.Arg1123His),27445,PCLO,HGNC:13406,Conflicting classifications of pathogenicity,0,"Feb 04, 2026",115735993,-,RCV002103445|RCV003015270|RCV003968876,"MedGen:C3661900|MeSH:D030342,MedGen:C0950123|",not provided|Inborn genetic diseases|PCLO-related disorder,germline,germline,GRCh37,NC_000007.13,7,82595736,82595736,na,na,7q21.11,"criteria provided, conflicting classifications",5,-,N,ClinGen:CA4321051,2,1587653,82595736,C,T,-,-,-,-,-,-,SCV002386053|SCV003740576|SCV004162390|SCV005220924,-,-
452724,single nucleotide variant,NM_004656.4(BAP1):c.1066C>T (p.Arg356Trp),8314,BAP1,HGNC:950,Conflicting classifications of pathogenicity,0,"Mar 05, 2026",761029538,-,RCV000544984|RCV000774739|RCV003226945|RCV005027655,"MONDO:MONDO:0013692,MedGen:C3280492,OMIM:614327,Orphanet:289539|MONDO:MONDO:0015356,MeSH:D009386,MedGen:C0027672,Orphanet:140162|MedGen:C3661900|MONDO:MONDO:0011696,MedGen:C1847723,OMIM:606661,Orphanet:39044;MONDO:MONDO:0859230,MedGen:C5676925,OMIM:619762;MONDO:MONDO:0013692,MedGen:C3280492,OMIM:614327,Orphanet:289539","BAP1-related tumor predisposition syndrome|Hereditary cancer-predisposing syndrome|not provided|Melanoma, uveal, susceptibility to, 2;Kury-Isidor syndrome;BAP1-related tumor predisposition syndrome",germline;unknown,germline,GRCh37,NC_000003.11,3,52439176,52439176,na,na,3p21.1,"criteria provided, conflicting classifications",7,-,N,ClinGen:CA2436930,2,472658,52439176,G,A,-,-,-,-,-,-,SCV000651843|SCV000908686|SCV001169948|SCV003923808|SCV004213172|SCV004220360|SCV005662646,-,-
1135403,single nucleotide variant,NM_176824.3(BBS7):c.2046T>C (p.Phe682=),55212,BBS7,HGNC:18758,Conflicting classifications of pathogenicity,0,"Jan 11, 2026",753884144,-,RCV001504161|RCV003983920|RCV005038241,"MONDO:MONDO:0015229,MedGen:C0752166,OMIM:PS209900,Orphanet:110||MONDO:MONDO:0014435,MedGen:C1859565,OMIM:615984,Orphanet:110",Bardet-Biedl syndrome|BBS7-related disorder|Bardet-Biedl syndrome 7,germline,germline,GRCh37,NC_000004.11,4,122747117,122747117,na,na,4q27,"criteria provided, conflicting classifications",3,-,N,ClinGen:CA3064060,2,1160157,122747117,A,G,-,-,-,-,-,-,SCV001709032|SCV005658473,-,-
242217,single nucleotide variant,NM_000548.5(TSC2):c.775-5C>T,7249,TSC2,HGNC:12363,Conflicting classifications of pathogenicity,0,"Jan 28, 2026",181827303,-,RCV000232338|RCV001086775|RCV001026786|RCV001117342|RCV004532856,"MedGen:C3661900|MONDO:MONDO:0013199,MedGen:C1860707,OMIM:613254,Orphanet:805|MONDO:MONDO:0015356,MeSH:D009386,MedGen:C0027672,Orphanet:140162|MONDO:MONDO:0001734,MedGen:C0041341,OMIM:PS191100,Orphanet:805|",not provided|Tuberous sclerosis 2|Hereditary cancer-predisposing syndrome|Tuberous sclerosis syndrome|TSC2-related disorder,germline;unknown,germline,GRCh37,NC_000016.9,16,2107101,2107101,na,na,16p13.3,"criteria provided, conflicting classifications",8,"ACMG2013,ACMG2016,ACMG2021,ACMG2022",N,ClinGen:CA10583285,2,238092,2107101,C,T,-,-,-,-,-,-,SCV000285475|SCV001150680|SCV001189234|SCV001275518|SCV002041098|SCV004821662|SCV005406002,-,-
139565,single nucleotide variant,NM_000249.4(MLH1):c.42A>C (p.Thr14=),4292,MLH1,HGNC:7127,Conflicting classifications of pathogenicity,0,"Feb 01, 2026",369737664,-,RCV000126779|RCV000212511|RCV000585926|RCV001081345|RCV001147828|RCV001358331|RCV003975092|RCV003492536|RCV003997404,"MONDO:MONDO:0015356,MeSH:D009386,MedGen:C0027672,Orphanet:140162|MedGen:CN169374|MedGen:C3661900|MeSH:D003123,MedGen:C0009405|MONDO:MONDO:0012249,MedGen:C1333991,OMIM:609310,Orphanet:144|MONDO:MONDO:0007254,MedGen:C0006142||MedGen:CN221562|MONDO:MONDO:0005835,MedGen:C4552100,Orphanet:144","Hereditary cancer-predisposing syndrome|not specified|not provided|Hereditary nonpolyposis colorectal neoplasms|Colorectal cancer, hereditary nonpolyposis, type 2|Malignant tumor of breast|MLH1-related disorder|Breast and/or ovarian cancer|Lynch syndrome",germline;unknown,germline,GRCh37,NC_000003.11,3,37035080,37035080,na,na,3p22.2,"criteria provided, conflicting classifications",15,"ACMG2013,ACMG2016,ACMG2021,ACMG2022",N,ClinGen:CA010370,2,135853,37035080,A,C,-,-,-,-,-,-,SCV000166255|SCV000170302|SCV000213203|SCV000684829|SCV000696164|SCV001308679|SCV001471824|SCV002071026|SCV002528745|SCV004240756|SCV004835217|SCV005897121|SCV007129062,-,-
98891,single nucleotide variant,NM_000426.4(LAMA2):c.7395T>C (p.Asp2465=),3908,LAMA2,HGNC:6482,Conflicting classifications of pathogenicity,0,"Feb 04, 2026",140483001,-,RCV000253133|RCV000710156|RCV000404201|RCV001084543,"MedGen:CN169374|MedGen:C3661900|MedGen:C1842898|MONDO:MONDO:0100228,MedGen:C5679788",not specified|not provided|Congenital muscular dystrophy due to partial LAMA2 deficiency|LAMA2-related muscular dystrophy,germline,germline,GRCh37,NC_000006.11,6,129794453,129794453,na,na,6q22.33,"criteria provided, conflicting classifications",7,-,N,ClinGen:CA220802,2,92984,129794453,T,C,-,-,-,-,-,-,SCV000110656|SCV000304179|SCV000460074|SCV000613981|SCV000658759|SCV005883282|SCV006107539,-,-
2910597,single nucleotide variant,NM_001205293.3(CACNA1E):c.6230G>T (p.Arg2077Leu),777,CACNA1E,HGNC:1392,Conflicting classifications of pathogenicity,0,"May 13, 2026",759720068,-,RCV003569727|RCV006709967,"MedGen:C3661900|MeSH:D030342,MedGen:C0950123",not provided|Inborn genetic diseases,germline,germline,GRCh37,NC_000001.10,1,181765825,181765825,na,na,1q25.3,"criteria provided, conflicting classifications",2,-,N,ClinGen:CA343633196,2,2758498,181765825,G,T,-,-,-,-,-,-,SCV004321556|SCV007625363,-,-
271856,single nucleotide variant,NM_001267550.2(TTN):c.103053C>T (p.Thr34351=),7273,TTN,HGNC:12403,Conflicting classifications of pathogenicity,0,"Feb 01, 2026",3731753,-,RCV000287646|RCV000305887|RCV000345009|RCV000356141|RCV000384295|RCV000403994|RCV000470403|RCV000621799|RCV001531498,"MONDO:MONDO:0012714,MedGen:C2673677,OMIM:611705,Orphanet:289377|MONDO:MONDO:0012127,MedGen:C1837342,OMIM:608807,Orphanet:140922|MONDO:MONDO:0011362,MedGen:C1863599,OMIM:603689,Orphanet:178464,Orphanet:34521|MedGen:CN169374|MONDO:MONDO:0011400,MedGen:C1858763,OMIM:604145,Orphanet:154|MONDO:MONDO:0010870,MedGen:C1838244,OMIM:600334,Orphanet:609|MONDO:MONDO:0012127,MedGen:C1837342,OMIM:608807,Orphanet:140922;MONDO:MONDO:0011400,MedGen:C1858763,OMIM:604145,Orphanet:154|MedGen:CN230736|MedGen:C3661900","Early-onset myopathy with fatal cardiomyopathy|Autosomal recessive limb-girdle muscular dystrophy type 2J|Myopathy, myofibrillar, 9, with early respiratory failure|not specified|Dilated cardiomyopathy 1G|Tibial muscular dystrophy|Autosomal recessive limb-girdle muscular dystrophy type 2J;Dilated cardiomyopathy 1G|Cardiovascular phenotype|not provided",germline,germline,GRCh37,NC_000002.11,2,179398289,179398289,na,na,2q31.2,"criteria provided, conflicting classifications",8,"ACMG2021,ACMG2022",N,ClinGen:CA1985663,2,287619,179398289,G,A,-,-,-,-,-,-,SCV000341443|SCV000420157|SCV000420158|SCV000420159|SCV000420160|SCV000420161|SCV000515190|SCV000555256|SCV000736819|SCV002571009,-,-
337669,single nucleotide variant,NM_001369369.1(FOXN1):c.546C>T (p.Asn182=),8456,FOXN1,HGNC:12765,Conflicting classifications of pathogenicity,0,"Feb 04, 2026",62640040,-,RCV000389956|RCV000607210|RCV001726114,"MONDO:MONDO:0011132,MedGen:C1866426,OMIM:601705,Orphanet:169095|MedGen:CN169374|MedGen:C3661900","T-cell immunodeficiency, congenital alopecia, and nail dystrophy|not specified|not provided",germline,germline,GRCh37,NC_000017.10,17,26851943,26851943,na,na,17q11.2,"criteria provided, conflicting classifications",4,-,N,ClinGen:CA8459253,2,322419,26851943,C,T,-,-,-,-,-,-,SCV000401474|SCV000714600|SCV000766601|SCV001961665,-,-
151738,single nucleotide variant,NM_004329.3(BMPR1A):c.1348G>A (p.Val450Met),657,BMPR1A,HGNC:1076,Conflicting classifications of pathogenicity,0,"May 05, 2026",55932635,-,RCV000130813|RCV000487332|RCV000657050|RCV002228499,"MONDO:MONDO:0015356,MeSH:D009386,MedGen:C0027672,Orphanet:140162|MedGen:CN169374|MedGen:C3661900|MONDO:MONDO:0017380,MedGen:C0345893,OMIM:174900,Orphanet:2929",Hereditary cancer-predisposing syndrome|not specified|not provided|Juvenile polyposis syndrome,germline;unknown,germline,GRCh37,NC_000010.10,10,88683138,88683138,na,na,10q23.2,"criteria provided, conflicting classifications",12,"ACMG2016,ACMG2021,ACMG2022",N,"ClinGen:CA167163,UniProtKB:P36894#VAR_041399",2,142024,88683138,G,A,-,-,-,-,-,-,SCV000185709|SCV000259992|SCV000537607|SCV000567656|SCV000600217|SCV001362963|SCV002528564|SCV004225286|SCV004234642|SCV005042387|SCV005090863|SCV006093073,-,-
273862,single nucleotide variant,NM_001366722.1(GRIP1):c.3207C>T (p.Pro1069=),23426,GRIP1,HGNC:18708,Conflicting classifications of pathogenicity,0,"Jan 28, 2026",187691546,-,RCV000341770|RCV003920155,MedGen:C3661900|,not provided|GRIP1-related disorder,germline,germline,GRCh37,NC_000012.11,12,66742979,66742979,na,na,12q14.3,"criteria provided, conflicting classifications",3,-,N,ClinGen:CA6673901,2,289625,66742979,G,A,-,-,-,-,-,-,SCV000344013|SCV001058566,-,-
177716,single nucleotide variant,NM_016729.3(FOLR1):c.261C>T (p.Asn87=),2348,FOLR1,HGNC:3791,Conflicting classifications of pathogenicity,0,"Jan 28, 2026",375444839,-,RCV000153255|RCV000397872|RCV000723781|RCV002433669|RCV003937423,"MedGen:CN169374|MONDO:MONDO:0013110,MedGen:C2751584,OMIM:613068,Orphanet:217382|MedGen:C3661900|MeSH:D030342,MedGen:C0950123|",not specified|Cerebral folate transport deficiency|not provided|Inborn genetic diseases|FOLR1-related disorder,germline,germline,GRCh37,NC_000011.9,11,71906407,71906407,na,na,11q13.4,"criteria provided, conflicting classifications",6,-,N,ClinGen:CA234024,2,167083,71906407,C,T,-,-,-,-,-,-,SCV000202730|SCV000374002|SCV000520178|SCV000769160|SCV002745625,-,-
475211,single nucleotide variant,NM_024642.5(GALNT12):c.329G>A (p.Arg110His),79695,GALNT12,HGNC:19877,Conflicting classifications of pathogenicity,0,"Jan 06, 2026",374994372,-,RCV000764794|RCV000867047|RCV004024531,"MONDO:MONDO:0012132,MedGen:C1837315,OMIM:608812|MedGen:C3661900|MedGen:CN169374","Colorectal cancer, susceptibility to, 1|not provided|not specified",germline;unknown,germline,GRCh37,NC_000009.11,9,101570309,101570309,na,na,9q22.33,"criteria provided, conflicting classifications",5,-,N,ClinGen:CA5153912,2,485648,101570309,G,A,-,-,-,-,-,-,SCV000673536|SCV000895939|SCV001008236|SCV004219779|SCV006056113,-,-
324238,single nucleotide variant,NM_000195.5(HPS1):c.2065C>T (p.Arg689Trp),3257,HPS1,HGNC:5163,Conflicting classifications of pathogenicity,0,"Jan 16, 2026",3830014,-,RCV000300014|RCV000941001|RCV001275291|RCV003949999|RCV002520517,"MONDO:MONDO:0008748,MedGen:C2931875,OMIM:203300,Orphanet:231500,Orphanet:79430|MedGen:C3661900|MONDO:MONDO:0019312,MedGen:C0079504,OMIM:PS203300,Orphanet:79430||MeSH:D030342,MedGen:C0950123",Hermansky-Pudlak syndrome 1|not provided|Hermansky-Pudlak syndrome|HPS1-related disorder|Inborn genetic diseases,germline,germline,GRCh37,NC_000010.10,10,100177359,100177359,na,na,10q24.2,"criteria provided, conflicting classifications",5,-,N,ClinGen:CA5638793,2,298334,100177359,G,A,-,-,-,-,-,-,SCV000359642|SCV001086875|SCV003650639,-,-
632187,single nucleotide variant,NM_173660.5(DOK7):c.1352G>A (p.Arg451Gln),285489,DOK7,HGNC:26594,Conflicting classifications of pathogenicity,0,"Jan 21, 2026",200675356,-,RCV000818612|RCV003145197,"Human Phenotype Ontology:HP:0001989,MONDO:MONDO:0100101,MedGen:C1276035,OMIM:208150,Orphanet:994;MONDO:MONDO:0009690,MedGen:C1850792,OMIM:254300,Orphanet:590|MedGen:C3661900",Fetal akinesia deformation sequence 1;Congenital myasthenic syndrome 10|not provided,germline,germline,GRCh37,NC_000004.11,4,3495065,3495065,na,na,4p16.3,"criteria provided, conflicting classifications",2,-,N,ClinGen:CA2829481,2,661237,3495065,G,A,-,-,-,-,-,-,SCV000959234|SCV003832144,-,-
1909650,single nucleotide variant,NM_000135.4(FANCA):c.1076A>G (p.Tyr359Cys),2175,FANCA,HGNC:3582,Conflicting classifications of pathogenicity,0,"Apr 01, 2026",776751315,-,RCV002596009|RCV005335693|RCV006259405,"MONDO:MONDO:0019391,MeSH:D005199,MedGen:C0015625,OMIM:PS227650,Orphanet:84|MeSH:D030342,MedGen:C0950123|MedGen:C3661900",Fanconi anemia|Inborn genetic diseases|not provided,germline;unknown,germline,GRCh37,NC_000016.9,16,89858886,89858886,na,na,16q24.3,"criteria provided, conflicting classifications",4,-,N,ClinGen:CA8252544,2,2182124,89858886,T,C,-,-,-,-,-,-,SCV003498738|SCV006002091|SCV007111585|SCV007645213,-,-
456092,single nucleotide variant,NM_001080.3(ALDH5A1):c.1211C>G (p.Ala404Gly),7915,ALDH5A1,HGNC:408,Conflicting classifications of pathogenicity,1,"Jan 13, 2026",139719918,-,RCV000542929|RCV001249504|RCV001577126|RCV002527707,"MONDO:MONDO:0010083,MedGen:C0268631,OMIM:271980,Orphanet:22|Human Phenotype Ontology:HP:0000730,Human Phenotype Ontology:HP:0001249,Human Phenotype Ontology:HP:0001267,Human Phenotype Ontology:HP:0001286,Human Phenotype Ontology:HP:0002122,Human Phenotype Ontology:HP:0002192,Human Phenotype Ontology:HP:0002316,Human Phenotype Ontology:HP:0002382,Human Phenotype Ontology:HP:0002386,Human Phenotype Ontology:HP:0002402,Human Phenotype Ontology:HP:0002458,Human Phenotype Ontology:HP:0002482,Human Phenotype Ontology:HP:0002499,Human Phenotype Ontology:HP:0002543,Human Phenotype Ontology:HP:0003767,Human Phenotype Ontology:HP:0006833,Human Phenotype Ontology:HP:0007154,Human Phenotype Ontology:HP:0007176,Human Phenotype Ontology:HP:0007180,MONDO:MONDO:0001071,MeSH:D008607,MedGen:C3714756|MedGen:C3661900|MeSH:D030342,MedGen:C0950123",Succinate-semialdehyde dehydrogenase deficiency|Intellectual disability|not provided|Inborn genetic diseases,germline;inherited,germline,GRCh37,NC_000006.11,6,24528262,24528262,na,na,6p22.3,"criteria provided, conflicting classifications",5,-,N,ClinGen:CA3656882,2,459975,24528262,C,G,-,-,-,-,-,-,SCV000631983|SCV001804457|SCV002542159|SCV003604221,-,-
212558,single nucleotide variant,NM_000245.4(MET):c.3236A>G (p.His1079Arg),4233,MET,HGNC:7029,Conflicting classifications of pathogenicity,0,"Jan 10, 2026",758292223,-,RCV000197429|RCV000574985|RCV001529563|RCV003493488|RCV003474959|RCV005246779,"Human Phenotype Ontology:HP:0005584,Human Phenotype Ontology:HP:0006720,MONDO:MONDO:0005086,MeSH:D002292,MedGen:C0007134,Orphanet:217071|MONDO:MONDO:0015356,MeSH:D009386,MedGen:C0027672,Orphanet:140162|MedGen:C3661900|MedGen:CN169374|MONDO:MONDO:0014739,MedGen:C4084709,OMIM:616705,Orphanet:90636|Human Phenotype Ontology:HP:0011797,MedGen:C1336839,OMIM:605074,Orphanet:47044",Renal cell carcinoma|Hereditary cancer-predisposing syndrome|not provided|not specified|Autosomal recessive nonsyndromic hearing loss 97|Papillary renal cell carcinoma type 1,germline;unknown,germline,GRCh37,NC_000007.13,7,116415142,116415142,na,na,7q31.2,"criteria provided, conflicting classifications",10,-,N,ClinGen:CA337203,2,216506,116415142,A,G,-,-,-,-,-,-,SCV000254684|SCV000673695|SCV002011108|SCV002770364|SCV004192451|SCV004243319|SCV005622918|SCV005896356,-,-
461711,single nucleotide variant,NM_006231.4(POLE):c.6286C>G (p.Leu2096Val),5426,POLE,HGNC:9177,Conflicting classifications of pathogenicity,0,"Jan 13, 2026",1049603207,-,RCV001584329|RCV003159916|RCV005398857,"MedGen:C3661900|MONDO:MONDO:0015356,MeSH:D009386,MedGen:C0027672,Orphanet:140162|MONDO:MONDO:0014058,MedGen:C3554576,OMIM:615139,Orphanet:352712;MONDO:MONDO:0032684,MedGen:C5193036,OMIM:618336;MONDO:MONDO:0014038,MedGen:C3554460,OMIM:615083,Orphanet:220460","not provided|Hereditary cancer-predisposing syndrome|Facial dysmorphism-immunodeficiency-livedo-short stature syndrome;Intrauterine growth retardation, metaphyseal dysplasia, adrenal hypoplasia congenita, genital anomalies, and immunodeficiency;Colorectal cancer, susceptibility to, 12",germline,germline,GRCh37,NC_000012.11,12,133208945,133208945,na,na,12q24.33,"criteria provided, conflicting classifications",4,-,N,ClinGen:CA16622062,2,473790,133208945,G,C,-,-,-,-,-,-,SCV000653431|SCV001811641|SCV003895335|SCV006055431,-,-
444077,single nucleotide variant,NM_000083.3(CLCN1):c.2864A>T (p.Glu955Val),1180,CLCN1,HGNC:2019,Conflicting classifications of pathogenicity,0,"Jan 12, 2026",150796358,-,RCV000711231|RCV000798907|RCV001161762|RCV003883154|RCV006458458,"MedGen:C3661900|MONDO:MONDO:0008055,MedGen:C2936781,OMIM:160800,Orphanet:614;MONDO:MONDO:0009715,MedGen:C0751360,OMIM:255700,Orphanet:614|MONDO:MONDO:0100468,MedGen:C0027127,OMIM:255300,Orphanet:206973|MONDO:MONDO:0009715,MedGen:C0751360,OMIM:255700,Orphanet:614|MedGen:CN169374","not provided|Congenital myotonia, autosomal dominant form;Congenital myotonia, autosomal recessive form|Batten-Turner congenital myopathy|Congenital myotonia, autosomal recessive form|not specified",germline,germline,GRCh37,NC_000007.13,7,143048955,143048955,na,na,7q34,"criteria provided, conflicting classifications",8,-,N,ClinGen:CA4537805,2,449671,143048955,A,T,-,-,-,-,-,-,SCV000618004|SCV000841563|SCV000938550|SCV001323663|SCV003830702|SCV004161243|SCV004697563|SCV007345153,-,-
264117,single nucleotide variant,NM_005633.4(SOS1):c.3350A>G (p.Asn1117Ser),6654,SOS1,HGNC:11187,Conflicting classifications of pathogenicity,0,"Jan 14, 2026",754314057,-,RCV000363574|RCV001855075|RCV002321945|RCV005055102,"MedGen:C3661900|MONDO:MONDO:0021060,MedGen:C5555857,Orphanet:536391|MedGen:CN230736|MONDO:MONDO:0012547,MedGen:C1853120,OMIM:610733,Orphanet:648",not provided|RASopathy|Cardiovascular phenotype|Noonan syndrome 4,germline,germline,GRCh37,NC_000002.11,2,39216452,39216452,na,na,2p22.1,"criteria provided, conflicting classifications",4,-,N,ClinGen:CA1624205,2,280899,39216452,T,C,-,-,-,-,-,-,SCV000330853|SCV002147836|SCV002606731|SCV005689310,-,-
3410406,single nucleotide variant,NM_000531.6(OTC):c.1028C>T (p.Thr343Ile),5009,OTC,HGNC:8512,Conflicting classifications of pathogenicity,1,"Feb 24, 2026",72558491,-,RCV004586053|RCV006683893|RCV005040704,"MedGen:CN169374||MONDO:MONDO:0010703,MedGen:C0268542,OMIM:311250,Orphanet:664",not specified|Likely inborn error of metabolism|Ornithine carbamoyltransferase deficiency,germline,germline,GRCh37,NC_000023.10,X,38280298,38280298,na,na,Xp11.4,"criteria provided, conflicting classifications",4,"ACMG2016,ACMG2021,ACMG2022",N,-,2,3251609,38280298,C,T,-,-,-,-,-,-,SCV005075917|SCV005682894|SCV007443311|SCV007579177,-,-
310527,single nucleotide variant,NM_005502.4(ABCA1):c.2311G>C (p.Val771Leu),19,ABCA1,HGNC:29,Conflicting classifications of pathogenicity,0,"Apr 09, 2026",2066718,-,RCV000283311|RCV000378031|RCV002058758|RCV006713418,"MONDO:MONDO:0008783,MedGen:C0039292,OMIM:205400,Orphanet:31150|MONDO:MONDO:0011393,MedGen:C5231558,OMIM:604091,Orphanet:425|MedGen:C3661900|MedGen:CN230736","Tangier disease|Hypoalphalipoproteinemia, primary, 1|not provided|Cardiovascular phenotype",germline,germline,GRCh37,NC_000009.11,9,107589255,107589255,na,na,9q31.1,"criteria provided, conflicting classifications",4,-,N,ClinGen:CA5168768,2,364432,107589255,C,G,-,-,-,-,-,-,SCV000476298|SCV000476299|SCV002464834|SCV005410766|SCV007631357,-,-
4925586,single nucleotide variant,NM_003742.4(ABCB11):c.3623A>G (p.Tyr1208Cys),8647,ABCB11,HGNC:42,Conflicting classifications of pathogenicity,1,"Apr 14, 2026",-1,-,RCV006641785|RCV006686295,"MONDO:MONDO:0011156,MedGen:C3489789,OMIM:601847,Orphanet:79304|MONDO:MONDO:0017290,MedGen:CN296401,Orphanet:284385",Progressive familial intrahepatic cholestasis type 2|Familial intrahepatic cholestasis,germline,germline,GRCh37,NC_000002.11,2,169781309,169781309,na,na,2q31.1,"criteria provided, conflicting classifications",2,-,N,-,2,4815278,169781309,T,C,-,-,-,-,-,-,SCV007521416|SCV007582451,-,-
2139979,single nucleotide variant,NM_001046.3(SLC12A2):c.391G>A (p.Gly131Ser),6558,SLC12A2,HGNC:10911,Conflicting classifications of pathogenicity,0,"Jan 09, 2026",146145321,-,RCV003002454|RCV005729885,"MedGen:C3661900|MeSH:D030342,MedGen:C0950123",not provided|Inborn genetic diseases,germline,germline,GRCh37,NC_000005.9,5,127420037,127420037,na,na,5q23.3,"criteria provided, conflicting classifications",2,-,N,ClinGen:CA3392785,2,2083339,127420037,G,A,-,-,-,-,-,-,SCV003298256|SCV006426141,-,-
140483,single nucleotide variant,NM_001042432.2(CLN3):c.831G>A (p.Val277=),1201,CLN3,HGNC:2074,Conflicting classifications of pathogenicity,0,"Feb 02, 2026",1142183,-,RCV000124313|RCV000725520|RCV001083119|RCV001117455|RCV002312824,"MedGen:CN169374|MedGen:C3661900|MONDO:MONDO:0016295,MedGen:C0027877,OMIM:PS256730,Orphanet:216,Orphanet:79263|MONDO:MONDO:0008767,MedGen:C0751383,OMIM:204200,Orphanet:228346|MeSH:D030342,MedGen:C0950123",not specified|not provided|Neuronal ceroid lipofuscinosis|Neuronal ceroid lipofuscinosis 3|Inborn genetic diseases,germline,germline,GRCh37,NC_000016.9,16,28493953,28493953,na,na,16p12.1,"criteria provided, conflicting classifications",12,-,N,ClinGen:CA290108,2,136780,28493953,C,T,-,-,-,-,-,-,SCV000167741|SCV000306234|SCV000337486|SCV000849157|SCV001002019|SCV001275646|SCV001977424|SCV002063505,-,-
1473496,single nucleotide variant,NM_020778.5(ALPK3):c.5027C>G (p.Ala1676Gly),57538,ALPK3,HGNC:17574,Conflicting classifications of pathogenicity,0,"Jan 27, 2026",150250443,-,RCV002031937|RCV002346330|RCV005433129,MedGen:C3661900|MedGen:CN230736|MedGen:CN169374,not provided|Cardiovascular phenotype|not specified,germline,germline,GRCh37,NC_000015.9,15,85411596,85411596,na,na,15q25.3,"criteria provided, conflicting classifications",4,-,N,ClinGen:CA7710142,2,1524732,85411596,C,G,-,-,-,-,-,-,SCV002309730|SCV002652868|SCV004168031|SCV006103240,-,-
1900847,single nucleotide variant,NM_000092.5(COL4A4):c.3494C>T (p.Pro1165Leu),1286,COL4A4,HGNC:2206,Conflicting classifications of pathogenicity,0,"Jan 16, 2026",374343979,-,RCV002581900|RCV005021580|RCV005863812,"MedGen:C3661900|MONDO:MONDO:0007709,MedGen:CN376803,OMIM:141200;MONDO:MONDO:0008762,MedGen:C4746745,OMIM:203780,Orphanet:63,Orphanet:88919|MONDO:MONDO:0013773,MedGen:C3280970,OMIM:614483,Orphanet:2940,Orphanet:99810","not provided|Hematuria, benign familial, 1;Autosomal recessive Alport syndrome|Brain small vessel disease 2A, autosomal dominant",germline,germline,GRCh37,NC_000002.11,2,227906875,227906875,na,na,2q36.3,"criteria provided, conflicting classifications",4,-,N,ClinGen:CA2144522,2,2173416,227906875,G,A,-,-,-,-,-,-,SCV003488651|SCV005333631|SCV005653870|SCV006557355,-,-
227197,single nucleotide variant,NM_002691.4(POLD1):c.208G>T (p.Val70Phe),5424,POLD1,HGNC:9175,Conflicting classifications of pathogenicity,0,"Jun 05, 2026",147911699,-,RCV000210898|RCV000235439|RCV000228225|RCV000562731|RCV000657103|RCV000765469|RCV004529014|RCV005396691|RCV006700563,"MONDO:MONDO:0002032,MedGen:C0699790|MedGen:CN169374|MONDO:MONDO:0012953,MedGen:C2675481,OMIM:612591,Orphanet:220460|MONDO:MONDO:0015356,MeSH:D009386,MedGen:C0027672,Orphanet:140162|MedGen:C3661900|MONDO:MONDO:0012953,MedGen:C2675481,OMIM:612591,Orphanet:220460;MONDO:MONDO:0014157,MedGen:C3715192,OMIM:615381,Orphanet:363649||MONDO:MONDO:0012953,MedGen:C2675481,OMIM:612591,Orphanet:220460;MONDO:MONDO:0970994,MedGen:C5935622,OMIM:620836;MONDO:MONDO:0014157,MedGen:C3715192,OMIM:615381,Orphanet:363649|","Carcinoma of colon|not specified|Colorectal cancer, susceptibility to, 10|Hereditary cancer-predisposing syndrome|not provided|Colorectal cancer, susceptibility to, 10;Mandibular hypoplasia-deafness-progeroid syndrome|POLD1-related disorder|Colorectal cancer, susceptibility to, 10;Immunodeficiency 120;Mandibular hypoplasia-deafness-progeroid syndrome|Inherited polyposis and early onset colorectal cancer - germline testing",germline;unknown,germline,GRCh37,NC_000019.9,19,50902633,50902633,na,na,19q13.33,"criteria provided, conflicting classifications",21,-,N,ClinGen:CA358335,2,225288,50902633,G,T,-,-,-,-,-,-,SCV000264608|SCV000287552|SCV000293719|SCV000601903|SCV000670871|SCV000896760|SCV001141127|SCV001474183|SCV002065982|SCV003842998|SCV004698776|SCV005089937|SCV005409981|SCV006053531|SCV007590888|SCV007597546|SCV007602439,-,-
886039,single nucleotide variant,NM_000178.4(GSS):c.1126G>A (p.Gly376Arg),2937,GSS,HGNC:4624,Conflicting classifications of pathogenicity,0,"Jan 25, 2026",146267300,-,RCV001139607|RCV005209023,"MONDO:MONDO:0017909,MedGen:C5979912,Orphanet:32|Human Phenotype Ontology:HP:0003343,MONDO:MONDO:0009947,MedGen:C0398746,OMIM:266130,Orphanet:289846",Inherited glutathione synthetase deficiency|Glutathione synthetase deficiency with 5-oxoprolinuria,germline,germline,GRCh37,NC_000020.10,20,33517379,33517379,na,na,20q11.22,"criteria provided, conflicting classifications",2,-,N,ClinGen:CA9825855,2,896742,33517379,C,T,-,-,-,-,-,-,SCV001299781|SCV004281188,-,-
283546,single nucleotide variant,NM_022336.4(EDAR):c.68C>T (p.Ser23Leu),10913,EDAR,HGNC:2895,Conflicting classifications of pathogenicity,0,"Jan 19, 2026",760731007,-,RCV001135565|RCV002229875|RCV002521263|RCV003950136,"Human Phenotype Ontology:HP:0007607,MONDO:MONDO:0016535,MedGen:C5848103,Orphanet:238468|MONDO:MONDO:0007509,MedGen:C3888065,OMIM:129490,Orphanet:1810,Orphanet:238468;MONDO:MONDO:0016619,MedGen:C0406702,Orphanet:248|MeSH:D030342,MedGen:C0950123|","Hypohidrotic ectodermal dysplasia|Ectodermal dysplasia 10A, hypohidrotic/hair/nail type, autosomal dominant;Autosomal recessive hypohidrotic ectodermal dysplasia syndrome|Inborn genetic diseases|EDAR-related disorder",germline,germline,GRCh37,NC_000002.11,2,109546682,109546682,na,na,2q13,"criteria provided, conflicting classifications",4,-,N,ClinGen:CA1825221,2,330712,109546682,G,A,-,-,-,-,-,-,SCV000760959|SCV001295353|SCV003567978,-,-
212831,single nucleotide variant,NM_001377.3(DYNC2H1):c.9814T>A (p.Leu3272Ile),79659,DYNC2H1,HGNC:2962,Conflicting classifications of pathogenicity,0,"Jan 28, 2026",200342335,-,RCV000413384|RCV000756057|RCV001104604|RCV001086170|RCV003927852,"MedGen:CN169374|MedGen:C3661900|MONDO:MONDO:0013127,MedGen:C0036069,OMIM:613091,Orphanet:474,Orphanet:93269,Orphanet:93270,Orphanet:93271|MONDO:MONDO:0018770,MedGen:C0265275,OMIM:PS208500,Orphanet:474|MedGen:CN378770",not specified|not provided|Asphyxiating thoracic dystrophy 3|Jeune thoracic dystrophy|DYNC2H1-related disorder,germline,germline,GRCh37,NC_000011.9,11,103107263,103107263,na,na,11q22.3,"criteria provided, conflicting classifications",6,-,N,ClinGen:CA337070,2,215778,103107263,T,A,-,-,-,-,-,-,SCV000253333|SCV000491990|SCV000707283|SCV000883769|SCV001261481,-,-
654243,single nucleotide variant,NM_001079866.2(BCS1L):c.1000G>A (p.Val334Ile),617,BCS1L,HGNC:1020,Conflicting classifications of pathogenicity,0,"Jan 27, 2026",146731467,-,RCV000825116|RCV000885856|RCV001140960|RCV001140961|RCV001140962,"MedGen:CN169374|MedGen:C3661900|MONDO:MONDO:0011308,MedGen:C1864002,OMIM:603358,Orphanet:53693|MONDO:MONDO:0007415,MedGen:C3541471,OMIM:124000,Orphanet:254902|MONDO:MONDO:0009723,MedGen:C2931891,OMIM:256000,Orphanet:506",not specified|not provided|GRACILE syndrome|Mitochondrial complex III deficiency nuclear type 1|Leigh syndrome,germline,germline,GRCh37,NC_000002.11,2,219527716,219527716,na,na,2q35,"criteria provided, conflicting classifications",5,-,N,ClinGen:CA2109810,2,666656,219527716,G,A,-,-,-,-,-,-,SCV000966371|SCV001029329|SCV001301269|SCV001301270|SCV001301271|SCV001875202,-,-
473900,single nucleotide variant,NM_000038.6(APC):c.6106G>A (p.Asp2036Asn),324,APC,HGNC:583,Conflicting classifications of pathogenicity,0,"Jan 19, 2026",1312511221,-,RCV000563143|RCV004562463|RCV004001101,"MONDO:MONDO:0015356,MeSH:D009386,MedGen:C0027672,Orphanet:140162|MONDO:MONDO:0021056,MedGen:C2713442,OMIM:175100|MONDO:MONDO:0021057,MedGen:CN372698",Hereditary cancer-predisposing syndrome|Familial adenomatous polyposis 1|Classic or attenuated familial adenomatous polyposis,germline,germline,GRCh37,NC_000005.9,5,112177397,112177397,na,na,5q22.2,"criteria provided, conflicting classifications",4,"ACMG2013,ACMG2016,ACMG2021,ACMG2022",N,ClinGen:CA16034696,2,485114,112177397,G,A,-,-,-,-,-,-,SCV000672543|SCV001385054|SCV004357491|SCV004838144,-,-
314496,single nucleotide variant,NM_000543.5(SMPD1):c.729C>T (p.Ala243=),6609,SMPD1,HGNC:11120,Conflicting classifications of pathogenicity,0,"Jan 25, 2026",149476159,-,RCV000267818|RCV000591908|RCV001280458|RCV001409993|RCV003338568|RCV003950025,"MONDO:MONDO:0009756,MedGen:C0268242,OMIM:257200,Orphanet:77292|MedGen:C3661900|MONDO:MONDO:0001982,MedGen:C0028064|MONDO:MONDO:0011871,MedGen:C0268243,OMIM:607616,Orphanet:77293;MONDO:MONDO:0009756,MedGen:C0268242,OMIM:257200,Orphanet:77292|MeSH:D030342,MedGen:C0950123|","Niemann-Pick disease, type A|not provided|Sphingomyelin/cholesterol lipidosis|Niemann-Pick disease, type B;Niemann-Pick disease, type A|Inborn genetic diseases|SMPD1-related disorder",germline,germline,GRCh37,NC_000011.9,11,6413024,6413024,na,na,11p15.4,"criteria provided, conflicting classifications",7,-,N,ClinGen:CA5852672,2,305198,6413024,C,T,-,-,-,-,-,-,SCV000372929|SCV000704661|SCV001612034|SCV004067048|SCV004135840,-,-
1991701,single nucleotide variant,NM_000440.3(PDE6A):c.1631G>A (p.Arg544Gln),5145,PDE6A,HGNC:8785,Conflicting classifications of pathogenicity,1,"Apr 08, 2026",780572803,-,RCV002626716|RCV006687336,"MedGen:C3661900|MONDO:MONDO:0013437,MedGen:C3151139,OMIM:613810,Orphanet:791",not provided|Retinitis pigmentosa 43,germline,germline,GRCh37,NC_000005.9,5,149274843,149274843,na,na,5q32,"criteria provided, conflicting classifications",2,-,N,ClinGen:CA3504606,2,1930229,149274843,C,T,-,-,-,-,-,-,SCV002968975|SCV007589220,-,-
973601,single nucleotide variant,NM_000162.5(GCK):c.1219G>A (p.Gly407Ser),2645,GCK,HGNC:4195,Conflicting classifications of pathogenicity,1,"Apr 29, 2026",2096271295,-,RCV002463797|RCV003558780,"Human Phenotype Ontology:HP:0004904,MONDO:MONDO:0018911,MedGen:C0342276,OMIM:PS125850,Orphanet:552|MedGen:C3661900",Maturity-onset diabetes of the young|not provided,germline;unknown,germline,GRCh37,NC_000007.13,7,44185130,44185130,na,na,7p13,"criteria provided, conflicting classifications",3,-,N,ClinGen:CA367398357,2,985725,44185130,C,T,-,-,-,-,-,-,SCV001444957|SCV002605077|SCV004295126,-,-
268830,single nucleotide variant,NM_000548.5(TSC2):c.5001C>T (p.Asn1667=),7249,TSC2,HGNC:12363,Conflicting classifications of pathogenicity,0,"Jan 19, 2026",551938797,-,RCV000273962|RCV001088051|RCV002338841|RCV003995772,"MedGen:C3661900|MONDO:MONDO:0013199,MedGen:C1860707,OMIM:613254,Orphanet:805|MONDO:MONDO:0015356,MeSH:D009386,MedGen:C0027672,Orphanet:140162|MONDO:MONDO:0001734,MedGen:C0041341,OMIM:PS191100,Orphanet:805",not provided|Tuberous sclerosis 2|Hereditary cancer-predisposing syndrome|Tuberous sclerosis syndrome,germline;unknown,germline,GRCh37,NC_000016.9,16,2137875,2137875,na,na,16p13.3,"criteria provided, conflicting classifications",8,"ACMG2013,ACMG2016,ACMG2021,ACMG2022",N,ClinGen:CA053466,2,284593,2137875,C,T,-,-,-,-,-,-,SCV000337279|SCV000644592|SCV001885529|SCV002040241|SCV002640749|SCV004828707|SCV006299824|SCV007445935,-,-
396189,single nucleotide variant,NM_000553.6(WRN):c.1898+2T>G,7486,WRN,HGNC:12791,Conflicting classifications of pathogenicity,1,"Jan 11, 2026",772319506,-,RCV000471062|RCV004597802|RCV005898434,"MONDO:MONDO:0010196,MedGen:C0043119,OMIM:277700,Orphanet:902|MedGen:C3661900|MedGen:C0346629",Werner syndrome|not provided|Colorectal cancer,germline;not applicable;unknown,germline,GRCh37,NC_000008.10,8,30949416,30949416,na,na,8p12,"criteria provided, conflicting classifications",5,-,N,ClinGen:CA4704521,2,404044,30949416,T,G,-,-,-,-,-,-,SCV000541468|SCV002813966|SCV004208813|SCV005092627,-,-
132598,single nucleotide variant,NM_001739.2(CA5A):c.555G>A (p.Lys185=),763,CA5A,HGNC:1377,Conflicting classifications of pathogenicity,1,"Feb 02, 2026",147623570,-,RCV000114947|RCV000483966,"MONDO:MONDO:0014332,MedGen:C4706871,OMIM:615751,Orphanet:401948|MedGen:C3661900",Hyperammonemic encephalopathy due to carbonic anhydrase VA deficiency|not provided,germline;unknown,germline,GRCh37,NC_000016.9,16,87936031,87936031,na,na,16q24.2,"criteria provided, conflicting classifications",5,-,N,"ClinGen:CA345529,OMIM:114761.0002",3,127088,87936031,C,T,-,-,-,-,-,-,SCV000568852|SCV002194604|SCV007538346,-,-
272309,single nucleotide variant,NM_000543.5(SMPD1):c.689G>A (p.Arg230His),6609,SMPD1,HGNC:11120,Conflicting classifications of pathogenicity,1,"Jan 12, 2026",141387770,-,RCV000383577|RCV000671461|RCV001087433|RCV001248983|RCV006694794,"MedGen:C3661900|MONDO:MONDO:0009756,MedGen:C0268242,OMIM:257200,Orphanet:77292|MONDO:MONDO:0011871,MedGen:C0268243,OMIM:607616,Orphanet:77293;MONDO:MONDO:0009756,MedGen:C0268242,OMIM:257200,Orphanet:77292|MONDO:MONDO:0001982,MedGen:C0028064|MONDO:MONDO:0100464,MedGen:C5243927,Orphanet:618899","not provided|Niemann-Pick disease, type A|Niemann-Pick disease, type B;Niemann-Pick disease, type A|Sphingomyelin/cholesterol lipidosis|Acid sphingomyelinase deficiency",germline;unknown,germline,GRCh37,NC_000011.9,11,6412984,6412984,na,na,11p15.4,"criteria provided, conflicting classifications",11,-,N,ClinGen:CA5852660,2,288072,6412984,G,A,-,-,-,-,-,-,SCV000342070|SCV001069256|SCV001163663|SCV001422825|SCV001462678|SCV001622991|SCV002060178|SCV002571955|SCV005412281|SCV005684501|SCV006053998,-,-
57437,single nucleotide variant,NM_194248.3(OTOF):c.710+10C>T,9381,OTOF,HGNC:8515,Conflicting classifications of pathogenicity,0,"Feb 04, 2026",55639868,-,RCV000041587|RCV000992482|RCV001141973,"MedGen:CN169374|MedGen:C3661900|MONDO:MONDO:0010986,MedGen:C1832828,OMIM:601071,Orphanet:90636",not specified|not provided|Autosomal recessive nonsyndromic hearing loss 9,germline,germline,GRCh37,NC_000002.11,2,26725158,26725158,na,na,2p23.3,"criteria provided, conflicting classifications",9,-,N,ClinGen:CA142954,2,48273,26725158,G,A,-,-,-,-,-,-,SCV000065282|SCV000316872|SCV000604580|SCV000717920|SCV001144828|SCV001302361|SCV002479940,-,-
378483,single nucleotide variant,NM_000383.4(AIRE):c.1370G>A (p.Cys457Tyr),326,AIRE,HGNC:360,Conflicting classifications of pathogenicity,0,"Feb 01, 2026",373383785,-,RCV000434188|RCV001828424,"MedGen:C3661900|MONDO:MONDO:0009411,MedGen:C0085859,OMIM:240300,Orphanet:3453","not provided|Polyglandular autoimmune syndrome, type 1",germline;unknown,germline,GRCh37,NC_000021.8,21,45713763,45713763,na,na,21q22.3,"criteria provided, conflicting classifications",5,-,N,ClinGen:CA10052077,2,387341,45713763,G,A,-,-,-,-,-,-,SCV000529334|SCV002792057|SCV003451353|SCV007298283,-,-
503951,single nucleotide variant,NM_001040716.2(PC):c.1446C>T (p.Asp482=),5091,PC,HGNC:8636,Conflicting classifications of pathogenicity,0,"Jan 20, 2026",145891535,-,RCV001000777|RCV001706685,"MONDO:MONDO:0009949,MedGen:C0034341,OMIM:266150,Orphanet:3008|MedGen:C3661900",Pyruvate carboxylase deficiency|not provided,germline,germline,GRCh37,NC_000011.9,11,66620777,66620777,na,na,11q13.2,"criteria provided, conflicting classifications",4,-,N,ClinGen:CA6131395,2,508931,66620777,G,A,-,-,-,-,-,-,SCV000718446|SCV001045864|SCV001157830|SCV001264158,-,-
311606,single nucleotide variant,NM_139027.6(ADAMTS13):c.3495C>T (p.Leu1165=),11093,ADAMTS13,HGNC:1366,Conflicting classifications of pathogenicity,0,"Feb 01, 2026",144916851,-,RCV000393277|RCV000925152,"MONDO:MONDO:0010122,MedGen:C1268935,OMIM:274150,Orphanet:93583|MedGen:C3661900",Upshaw-Schulman syndrome|not provided,germline,germline,GRCh37,NC_000009.11,9,136321285,136321285,na,na,9q34.2,"criteria provided, conflicting classifications",3,-,N,ClinGen:CA10629431,2,365565,136321285,C,T,-,-,-,-,-,-,SCV000478351|SCV001070683|SCV007307734,-,-
138166,single nucleotide variant,NM_144997.7(FLCN):c.715C>T (p.Arg239Cys),201163,FLCN,HGNC:27310,Conflicting classifications of pathogenicity,0,"Apr 30, 2026",78683075,-,RCV000121104|RCV000148504|RCV000163388|RCV000656850|RCV003945073|RCV006735802,"MedGen:CN169374|MONDO:MONDO:0800444,MedGen:C0346010,OMIM:PS135150,Orphanet:122|MONDO:MONDO:0015356,MeSH:D009386,MedGen:C0027672,Orphanet:140162|MedGen:C3661900||MONDO:MONDO:0800445,MedGen:CN375946,OMIM:135150,Orphanet:122",not specified|Birt-Hogg-Dube syndrome|Hereditary cancer-predisposing syndrome|not provided|FLCN-related disorder|Birt-Hogg-Dube syndrome 1,germline;unknown,germline,GRCh37,NC_000017.10,17,17125879,17125879,na,na,17p11.2,"criteria provided, conflicting classifications",17,-,N,"ClinGen:CA159776,UniProtKB:Q8NFG4#VAR_066026",2,134427,17125879,G,A,-,-,-,-,-,-,SCV000190215|SCV000213928|SCV000291452|SCV000298054|SCV000401012|SCV000616724|SCV001140313|SCV002009831|SCV002530153|SCV002551355|SCV002774598|SCV004142321|SCV005412678|SCV007123442|SCV007646624,-,-
265609,single nucleotide variant,NM_000334.4(SCN4A):c.3205G>A (p.Asp1069Asn),6329,SCN4A,HGNC:10591,Conflicting classifications of pathogenicity,1,"Feb 04, 2026",373150395,-,RCV000438769|RCV001058903|RCV005025415,"MedGen:C3661900|Human Phenotype Ontology:HP:0007215,MONDO:MONDO:0008224,MedGen:C0238357,OMIM:170500,Orphanet:682|7 conditions",not provided|Hyperkalemic periodic paralysis|7 conditions,germline,germline,GRCh37,NC_000017.10,17,62025363,62025363,na,na,17q23.3,"criteria provided, conflicting classifications",4,-,N,"ClinGen:CA8709348,UniProtKB:P35499#VAR_075433",2,281372,62025363,C,T,-,-,-,-,-,-,SCV000332139|SCV000524480|SCV001223501|SCV005651758,-,-
1030784,single nucleotide variant,NM_006231.4(POLE):c.1687-2A>G,5426,POLE,HGNC:9177,Conflicting classifications of pathogenicity,1,"Feb 03, 2026",2042947658,-,RCV003770905|RCV006659688,"MedGen:C3661900|MONDO:MONDO:0015356,MeSH:D009386,MedGen:C0027672,Orphanet:140162",not provided|Hereditary cancer-predisposing syndrome,germline,germline,GRCh37,NC_000012.11,12,133248910,133248910,na,na,12q24.33,"criteria provided, conflicting classifications",2,-,N,ClinGen:CA387356431,2,1037715,133248910,T,C,-,-,-,-,-,-,SCV001534742|SCV007567294,-,-
377369,single nucleotide variant,NM_001127222.2(CACNA1A):c.6731G>A (p.Arg2244His),773,CACNA1A,HGNC:1388,Conflicting classifications of pathogenicity,0,"Feb 03, 2026",1057521565,-,RCV000444802|RCV001224501|RCV006690427,"MedGen:C3661900|MONDO:MONDO:0014917,MedGen:C4310716,OMIM:617106;MONDO:MONDO:0007163,MedGen:C1720416,OMIM:108500,Orphanet:97|MedGen:CN169374","not provided|Developmental and epileptic encephalopathy, 42;Episodic ataxia type 2|not specified",germline,germline,GRCh37,NC_000019.9,19,13319619,13319619,na,na,19p13.13,"criteria provided, conflicting classifications",3,-,N,ClinGen:CA16608108,2,383246,13319619,C,T,-,-,-,-,-,-,SCV000523573|SCV001396701|SCV007586599,-,-
266186,single nucleotide variant,NM_001267550.2(TTN):c.91311A>G (p.Glu30437=),7273,TTN,HGNC:12403,Conflicting classifications of pathogenicity,0,"Apr 01, 2026",374094732,-,RCV000363959|RCV000725534|RCV001086719|RCV002365297,"MedGen:CN169374|MedGen:C3661900|MONDO:MONDO:0012127,MedGen:C1837342,OMIM:608807,Orphanet:140922;MONDO:MONDO:0011400,MedGen:C1858763,OMIM:604145,Orphanet:154|MedGen:CN230736",not specified|not provided|Autosomal recessive limb-girdle muscular dystrophy type 2J;Dilated cardiomyopathy 1G|Cardiovascular phenotype,germline,germline,GRCh37,NC_000002.11,2,179415947,179415947,na,na,2q31.2,"criteria provided, conflicting classifications",9,"ACMG2021,ACMG2022",N,ClinGen:CA1987650,2,281949,179415947,T,C,-,-,-,-,-,-,SCV000337585|SCV000555116|SCV000727189|SCV002063937|SCV002658560|SCV003823617,-,-
2717252,single nucleotide variant,NM_018133.4(MSL2):c.658G>T (p.Val220Leu),55167,MSL2,HGNC:25544,Conflicting classifications of pathogenicity,0,"Apr 01, 2026",138484914,-,RCV004324075|RCV006733569,MedGen:CN169374|MedGen:C3661900,not specified|not provided,germline,germline,GRCh37,NC_000003.11,3,135871065,135871065,na,na,3q22.3,"criteria provided, conflicting classifications",2,-,N,ClinGen:CA2631391,2,2561093,135871065,C,A,-,-,-,-,-,-,SCV003999883|SCV007639439,-,-
770383,single nucleotide variant,NM_001369268.1(ACAN):c.7598A>G (p.His2533Arg),176,ACAN,HGNC:319,Conflicting classifications of pathogenicity,0,"Feb 01, 2026",201983356,-,RCV000937346|RCV002544524,"MedGen:C3661900|MeSH:D030342,MedGen:C0950123",not provided|Inborn genetic diseases,germline,germline,GRCh37,NC_000015.9,15,89417223,89417223,na,na,15q26.1,"criteria provided, conflicting classifications",2,-,N,ClinGen:CA7720737,2,759512,89417223,A,G,-,-,-,-,-,-,SCV001083129|SCV003685974,-,-
493596,single nucleotide variant,NM_015192.4(PLCB1):c.1230G>A (p.Ser410=),23236,PLCB1,HGNC:15917,Conflicting classifications of pathogenicity,0,"Jan 19, 2026",148848282,-,RCV000596547|RCV001086735|RCV002315896|RCV005898726,"MedGen:C3661900|MONDO:MONDO:0013389,MedGen:C3150988,OMIM:613722|MeSH:D030342,MedGen:C0950123|MedGen:C0546837","not provided|Developmental and epileptic encephalopathy, 12|Inborn genetic diseases|Malignant tumor of esophagus",germline;not applicable,germline,GRCh37,NC_000020.10,20,8689379,8689379,na,na,20p12.3,"criteria provided, conflicting classifications",11,-,N,ClinGen:CA9759903,2,502172,8689379,G,A,-,-,-,-,-,-,SCV000708807|SCV000770254|SCV000847650|SCV001300010|SCV001874136|SCV004149856|SCV007311403,-,-
2089849,single nucleotide variant,NM_013275.6(ANKRD11):c.1373G>A (p.Arg458Gln),29123,ANKRD11,HGNC:21316,Conflicting classifications of pathogenicity,0,"Jan 13, 2026",778960311,-,RCV002867934|RCV006460276,"MONDO:MONDO:0007846,MedGen:C0220687,OMIM:148050,Orphanet:2332|MedGen:CN169374",KBG syndrome|not specified,germline,germline,GRCh37,NC_000016.9,16,89351577,89351577,na,na,16q24.3,"criteria provided, conflicting classifications",2,-,N,ClinGen:CA8242794,2,2034501,89351577,C,T,-,-,-,-,-,-,SCV003240315|SCV007339629,-,-
643205,single nucleotide variant,NM_025137.4(SPG11):c.6062G>A (p.Arg2021Gln),80208,SPG11,HGNC:11226,Conflicting classifications of pathogenicity,0,"Jan 22, 2026",375420533,-,RCV000816342|RCV004693367,"MONDO:MONDO:0011445,MedGen:C1858479,OMIM:604360,Orphanet:2822|MedGen:C3661900",Hereditary spastic paraplegia 11|not provided,germline,germline,GRCh37,NC_000015.9,15,44865888,44865888,na,na,15q21.1,"criteria provided, conflicting classifications",3,-,N,ClinGen:CA7534267,2,659350,44865888,C,T,-,-,-,-,-,-,SCV000956843|SCV005193760|SCV005687945,-,-
198492,single nucleotide variant,NM_002230.4(JUP):c.958C>T (p.Arg320Cys),3728,JUP,HGNC:6207,Conflicting classifications of pathogenicity,1,"Jan 25, 2026",200740462,-,RCV000183511|RCV001085979|RCV003225037|RCV004020221,"MedGen:C3661900|MONDO:MONDO:0012684,MedGen:C1969081,OMIM:611528;MONDO:MONDO:0011017,MedGen:C1832600,OMIM:601214,Orphanet:34217|MONDO:MONDO:0012684,MedGen:C1969081,OMIM:611528|MedGen:CN230736",not provided|Arrhythmogenic right ventricular dysplasia 12;Naxos disease|Arrhythmogenic right ventricular dysplasia 12|Cardiovascular phenotype,germline;maternal,germline,GRCh37,NC_000017.10,17,39921271,39921271,na,na,17q21.2,"criteria provided, conflicting classifications",7,-,N,ClinGen:CA308576,2,201833,39921271,G,A,-,-,-,-,-,-,SCV000235971|SCV001008051|SCV002541403|SCV005018062,-,-
307634,single nucleotide variant,NM_001715.3(BLK):c.1089G>A (p.Ala363=),640,BLK,HGNC:1057,Conflicting classifications of pathogenicity,0,"Jan 28, 2026",55836779,-,RCV000334694|RCV006462524,"MONDO:MONDO:0013242,MedGen:C3150618,OMIM:613375,Orphanet:552|MedGen:C3661900",Maturity-onset diabetes of the young type 11|not provided,germline;unknown,germline,GRCh37,NC_000008.10,8,11418870,11418870,na,na,8p23.1,"criteria provided, conflicting classifications",3,-,N,ClinGen:CA4630371,2,361492,11418870,G,A,-,-,-,-,-,-,SCV000471351|SCV002801450|SCV007415500,-,-
196275,single nucleotide variant,NM_005957.5(MTHFR):c.1515C>T (p.Gly505=),4524,MTHFR,HGNC:7436,Conflicting classifications of pathogenicity,0,"May 23, 2026",376927238,-,RCV000180627|RCV001493852|RCV006713271,"MedGen:C3661900|MONDO:MONDO:0009353,MedGen:C1856061,OMIM:236250,Orphanet:395|MeSH:D030342,MedGen:C0950123",not provided|Homocystinuria due to methylene tetrahydrofolate reductase deficiency|Inborn genetic diseases,germline,germline,GRCh37,NC_000001.10,1,11853979,11853979,na,na,1p36.22,"criteria provided, conflicting classifications",3,-,N,ClinGen:CA248141,2,199116,11853979,G,A,-,-,-,-,-,-,SCV000233105|SCV001698493|SCV007618954,-,-
284797,single nucleotide variant,NM_001165963.4(SCN1A):c.3012T>C (p.Asp1004=),6323,SCN1A,HGNC:10585,Conflicting classifications of pathogenicity,0,"Jan 04, 2026",748537030,-,RCV000303143|RCV001133244|RCV002436186|RCV006462453,"MONDO:MONDO:0012320,MedGen:C1864987,OMIM:609634,Orphanet:569|MONDO:MONDO:0011461,MedGen:C1858673,OMIM:604403,Orphanet:36387|MeSH:D030342,MedGen:C0950123|MONDO:MONDO:0800491,MedGen:C0393706,Orphanet:1934","Migraine, familial hemiplegic, 3|Generalized epilepsy with febrile seizures plus, type 2|Inborn genetic diseases|Early-infantile DEE",germline,germline,GRCh37,NC_000002.11,2,166892975,166892975,na,na,2q24.3,"criteria provided, conflicting classifications",3,-,N,ClinGen:CA1943020,2,331887,166892975,A,G,-,-,-,-,-,-,SCV000417791|SCV001292938|SCV002399357|SCV002754237,-,-
997702,single nucleotide variant,NM_017763.6(RNF43):c.172A>T (p.Thr58Ser),54894,RNF43,HGNC:18505,Conflicting classifications of pathogenicity,0,"Jan 11, 2026",142864107,-,RCV001305908|RCV004570714|RCV005271133,"MedGen:C3661900|MONDO:MONDO:0014919,MedGen:C4310714,OMIM:617108,Orphanet:157798|MedGen:CN169374",not provided|Sessile serrated polyposis cancer syndrome|not specified,germline;unknown,germline,GRCh37,NC_000017.10,17,56492767,56492767,na,na,17q22,"criteria provided, conflicting classifications",3,-,N,ClinGen:CA8673504,2,1008552,56492767,T,A,-,-,-,-,-,-,SCV001495259|SCV005055406|SCV005935646,-,-
896011,single nucleotide variant,NM_012073.5(CCT5):c.331+14A>T,22948,CCT5,HGNC:1618,Conflicting classifications of pathogenicity,0,"Jan 19, 2026",201171003,-,RCV001154942,"MONDO:MONDO:0009748,MedGen:C1850395,OMIM:256840,Orphanet:139578",Hereditary sensory and autonomic neuropathy with spastic paraplegia,germline,germline,GRCh37,NC_000005.9,5,10254964,10254964,na,na,5p15.2,"criteria provided, conflicting classifications",3,-,N,ClinGen:CA3198035,2,906045,10254964,A,T,-,-,-,-,-,-,SCV001316338|SCV002048870|SCV002403633,-,-
304316,single nucleotide variant,NM_001127671.2(LIFR):c.2934G>A (p.Gln978=),3977,LIFR,HGNC:6597,Conflicting classifications of pathogenicity,0,"Jan 28, 2026",148354076,-,RCV000346451|RCV000756308|RCV003761931|RCV002278608|RCV003488567,"MONDO:MONDO:0031280,MedGen:C0796176,OMIM:PS601559,Orphanet:3206|MedGen:C3661900|MONDO:MONDO:0800043,MedGen:C5676888,OMIM:601559,Orphanet:3206|MONDO:MONDO:0003900,MedGen:C0009782|MedGen:CN169374",Stuve-Wiedemann syndrome|not provided|Stüve-Wiedemann syndrome 1|Connective tissue disorder|not specified,germline,germline,GRCh37,NC_000005.9,5,38482057,38482057,na,na,5p13.1,"criteria provided, conflicting classifications",6,-,N,ClinGen:CA3242538,2,353608,38482057,C,T,-,-,-,-,-,-,SCV000457574|SCV000884077|SCV001025421|SCV002566901|SCV004241126,-,-
1202492,single nucleotide variant,NM_003119.4(SPG7):c.1054G>A (p.Gly352Ser),6687,SPG7,HGNC:11237,Conflicting classifications of pathogenicity,1,"Jan 28, 2026",537421502,-,RCV001585089|RCV001847308|RCV003771770,"MedGen:C3661900|MONDO:MONDO:0019064,MedGen:C0037773,OMIM:PS303350,Orphanet:685|MONDO:MONDO:0011803,MedGen:C1846564,OMIM:607259,Orphanet:99013",not provided|Hereditary spastic paraplegia|Hereditary spastic paraplegia 7,germline,germline,GRCh37,NC_000016.9,16,89598378,89598378,na,na,16q24.3,"criteria provided, conflicting classifications",6,-,N,ClinGen:CA8243928,2,1212498,89598378,G,A,-,-,-,-,-,-,SCV001811273|SCV002105832|SCV004620341|SCV005044557|SCV005329884|SCV006075292,-,-
562913,single nucleotide variant,NM_000368.5(TSC1):c.2677A>C (p.Ser893Arg),7248,TSC1,HGNC:12362,Conflicting classifications of pathogenicity,0,"Jan 20, 2026",1396314595,-,RCV000688397|RCV002424599|RCV005046929|RCV006552692,"MONDO:MONDO:0008612,MedGen:C1854465,OMIM:191100,Orphanet:805|MONDO:MONDO:0015356,MeSH:D009386,MedGen:C0027672,Orphanet:140162|MONDO:MONDO:0008612,MedGen:C1854465,OMIM:191100,Orphanet:805;Human Phenotype Ontology:HP:0032051,MONDO:MONDO:0011818,MedGen:C1846385,OMIM:607341,Orphanet:268994;MONDO:MONDO:0011705,MedGen:C0751674,OMIM:606690,Orphanet:538|MONDO:MONDO:0001734,MedGen:C0041341,OMIM:PS191100,Orphanet:805",Tuberous sclerosis 1|Hereditary cancer-predisposing syndrome|Tuberous sclerosis 1;Isolated focal cortical dysplasia type II;Lymphangiomyomatosis|Tuberous sclerosis syndrome,germline,germline,GRCh37,NC_000009.11,9,135772946,135772946,na,na,9q34.13,"criteria provided, conflicting classifications",4,"ACMG2013,ACMG2016,ACMG2021,ACMG2022",N,ClinGen:CA375369518,2,568140,135772946,T,G,-,-,-,-,-,-,SCV000816007|SCV002744212|SCV005674937|SCV007444436,-,-
1194615,single nucleotide variant,NM_001987.5(ETV6):c.77G>C (p.Ser26Thr),2120,ETV6,HGNC:3495,Conflicting classifications of pathogenicity,0,"Jan 11, 2026",150858928,-,RCV001569071|RCV004980600,"MedGen:C3661900|MeSH:D030342,MedGen:C0950123",not provided|Inborn genetic diseases,germline,germline,GRCh37,NC_000012.11,12,11905427,11905427,na,na,12p13.2,"criteria provided, conflicting classifications",4,-,N,ClinGen:CA6454106,2,1203136,11905427,G,C,-,-,-,-,-,-,SCV001793060|SCV003267203|SCV005585010|SCV007332627,-,-
499806,single nucleotide variant,NM_000092.5(COL4A4):c.1353C>T (p.Gly451=),1286,COL4A4,HGNC:2206,Conflicting classifications of pathogenicity,0,"May 27, 2026",199511948,-,RCV000910161|RCV001138495|RCV004530793|RCV006701570,"MedGen:C3661900|MONDO:MONDO:0018965,MedGen:C1567741,OMIM:PS301050,Orphanet:63||MedGen:CN169374",not provided|Alport syndrome|COL4A4-related disorder|not specified,germline,germline,GRCh37,NC_000002.11,2,227958857,227958857,na,na,2q36.3,"criteria provided, conflicting classifications",5,-,N,ClinGen:CA2145211,2,512187,227958857,G,A,-,-,-,-,-,-,SCV000723038|SCV001055006|SCV001298554|SCV007604614,-,-
453095,single nucleotide variant,NM_004656.4(BAP1):c.404C>T (p.Pro135Leu),8314,BAP1,HGNC:950,Conflicting classifications of pathogenicity,0,"Jan 31, 2026",374928824,-,RCV001559071|RCV000559459|RCV000580648|RCV002252167|RCV005034112,"MedGen:C3661900|MONDO:MONDO:0013692,MedGen:C3280492,OMIM:614327,Orphanet:289539|MONDO:MONDO:0015356,MeSH:D009386,MedGen:C0027672,Orphanet:140162||MONDO:MONDO:0013692,MedGen:C3280492,OMIM:614327,Orphanet:289539;MONDO:MONDO:0011696,MedGen:C1847723,OMIM:606661,Orphanet:39044;MONDO:MONDO:0859230,MedGen:C5676925,OMIM:619762","not provided|BAP1-related tumor predisposition syndrome|Hereditary cancer-predisposing syndrome|See cases|BAP1-related tumor predisposition syndrome;Melanoma, uveal, susceptibility to, 2;Kury-Isidor syndrome",germline,germline,GRCh37,NC_000003.11,3,52441448,52441448,na,na,3p21.1,"criteria provided, conflicting classifications",7,-,N,ClinGen:CA2437087,2,472700,52441448,G,A,-,-,-,-,-,-,SCV000651887|SCV000682624|SCV001183399|SCV001781142|SCV002523020|SCV005662651|SCV007137366,-,-
268732,single nucleotide variant,NM_004369.4(COL6A3):c.3852C>A (p.Phe1284Leu),1293,COL6A3,HGNC:2213,Conflicting classifications of pathogenicity,0,"Jan 26, 2026",148561729,-,RCV000343308|RCV000385431|RCV000653569|RCV005365223,"MedGen:C3661900|MONDO:MONDO:0100225,MedGen:CN117976|MONDO:MONDO:0024530,MedGen:CN029274,OMIM:158810,Orphanet:610|MONDO:MONDO:0014627,MedGen:C4225336,OMIM:616411,Orphanet:464440",not provided|Collagen 6-related myopathy|Bethlem myopathy 1A|Dystonia 27,germline,germline,GRCh37,NC_000002.11,2,238280808,238280808,na,na,2q37.3,"criteria provided, conflicting classifications",6,-,N,ClinGen:CA2189059,2,284495,238280808,G,T,-,-,-,-,-,-,SCV000337143|SCV000428813|SCV000775450|SCV003834190|SCV005916713|SCV007126879,-,-
195895,single nucleotide variant,NM_000487.6(ARSA):c.1447G>A (p.Glu483Lys),410,ARSA,HGNC:713,Conflicting classifications of pathogenicity,0,"Feb 04, 2026",148352371,-,RCV000180165|RCV000388131|RCV003927699,"MedGen:C3661900|MONDO:MONDO:0018868,MedGen:C0023522,OMIM:250100,Orphanet:512|",not provided|Metachromatic leukodystrophy|ARSA-related disorder,germline;unknown,germline,GRCh37,NC_000022.10,22,51063656,51063656,na,na,22q13.33,"criteria provided, conflicting classifications",7,-,N,ClinGen:CA247540,2,198734,51063656,C,T,-,-,-,-,-,-,SCV000232555|SCV000439427|SCV000896988|SCV001018459|SCV007325709,-,-
813424,single nucleotide variant,NM_001042492.3(NF1):c.6550G>A (p.Asp2184Asn),4763,NF1,HGNC:7765,Conflicting classifications of pathogenicity,0,"Apr 17, 2026",1597843887,-,RCV002354950|RCV003461405,"MONDO:MONDO:0015356,MeSH:D009386,MedGen:C0027672,Orphanet:140162;MedGen:CN230736|Human Phenotype Ontology:HP:0012209,MONDO:MONDO:0011908,MedGen:C0349639,OMIM:607785,Orphanet:86834",Hereditary cancer-predisposing syndrome;Cardiovascular phenotype|Juvenile myelomonocytic leukemia,germline;unknown,germline,GRCh37,NC_000017.10,17,29664508,29664508,na,na,17q11.2,"criteria provided, conflicting classifications",2,-,N,ClinGen:CA399013256,2,826433,29664508,G,A,-,-,-,-,-,-,SCV001187488|SCV004198244,-,-
746710,single nucleotide variant,NM_000642.3(AGL):c.2497C>A (p.Gln833Lys),178,AGL,HGNC:321,Conflicting classifications of pathogenicity,0,"Jan 05, 2026",757870729,-,RCV000923493|RCV004619454,"MONDO:MONDO:0009291,MedGen:C0017922,OMIM:232400,Orphanet:366|MeSH:D030342,MedGen:C0950123",Glycogen storage disease type III|Inborn genetic diseases,germline,germline,GRCh37,NC_000001.10,1,100349958,100349958,na,na,1p21.2,"criteria provided, conflicting classifications",3,-,N,ClinGen:CA966802,2,746853,100349958,C,A,-,-,-,-,-,-,SCV001068972|SCV005119684,-,-
173189,single nucleotide variant,NM_001267550.2(TTN):c.33838C>T (p.Pro11280Ser),7273,TTN,HGNC:12403,Conflicting classifications of pathogenicity,0,"Feb 01, 2026",374449452,-,RCV000155836|RCV000725087|RCV001084589|RCV003486701|RCV004734738,"MedGen:CN169374|MedGen:C3661900|MONDO:MONDO:0011400,MedGen:C1858763,OMIM:604145,Orphanet:154;MONDO:MONDO:0012127,MedGen:C1837342,OMIM:608807,Orphanet:140922|Human Phenotype Ontology:HP:0001638,MONDO:MONDO:0004994,MedGen:C0878544,Orphanet:167848|",not specified|not provided|Dilated cardiomyopathy 1G;Autosomal recessive limb-girdle muscular dystrophy type 2J|Cardiomyopathy|TTN-related disorder,germline,germline,GRCh37,NC_000002.11,2,179543213,179543213,na,na,2q31.2,"criteria provided, conflicting classifications",10,"ACMG2021,ACMG2022",N,ClinGen:CA183625,2,179052,179543213,G,A,-,-,-,-,-,-,SCV000205547|SCV000333928|SCV000643010|SCV000730578|SCV003825877|SCV004239890|SCV006065152|SCV007332053|SCV007548562,-,-
99784,single nucleotide variant,NM_001848.3(COL6A1):c.588+8C>G,1291,COL6A1,HGNC:2211,Conflicting classifications of pathogenicity,0,"Jan 28, 2026",398123638,-,RCV000079820|RCV000373411|RCV000723505|RCV001088597,"MedGen:CN169374|MONDO:MONDO:0100225,MedGen:CN117976|MedGen:C3661900|MONDO:MONDO:0024530,MedGen:CN029274,OMIM:158810,Orphanet:610",not specified|Collagen 6-related myopathy|not provided|Bethlem myopathy 1A,germline,germline,GRCh37,NC_000021.8,21,47406607,47406607,na,na,21q22.3,"criteria provided, conflicting classifications",4,-,N,ClinGen:CA221792,2,93882,47406607,C,G,-,-,-,-,-,-,SCV000111703|SCV000436487|SCV000657071|SCV000715197,-,-
182282,single nucleotide variant,NM_000249.4(MLH1):c.1620G>A (p.Leu540=),4292,MLH1,HGNC:7127,Conflicting classifications of pathogenicity,0,"Jan 21, 2026",786202409,-,RCV000165205|RCV000547299|RCV001149458|RCV003995403|RCV004596086,"MONDO:MONDO:0015356,MeSH:D009386,MedGen:C0027672,Orphanet:140162|MeSH:D003123,MedGen:C0009405|MONDO:MONDO:0012249,MedGen:C1333991,OMIM:609310,Orphanet:144|MONDO:MONDO:0005835,MedGen:C4552100,Orphanet:144|MedGen:CN169374","Hereditary cancer-predisposing syndrome|Hereditary nonpolyposis colorectal neoplasms|Colorectal cancer, hereditary nonpolyposis, type 2|Lynch syndrome|not specified",germline;unknown,germline,GRCh37,NC_000003.11,3,37081738,37081738,na,na,3p22.2,"criteria provided, conflicting classifications",7,"ACMG2013,ACMG2016,ACMG2021,ACMG2022",N,ClinGen:CA006151,2,185728,37081738,G,A,-,-,-,-,-,-,SCV000215917|SCV000625086|SCV000684761|SCV001310410|SCV004843180|SCV005090581|SCV005899873,-,-
207364,single nucleotide variant,NM_001374828.1(ARID1B):c.2379T>C (p.His793=),57492,ARID1B,HGNC:18040,Conflicting classifications of pathogenicity,0,"Jan 05, 2026",370364530,-,RCV000193218|RCV001807123|RCV001668359|RCV004530100,"MedGen:CN169374|MONDO:MONDO:0007617,MedGen:C3281201,OMIM:135900,Orphanet:1465|MedGen:C3661900|MedGen:CN381337",not specified|Coffin-Siris syndrome 1|not provided|ARID1B-Related Disorder,germline,germline,GRCh37,NC_000006.11,6,157405927,157405927,na,na,6q25.3,"criteria provided, conflicting classifications",5,-,N,ClinGen:CA206553,2,210276,157405927,T,C,-,-,-,-,-,-,SCV000246508|SCV001885632|SCV002054312|SCV002437325,-,-
1786535,single nucleotide variant,NM_001089.3(ABCA3):c.3703+17C>G,21,ABCA3,HGNC:33,Conflicting classifications of pathogenicity,0,"Jan 28, 2026",138442198,-,RCV002348942|RCV003775711,"MONDO:MONDO:0012580,MedGen:C3711368,OMIM:PS265120,Orphanet:264675|MedGen:C3661900",Hereditary pulmonary alveolar proteinosis|not provided,germline,germline,GRCh37,NC_000016.9,16,2334763,2334763,na,na,16p13.3,"criteria provided, conflicting classifications",2,-,N,ClinGen:CA7840425,2,1734116,2334763,G,C,-,-,-,-,-,-,SCV002621329|SCV004683809,-,-
211012,single nucleotide variant,NM_130837.3(OPA1):c.3027A>C (p.Glu1009Asp),4976,OPA1,HGNC:8140,Conflicting classifications of pathogenicity,0,"Jan 08, 2026",189036094,-,RCV000726784|RCV004797604,"MedGen:C3661900|MONDO:MONDO:0008858,MedGen:C0221061,OMIM:210000,Orphanet:1239",not provided|Abortive cerebellar ataxia,germline,germline,GRCh37,NC_000003.11,3,193409895,193409895,na,na,3q29,"criteria provided, conflicting classifications",4,-,N,ClinGen:CA323501,2,214895,193409895,A,C,-,-,-,-,-,-,SCV000251983|SCV000702997|SCV002167617|SCV005419068,-,-
4376785,single nucleotide variant,NM_005332.3(HBZ):c.22A>G (p.Arg8Gly),3050,HBZ,HGNC:4835,Conflicting classifications of pathogenicity,0,"May 01, 2026",-1,-,RCV005848536|RCV006735018,MedGen:CN169374|MedGen:C3661900,not specified|not provided,germline,germline,GRCh37,NC_000016.9,16,202930,202930,na,na,16p13.3,"criteria provided, conflicting classifications",2,-,N,-,2,4269100,202930,A,G,-,-,-,-,-,-,SCV006537032|SCV007639430,-,-
544217,single nucleotide variant,NM_001142800.2(EYS):c.3329C>G (p.Thr1110Ser),346007,EYS,HGNC:21555,Conflicting classifications of pathogenicity,0,"Feb 02, 2026",143327210,-,RCV000670338|RCV000908975|RCV001159869|RCV004817896,"MONDO:MONDO:0011272,MedGen:C1864446,OMIM:602772,Orphanet:791|MedGen:C3661900|MONDO:MONDO:0019200,MeSH:D012174,MedGen:C0035334,OMIM:268000,OMIM:PS268000,Orphanet:791|Human Phenotype Ontology:HP:0000648,Human Phenotype Ontology:HP:0007751,Human Phenotype Ontology:HP:0007855,MONDO:MONDO:0003608,MedGen:C0029124",Retinitis pigmentosa 25|not provided|Retinitis pigmentosa|Optic atrophy,germline;unknown,germline,GRCh37,NC_000006.11,6,65523385,65523385,na,na,6q12,"criteria provided, conflicting classifications",6,-,N,ClinGen:CA3877173,2,554662,65523385,G,C,-,-,-,-,-,-,SCV001053762|SCV001137164|SCV001321615|SCV001800875|SCV005069479,-,-
1347531,Microsatellite,NM_001378418.1(TCF20):c.522GCA[6] (p.Gln179dup),6942,TCF20,HGNC:11631,Conflicting classifications of pathogenicity,0,"Feb 23, 2026",753018257,-,RCV002027941|RCV004734403|RCV006667079,"MedGen:C3661900||MeSH:D030342,MedGen:C0950123",not provided|TCF20-related disorder|Inborn genetic diseases,germline,germline,GRCh37,NC_000022.10,22,42610775,42610776,na,na,22q13.2,"criteria provided, conflicting classifications",3,-,N,ClinGen:CA10267339,2,1521636,42610775,T,TTGC,-,-,-,-,-,-,SCV002309265|SCV007554944,-,-
136310,Indel,NM_000098.3(CPT2):c.534_558delinsT (p.Leu178_Ile186delinsPhe),1376,CPT2,HGNC:2330,Conflicting classifications of pathogenicity,1,"Jan 05, 2026",515726173,-,RCV000202494|RCV000414700|RCV002274921|RCV003398720|RCV003474723,"MONDO:MONDO:0015515,MedGen:C0342790,Orphanet:157|MedGen:C3661900|MONDO:MONDO:0012136,MedGen:C1833518,OMIM:608836,Orphanet:228308||MONDO:MONDO:0013633,MedGen:C3280160,OMIM:614212,Orphanet:263524","Carnitine palmitoyltransferase II deficiency|not provided|Carnitine palmitoyl transferase II deficiency, neonatal form|CPT2-related disorder|Encephalopathy, acute, infection-induced, susceptibility to, 4",germline;unknown,germline,GRCh37,NC_000001.10,1,53675880,53675904,na,na,1p32.3,"criteria provided, conflicting classifications",8,-,N,"ClinGen:CA245061,OMIM:600650.0010",3,130885,53675880,GAACCCTGCAAAAAGTGACACTATC,T,-,-,-,-,-,-,SCV000230025|SCV000491571|SCV000954462|SCV004118768|SCV004211030|SCV007529624,-,-
483811,single nucleotide variant,NM_000038.6(APC):c.347G>A (p.Gly116Asp),324,APC,HGNC:583,Conflicting classifications of pathogenicity,0,"Jan 05, 2026",369999291,-,RCV000581664|RCV004001291|RCV004568276|RCV005231120|RCV006260351,"MONDO:MONDO:0015356,MeSH:D009386,MedGen:C0027672,Orphanet:140162|MONDO:MONDO:0021057,MedGen:CN372698|MONDO:MONDO:0021056,MedGen:C2713442,OMIM:175100|MedGen:CN169374|MedGen:C3661900",Hereditary cancer-predisposing syndrome|Classic or attenuated familial adenomatous polyposis|Familial adenomatous polyposis 1|not specified|not provided,germline;unknown,germline,GRCh37,NC_000005.9,5,112103012,112103012,na,na,5q22.2,"criteria provided, conflicting classifications",7,"ACMG2013,ACMG2016,ACMG2021,ACMG2022",N,ClinGen:CA16022080,2,490264,112103012,G,A,-,-,-,-,-,-,SCV000686938|SCV000768066|SCV002618587|SCV004837261|SCV005873244|SCV006276784|SCV007111574,-,-
477349,single nucleotide variant,NM_000548.5(TSC2):c.2621C>T (p.Pro874Leu),7249,TSC2,HGNC:12363,Conflicting classifications of pathogenicity,0,"Feb 02, 2026",138527121,-,RCV000571394|RCV001047205|RCV004001160,"MONDO:MONDO:0015356,MeSH:D009386,MedGen:C0027672,Orphanet:140162|MONDO:MONDO:0013199,MedGen:C1860707,OMIM:613254,Orphanet:805|MONDO:MONDO:0001734,MedGen:C0041341,OMIM:PS191100,Orphanet:805",Hereditary cancer-predisposing syndrome|Tuberous sclerosis 2|Tuberous sclerosis syndrome,germline,germline,GRCh37,NC_000016.9,16,2125875,2125875,na,na,16p13.3,"criteria provided, conflicting classifications",6,"ACMG2013,ACMG2016,ACMG2021,ACMG2022",N,ClinGen:CA276741554,2,486642,2125875,C,T,-,-,-,-,-,-,SCV000675697|SCV001211145|SCV002040712|SCV004832115|SCV007446224|SCV007607271,-,-
1341364,single nucleotide variant,NM_004168.4(SDHA):c.1285G>A (p.Asp429Asn),6389,SDHA,HGNC:10680,Conflicting classifications of pathogenicity,0,"Mar 03, 2026",988419580,-,RCV001866324|RCV003289124,"MONDO:MONDO:0100294,MedGen:C5700310,OMIM:252011,Orphanet:3208;MONDO:MONDO:0013602,MedGen:C3279992,OMIM:614165,Orphanet:29072|MONDO:MONDO:0015356,MeSH:D009386,MedGen:C0027672,Orphanet:140162","Mitochondrial complex II deficiency, nuclear type 1;Pheochromocytoma/paraganglioma syndrome 5|Hereditary cancer-predisposing syndrome",germline,germline,GRCh37,NC_000005.9,5,236567,236567,na,na,5p15.33,"criteria provided, conflicting classifications",2,-,N,ClinGen:CA112826746,2,1354246,236567,G,A,-,-,-,-,-,-,SCV002125091|SCV004007431,-,-
688184,single nucleotide variant,NM_006493.4(CLN5):c.1026A>G (p.Thr342=),1203,CLN5,HGNC:2076,Conflicting classifications of pathogenicity,0,"Jan 28, 2026",200637649,-,RCV000867013|RCV001114863|RCV002332798,"MONDO:MONDO:0016295,MedGen:C0027877,OMIM:PS256730,Orphanet:216,Orphanet:79263|MONDO:MONDO:0009745,MedGen:C1850442,OMIM:256731,Orphanet:168491,Orphanet:228360|MeSH:D030342,MedGen:C0950123",Neuronal ceroid lipofuscinosis|Neuronal ceroid lipofuscinosis 5|Inborn genetic diseases,germline,germline,GRCh37,NC_000013.10,13,77575053,77575053,na,na,13q22.3,"criteria provided, conflicting classifications",5,-,N,ClinGen:CA7007286,2,699262,77575053,A,G,-,-,-,-,-,-,SCV001008196|SCV001272777|SCV001977468|SCV002632257,-,-
876673,single nucleotide variant,NM_000293.3(PHKB):c.2197-10A>T,5257,PHKB,HGNC:8927,Conflicting classifications of pathogenicity,0,"Jan 20, 2026",750018974,-,RCV001119246,"MONDO:MONDO:0009868,MedGen:C0543514,OMIM:261750,Orphanet:79240",Glycogen storage disease IXb,germline,germline,GRCh37,NC_000016.9,16,47695620,47695620,na,na,16q12.1,"criteria provided, conflicting classifications",2,-,N,ClinGen:CA8041109,2,886837,47695620,A,T,-,-,-,-,-,-,SCV001277621|SCV004300936,-,-
289100,single nucleotide variant,NM_000096.4(CP):c.2662-14T>C,1356,CP,HGNC:2295,Conflicting classifications of pathogenicity,0,"Jan 20, 2026",189155564,-,RCV000309651,"Human Phenotype Ontology:HP:0025498,MONDO:MONDO:0011426,MedGen:C0878682,OMIM:604290,Orphanet:48818",Deficiency of ferroxidase,germline,germline,GRCh37,NC_000003.11,3,148896432,148896432,na,na,3q24,"criteria provided, conflicting classifications",2,-,N,ClinGen:CA2660654,2,343752,148896432,A,G,-,-,-,-,-,-,SCV000441618|SCV002332874,-,-
954127,single nucleotide variant,NM_000843.4(GRM6):c.1567G>A (p.Gly523Arg),2916,GRM6,HGNC:4598,Conflicting classifications of pathogenicity,0,"Jan 18, 2026",150968591,-,RCV001246910|RCV005348397,"MedGen:C3661900|MeSH:D030342,MedGen:C0950123",not provided|Inborn genetic diseases,germline,germline,GRCh37,NC_000005.9,5,178413688,178413688,na,na,5q35.3,"criteria provided, conflicting classifications",2,-,N,ClinGen:CA3593996,2,971185,178413688,C,T,-,-,-,-,-,-,SCV001420302|SCV006009001,-,-
46417,Deletion,NM_000059.4(BRCA2):c.3858_3860del (p.Lys1286del),675,BRCA2,HGNC:1101,Conflicting classifications of pathogenicity,0,"Feb 03, 2026",80359406,-,RCV000031442|RCV000044285|RCV000131324|RCV000200063|RCV000859082|RCV001353700|RCV001843463|RCV003492311|RCV003607205|RCV004541037|RCV004803023,"MONDO:MONDO:0012933,MedGen:C2675520,OMIM:612555,Orphanet:145|MedGen:CN169374|MONDO:MONDO:0015356,MeSH:D009386,MedGen:C0027672,Orphanet:140162|MONDO:MONDO:0003582,MeSH:D061325,MedGen:C0677776,Orphanet:145|MedGen:C3661900|MONDO:MONDO:0007254,MedGen:C0006142|Human Phenotype Ontology:HP:0002884,MONDO:MONDO:0018666,MedGen:C0206624,Orphanet:449|MedGen:CN221562|MONDO:MONDO:0016419,MedGen:C0346153,OMIM:114480,Orphanet:227535|MedGen:CN239275|MONDO:MONDO:0700269,MedGen:CN377758","Breast-ovarian cancer, familial, susceptibility to, 2|not specified|Hereditary cancer-predisposing syndrome|Hereditary breast ovarian cancer syndrome|not provided|Malignant tumor of breast|Hepatoblastoma|Breast and/or ovarian cancer|Familial cancer of breast|BRCA2-related disorder|BRCA2-related cancer predisposition",germline;unknown,germline,GRCh37,NC_000013.10,13,32912346,32912348,na,na,13q13.1,"criteria provided, conflicting classifications",23,"ACMG2013,ACMG2016,ACMG2021,ACMG2022",N,ClinGen:CA018972,2,37861,32912345,GAAA,G,-,-,-,-,-,-,SCV000072298|SCV000186297|SCV000210598|SCV000600566|SCV000602823|SCV000683585|SCV000694725|SCV001139075|SCV001716152|SCV002026094|SCV002066864|SCV002533827|SCV002580092|SCV004240307|SCV004805806|SCV004845234|SCV006060688,-,-
4346392,single nucleotide variant,NM_001287.6(CLCN7):c.338G>A (p.Arg113Gln),1186,CLCN7,HGNC:2025,Conflicting classifications of pathogenicity,0,"Jan 17, 2026",-1,-,RCV005806026|RCV006613705,"MeSH:D030342,MedGen:C0950123|MedGen:C3661900",Inborn genetic diseases|not provided,germline,germline,GRCh37,NC_000016.9,16,1511419,1511419,na,na,16p13.3,"criteria provided, conflicting classifications",2,-,N,-,2,4229493,1511419,C,T,-,-,-,-,-,-,SCV006496515|SCV007504004,-,-
185413,single nucleotide variant,NM_000546.6(TP53):c.141G>A (p.Pro47=),7157,TP53,HGNC:11998,Conflicting classifications of pathogenicity,0,"Feb 01, 2026",201741778,-,RCV000164165|RCV000206130|RCV001818374|RCV001704191|RCV002288727|RCV005889605|RCV005889606,"MONDO:MONDO:0015356,MeSH:D009386,MedGen:C0027672,Orphanet:140162|MONDO:MONDO:0018875,MedGen:C0085390,OMIM:PS151623,Orphanet:524|MedGen:CN169374|MedGen:C3661900|Gene:553989,MedGen:C1835398,OMIM:151623,Orphanet:524|MedGen:C0024623|MedGen:C4721429","Hereditary cancer-predisposing syndrome|Li-Fraumeni syndrome|not specified|not provided|Li-Fraumeni syndrome 1|Gastric cancer|Thyroid cancer, nonmedullary, 1",germline;not applicable;unknown,germline,GRCh37,NC_000017.10,17,7579546,7579546,na,na,17p13.1,"criteria provided, conflicting classifications",13,"ACMG2013,ACMG2016,ACMG2021,ACMG2022",N,ClinGen:CA000054,2,184839,7579546,C,T,-,-,-,-,-,-,SCV000214783|SCV000260073|SCV000514934|SCV000686720|SCV002070306|SCV002582292|SCV002582953|SCV004823850|SCV006059724|SCV006301083|SCV007111130|SCV007119979|SCV007544507,-,-
4800998,single nucleotide variant,NM_031407.7(HUWE1):c.2911A>C (p.Met971Leu),10075,HUWE1,HGNC:30892,Conflicting classifications of pathogenicity,0,"May 04, 2026",-1,-,RCV006461038|RCV006699588,"MedGen:CN169374|MONDO:MONDO:0010407,MedGen:C2678046,OMIM:309590,Orphanet:3056,Orphanet:85328","not specified|Intellectual disability, X-linked syndromic, Turner type",germline,germline,GRCh37,NC_000023.10,X,53629585,53629585,na,na,Xp11.22,"criteria provided, conflicting classifications",2,-,N,-,2,4689541,53629585,T,G,-,-,-,-,-,-,SCV007341858|SCV007592119,-,-
891642,single nucleotide variant,NM_018075.5(ANO10):c.1914+3G>A,55129,ANO10,HGNC:25519,Conflicting classifications of pathogenicity,0,"Feb 02, 2026",113187031,-,RCV001147836|RCV001664706|RCV002557166,"MONDO:MONDO:0013392,MedGen:C3150998,OMIM:613728,Orphanet:284289|MedGen:CN169374|MedGen:C3661900",Autosomal recessive spinocerebellar ataxia 10|not specified|not provided,germline;unknown,germline,GRCh37,NC_000003.11,3,43474100,43474100,na,na,3p22.1,"criteria provided, conflicting classifications",3,-,N,ClinGen:CA2340635,2,901746,43474100,C,T,-,-,-,-,-,-,SCV001308687|SCV001880574|SCV003299180,-,-
310363,single nucleotide variant,NM_002900.3(RBP3):c.2619C>T (p.Ala873=),5949,RBP3,HGNC:9921,Conflicting classifications of pathogenicity,0,"Jan 24, 2026",146045906,-,RCV000369770|RCV000971293|RCV001700043,"MONDO:MONDO:0019200,MeSH:D012174,MedGen:C0035334,OMIM:268000,OMIM:PS268000,Orphanet:791|MedGen:C3661900|MedGen:CN169374",Retinitis pigmentosa|not provided|not specified,germline,germline,GRCh37,NC_000010.10,10,48388259,48388259,na,na,10q11.22,"criteria provided, conflicting classifications",5,-,N,ClinGen:CA5487234,2,299960,48388259,G,A,-,-,-,-,-,-,SCV000362586|SCV001118930|SCV004127628,-,-
2014320,single nucleotide variant,NM_002291.3(LAMB1):c.4393-5T>C,3912,LAMB1,HGNC:6486,Conflicting classifications of pathogenicity,0,"Apr 23, 2026",370713284,-,RCV002695064|RCV006721368,"MedGen:C3661900|MeSH:D030342,MedGen:C0950123",not provided|Inborn genetic diseases,germline,germline,GRCh37,NC_000007.13,7,107571950,107571950,na,na,7q31.1,"criteria provided, conflicting classifications",2,-,N,ClinGen:CA164268684,2,1951592,107571950,A,G,-,-,-,-,-,-,SCV002995068|SCV007621364,-,-
411044,single nucleotide variant,NM_005198.5(CHKB):c.501T>G (p.Ile167Met),1120,CHKB,HGNC:1938,Conflicting classifications of pathogenicity,0,"Feb 01, 2026",199704510,-,RCV000480573|RCV001085274|RCV003972813,"MedGen:C3661900|MONDO:MONDO:0011246,MedGen:C1865233,OMIM:602541,Orphanet:280671|",not provided|Megaconial type congenital muscular dystrophy|CHKB-related disorder,germline,germline,GRCh37,NC_000022.10,22,51019929,51019929,na,na,22q13.33,"criteria provided, conflicting classifications",5,-,N,ClinGen:CA10323759,2,421602,51019929,A,C,-,-,-,-,-,-,SCV000570863|SCV000766509|SCV005920722|SCV006313400,-,-
183392,single nucleotide variant,NM_000051.4(ATM):c.7463G>A (p.Cys2488Tyr),472,ATM,HGNC:795,Conflicting classifications of pathogenicity,1,"Jun 01, 2026",774281788,-,RCV000166722|RCV000255700|RCV000509266|RCV000541770|RCV001175362|RCV001535786|RCV002247573|RCV004689641|RCV005361023|RCV005049446,"MONDO:MONDO:0015356,MeSH:D009386,MedGen:C0027672,Orphanet:140162|MedGen:C3661900|MONDO:MONDO:0008840,MedGen:C0004135,OMIM:208900,Orphanet:100;MedGen:C1333600|MONDO:MONDO:0008840,MedGen:C0004135,OMIM:208900,Orphanet:100|MedGen:CN169374|MONDO:MONDO:0007254,MedGen:C0006142;MONDO:MONDO:0008840,MedGen:C0004135,OMIM:208900,Orphanet:100|MONDO:MONDO:0016419,MedGen:C0346153,OMIM:114480,Orphanet:227535|MONDO:MONDO:0003582,MeSH:D061325,MedGen:C0677776,Orphanet:145|MONDO:MONDO:0018604,MedGen:C3896578,Orphanet:440437|MONDO:MONDO:0016419,MedGen:C0346153,OMIM:114480,Orphanet:227535;MONDO:MONDO:0008840,MedGen:C0004135,OMIM:208900,Orphanet:100",Hereditary cancer-predisposing syndrome|not provided|Ataxia-telangiectasia syndrome;Hereditary cancer|Ataxia-telangiectasia syndrome|not specified|Malignant tumor of breast;Ataxia-telangiectasia syndrome|Familial cancer of breast|Hereditary breast ovarian cancer syndrome|Familial colorectal cancer type X|Familial cancer of breast;Ataxia-telangiectasia syndrome,germline;unknown,germline,GRCh37,NC_000011.9,11,108201096,108201096,na,na,11q22.3,"criteria provided, conflicting classifications",16,-,N,ClinGen:CA196568,2,187037,108201096,G,A,-,-,-,-,-,-,SCV000217533|SCV000322033|SCV000622751|SCV000694352|SCV001148443|SCV001359120|SCV002518541|SCV002581673|SCV004207046|SCV005184353|SCV005680903|SCV005919252|SCV006554415|SCV007111206,-,-
342266,single nucleotide variant,NM_000548.5(TSC2):c.2355+8G>A,7249,TSC2,HGNC:12363,Conflicting classifications of pathogenicity,0,"Jan 13, 2026",199558375,-,RCV000268704|RCV000437689|RCV001432749,"MONDO:MONDO:0001734,MedGen:C0041341,OMIM:PS191100,Orphanet:805|MedGen:CN169374|MONDO:MONDO:0013199,MedGen:C1860707,OMIM:613254,Orphanet:805",Tuberous sclerosis syndrome|not specified|Tuberous sclerosis 2,germline;unknown,germline,GRCh37,NC_000016.9,16,2122992,2122992,na,na,16p13.3,"criteria provided, conflicting classifications",5,"ACMG2013,ACMG2016,ACMG2021,ACMG2022",N,ClinGen:CA038645,2,318321,2122992,G,A,-,-,-,-,-,-,SCV000395609|SCV000532612|SCV001635528|SCV002039647|SCV005407499,-,-
575742,single nucleotide variant,NM_000245.4(MET):c.728A>G (p.Asp243Gly),4233,MET,HGNC:7029,Conflicting classifications of pathogenicity,0,"Jun 12, 2026",1562883992,-,RCV000709029|RCV001328516|RCV005601088,"Human Phenotype Ontology:HP:0011797,MedGen:C1336839,OMIM:605074,Orphanet:47044|Human Phenotype Ontology:HP:0005584,Human Phenotype Ontology:HP:0006720,MONDO:MONDO:0005086,MeSH:D002292,MedGen:C0007134,Orphanet:217071|MONDO:MONDO:0015356,MeSH:D009386,MedGen:C0027672,Orphanet:140162",Papillary renal cell carcinoma type 1|Renal cell carcinoma|Hereditary cancer-predisposing syndrome,germline;unknown,germline,GRCh37,NC_000007.13,7,116339866,116339866,na,na,7q31.2,"criteria provided, conflicting classifications",3,-,N,ClinGen:CA368969717,2,584709,116339866,A,G,-,-,-,-,-,-,SCV000838238|SCV001199607|SCV006274388,-,-
210076,single nucleotide variant,NM_000093.5(COL5A1):c.3418G>A (p.Val1140Met),1289,COL5A1,HGNC:2209,Conflicting classifications of pathogenicity,0,"Mar 27, 2026",149616140,-,RCV001705100|RCV002311043|RCV002277493|RCV002228861|RCV003401064|RCV003937722,"MedGen:C3661900|MONDO:MONDO:0019625,MedGen:C4707243,OMIM:PS607086,Orphanet:91387|MONDO:MONDO:0020066,MedGen:C0013720,OMIM:PS130000,Orphanet:98249|MONDO:MONDO:0019567,MedGen:C0268335,OMIM:130000|MedGen:CN169374|","not provided|Familial thoracic aortic aneurysm and aortic dissection|Ehlers-Danlos syndrome|Ehlers-Danlos syndrome, classic type, 1|not specified|COL5A1-related disorder",germline,germline,GRCh37,NC_000009.11,9,137701080,137701080,na,na,9q34.3,"criteria provided, conflicting classifications",9,-,N,"ClinGen:CA320285,UniProtKB:P20908#VAR_075703",2,213048,137701080,G,A,-,-,-,-,-,-,SCV000249907|SCV000320109|SCV000631488|SCV002565717|SCV002821984|SCV004122718|SCV007303337|SCV007542288,-,-
633016,Microsatellite,NM_198253.3(TERT):c.999CTC[1] (p.Ser335del),7015,TERT,HGNC:11730,Conflicting classifications of pathogenicity,1,"Jan 13, 2026",1170942980,-,RCV002535868|RCV002332584|RCV002509537|RCV004569502|RCV006663296,"MONDO:MONDO:0800504,MeSH:D054990,MedGen:C1800706,Orphanet:2032;MONDO:MONDO:0013521,MedGen:C3151443,OMIM:613989|MONDO:MONDO:0013878,MedGen:C3553617,OMIM:614742,Orphanet:88|Human Phenotype Ontology:HP:0002206,Human Phenotype Ontology:HP:0006523,MONDO:MONDO:0002771,MedGen:C0034069|MONDO:MONDO:0013521,MedGen:C3151443,OMIM:613989|MONDO:MONDO:0015780,MedGen:C0265965,OMIM:PS127550,Orphanet:1775","Idiopathic Pulmonary Fibrosis;Dyskeratosis congenita, autosomal dominant 2|Pulmonary fibrosis and/or bone marrow failure, Telomere-related, 1|Pulmonary fibrosis|Dyskeratosis congenita, autosomal dominant 2|Dyskeratosis congenita",germline;unknown,germline,GRCh37,NC_000005.9,5,1293997,1293999,na,na,5p15.33,"criteria provided, conflicting classifications",4,-,N,ClinGen:CA803699543,2,639452,1293996,TGAG,T,-,-,-,-,-,-,SCV000931528|SCV002520365|SCV005052995|SCV007568506,-,-
23332,single nucleotide variant,NM_033337.3(CAV3):c.233C>T (p.Thr78Met),859,CAV3,HGNC:1529,Conflicting classifications of pathogenicity,1,"Mar 01, 2026",72546668,-,RCV000008791|RCV000008790|RCV000024406|RCV000039801|RCV000168328|RCV000242756|RCV000987088|RCV000769173|RCV001144019|RCV003924817|RCV004764897,"MedGen:CN315764|MONDO:MONDO:0012736,MedGen:C2678485,OMIM:611818,Orphanet:101016,Orphanet:768|MedGen:C3661900|MedGen:CN169374|MONDO:MONDO:0002442,MeSH:D008133,MedGen:C0023976|MedGen:CN230736|MONDO:MONDO:0100316,MedGen:C4551647,OMIM:192500,Orphanet:101016,Orphanet:768|Human Phenotype Ontology:HP:0001638,MONDO:MONDO:0004994,MedGen:C0878544,Orphanet:167848|MONDO:MONDO:0016146,MedGen:C5679790,Orphanet:207078||Human Phenotype Ontology:HP:0001639,MONDO:MONDO:0005045,MeSH:D002312,MedGen:C0007194,Orphanet:217569","Long QT syndrome 2/9, digenic|Long QT syndrome 9|not provided|not specified|Long QT syndrome|Cardiovascular phenotype|Long QT syndrome 1|Cardiomyopathy|Caveolinopathy|CAV3-related disorder|Hypertrophic cardiomyopathy",germline;maternal;unknown,germline,GRCh37,NC_000003.11,3,8787330,8787330,na,na,3p25.3,"criteria provided, conflicting classifications",25,-,N,"ClinGen:CA119455,Leiden Muscular Dystrophy (CAV3):CAV3_00030,UniProtKB:P56539#VAR_043695,OMIM:601253.0018",3,8293,8787330,C,T,-,-,-,-,-,-,SCV000050767|SCV000063490|SCV000114283|SCV000167539|SCV000188740|SCV000219015|SCV000318969|SCV000602911|SCV000699769|SCV000740556|SCV000883139|SCV000900548|SCV000930434|SCV000995704|SCV001136286|SCV001143446|SCV001248495|SCV001304593|SCV004022049|SCV007328319,-,-
305506,single nucleotide variant,NM_022458.4(LMBR1):c.16G>A (p.Glu6Lys),64327,LMBR1,HGNC:13243,Conflicting classifications of pathogenicity,0,"Jan 26, 2026",139646169,-,RCV000291723|RCV000598270|RCV002519504|RCV005625566,"MONDO:MONDO:0008270,MedGen:C1868114,OMIM:174500,Orphanet:2439,Orphanet:2950,Orphanet:93336|MedGen:C3661900|MeSH:D030342,MedGen:C0950123|Human Phenotype Ontology:HP:0002652,Human Phenotype Ontology:HP:0005685,MONDO:MONDO:0018230,MedGen:C0410528,Orphanet:364526",Polydactyly of a triphalangeal thumb|not provided|Inborn genetic diseases|Skeletal dysplasia,germline,germline,GRCh37,NC_000007.13,7,156685672,156685672,na,na,7q36.3,"criteria provided, conflicting classifications",5,-,N,ClinGen:CA4588287,2,359440,156685672,C,T,-,-,-,-,-,-,SCV000467812|SCV000705618|SCV003680839|SCV004317141|SCV006306308,-,-
776082,single nucleotide variant,NM_000138.5(FBN1):c.248-4A>G,2200,FBN1,HGNC:3603,Conflicting classifications of pathogenicity,0,"Jan 05, 2026",1597631751,-,RCV001398876|RCV002427346|RCV004003301,"MONDO:MONDO:0007947,MedGen:C0024796,OMIM:154700,Orphanet:284963,Orphanet:558;MONDO:MONDO:0019625,MedGen:C4707243,OMIM:PS607086,Orphanet:91387|MONDO:MONDO:0019625,MedGen:C4707243,OMIM:PS607086,Orphanet:91387|MONDO:MONDO:0007947,MedGen:C0024796,OMIM:154700,Orphanet:284963,Orphanet:558",Marfan syndrome;Familial thoracic aortic aneurysm and aortic dissection|Familial thoracic aortic aneurysm and aortic dissection|Marfan syndrome,germline,germline,GRCh37,NC_000015.9,15,48903027,48903027,na,na,15q21.1,"criteria provided, conflicting classifications",4,"ACMG2013,ACMG2016,ACMG2021,ACMG2022",N,ClinGen:CA915946002,2,760262,48903027,T,C,-,-,-,-,-,-,SCV001600658|SCV002740433|SCV004843775|SCV007441562,-,-
232733,single nucleotide variant,NM_000179.3(MSH6):c.1871G>T (p.Gly624Val),2956,MSH6,HGNC:7329,Conflicting classifications of pathogenicity,0,"Jan 31, 2026",763606858,-,RCV000217487|RCV000480702|RCV000464191|RCV001293521|RCV003998588|RCV004739620|RCV005025364,"MONDO:MONDO:0015356,MeSH:D009386,MedGen:C0027672,Orphanet:140162|MedGen:C3661900|MeSH:D003123,MedGen:C0009405|MedGen:CN169374|MONDO:MONDO:0005835,MedGen:C4552100,Orphanet:144||MONDO:MONDO:0030841,MedGen:C5436807,OMIM:619097;Human Phenotype Ontology:HP:0012114,MONDO:MONDO:0002447,MedGen:C0476089,OMIM:608089;MONDO:MONDO:0013710,MedGen:C1833477,OMIM:614350,Orphanet:144",Hereditary cancer-predisposing syndrome|not provided|Hereditary nonpolyposis colorectal neoplasms|not specified|Lynch syndrome|MSH6-related disorder|Mismatch repair cancer syndrome 3;Endometrial carcinoma;Lynch syndrome 5,germline,germline,GRCh37,NC_000002.11,2,48026993,48026993,na,na,2p16.3,"criteria provided, conflicting classifications",8,"ACMG2013,ACMG2016,ACMG2021,ACMG2022",N,ClinGen:CA068227,2,233917,48026993,G,T,-,-,-,-,-,-,SCV000278385|SCV000551094|SCV000572655|SCV001352801|SCV001482112|SCV004835489|SCV005658560,-,-
808747,single nucleotide variant,NM_000245.4(MET):c.501A>C (p.Glu167Asp),4233,MET,HGNC:7029,Conflicting classifications of pathogenicity,0,"Jun 03, 2026",1584876986,-,RCV001023428|RCV001226401,"MONDO:MONDO:0015356,MeSH:D009386,MedGen:C0027672,Orphanet:140162|Human Phenotype Ontology:HP:0005584,Human Phenotype Ontology:HP:0006720,MONDO:MONDO:0005086,MeSH:D002292,MedGen:C0007134,Orphanet:217071",Hereditary cancer-predisposing syndrome|Renal cell carcinoma,germline,germline,GRCh37,NC_000007.13,7,116339639,116339639,na,na,7q31.2,"criteria provided, conflicting classifications",2,-,N,ClinGen:CA368969220,2,825375,116339639,A,C,-,-,-,-,-,-,SCV001185299|SCV001398713,-,-
180627,single nucleotide variant,NM_000059.4(BRCA2):c.6255A>T (p.Leu2085Phe),675,BRCA2,HGNC:1101,Conflicting classifications of pathogenicity,0,"Jan 26, 2026",730881579,-,RCV000160189|RCV000817081|RCV001025049|RCV003998459|RCV004586580,"MedGen:C3661900|MONDO:MONDO:0003582,MeSH:D061325,MedGen:C0677776,Orphanet:145|MONDO:MONDO:0015356,MeSH:D009386,MedGen:C0027672,Orphanet:140162|MONDO:MONDO:0012933,MedGen:C2675520,OMIM:612555,Orphanet:145|MedGen:CN169374","not provided|Hereditary breast ovarian cancer syndrome|Hereditary cancer-predisposing syndrome|Breast-ovarian cancer, familial, susceptibility to, 2|not specified",germline,germline,GRCh37,NC_000013.10,13,32914747,32914747,na,na,13q13.1,"criteria provided, conflicting classifications",9,"ACMG2013,ACMG2016,ACMG2021,ACMG2022",N,ClinGen:CA023790,2,182271,32914747,A,T,-,-,-,-,-,-,SCV000210533|SCV000883511|SCV000889093|SCV000957621|SCV001187169|SCV002536213|SCV003852359|SCV004846723|SCV005075999,-,-
1690400,single nucleotide variant,NM_001267550.2(TTN):c.106781C>A (p.Thr35594Asn),7273,TTN,HGNC:12403,Conflicting classifications of pathogenicity,0,"Mar 05, 2026",756850637,-,RCV002269443|RCV003150493|RCV006693051,"MedGen:C3661900|Human Phenotype Ontology:HP:0001638,MONDO:MONDO:0004994,MedGen:C0878544,Orphanet:167848|MedGen:CN169374",not provided|Cardiomyopathy|not specified,germline,germline,GRCh37,NC_000002.11,2,179393697,179393697,na,na,2q31.2,"criteria provided, conflicting classifications",3,"ACMG2021,ACMG2022",N,ClinGen:CA1985047,2,1698020,179393697,G,T,-,-,-,-,-,-,SCV002552655|SCV003837946|SCV007584314,-,-
348618,single nucleotide variant,NM_004646.4(NPHS1):c.1110T>C (p.Val370=),4868,NPHS1,HGNC:7908,Conflicting classifications of pathogenicity,0,"Jan 28, 2026",116459838,-,RCV000387172|RCV000889132|RCV002294273|RCV001272291,"Human Phenotype Ontology:HP:0008677,MONDO:MONDO:0002350,MeSH:C535761,MedGen:C3501848,OMIM:PS256300|MedGen:C3661900|Human Phenotype Ontology:HP:0000097,Human Phenotype Ontology:HP:0004747,MONDO:MONDO:0100313,MedGen:C0017668|MONDO:MONDO:0009732,MedGen:C0403399,OMIM:256300,Orphanet:839",Congenital nephrotic syndrome|not provided|Focal segmental glomerulosclerosis|Finnish congenital nephrotic syndrome,germline,germline,GRCh37,NC_000019.9,19,36339599,36339599,na,na,19q13.12,"criteria provided, conflicting classifications",6,-,N,ClinGen:CA9390547,2,328872,36339599,A,G,-,-,-,-,-,-,SCV000411578|SCV001032794|SCV001791421|SCV002587375|SCV007118343,-,-
1963557,single nucleotide variant,NM_013444.4(UBQLN2):c.1624G>T (p.Ala542Ser),29978,UBQLN2,HGNC:12509,Conflicting classifications of pathogenicity,0,"Apr 01, 2026",755910347,-,RCV002571121|RCV004064405|RCV006733358,"MONDO:MONDO:0010459,MedGen:C3275459,OMIM:300857,Orphanet:803|MedGen:CN169374|MedGen:C3661900",Amyotrophic lateral sclerosis type 15|not specified|not provided,germline,germline,GRCh37,NC_000023.10,X,56591930,56591930,na,na,Xp11.21,"criteria provided, conflicting classifications",3,-,N,ClinGen:CA10430203,2,1900727,56591930,G,T,-,-,-,-,-,-,SCV002936465|SCV003533081|SCV007639682,-,-
808744,single nucleotide variant,NM_000245.4(MET):c.471G>C (p.Glu157Asp),4233,MET,HGNC:7029,Conflicting classifications of pathogenicity,0,"Jun 02, 2026",1451799154,-,RCV001022951|RCV001862241,"MONDO:MONDO:0015356,MeSH:D009386,MedGen:C0027672,Orphanet:140162|Human Phenotype Ontology:HP:0005584,Human Phenotype Ontology:HP:0006720,MONDO:MONDO:0005086,MeSH:D002292,MedGen:C0007134,Orphanet:217071",Hereditary cancer-predisposing syndrome|Renal cell carcinoma,germline,germline,GRCh37,NC_000007.13,7,116339609,116339609,na,na,7q31.2,"criteria provided, conflicting classifications",2,-,N,ClinGen:CA368969153,2,825122,116339609,G,C,-,-,-,-,-,-,SCV001184751|SCV002239244,-,-
1471035,single nucleotide variant,NM_017617.5(NOTCH1):c.4180G>A (p.Gly1394Ser),4851,NOTCH1,HGNC:7881,Conflicting classifications of pathogenicity,0,"Apr 27, 2026",1210347209,-,RCV001952454|RCV004822963,"MONDO:MONDO:0014459,MedGen:C4014970,OMIM:616028,Orphanet:974|MONDO:MONDO:0019625,MedGen:C4707243,OMIM:PS607086,Orphanet:91387",Adams-Oliver syndrome 5|Familial thoracic aortic aneurysm and aortic dissection,germline,germline,GRCh37,NC_000009.11,9,139400168,139400168,na,na,9q34.3,"criteria provided, conflicting classifications",2,-,N,ClinGen:CA375649331,2,1430501,139400168,C,T,-,-,-,-,-,-,SCV002198684|SCV005458457,-,-
247308,single nucleotide variant,NM_004168.4(SDHA):c.155C>T (p.Ser52Phe),6389,SDHA,HGNC:10680,Conflicting classifications of pathogenicity,0,"Feb 03, 2026",377470390,-,RCV000239368|RCV000565564|RCV000764599|RCV001820793|RCV003137852|RCV003313064|RCV003475849|RCV005031828|RCV005420930,"MONDO:MONDO:0013602,MedGen:C3279992,OMIM:614165,Orphanet:29072;MONDO:MONDO:0100294,MedGen:C5700310,OMIM:252011,Orphanet:3208|MONDO:MONDO:0015356,MeSH:D009386,MedGen:C0027672,Orphanet:140162|MONDO:MONDO:0009723,MedGen:C2931891,OMIM:256000,Orphanet:506;MONDO:MONDO:0013339,MedGen:C3150898,OMIM:613642,Orphanet:154;MONDO:MONDO:0013602,MedGen:C3279992,OMIM:614165,Orphanet:29072;MONDO:MONDO:0100294,MedGen:C5700310,OMIM:252011,Orphanet:3208|MedGen:CN169374|MedGen:C3661900|MONDO:MONDO:0858939,MedGen:C5669918|MONDO:MONDO:0013339,MedGen:C3150898,OMIM:613642,Orphanet:154|MONDO:MONDO:0013339,MedGen:C3150898,OMIM:613642,Orphanet:154;MONDO:MONDO:0013602,MedGen:C3279992,OMIM:614165,Orphanet:29072;MONDO:MONDO:0100294,MedGen:C5700310,OMIM:252011,Orphanet:3208;MONDO:MONDO:0031006,MedGen:C5543254,OMIM:619259|MONDO:MONDO:0013602,MedGen:C3279992,OMIM:614165,Orphanet:29072","Pheochromocytoma/paraganglioma syndrome 5;Mitochondrial complex II deficiency, nuclear type 1|Hereditary cancer-predisposing syndrome|Leigh syndrome;Dilated cardiomyopathy 1GG;Pheochromocytoma/paraganglioma syndrome 5;Mitochondrial complex II deficiency, nuclear type 1|not specified|not provided|Diffuse pediatric-type high-grade glioma, H3-wildtype and IDH-wildtype|Dilated cardiomyopathy 1GG|Dilated cardiomyopathy 1GG;Pheochromocytoma/paraganglioma syndrome 5;Mitochondrial complex II deficiency, nuclear type 1;Neurodegeneration with ataxia and late-onset optic atrophy|Pheochromocytoma/paraganglioma syndrome 5",germline;unknown,germline,GRCh37,NC_000005.9,5,224479,224479,na,na,5p15.33,"criteria provided, conflicting classifications",10,-,N,ClinGen:CA3172744,2,252906,224479,C,T,-,-,-,-,-,-,SCV000297687|SCV000674921|SCV000895696|SCV002069742|SCV003819245|SCV004012932|SCV004202381|SCV005078900|SCV005671661|SCV006089906|SCV006277830,-,-
466000,single nucleotide variant,NM_000548.5(TSC2):c.299C>T (p.Ala100Val),7249,TSC2,HGNC:12363,Conflicting classifications of pathogenicity,0,"Jan 30, 2026",375824753,-,RCV000575476|RCV000594514|RCV000761927|RCV001086235|RCV004537998|RCV006550394,"MONDO:MONDO:0015356,MeSH:D009386,MedGen:C0027672,Orphanet:140162|MedGen:CN169374|MedGen:C3661900|MONDO:MONDO:0013199,MedGen:C1860707,OMIM:613254,Orphanet:805||MONDO:MONDO:0001734,MedGen:C0041341,OMIM:PS191100,Orphanet:805",Hereditary cancer-predisposing syndrome|not specified|not provided|Tuberous sclerosis 2|TSC2-related disorder|Tuberous sclerosis syndrome,germline;unknown,germline,GRCh37,NC_000016.9,16,2103416,2103416,na,na,16p13.3,"criteria provided, conflicting classifications",10,"ACMG2013,ACMG2016,ACMG2021,ACMG2022",N,ClinGen:CA043693,2,467984,2103416,C,T,-,-,-,-,-,-,SCV000644397|SCV000675461|SCV000709473|SCV000892153|SCV000968819|SCV002041051|SCV004221427|SCV006299038|SCV007442085,-,-
211895,single nucleotide variant,NM_014297.5(ETHE1):c.184G>A (p.Ala62Thr),23474,ETHE1,HGNC:23287,Conflicting classifications of pathogenicity,0,"Jan 24, 2026",138958351,-,RCV000196829|RCV000383149|RCV000767331|RCV002517209|RCV004757161,"MedGen:CN169374|MONDO:MONDO:0011229,MedGen:C1865349,OMIM:602473,Orphanet:51188|MedGen:C3661900|MeSH:D030342,MedGen:C0950123|",not specified|Ethylmalonic encephalopathy|not provided|Inborn genetic diseases|ETHE1-related disorder,germline;not applicable,germline,GRCh37,NC_000019.9,19,44030709,44030709,na,na,19q13.31,"criteria provided, conflicting classifications",9,-,N,ClinGen:CA321242,2,214317,44030709,C,T,-,-,-,-,-,-,SCV000251356|SCV000413493|SCV000949911|SCV003670212|SCV004121759|SCV007137059,-,-
896241,single nucleotide variant,NM_001358530.2(MOCS1):c.583+7G>A,4337,MOCS1,HGNC:7190,Conflicting classifications of pathogenicity,0,"Jan 20, 2026",150131853,-,RCV001157021,"MONDO:MONDO:0009643,MedGen:C1854988,OMIM:252150,Orphanet:308386,Orphanet:833",Sulfite oxidase deficiency due to molybdenum cofactor deficiency type A,germline,germline,GRCh37,NC_000006.11,6,39883805,39883805,na,na,6p21.2,"criteria provided, conflicting classifications",2,-,N,ClinGen:CA3796246,2,907294,39883805,C,T,-,-,-,-,-,-,SCV001318567|SCV002450595,-,-
879131,single nucleotide variant,NM_177986.5(DSG4):c.2387G>T (p.Gly796Val),147409,DSG4,HGNC:21307,Conflicting classifications of pathogenicity,0,"Jan 27, 2026",148418252,-,RCV001124322|RCV002556693|RCV005093574,"MONDO:MONDO:0011932,MedGen:C1842839,OMIM:607903,Orphanet:55654|MeSH:D030342,MedGen:C0950123|MedGen:C3661900",Hypotrichosis 6|Inborn genetic diseases|not provided,germline,germline,GRCh37,NC_000018.9,18,28992822,28992822,na,na,18q12.1,"criteria provided, conflicting classifications",3,-,N,ClinGen:CA8927330,2,890045,28992822,G,T,-,-,-,-,-,-,SCV001283259|SCV003591678|SCV005770547,-,-
17103,single nucleotide variant,NM_018100.4(EFHC1):c.685T>C (p.Phe229Leu),114327,EFHC1,HGNC:16406,Conflicting classifications of pathogenicity,0,"Jan 26, 2026",137852776,-,RCV000002145|RCV000178317|RCV000513761|RCV001838977|RCV003764516,"MONDO:MONDO:0020752,MedGen:C1850778,OMIM:254770|MedGen:CN169374|MedGen:C3661900|MedGen:C0014553,Orphanet:1941|MONDO:MONDO:0020752,MedGen:C1850778,OMIM:254770;MedGen:C0014553,Orphanet:1941","Myoclonic epilepsy, juvenile, susceptibility to, 1|not specified|not provided|Absence seizure|Myoclonic epilepsy, juvenile, susceptibility to, 1;Absence seizure",germline;inherited,germline,GRCh37,NC_000006.11,6,52317597,52317597,na,na,6p12.2,"criteria provided, conflicting classifications",9,-,N,"ClinGen:CA115320,UniProtKB:Q5JVL4#VAR_023624,OMIM:608815.0002",3,2064,52317597,T,C,-,-,-,-,-,-,SCV000230376|SCV000240927|SCV000247259|SCV000562692|SCV000610235|SCV000613248|SCV002099021|SCV004163608,-,-
1375002,single nucleotide variant,NM_020778.5(ALPK3):c.2482G>A (p.Glu828Lys),57538,ALPK3,HGNC:17574,Conflicting classifications of pathogenicity,0,"Jan 25, 2026",200846317,-,RCV001933112|RCV002324327,MedGen:C3661900|MedGen:CN230736,not provided|Cardiovascular phenotype,germline,germline,GRCh37,NC_000015.9,15,85400451,85400451,na,na,15q25.3,"criteria provided, conflicting classifications",2,-,N,ClinGen:CA7709423,2,1415495,85400451,G,A,-,-,-,-,-,-,SCV002188723|SCV002608850,-,-
396064,single nucleotide variant,NM_000245.4(MET):c.4150G>A (p.Ala1384Thr),4233,MET,HGNC:7029,Conflicting classifications of pathogenicity,0,"Jan 26, 2026",758486336,-,RCV000472109|RCV001022049|RCV003463961|RCV003223643|RCV005034001,"Human Phenotype Ontology:HP:0005584,Human Phenotype Ontology:HP:0006720,MONDO:MONDO:0005086,MeSH:D002292,MedGen:C0007134,Orphanet:217071|MONDO:MONDO:0015356,MeSH:D009386,MedGen:C0027672,Orphanet:140162|MONDO:MONDO:0014739,MedGen:C4084709,OMIM:616705,Orphanet:90636|MedGen:C3661900|MONDO:MONDO:0011806,MedGen:C4085248,OMIM:607278,Orphanet:488265;Human Phenotype Ontology:HP:0001402,Human Phenotype Ontology:HP:0002899,Human Phenotype Ontology:HP:0003007,Human Phenotype Ontology:HP:0006750,MONDO:MONDO:0007256,MedGen:C2239176,OMIM:114550,Orphanet:88673;MONDO:MONDO:0014739,MedGen:C4084709,OMIM:616705,Orphanet:90636;MONDO:MONDO:0031045,MedGen:C5774205,OMIM:620019;Human Phenotype Ontology:HP:0011797,MedGen:C1336839,OMIM:605074,Orphanet:47044","Renal cell carcinoma|Hereditary cancer-predisposing syndrome|Autosomal recessive nonsyndromic hearing loss 97|not provided|Osteofibrous dysplasia;Hepatocellular carcinoma;Autosomal recessive nonsyndromic hearing loss 97;Arthrogryposis, distal, IIa 11;Papillary renal cell carcinoma type 1",germline;unknown,germline,GRCh37,NC_000007.13,7,116436155,116436155,na,na,7q31.2,"criteria provided, conflicting classifications",7,-,N,ClinGen:CA4448838,2,411906,116436155,G,A,-,-,-,-,-,-,SCV000553318|SCV001183738|SCV003919471|SCV004192537|SCV005409326|SCV005673782|SCV007112200,-,-
735068,single nucleotide variant,NM_016180.5(SLC45A2):c.834C>T (p.Tyr278=),51151,SLC45A2,HGNC:16472,Conflicting classifications of pathogenicity,0,"Jan 26, 2026",116887602,-,RCV000906298|RCV001153932,"MedGen:C3661900|MONDO:MONDO:0011683,MedGen:C1847836,OMIM:606574,Orphanet:79435",not provided|Oculocutaneous albinism type 4,germline,germline,GRCh37,NC_000005.9,5,33963850,33963850,na,na,5p13.2,"criteria provided, conflicting classifications",2,-,N,ClinGen:CA3225688,2,731354,33963850,G,A,-,-,-,-,-,-,SCV001050927|SCV001315243,-,-
53411,single nucleotide variant,NM_001927.4(DES):c.1048C>T (p.Arg350Trp),1674,DES,HGNC:2770,Conflicting classifications of pathogenicity,1,"May 15, 2026",62636492,-,RCV000037224|RCV000056766|RCV000157164|RCV001039932|RCV001250885|RCV003398603|RCV003298065|RCV003486560|RCV006268095,"MedGen:CN169374|MedGen:C3661900|EFO: The Experimental Factor Ontology:EFO_0000407,Human Phenotype Ontology:HP:0001644,Human Phenotype Ontology:HP:0001725,Human Phenotype Ontology:HP:0005159,Human Phenotype Ontology:HP:0200130,MONDO:MONDO:0005021,MeSH:D002311,MedGen:C0007193,Orphanet:217604|MONDO:MONDO:0011076,MedGen:C1832370,OMIM:601419,Orphanet:363543,Orphanet:98909|MONDO:MONDO:0011482,MedGen:C1858154,OMIM:604765,Orphanet:154||MedGen:CN230736|Human Phenotype Ontology:HP:0001638,MONDO:MONDO:0004994,MedGen:C0878544,Orphanet:167848|MONDO:MONDO:0016333,MedGen:C0340427,OMIM:PS115200,Orphanet:217607",not specified|not provided|Primary dilated cardiomyopathy|Desmin-related myofibrillar myopathy|Dilated cardiomyopathy 1I|DES-related disorder|Cardiovascular phenotype|Cardiomyopathy|Primary familial dilated cardiomyopathy,germline,germline,GRCh37,NC_000002.11,2,220286086,220286086,na,na,2q35,"criteria provided, conflicting classifications",13,ACMG2022,N,"OMIM:125660.0021,ClinGen:CA133808",3,44244,220286086,C,T,-,-,-,-,-,-,SCV000060881|SCV001203482|SCV002549512|SCV003829004|SCV003995335|SCV004240479|SCV004812277|SCV005398957|SCV007123437,-,-
183850,Deletion,NM_000059.4(BRCA2):c.5272_5274del (p.Asn1758del),675,BRCA2,HGNC:1101,Conflicting classifications of pathogenicity,0,"Apr 21, 2026",587780655,-,RCV000122916|RCV000165160|RCV000241419|RCV003321531|RCV004567263,"MONDO:MONDO:0003582,MeSH:D061325,MedGen:C0677776,Orphanet:145|MONDO:MONDO:0015356,MeSH:D009386,MedGen:C0027672,Orphanet:140162|MONDO:MONDO:0012933,MedGen:C2675520,OMIM:612555,Orphanet:145|MedGen:CN169374|MONDO:MONDO:0016419,MedGen:C0346153,OMIM:114480,Orphanet:227535","Hereditary breast ovarian cancer syndrome|Hereditary cancer-predisposing syndrome|Breast-ovarian cancer, familial, susceptibility to, 2|not specified|Familial cancer of breast",germline;unknown,germline,GRCh37,NC_000013.10,13,32913762,32913764,na,na,13q13.1,"criteria provided, conflicting classifications",8,"ACMG2013,ACMG2016,ACMG2021,ACMG2022",N,ClinGen:CA021899,2,185693,32913761,TATA,T,-,-,-,-,-,-,SCV000166174|SCV000215871|SCV000694851|SCV000906106|SCV004027437|SCV005059119,-,-
454141,single nucleotide variant,NM_006206.6(PDGFRA):c.2152C>T (p.Arg718Trp),5156,PDGFRA,HGNC:8803,Conflicting classifications of pathogenicity,0,"Jun 15, 2026",375434317,-,RCV000550425|RCV002431557|RCV006736265,"Human Phenotype Ontology:HP:0100723,MONDO:MONDO:0011719,MeSH:D046152,MedGen:C0238198,OMIM:606764,Orphanet:44890|MONDO:MONDO:0015356,MeSH:D009386,MedGen:C0027672,Orphanet:140162|MONDO:MONDO:0008285,MedGen:C5193005,OMIM:175510","Gastrointestinal stromal tumor|Hereditary cancer-predisposing syndrome|Polyps, multiple and recurrent inflammatory fibroid, gastrointestinal",germline;unknown,germline,GRCh37,NC_000004.11,4,55144678,55144678,na,na,4q12,"criteria provided, conflicting classifications",3,-,N,ClinGen:CA2922756,2,459041,55144678,C,T,-,-,-,-,-,-,SCV000630595|SCV002727011|SCV007647007,-,-
366773,single nucleotide variant,NM_000179.3(MSH6):c.1200G>A (p.Glu400=),2956,MSH6,HGNC:7329,Conflicting classifications of pathogenicity,0,"Jan 28, 2026",536884553,-,RCV000458705|RCV000491492|RCV001704351|RCV004000461|RCV005421763|RCV005898030|RCV005898029|RCV005398550,"MeSH:D003123,MedGen:C0009405|MONDO:MONDO:0015356,MeSH:D009386,MedGen:C0027672,Orphanet:140162|MedGen:C3661900|MONDO:MONDO:0005835,MedGen:C4552100,Orphanet:144|MONDO:MONDO:0013710,MedGen:C1833477,OMIM:614350,Orphanet:144|MedGen:C0024623|MedGen:C0546837|Human Phenotype Ontology:HP:0012114,MONDO:MONDO:0002447,MedGen:C0476089,OMIM:608089;MONDO:MONDO:0013710,MedGen:C1833477,OMIM:614350,Orphanet:144;MONDO:MONDO:0030841,MedGen:C5436807,OMIM:619097",Hereditary nonpolyposis colorectal neoplasms|Hereditary cancer-predisposing syndrome|not provided|Lynch syndrome|Lynch syndrome 5|Gastric cancer|Malignant tumor of esophagus|Endometrial carcinoma;Lynch syndrome 5;Mismatch repair cancer syndrome 3,germline;not applicable;unknown,germline,GRCh37,NC_000002.11,2,48026322,48026322,na,na,2p16.3,"criteria provided, conflicting classifications",9,"ACMG2013,ACMG2016,ACMG2021,ACMG2022",N,ClinGen:CA067322,2,386790,48026322,G,A,-,-,-,-,-,-,SCV000528567|SCV000561435|SCV000580349|SCV000690183|SCV002535613|SCV004843170|SCV006052971|SCV006090808,-,-
278332,single nucleotide variant,NM_000130.5(F5):c.3211C>T (p.His1071Tyr),2153,F5,HGNC:3542,Conflicting classifications of pathogenicity,0,"Feb 03, 2026",146408488,-,RCV000273413|RCV000368409|RCV003595922|RCV005420025,"Human Phenotype Ontology:HP:0003225,MONDO:MONDO:0020586,MedGen:C4317320,Orphanet:326|Human Phenotype Ontology:HP:0002639,MONDO:MONDO:0010947,MedGen:C0856761,OMIM:600880,Orphanet:131|MONDO:MONDO:0009210,MedGen:C0015499,OMIM:227400,Orphanet:326|MONDO:MONDO:0008559,MedGen:C3160733,OMIM:188050",Factor V deficiency|Budd-Chiari syndrome|Congenital factor V deficiency|Thrombophilia due to thrombin defect,germline,germline,GRCh37,NC_000001.10,1,169511117,169511117,na,na,1q24.2,"criteria provided, conflicting classifications",2,-,N,ClinGen:CA1233952,2,293614,169511117,G,A,-,-,-,-,-,-,SCV000350950|SCV000350951|SCV000350952|SCV003255848,-,-
133068,single nucleotide variant,NM_000249.4(MLH1):c.1202G>A (p.Ser401Asn),4292,MLH1,HGNC:7127,Conflicting classifications of pathogenicity,0,"Jan 26, 2026",587779951,-,RCV000115454|RCV000222306|RCV000663036|RCV000813295|RCV001824610|RCV003997260,"MedGen:C3661900|MONDO:MONDO:0015356,MeSH:D009386,MedGen:C0027672,Orphanet:140162|MONDO:MONDO:0012249,MedGen:C1333991,OMIM:609310,Orphanet:144|MeSH:D003123,MedGen:C0009405|MedGen:CN169374|MONDO:MONDO:0005835,MedGen:C4552100,Orphanet:144","not provided|Hereditary cancer-predisposing syndrome|Colorectal cancer, hereditary nonpolyposis, type 2|Hereditary nonpolyposis colorectal neoplasms|not specified|Lynch syndrome",germline;unknown,germline,GRCh37,NC_000003.11,3,37067291,37067291,na,na,3p22.2,"criteria provided, conflicting classifications",10,"ACMG2013,ACMG2016,ACMG2021,ACMG2022",N,ClinGen:CA004704,2,127611,37067291,G,A,-,-,-,-,-,-,SCV000149363|SCV000275412|SCV000684728|SCV000953651|SCV002074418|SCV004018151|SCV004190663|SCV004840972|SCV005199144,-,-
279878,single nucleotide variant,NM_003193.5(TBCE):c.1577G>A (p.Arg526Gln),6905,TBCE,HGNC:11582,Conflicting classifications of pathogenicity,0,"Jan 28, 2026",140662460,-,RCV000274200|RCV000504178|RCV000953169|RCV004549654,"MONDO:MONDO:0009426,MedGen:C1855840,OMIM:241410,Orphanet:2323|MedGen:CN169374|MedGen:C3661900|",Hypoparathyroidism-retardation-dysmorphism syndrome|not specified|not provided|TBCE-related disorder,germline,germline,GRCh37,NC_000001.10,1,235612070,235612070,na,na,1q42.3,"criteria provided, conflicting classifications",5,-,N,ClinGen:CA1464542,2,296313,235612070,G,A,-,-,-,-,-,-,SCV000355657|SCV000597409|SCV001099725|SCV005889786,-,-
1032048,single nucleotide variant,NM_000338.3(SLC12A1):c.1118G>A (p.Arg373His),6557,SLC12A1,HGNC:10910,Conflicting classifications of pathogenicity,0,"Jan 19, 2026",150258541,-,RCV001339238|RCV002547384|RCV005005186,"MedGen:C3661900|MeSH:D030342,MedGen:C0950123|MONDO:MONDO:0100344,MedGen:C1866495,OMIM:601678,Orphanet:112,Orphanet:620217",not provided|Inborn genetic diseases|Bartter disease type 1,germline,germline,GRCh37,NC_000015.9,15,48527104,48527104,na,na,15q21.1,"criteria provided, conflicting classifications",5,-,N,ClinGen:CA7546976,2,1036256,48527104,G,A,-,-,-,-,-,-,SCV001532968|SCV003676355|SCV005092086|SCV005193787|SCV005630701,-,-
151450,single nucleotide variant,NM_000051.4(ATM):c.793A>G (p.Ile265Val),472,ATM,HGNC:795,Conflicting classifications of pathogenicity,0,"May 08, 2026",587781973,-,RCV000130361|RCV001857448,"MONDO:MONDO:0015356,MeSH:D009386,MedGen:C0027672,Orphanet:140162|MONDO:MONDO:0008840,MedGen:C0004135,OMIM:208900,Orphanet:100",Hereditary cancer-predisposing syndrome|Ataxia-telangiectasia syndrome,germline,germline,GRCh37,NC_000011.9,11,108115645,108115645,na,na,11q22.3,"criteria provided, conflicting classifications",2,-,N,ClinGen:CA166265,2,141736,108115645,A,G,-,-,-,-,-,-,SCV000185212|SCV002208245,-,-
168862,single nucleotide variant,NM_000525.4(KCNJ11):c.1089A>G (p.Ser363=),3767,KCNJ11,HGNC:6257,Conflicting classifications of pathogenicity,0,"Jan 28, 2026",5214,-,RCV000146100|RCV000315234|RCV000364041|RCV000390216|RCV000969056|RCV001831929|RCV002426703|RCV002227071,"MedGen:CN169374|MONDO:MONDO:0014589,MedGen:C4225365,OMIM:616329,Orphanet:552|MONDO:MONDO:0012522,MedGen:C1864623,OMIM:610582,Orphanet:99886|MONDO:MONDO:0011153,MedGen:C2931833,OMIM:601820,Orphanet:276580,Orphanet:276603|MedGen:C3661900|MONDO:MONDO:0100164,MedGen:C1833104,OMIM:PS606176,Orphanet:99885|MeSH:D030342,MedGen:C0950123|Human Phenotype Ontology:HP:0004904,MONDO:MONDO:0018911,MedGen:C0342276,OMIM:PS125850,Orphanet:552","not specified|Maturity-onset diabetes of the young type 13|Diabetes mellitus, transient neonatal, 3|Hyperinsulinemic hypoglycemia, familial, 2|not provided|Permanent neonatal diabetes mellitus|Inborn genetic diseases|Maturity-onset diabetes of the young",germline;somatic,germline/somatic,GRCh37,NC_000011.9,11,17408550,17408550,na,na,11p15.1,"criteria provided, conflicting classifications",8,-,N,ClinGen:CA172318,2,158671,17408550,T,C,-,-,-,-,-,-,SCV000193317|SCV000304661|SCV000369155|SCV000369156|SCV000369157|SCV001116547|SCV001872092|SCV002506478|SCV002731039,-,-
728277,single nucleotide variant,NM_001983.4(ERCC1):c.191C>T (p.Ala64Val),2067,ERCC1,HGNC:3433,Conflicting classifications of pathogenicity,0,"Feb 01, 2026",142631483,-,RCV000879932|RCV003145227,"MedGen:C3661900|MONDO:MONDO:0012554,MedGen:C1853100,OMIM:610758",not provided|Cerebrooculofacioskeletal syndrome 4,germline,germline,GRCh37,NC_000019.9,19,45924566,45924566,na,na,19q13.32,"criteria provided, conflicting classifications",3,-,N,ClinGen:CA9515536,2,708637,45924566,G,A,-,-,-,-,-,-,SCV001022988|SCV001998862|SCV003833560,-,-
139475,single nucleotide variant,NM_000051.4(ATM):c.591A>T (p.Gly197=),472,ATM,HGNC:795,Conflicting classifications of pathogenicity,0,"Jan 25, 2026",587780630,-,RCV000122862|RCV000165264|RCV000254428|RCV001356581|RCV001682838|RCV003315808,"MONDO:MONDO:0008840,MedGen:C0004135,OMIM:208900,Orphanet:100|MONDO:MONDO:0015356,MeSH:D009386,MedGen:C0027672,Orphanet:140162|MedGen:CN169374|MONDO:MONDO:0007254,MedGen:C0006142|MedGen:C3661900|MONDO:MONDO:0016419,MedGen:C0346153,OMIM:114480,Orphanet:227535",Ataxia-telangiectasia syndrome|Hereditary cancer-predisposing syndrome|not specified|Malignant tumor of breast|not provided|Familial cancer of breast,germline;unknown,germline,GRCh37,NC_000011.9,11,108114774,108114774,na,na,11q22.3,"criteria provided, conflicting classifications",10,-,N,ClinGen:CA192923,2,135763,108114774,A,T,-,-,-,-,-,-,SCV000166120|SCV000215980|SCV000301677|SCV000682290|SCV001898528|SCV002537494|SCV004017358|SCV005084522|SCV007119938,-,-
882861,single nucleotide variant,NM_001267550.2(TTN):c.58433-15T>G,7273,TTN,HGNC:12403,Conflicting classifications of pathogenicity,0,"Jan 12, 2026",2050786898,-,RCV001132461|RCV001132462|RCV001133370|RCV001133369|RCV001133368|RCV003769255,"MONDO:MONDO:0010870,MedGen:C1838244,OMIM:600334,Orphanet:609|MONDO:MONDO:0011362,MedGen:C1863599,OMIM:603689,Orphanet:178464,Orphanet:34521|MONDO:MONDO:0011400,MedGen:C1858763,OMIM:604145,Orphanet:154|MONDO:MONDO:0012127,MedGen:C1837342,OMIM:608807,Orphanet:140922|MONDO:MONDO:0012714,MedGen:C2673677,OMIM:611705,Orphanet:289377|MONDO:MONDO:0012127,MedGen:C1837342,OMIM:608807,Orphanet:140922;MONDO:MONDO:0011400,MedGen:C1858763,OMIM:604145,Orphanet:154","Tibial muscular dystrophy|Myopathy, myofibrillar, 9, with early respiratory failure|Dilated cardiomyopathy 1G|Autosomal recessive limb-girdle muscular dystrophy type 2J|Early-onset myopathy with fatal cardiomyopathy|Autosomal recessive limb-girdle muscular dystrophy type 2J;Dilated cardiomyopathy 1G",germline,germline,GRCh37,NC_000002.11,2,179458609,179458609,na,na,2q31.2,"criteria provided, conflicting classifications",2,"ACMG2021,ACMG2022",N,ClinGen:CA1139655707,2,893704,179458609,A,C,-,-,-,-,-,-,SCV001292121|SCV001292122|SCV001293064|SCV001293065|SCV001293066|SCV004584163,-,-
192120,single nucleotide variant,NM_006059.4(LAMC3):c.3250G>C (p.Glu1084Gln),10319,LAMC3,HGNC:6494,Conflicting classifications of pathogenicity,0,"Jun 01, 2026",146221263,-,RCV000192372|RCV000514344|RCV000609398|RCV002516676|RCV003937581|RCV005625371,"MedGen:CN169374|MedGen:C3661900|MONDO:MONDO:0013583,MedGen:C3279875,OMIM:614115,Orphanet:280640|MeSH:D030342,MedGen:C0950123||Human Phenotype Ontology:HP:0030682,MONDO:MONDO:0018901,MedGen:C1960469,OMIM:PS604169,Orphanet:54260",not specified|not provided|Occipital pachygyria and polymicrogyria|Inborn genetic diseases|LAMC3-related disorder|Left ventricular noncompaction,germline,germline,GRCh37,NC_000009.11,9,133948055,133948055,na,na,9q34.12,"criteria provided, conflicting classifications",13,-,N,ClinGen:CA205150,2,194958,133948055,G,C,-,-,-,-,-,-,SCV000226933|SCV000247826|SCV000513457|SCV000611007|SCV001055545|SCV001155769|SCV001984357|SCV003676473|SCV006307736,-,-
192957,single nucleotide variant,NM_001267550.2(TTN):c.56535G>A (p.Thr18845=),7273,TTN,HGNC:12403,Conflicting classifications of pathogenicity,0,"Jan 05, 2026",529480368,-,RCV000194014|RCV000619752|RCV000724413|RCV001078673|RCV001130337|RCV001130338|RCV001130336|RCV001130335|RCV001131032|RCV003150048,"MedGen:CN169374|MedGen:CN230736|MedGen:C3661900|MONDO:MONDO:0011400,MedGen:C1858763,OMIM:604145,Orphanet:154;MONDO:MONDO:0012127,MedGen:C1837342,OMIM:608807,Orphanet:140922|MONDO:MONDO:0010870,MedGen:C1838244,OMIM:600334,Orphanet:609|MONDO:MONDO:0012127,MedGen:C1837342,OMIM:608807,Orphanet:140922|MONDO:MONDO:0012714,MedGen:C2673677,OMIM:611705,Orphanet:289377|MONDO:MONDO:0011400,MedGen:C1858763,OMIM:604145,Orphanet:154|MONDO:MONDO:0011362,MedGen:C1863599,OMIM:603689,Orphanet:178464,Orphanet:34521|Human Phenotype Ontology:HP:0001638,MONDO:MONDO:0004994,MedGen:C0878544,Orphanet:167848","not specified|Cardiovascular phenotype|not provided|Dilated cardiomyopathy 1G;Autosomal recessive limb-girdle muscular dystrophy type 2J|Tibial muscular dystrophy|Autosomal recessive limb-girdle muscular dystrophy type 2J|Early-onset myopathy with fatal cardiomyopathy|Dilated cardiomyopathy 1G|Myopathy, myofibrillar, 9, with early respiratory failure|Cardiomyopathy",germline,germline,GRCh37,NC_000002.11,2,179463985,179463985,na,na,2q31.2,"criteria provided, conflicting classifications",9,"ACMG2021,ACMG2022",N,ClinGen:CA207890,2,195796,179463985,C,T,-,-,-,-,-,-,SCV000228107|SCV000249267|SCV000725187|SCV000736712|SCV001003393|SCV001289909|SCV001289910|SCV001289911|SCV001289912|SCV001290632|SCV003838601|SCV006067541|SCV007339001,-,-
2871729,single nucleotide variant,NM_004304.5(ALK):c.2018A>C (p.Gln673Pro),238,ALK,HGNC:427,Conflicting classifications of pathogenicity,0,"Feb 03, 2026",762808842,-,RCV003518194|RCV006664101,"MONDO:MONDO:0013083,MedGen:C2751681,OMIM:613014,Orphanet:635|MONDO:MONDO:0015356,MeSH:D009386,MedGen:C0027672,Orphanet:140162","Neuroblastoma, susceptibility to, 3|Hereditary cancer-predisposing syndrome",germline,germline,GRCh37,NC_000002.11,2,29497988,29497988,na,na,2p23.2,"criteria provided, conflicting classifications",2,-,N,ClinGen:CA1594463,2,2712002,29497988,T,G,-,-,-,-,-,-,SCV004264746|SCV007550890,-,-
699565,single nucleotide variant,NM_001374623.1(PNPLA1):c.1327C>A (p.Leu443Ile),285848,PNPLA1,HGNC:21246,Conflicting classifications of pathogenicity,0,"Jan 26, 2026",148471904,-,RCV000946939|RCV004958320,"MedGen:C3661900|MeSH:D030342,MedGen:C0950123",not provided|Inborn genetic diseases,germline,germline,GRCh37,NC_000006.11,6,36270189,36270189,na,na,6p21.31,"criteria provided, conflicting classifications",3,-,N,ClinGen:CA3777985,2,768083,36270189,C,A,-,-,-,-,-,-,SCV001093098|SCV005474744|SCV006558824,-,-
937476,single nucleotide variant,NM_001370466.1(NOD2):c.8C>G (p.Ser3Trp),64127,NOD2,HGNC:5331,Conflicting classifications of pathogenicity,0,"Apr 01, 2026",768775316,-,RCV002561127|RCV006730466,"MeSH:D003424,MedGen:C0678202;MONDO:MONDO:0008523,MedGen:C5201146,OMIM:186580,Orphanet:90340|MedGen:C3661900",Regional enteritis;Blau syndrome|not provided,germline,germline,GRCh37,NC_000016.9,16,50733414,50733414,na,na,16q12.1,"criteria provided, conflicting classifications",2,-,N,ClinGen:CA395865215,2,934890,50733414,C,G,-,-,-,-,-,-,SCV001374532|SCV007640951,-,-
215104,single nucleotide variant,NM_020708.5(SLC12A5):c.2855G>A (p.Arg952His),57468,SLC12A5,HGNC:13818,Conflicting classifications of pathogenicity,0,"Apr 01, 2026",142740233,-,RCV000202638|RCV000990308|RCV002262796|RCV003937760,"MONDO:MONDO:0014734,MedGen:C4225245,OMIM:616685|MONDO:MONDO:0014718,MedGen:C4225257,OMIM:616645,Orphanet:293181|MedGen:C3661900|","Epilepsy, idiopathic generalized, susceptibility to, 14|Developmental and epileptic encephalopathy, 34|not provided|SLC12A5-related disorder",germline;unknown,germline,GRCh37,NC_000020.10,20,44684856,44684856,na,na,20q13.12,"criteria provided, conflicting classifications",8,-,N,"ClinGen:CA214744,UniProtKB:Q9H2X9#VAR_075081,OMIM:606726.0004",3,218377,44684856,G,A,-,-,-,-,-,-,SCV000655902|SCV001141245|SCV001435219|SCV002544631|SCV005914938|SCV006551989,-,-
307968,single nucleotide variant,NM_003235.5(TG):c.3129C>T (p.His1043=),7038,TG,HGNC:11764,Conflicting classifications of pathogenicity,0,"Feb 02, 2026",112300885,-,RCV000314781|RCV000971767|RCV006268756,"MONDO:MONDO:0010135,MedGen:C0342194,OMIM:274700,Orphanet:95716|MedGen:C3661900|MedGen:CN169374",Iodotyrosyl coupling defect|not provided|not specified,germline,germline,GRCh37,NC_000008.10,8,133910021,133910021,na,na,8q24.22,"criteria provided, conflicting classifications",4,-,N,ClinGen:CA4883618,2,361939,133910021,C,T,-,-,-,-,-,-,SCV000472026|SCV001119433|SCV004163259|SCV007123145,-,-
874240,single nucleotide variant,NM_001113378.2(FANCI):c.3162C>T (p.His1054=),55215,FANCI,HGNC:25568,Conflicting classifications of pathogenicity,0,"Jan 02, 2026",746204528,-,RCV001119127|RCV002069934,"MONDO:MONDO:0012186,MedGen:C1836861,OMIM:609053,Orphanet:84|MONDO:MONDO:0019391,MeSH:D005199,MedGen:C0015625,OMIM:PS227650,Orphanet:84",Fanconi anemia complementation group I|Fanconi anemia,germline,germline,GRCh37,NC_000015.9,15,89848449,89848449,na,na,15q26.1,"criteria provided, conflicting classifications",2,-,N,ClinGen:CA7723607,2,886756,89848449,C,T,-,-,-,-,-,-,SCV001277473|SCV002474683,-,-
1446138,single nucleotide variant,NM_000245.4(MET):c.395G>A (p.Ser132Asn),4233,MET,HGNC:7029,Conflicting classifications of pathogenicity,0,"Feb 04, 2026",1791478666,-,RCV001988990|RCV006666966,"Human Phenotype Ontology:HP:0005584,Human Phenotype Ontology:HP:0006720,MONDO:MONDO:0005086,MeSH:D002292,MedGen:C0007134,Orphanet:217071|MONDO:MONDO:0015356,MeSH:D009386,MedGen:C0027672,Orphanet:140162",Renal cell carcinoma|Hereditary cancer-predisposing syndrome,germline,germline,GRCh37,NC_000007.13,7,116339533,116339533,na,na,7q31.2,"criteria provided, conflicting classifications",2,-,N,ClinGen:CA368968984,2,1491907,116339533,G,A,-,-,-,-,-,-,SCV002287270|SCV007552131,-,-
548265,single nucleotide variant,NM_000137.4(FAH):c.398A>T (p.His133Leu),2184,FAH,HGNC:3579,Conflicting classifications of pathogenicity,1,"Jan 11, 2026",775152764,-,RCV000673595|RCV005255617,"MONDO:MONDO:0010161,MedGen:C0268490,OMIM:276700,Orphanet:882|MedGen:C3661900",Tyrosinemia type I|not provided,germline;unknown,germline,GRCh37,NC_000015.9,15,80454621,80454621,na,na,15q25.1,"criteria provided, conflicting classifications",6,-,N,ClinGen:CA7691145,2,557452,80454621,A,T,-,-,-,-,-,-,SCV003443025|SCV005635315|SCV005908439|SCV007539663,-,-
265897,single nucleotide variant,NM_002857.4(PEX19):c.181-5C>T,5824,PEX19,HGNC:9713,Conflicting classifications of pathogenicity,0,"Feb 02, 2026",199818690,-,RCV000403747|RCV001089126|RCV005895541,"MedGen:C3661900|MONDO:MONDO:0013951,MedGen:C3554002,OMIM:614886,Orphanet:912|MedGen:CN169374",not provided|Peroxisome biogenesis disorder 12A (Zellweger)|not specified,germline,germline,GRCh37,NC_000001.10,1,160252904,160252904,na,na,1q23.2,"criteria provided, conflicting classifications",6,-,N,ClinGen:CA1197441,2,281660,160252904,G,A,-,-,-,-,-,-,SCV000332550|SCV000350081|SCV001036479|SCV001961147|SCV007093675|SCV007301477,-,-
896223,single nucleotide variant,NM_006929.5(SKIC2):c.2479-7T>C,6499,SKIC2,HGNC:10898,Conflicting classifications of pathogenicity,0,"Jan 27, 2026",190972540,-,RCV001154719|RCV002070896|RCV003945876,"MONDO:MONDO:0013818,MedGen:C3281289,OMIM:614602,Orphanet:84064|MedGen:C3661900|",Trichohepatoenteric syndrome 2|not provided|SKIC2-related disorder,germline,germline,GRCh37,NC_000006.11,6,31935043,31935043,na,na,6p21.33,"criteria provided, conflicting classifications",3,-,N,ClinGen:CA3729790,2,905892,31935043,T,C,-,-,-,-,-,-,SCV001316099|SCV002326086,-,-
251000,single nucleotide variant,NM_000055.4(BCHE):c.849G>C (p.Glu283Asp),590,BCHE,HGNC:983,Conflicting classifications of pathogenicity,0,"Jan 24, 2026",16849700,-,RCV000251520|RCV000666412|RCV006555723,"MedGen:CN169374|MONDO:MONDO:0015270,MedGen:C1283400,OMIM:617936,Orphanet:132|MedGen:C3661900",not specified|Deficiency of butyrylcholinesterase|not provided,germline;unknown,germline,GRCh37,NC_000003.11,3,165547973,165547973,na,na,3q26.1,"criteria provided, conflicting classifications",6,-,N,"ClinGen:CA2692418,UniProtKB:P06276#VAR_040029",2,254777,165547973,C,G,-,-,-,-,-,-,SCV000301734|SCV001308344|SCV002103754|SCV006309205|SCV007459322,-,-
372655,single nucleotide variant,NM_020822.3(KCNT1):c.2070C>T (p.Gly690=),57582,KCNT1,HGNC:18865,Conflicting classifications of pathogenicity,0,"Jan 26, 2026",370155559,-,RCV000731097|RCV001082191|RCV002313129,"MedGen:C3661900|MONDO:MONDO:0013989,MedGen:C3554195,OMIM:614959,Orphanet:293181;MONDO:MONDO:0014002,MedGen:C3554306,OMIM:615005,Orphanet:98784|MeSH:D030342,MedGen:C0950123","not provided|Developmental and epileptic encephalopathy, 14;Autosomal dominant nocturnal frontal lobe epilepsy 5|Inborn genetic diseases",germline,germline,GRCh37,NC_000009.11,9,138664622,138664622,na,na,9q34.3,"criteria provided, conflicting classifications",4,-,N,ClinGen:CA5327180,2,390356,138664622,C,T,-,-,-,-,-,-,SCV000533160|SCV000563650|SCV000849124|SCV000858873,-,-
499049,single nucleotide variant,NM_001164508.2(NEB):c.5420C>T (p.Ala1807Val),4703,NEB,HGNC:7720,Conflicting classifications of pathogenicity,0,"Jan 20, 2026",373790988,-,RCV000641490|RCV001722565|RCV002529379,"MONDO:MONDO:0009725,MedGen:C1850569,OMIM:256030|MedGen:C3661900|MeSH:D030342,MedGen:C0950123",Nemaline myopathy 2|not provided|Inborn genetic diseases,germline,germline,GRCh37,NC_000002.11,2,152521046,152521046,na,na,2q23.3,"criteria provided, conflicting classifications",6,-,N,ClinGen:CA1910372,2,506653,152521046,G,A,-,-,-,-,-,-,SCV000714746|SCV000763131|SCV001293547|SCV003569342|SCV003810323|SCV005041687,-,-
3530447,single nucleotide variant,NM_001205293.3(CACNA1E):c.5325A>G (p.Leu1775=),777,CACNA1E,HGNC:1392,Conflicting classifications of pathogenicity,0,"Jan 21, 2026",-1,-,RCV004777046,MedGen:C3661900,not provided,germline,germline,GRCh37,NC_000001.10,1,181750620,181750620,na,na,1q25.3,"criteria provided, conflicting classifications",2,-,N,-,2,3371257,181750620,A,G,-,-,-,-,-,-,SCV005391837|SCV007401934,-,-
465551,Deletion,NM_000057.4(BLM):c.2407-7del,641,BLM,HGNC:1058,Conflicting classifications of pathogenicity,0,"Jan 07, 2026",769184675,-,RCV000539579|RCV001821468|RCV004822091,"MONDO:MONDO:0008876,MedGen:C0005859,OMIM:210900,Orphanet:125|MedGen:CN169374|MedGen:C3661900",Bloom syndrome|not specified|not provided,germline;unknown,germline,GRCh37,NC_000015.9,15,91312660,91312660,na,na,15q26.1,"criteria provided, conflicting classifications",5,-,N,ClinGen:CA7738766,2,454103,91312659,TC,T,-,-,-,-,-,-,SCV000623269|SCV002070157|SCV005443033,-,-
584328,single nucleotide variant,NM_002335.4(LRP5):c.3552C>A (p.Thr1184=),4041,LRP5,HGNC:6697,Conflicting classifications of pathogenicity,0,"Jan 18, 2026",764663599,-,RCV000728257,MedGen:C3661900,not provided,germline,germline,GRCh37,NC_000011.9,11,68193570,68193570,na,na,11q13.2,"criteria provided, conflicting classifications",2,-,N,ClinGen:CA6150028,2,593264,68193570,C,A,-,-,-,-,-,-,SCV000855805|SCV002374569,-,-
844554,single nucleotide variant,NM_000135.4(FANCA):c.1796C>T (p.Ser599Phe),2175,FANCA,HGNC:3582,Conflicting classifications of pathogenicity,0,"Jan 05, 2026",562319781,-,RCV001051230|RCV002497402,"MONDO:MONDO:0019391,MeSH:D005199,MedGen:C0015625,OMIM:PS227650,Orphanet:84|MONDO:MONDO:0009215,MedGen:C3469521,OMIM:227650,Orphanet:84",Fanconi anemia|Fanconi anemia complementation group A,germline;unknown,germline,GRCh37,NC_000016.9,16,89845239,89845239,na,na,16q24.3,"criteria provided, conflicting classifications",2,-,N,ClinGen:CA8252067,2,847639,89845239,G,A,-,-,-,-,-,-,SCV001215374|SCV002806993,-,-
627274,single nucleotide variant,NM_000069.3(CACNA1S):c.86G>A (p.Arg29Gln),779,CACNA1S,HGNC:1397,Conflicting classifications of pathogenicity,0,"Jan 04, 2026",758594181,-,RCV000813617|RCV004001752|RCV005532774|RCV006265303,"MONDO:MONDO:0011163,MedGen:C1866077,OMIM:601887,Orphanet:423;MONDO:MONDO:0042979,MedGen:C3714580,OMIM:170400,Orphanet:681|MONDO:MONDO:0011163,MedGen:C1866077,OMIM:601887,Orphanet:423|MeSH:D030342,MedGen:C0950123|MedGen:C3661900","Malignant hyperthermia, susceptibility to, 5;Hypokalemic periodic paralysis, type 1|Malignant hyperthermia, susceptibility to, 5|Inborn genetic diseases|not provided",germline,germline,GRCh37,NC_000001.10,1,201081382,201081382,na,na,1q32.1,"criteria provided, conflicting classifications",5,"ACMG2013,ACMG2016,ACMG2021,ACMG2022",N,ClinGen:CA084025,2,657067,201081382,C,T,-,-,-,-,-,-,SCV000953984|SCV004829402|SCV006062251|SCV006205811|SCV007117079,-,-
190672,single nucleotide variant,NM_153717.3(EVC):c.8G>C (p.Arg3Pro),2121,EVC,HGNC:3497,Conflicting classifications of pathogenicity,0,"May 22, 2026",756852655,-,RCV000173582|RCV000724435|RCV001085964|RCV001153146|RCV002516592|RCV003975261,"MedGen:CN169374|MedGen:C3661900|MONDO:MONDO:0009162,MedGen:C0013903,OMIM:225500,Orphanet:289;MONDO:MONDO:0008673,MedGen:C0457013,OMIM:193530,Orphanet:952|MONDO:MONDO:0009162,MedGen:C0013903,OMIM:225500,Orphanet:289|MeSH:D030342,MedGen:C0950123|",not specified|not provided|Ellis-van Creveld syndrome;Curry-Hall syndrome|Ellis-van Creveld syndrome|Inborn genetic diseases|EVC-related disorder,germline,germline,GRCh37,NC_000004.11,4,5713115,5713115,na,na,4p16.2,"criteria provided, conflicting classifications",11,-,N,ClinGen:CA239040,2,193508,5713115,G,C,-,-,-,-,-,-,SCV000224706|SCV000594605|SCV000603496|SCV000758483|SCV001314408|SCV001765196|SCV003689028|SCV004811205|SCV005203846,-,-
285548,single nucleotide variant,NM_004525.3(LRP2):c.5107C>T (p.Pro1703Ser),4036,LRP2,HGNC:6694,Conflicting classifications of pathogenicity,0,"Jan 26, 2026",141260047,-,RCV000386568|RCV000501299|RCV002057601|RCV002521324,"MONDO:MONDO:0009104,MedGen:C1857277,OMIM:222448,Orphanet:2143|MedGen:CN169374|MedGen:C3661900|MeSH:D030342,MedGen:C0950123",Donnai-Barrow syndrome|not specified|not provided|Inborn genetic diseases,germline,germline,GRCh37,NC_000002.11,2,170088344,170088344,na,na,2q31.1,"criteria provided, conflicting classifications",6,-,N,ClinGen:CA1954609,2,332163,170088344,G,A,-,-,-,-,-,-,SCV000419132|SCV000595654|SCV002055529|SCV002476967|SCV003693077|SCV007118451,-,-
270889,single nucleotide variant,NM_000271.5(NPC1):c.3556C>T (p.Arg1186Cys),4864,NPC1,HGNC:7897,Conflicting classifications of pathogenicity,1,"Mar 17, 2026",145297180,-,RCV000278598|RCV001859651|RCV003226275|RCV002519245,"MedGen:C3661900|MONDO:MONDO:0009757,MedGen:C3179455,OMIM:257220,Orphanet:646|MedGen:CN169374|MeSH:D030342,MedGen:C0950123","not provided|Niemann-Pick disease, type C1|not specified|Inborn genetic diseases",germline,germline,GRCh37,NC_000018.9,18,21114445,21114445,na,na,18q11.2,"criteria provided, conflicting classifications",6,-,N,ClinGen:CA8912734,2,286652,21114445,G,A,-,-,-,-,-,-,SCV000340176|SCV002316441|SCV003734942|SCV003922602|SCV005051889|SCV006326031,-,-
137043,Deletion,NM_022124.6(CDH23):c.9510+19_9510+25del,64072,CDH23,HGNC:13733,Conflicting classifications of pathogenicity,0,"Feb 04, 2026",149704197,-,RCV000119817|RCV000604131|RCV001276931|RCV001523525,"MONDO:MONDO:0010984,MedGen:C1832845,OMIM:601067,Orphanet:231169,Orphanet:886|MedGen:CN169374|MONDO:MONDO:0010168,MedGen:C1568247,OMIM:276900,Orphanet:231169,Orphanet:886|MedGen:C3661900",Usher syndrome type 1D|not specified|Usher syndrome type 1|not provided,germline;unknown,germline,GRCh37,NC_000010.10,10,73572382,73572388,na,na,10q22.1,"criteria provided, conflicting classifications",4,-,N,ClinGen:CA269907,2,133306,73572381,GTCAGGCA,G,-,-,-,-,-,-,SCV000154743|SCV000731176|SCV001733239,-,-
408566,single nucleotide variant,NM_006231.4(POLE):c.3716A>G (p.Gln1239Arg),5426,POLE,HGNC:9177,Conflicting classifications of pathogenicity,0,"Jan 27, 2026",146210785,-,RCV000484289|RCV002257763|RCV004535512|RCV005004182,"MedGen:C3661900|MONDO:MONDO:0015356,MeSH:D009386,MedGen:C0027672,Orphanet:140162||MONDO:MONDO:0014038,MedGen:C3554460,OMIM:615083,Orphanet:220460;MONDO:MONDO:0014058,MedGen:C3554576,OMIM:615139,Orphanet:352712;MONDO:MONDO:0032684,MedGen:C5193036,OMIM:618336","not provided|Hereditary cancer-predisposing syndrome|POLE-related disorder|Colorectal cancer, susceptibility to, 12;Facial dysmorphism-immunodeficiency-livedo-short stature syndrome;Intrauterine growth retardation, metaphyseal dysplasia, adrenal hypoplasia congenita, genital anomalies, and immunodeficiency",germline,germline,GRCh37,NC_000012.11,12,133226342,133226342,na,na,12q24.33,"criteria provided, conflicting classifications",7,-,N,ClinGen:CA6893134,2,420338,133226342,T,C,-,-,-,-,-,-,SCV000569141|SCV000653233|SCV000889745|SCV002536821|SCV003745292|SCV005633722,-,-
54147,single nucleotide variant,NM_004415.4(DSP):c.889G>A (p.Asp297Asn),1832,DSP,HGNC:3052,Conflicting classifications of pathogenicity,0,"Jan 28, 2026",201930322,-,RCV000038117|RCV000337806|RCV000377642|RCV000371415|RCV000467769|RCV000777710|RCV000786123|RCV004018863|RCV004751238|RCV005042110,"MedGen:CN169374|MONDO:MONDO:0011831,MedGen:C1843896,OMIM:607450|MONDO:MONDO:0012323,MedGen:C1864826,OMIM:609638,Orphanet:158687|MONDO:MONDO:0957307,MedGen:C1843292,OMIM:620415,Orphanet:293165|MONDO:MONDO:0011581,MedGen:C1854063,OMIM:605676,Orphanet:65282;MONDO:MONDO:0011831,MedGen:C1843896,OMIM:607450|Human Phenotype Ontology:HP:0001638,MONDO:MONDO:0004994,MedGen:C0878544,Orphanet:167848|MedGen:C3661900|MedGen:CN230736||MONDO:MONDO:0012323,MedGen:C1864826,OMIM:609638,Orphanet:158687;MONDO:MONDO:0011581,MedGen:C1854063,OMIM:605676,Orphanet:65282;MONDO:MONDO:0011831,MedGen:C1843896,OMIM:607450;MONDO:MONDO:0013034,MedGen:C1852127,OMIM:612908;MONDO:MONDO:0014355,MedGen:C4014393,OMIM:615821,Orphanet:476096,Orphanet:65282","not specified|Arrhythmogenic right ventricular dysplasia 8|Lethal acantholytic epidermolysis bullosa|Woolly hair-skin fragility syndrome|Arrhythmogenic cardiomyopathy with wooly hair and keratoderma;Arrhythmogenic right ventricular dysplasia 8|Cardiomyopathy|not provided|Cardiovascular phenotype|DSP-related disorder|Lethal acantholytic epidermolysis bullosa;Arrhythmogenic cardiomyopathy with wooly hair and keratoderma;Arrhythmogenic right ventricular dysplasia 8;Keratosis palmoplantaris striata 2;Cardiomyopathy, dilated, with wooly hair, keratoderma, and tooth agenesis",germline,germline,GRCh37,NC_000006.11,6,7565703,7565703,na,na,6p24.3,"criteria provided, conflicting classifications",13,"ACMG2013,ACMG2016,ACMG2021,ACMG2022",N,ClinGen:CA007809,2,44980,7565703,G,A,-,-,-,-,-,-,SCV000061783|SCV000464854|SCV000464856|SCV000464857|SCV000543274|SCV000913653|SCV001433314|SCV001714763|SCV001790089|SCV002014871|SCV004812548|SCV004859867|SCV005672883,-,-
1296833,single nucleotide variant,NM_002691.4(POLD1):c.3121-12T>C,5424,POLD1,HGNC:9175,Conflicting classifications of pathogenicity,0,"Jan 31, 2026",765079746,-,RCV001774123|RCV002077190,"MedGen:C3661900|MONDO:MONDO:0012953,MedGen:C2675481,OMIM:612591,Orphanet:220460","not provided|Colorectal cancer, susceptibility to, 10",germline,germline,GRCh37,NC_000019.9,19,50920417,50920417,na,na,19q13.33,"criteria provided, conflicting classifications",2,-,N,ClinGen:CA9596767,2,1308212,50920417,T,C,-,-,-,-,-,-,SCV001994636|SCV002383271,-,-
955882,single nucleotide variant,NM_000170.3(GLDC):c.632A>G (p.Tyr211Cys),2731,GLDC,HGNC:4313,Conflicting classifications of pathogenicity,0,"Jan 28, 2026",139931025,-,RCV001239243|RCV001539015,"Human Phenotype Ontology:HP:0008288,MONDO:MONDO:0011612,MedGen:C0751748,OMIM:PS605899,Orphanet:407|MedGen:C3661900",Glycine encephalopathy|not provided,germline,germline,GRCh37,NC_000009.11,9,6610195,6610195,na,na,9p24.1,"criteria provided, conflicting classifications",3,-,N,ClinGen:CA4981076,2,964920,6610195,T,C,-,-,-,-,-,-,SCV001412100|SCV001756742,-,-
272759,single nucleotide variant,NM_001008388.5(CISD2):c.12G>A (p.Glu4=),493856,CISD2,HGNC:24212,Conflicting classifications of pathogenicity,0,"Mar 01, 2026",145312923,-,RCV000330879|RCV003949920,MedGen:C3661900|,not provided|CISD2-related disorder,germline,germline,GRCh37,NC_000004.11,4,103790253,103790253,na,na,4q24,"criteria provided, conflicting classifications",4,-,N,ClinGen:CA3027633,2,288522,103790253,G,A,-,-,-,-,-,-,SCV000342653|SCV001723394|SCV007548734,-,-
1297894,single nucleotide variant,NM_004444.5(EPHB4):c.1692-6C>A,2050,EPHB4,HGNC:3395,Conflicting classifications of pathogenicity,0,"Jan 24, 2026",202035530,-,RCV001772802,MedGen:C3661900,not provided,germline,germline,GRCh37,NC_000007.13,7,100411344,100411344,na,na,7q22.1,"criteria provided, conflicting classifications",5,-,N,ClinGen:CA4392868,2,1307947,100411344,G,T,-,-,-,-,-,-,SCV001993437|SCV002441515|SCV004162675|SCV005878441|SCV007300437,-,-
269071,single nucleotide variant,NM_001848.3(COL6A1):c.1957-4A>G,1291,COL6A1,HGNC:2211,Conflicting classifications of pathogenicity,0,"Jan 20, 2026",184484842,-,RCV000401866|RCV001086720|RCV006268709,"MedGen:C3661900|MONDO:MONDO:0024530,MedGen:CN029274,OMIM:158810,Orphanet:610|MedGen:CN169374",not provided|Bethlem myopathy 1A|not specified,germline,germline,GRCh37,NC_000021.8,21,47421871,47421871,na,na,21q22.3,"criteria provided, conflicting classifications",3,-,N,ClinGen:CA10070698,2,284834,47421871,A,G,-,-,-,-,-,-,SCV000337625|SCV001017214|SCV007123308,-,-
36288,single nucleotide variant,NM_020975.6(RET):c.2522C>T (p.Pro841Leu),5979,RET,HGNC:9967,Conflicting classifications of pathogenicity,0,"Jan 18, 2026",149891333,-,RCV000148778|RCV000575365|RCV000691895|RCV000662511|RCV000782197|RCV001535741|RCV001818175|RCV002477003,"Human Phenotype Ontology:HP:0002029,Human Phenotype Ontology:HP:0002030,Human Phenotype Ontology:HP:0002251,Human Phenotype Ontology:HP:0002606,Human Phenotype Ontology:HP:0004391,MONDO:MONDO:0018309,MeSH:D006627,MedGen:C0019569,OMIM:PS142623,Orphanet:388|MONDO:MONDO:0015356,MeSH:D009386,MedGen:C0027672,Orphanet:140162|MONDO:MONDO:0019003,MedGen:C4048306,Orphanet:653|MONDO:MONDO:0008234,MeSH:D018813,MedGen:C0025268,OMIM:171400,Orphanet:247698,Orphanet:653|MedGen:C3661900|MONDO:MONDO:0008234,MeSH:D018813,MedGen:C0025268,OMIM:171400,Orphanet:247698,Orphanet:653;MONDO:MONDO:0007723,MedGen:C3888239,OMIM:142623,Orphanet:388|MedGen:CN169374|Human Phenotype Ontology:HP:0002666,MONDO:MONDO:0008233,MedGen:C0031511,OMIM:171300,Orphanet:29072;MONDO:MONDO:0008234,MeSH:D018813,MedGen:C0025268,OMIM:171400,Orphanet:247698,Orphanet:653;MONDO:MONDO:0008082,MeSH:D018814,MedGen:C0025269,OMIM:162300,Orphanet:247709,Orphanet:653;MONDO:MONDO:0007958,MedGen:C1833921,OMIM:155240,Orphanet:653,Orphanet:99361;MONDO:MONDO:0007723,MedGen:C3888239,OMIM:142623,Orphanet:388","Aganglionic megacolon|Hereditary cancer-predisposing syndrome|Multiple endocrine neoplasia, type 2|Multiple endocrine neoplasia type 2A|not provided|Multiple endocrine neoplasia type 2A;Hirschsprung disease, susceptibility to, 1|not specified|Pheochromocytoma;Multiple endocrine neoplasia type 2A;Multiple endocrine neoplasia type 2B;Familial medullary thyroid carcinoma;Hirschsprung disease, susceptibility to, 1",germline;unknown,germline,GRCh37,NC_000010.10,10,43615108,43615108,na,na,10q11.21,"criteria provided, conflicting classifications",12,"ACMG2013,ACMG2016,ACMG2021,ACMG2022",N,ClinGen:CA008837,2,24947,43615108,C,T,-,-,-,-,-,-,SCV000664576|SCV000819693|SCV000894527|SCV000920670|SCV001775523|SCV002064678|SCV004018075|SCV004021374|SCV007444929,-,-
140221,single nucleotide variant,NM_000057.4(BLM):c.3798T>G (p.Val1266=),641,BLM,HGNC:1058,Conflicting classifications of pathogenicity,0,"Feb 04, 2026",138831180,-,RCV000123851|RCV000573700|RCV000725494|RCV001080664|RCV005890582|RCV005890583,"MedGen:CN169374|MONDO:MONDO:0015356,MeSH:D009386,MedGen:C0027672,Orphanet:140162|MedGen:C3661900|MONDO:MONDO:0008876,MedGen:C0005859,OMIM:210900,Orphanet:125|MedGen:C0279663|MedGen:C0242379",not specified|Hereditary cancer-predisposing syndrome|not provided|Bloom syndrome|Ovarian serous cystadenocarcinoma|Lung cancer,germline;not applicable;unknown,germline,GRCh37,NC_000015.9,15,91352413,91352413,na,na,15q26.1,"criteria provided, conflicting classifications",14,-,N,ClinGen:CA289707,2,136518,91352413,T,G,-,-,-,-,-,-,SCV000167194|SCV000283142|SCV000301744|SCV000337299|SCV000593639|SCV000672891|SCV001276970|SCV001437362|SCV002532555|SCV002545315|SCV004222489|SCV006587082,-,-
1850547,single nucleotide variant,NM_000075.4(CDK4):c.219G>C (p.Arg73=),1019,CDK4,HGNC:1773,Conflicting classifications of pathogenicity,0,"May 12, 2026",2140387615,-,RCV002425671|RCV003775135,"MONDO:MONDO:0015356,MeSH:D009386,MedGen:C0027672,Orphanet:140162|MONDO:MONDO:0018961,MedGen:C1512419,Orphanet:618",Hereditary cancer-predisposing syndrome|Familial melanoma,germline,germline,GRCh37,NC_000012.11,12,58145125,58145125,na,na,12q14.1,"criteria provided, conflicting classifications",2,-,N,ClinGen:CA480404644,2,1787566,58145125,C,G,-,-,-,-,-,-,SCV002728682|SCV004685626,-,-
133219,single nucleotide variant,NM_000535.7(PMS2):c.1501G>A (p.Val501Met),5395,PMS2,HGNC:9122,Conflicting classifications of pathogenicity,0,"Jan 31, 2026",540287433,-,RCV000115660|RCV000227751|RCV000588840|RCV001530922|RCV003492486|RCV004742254|RCV005600674|RCV005055069|RCV005359084,"MONDO:MONDO:0015356,MeSH:D009386,MedGen:C0027672,Orphanet:140162|MeSH:D003123,MedGen:C0009405|MedGen:C3661900|MedGen:CN169374|MedGen:C1333600||MONDO:MONDO:0013699,MedGen:C1838333,OMIM:614337,Orphanet:144||MONDO:MONDO:0005835,MedGen:C4552100,Orphanet:144",Hereditary cancer-predisposing syndrome|Hereditary nonpolyposis colorectal neoplasms|not provided|not specified|Hereditary cancer|PMS2-related disorder|Lynch syndrome 4|Inherited polyposis and early onset colorectal cancer - germline testing|Lynch syndrome,germline;unknown,germline,GRCh37,NC_000007.13,7,6026895,6026895,na,na,7p22.1,"criteria provided, conflicting classifications",13,"ACMG2013,ACMG2016,ACMG2021,ACMG2022",N,ClinGen:CA009786,2,127762,6026895,C,T,-,-,-,-,-,-,SCV000149569|SCV000186841|SCV000285073|SCV000697299|SCV000888394|SCV000910743|SCV001137295|SCV002530197|SCV004163707|SCV005688986|SCV005912599|SCV006276258,-,-
272261,single nucleotide variant,NM_000466.3(PEX1):c.453G>A (p.Thr151=),5189,PEX1,HGNC:8850,Conflicting classifications of pathogenicity,0,"Jan 19, 2026",368714078,-,RCV000379864|RCV001087631|RCV003920137,"MedGen:C3661900|MONDO:MONDO:0019609,MedGen:C0043459,Orphanet:912|",not provided|Zellweger spectrum disorders|PEX1-related disorder,germline,germline,GRCh37,NC_000007.13,7,92147474,92147474,na,na,7q21.2,"criteria provided, conflicting classifications",3,-,N,ClinGen:CA4341606,2,288024,92147474,C,T,-,-,-,-,-,-,SCV000342004|SCV001074944,-,-
138766,single nucleotide variant,NM_006206.6(PDGFRA):c.1057A>C (p.Asn353His),5156,PDGFRA,HGNC:8803,Conflicting classifications of pathogenicity,0,"Jan 08, 2026",139103850,-,RCV000121799|RCV000694495|RCV002399488|RCV003236780|RCV003407521|RCV003444204,"MedGen:CN169374|Human Phenotype Ontology:HP:0100723,MONDO:MONDO:0011719,MeSH:D046152,MedGen:C0238198,OMIM:606764,Orphanet:44890|MONDO:MONDO:0015356,MeSH:D009386,MedGen:C0027672,Orphanet:140162|MedGen:C3661900||MONDO:MONDO:0008285,MedGen:C5193005,OMIM:175510","not specified|Gastrointestinal stromal tumor|Hereditary cancer-predisposing syndrome|not provided|PDGFRA-related disorder|Polyps, multiple and recurrent inflammatory fibroid, gastrointestinal",germline,germline,GRCh37,NC_000004.11,4,55133844,55133844,na,na,4q12,"criteria provided, conflicting classifications",6,-,N,ClinGen:CA161450,2,135027,55133844,A,C,-,-,-,-,-,-,SCV000822944|SCV002712488|SCV003935379|SCV004107175|SCV004171483,-,-
57246,single nucleotide variant,NM_170707.4(LMNA):c.789G>A (p.Leu263=),4000,LMNA,HGNC:6636,Conflicting classifications of pathogenicity,0,"Jan 27, 2026",148557956,-,RCV000041367|RCV000617711|RCV000723485|RCV001085667|RCV001178117|RCV003996465,"MedGen:CN169374|MedGen:CN230736|MedGen:C3661900|MONDO:MONDO:0018993,MedGen:C0270914,Orphanet:64746|Human Phenotype Ontology:HP:0001638,MONDO:MONDO:0004994,MedGen:C0878544,Orphanet:167848|EFO: The Experimental Factor Ontology:EFO_0000407,Human Phenotype Ontology:HP:0001644,Human Phenotype Ontology:HP:0001725,Human Phenotype Ontology:HP:0005159,Human Phenotype Ontology:HP:0200130,MONDO:MONDO:0005021,MeSH:D002311,MedGen:C0007193,Orphanet:217604",not specified|Cardiovascular phenotype|not provided|Charcot-Marie-Tooth disease type 2|Cardiomyopathy|Primary dilated cardiomyopathy,germline;unknown,germline,GRCh37,NC_000001.10,1,156104745,156104745,na,na,1q22,"criteria provided, conflicting classifications",13,"ACMG2013,ACMG2016,ACMG2021,ACMG2022",N,ClinGen:CA018646,2,48082,156104745,G,A,-,-,-,-,-,-,SCV000065060|SCV000234657|SCV000316413|SCV000331149|SCV000559818|SCV000737206|SCV001342473|SCV001448346|SCV002041925|SCV002049162|SCV004846117|SCV006066495|SCV007296880,-,-
400878,single nucleotide variant,NM_000548.5(TSC2):c.2926C>T (p.Arg976Trp),7249,TSC2,HGNC:12363,Conflicting classifications of pathogenicity,0,"Jan 19, 2026",769527912,-,RCV000462321|RCV002311770|RCV004000677,"MONDO:MONDO:0013199,MedGen:C1860707,OMIM:613254,Orphanet:805|MONDO:MONDO:0015356,MeSH:D009386,MedGen:C0027672,Orphanet:140162|MONDO:MONDO:0001734,MedGen:C0041341,OMIM:PS191100,Orphanet:805",Tuberous sclerosis 2|Hereditary cancer-predisposing syndrome|Tuberous sclerosis syndrome,germline;unknown,germline,GRCh37,NC_000016.9,16,2127687,2127687,na,na,16p13.3,"criteria provided, conflicting classifications",6,"ACMG2013,ACMG2016,ACMG2021,ACMG2022",N,ClinGen:CA042810,2,405954,2127687,C,T,-,-,-,-,-,-,SCV000544315|SCV000846826|SCV002039701|SCV004829663|SCV006298979|SCV007444171,-,-
140136,single nucleotide variant,NM_000051.4(ATM):c.8671+9T>G,472,ATM,HGNC:795,Conflicting classifications of pathogenicity,0,"Feb 03, 2026",200190537,-,RCV000123717|RCV000448274|RCV000589757|RCV000988738|RCV002288615|RCV005359171,"MedGen:CN169374|MONDO:MONDO:0015356,MeSH:D009386,MedGen:C0027672,Orphanet:140162|MedGen:C3661900|MONDO:MONDO:0008840,MedGen:C0004135,OMIM:208900,Orphanet:100|MONDO:MONDO:0016419,MedGen:C0346153,OMIM:114480,Orphanet:227535|MONDO:MONDO:0018604,MedGen:C3896578,Orphanet:440437",not specified|Hereditary cancer-predisposing syndrome|not provided|Ataxia-telangiectasia syndrome|Familial cancer of breast|Familial colorectal cancer type X,germline;unknown,germline,GRCh37,NC_000011.9,11,108218101,108218101,na,na,11q22.3,"criteria provided, conflicting classifications",16,-,N,ClinGen:CA289528,2,136433,108218101,T,G,-,-,-,-,-,-,SCV000167060|SCV000252989|SCV000537424|SCV000694383|SCV000805630|SCV001138584|SCV001264809|SCV002581601|SCV004024612|SCV005084038|SCV005880796|SCV005919306|SCV006587040|SCV007111383,-,-
832642,single nucleotide variant,NM_005045.4(RELN):c.8795C>A (p.Ser2932Tyr),5649,RELN,HGNC:9957,Conflicting classifications of pathogenicity,0,"Jan 12, 2026",139225791,-,RCV001068989|RCV001161858|RCV001555761|RCV002482126|RCV002555878,"MONDO:MONDO:0009760,MedGen:C0796089,OMIM:257320,Orphanet:89844;MONDO:MONDO:0014639,MedGen:C4225327,OMIM:616436,Orphanet:101046|MONDO:MONDO:0009760,MedGen:C0796089,OMIM:257320,Orphanet:89844|MedGen:C3661900|MONDO:MONDO:0009760,MedGen:C0796089,OMIM:257320,Orphanet:89844;MONDO:MONDO:0700090,MedGen:CN030884,OMIM:600512,Orphanet:101046;MONDO:MONDO:0014639,MedGen:C4225327,OMIM:616436,Orphanet:101046|MeSH:D030342,MedGen:C0950123","Norman-Roberts syndrome;Familial temporal lobe epilepsy 7|Norman-Roberts syndrome|not provided|Norman-Roberts syndrome;Epilepsy, familial temporal lobe, 1;Familial temporal lobe epilepsy 7|Inborn genetic diseases",germline;unknown,germline,GRCh37,NC_000007.13,7,103138572,103138572,na,na,7q22.1,"criteria provided, conflicting classifications",6,-,N,ClinGen:CA4420384,2,862295,103138572,G,T,-,-,-,-,-,-,SCV001234127|SCV001323769|SCV001777227|SCV002789611|SCV003727264|SCV005198052,-,-
276995,single nucleotide variant,NM_003126.4(SPTA1):c.3398G>C (p.Arg1133Pro),6708,SPTA1,HGNC:11272,Conflicting classifications of pathogenicity,0,"Feb 01, 2026",35733059,-,RCV000293245|RCV000350472|RCV000389358|RCV001812777,"MONDO:MONDO:0010053,MedGen:C2678338,OMIM:270970,Orphanet:822|Human Phenotype Ontology:HP:0004805,Human Phenotype Ontology:HP:0004839,MONDO:MONDO:0009948,MedGen:C0520739,OMIM:266140|MONDO:MONDO:0007533,MedGen:C1851741,OMIM:130600,Orphanet:288|MedGen:C3661900","Hereditary spherocytosis type 3|Pyropoikilocytosis, hereditary|Elliptocytosis 2|not provided",germline,germline,GRCh37,NC_000001.10,1,158621236,158621236,na,na,1q23.1,"criteria provided, conflicting classifications",4,-,N,ClinGen:CA1183064,2,292994,158621236,C,G,-,-,-,-,-,-,SCV000349399|SCV000349400|SCV000349401|SCV001159264|SCV003269402|SCV007304630,-,-
324619,single nucleotide variant,NM_000548.5(TSC2):c.3492G>A (p.Ala1164=),7249,TSC2,HGNC:12363,Conflicting classifications of pathogenicity,0,"Jan 05, 2026",769562717,-,RCV000404497|RCV000419952|RCV000868053|RCV002257639|RCV004544572,"MONDO:MONDO:0001734,MedGen:C0041341,OMIM:PS191100,Orphanet:805|MedGen:CN169374|MONDO:MONDO:0013199,MedGen:C1860707,OMIM:613254,Orphanet:805|MONDO:MONDO:0015356,MeSH:D009386,MedGen:C0027672,Orphanet:140162|",Tuberous sclerosis syndrome|not specified|Tuberous sclerosis 2|Hereditary cancer-predisposing syndrome|TSC2-related disorder,germline;unknown,germline,GRCh37,NC_000016.9,16,2130260,2130260,na,na,16p13.3,"criteria provided, conflicting classifications",10,"ACMG2013,ACMG2016,ACMG2021,ACMG2022",N,ClinGen:CA047189,2,318327,2130260,G,A,-,-,-,-,-,-,SCV000395629|SCV000515038|SCV000847943|SCV001009340|SCV002039761|SCV002533412|SCV004823937|SCV006062046|SCV006299134,-,-
3306082,single nucleotide variant,NM_000091.5(COL4A3):c.2657-1G>A,1285,COL4A3,HGNC:2204,Conflicting classifications of pathogenicity,1,"Mar 20, 2026",373324875,-,RCV004437424|RCV005023532|RCV006249910|RCV006703529,"MeSH:D030342,MedGen:C0950123|MONDO:MONDO:0007086,MedGen:C5882663,OMIM:104200,Orphanet:63,Orphanet:88918;MONDO:MONDO:0957811,MedGen:C5882699,OMIM:620536;MONDO:MONDO:0958186,MedGen:C5830421,OMIM:620320|MONDO:MONDO:0018965,MedGen:C1567741,OMIM:PS301050,Orphanet:63|MONDO:MONDO:0958186,MedGen:C5830421,OMIM:620320","Inborn genetic diseases|Autosomal dominant Alport syndrome;Alport syndrome 3b, autosomal recessive;Hematuria, benign familial, 2|Alport syndrome|Hematuria, benign familial, 2",germline;paternal,germline,GRCh37,NC_000002.11,2,228148482,228148482,na,na,2q36.3,"criteria provided, conflicting classifications",4,-,N,ClinGen:CA66600691,2,3147591,228148482,G,A,-,-,-,-,-,-,SCV004929676|SCV005651321|SCV007097101|SCV007606748,-,-
727449,single nucleotide variant,NM_199242.3(UNC13D):c.811C>T (p.Pro271Ser),201294,UNC13D,HGNC:23147,Conflicting classifications of pathogenicity,0,"Jan 25, 2026",139564938,-,RCV000892592|RCV001818675|RCV002264053|RCV003968148,"MONDO:MONDO:0012146,MedGen:C1837174,OMIM:608898,Orphanet:540|MedGen:CN169374|MONDO:MONDO:0019751,MedGen:C3890737,Orphanet:93665|",Familial hemophagocytic lymphohistiocytosis 3|not specified|Autoinflammatory syndrome|UNC13D-related disorder,germline,germline,GRCh37,NC_000017.10,17,73836353,73836353,na,na,17q25.1,"criteria provided, conflicting classifications",5,-,N,ClinGen:CA8773269,2,719448,73836353,G,A,-,-,-,-,-,-,SCV001036476|SCV001286137|SCV002071902|SCV002543194,-,-
266791,single nucleotide variant,NM_032119.4(ADGRV1):c.8292G>A (p.Ser2764=),84059,ADGRV1,HGNC:17416,Conflicting classifications of pathogenicity,0,"Jan 19, 2026",778011573,-,RCV000281931,MedGen:C3661900,not provided,germline,germline,GRCh37,NC_000005.9,5,90000211,90000211,na,na,5q14.3,"criteria provided, conflicting classifications",2,-,N,ClinGen:CA3340226,2,282554,90000211,G,A,-,-,-,-,-,-,SCV000334082|SCV002467809,-,-
896212,single nucleotide variant,NM_182961.4(SYNE1):c.68-14C>A,23345,SYNE1,HGNC:17089,Conflicting classifications of pathogenicity,0,"Mar 03, 2026",554675581,-,RCV001154920|RCV001154921|RCV006688858,"MONDO:MONDO:0012549,MedGen:C1853116,OMIM:610743,Orphanet:88644|MONDO:MONDO:0013071,MedGen:C2751807,OMIM:612998,Orphanet:261|MedGen:CN169374","Autosomal recessive ataxia, Beauce type|Emery-Dreifuss muscular dystrophy 4, autosomal dominant|not specified",germline,germline,GRCh37,NC_000006.11,6,152861170,152861170,na,na,6q25.2,"criteria provided, conflicting classifications",2,-,N,ClinGen:CA4059888,2,906026,152861170,G,T,-,-,-,-,-,-,SCV001316314|SCV001316315|SCV007585616,-,-
194109,single nucleotide variant,NM_001848.3(COL6A1):c.2821C>T (p.Leu941Phe),1291,COL6A1,HGNC:2211,Conflicting classifications of pathogenicity,0,"Mar 10, 2026",147882179,-,RCV000177839|RCV000334943|RCV000824033|RCV002516756|RCV006635447,"MedGen:C3661900|MONDO:MONDO:0100225,MedGen:CN117976|MONDO:MONDO:0024530,MedGen:CN029274,OMIM:158810,Orphanet:610|MeSH:D030342,MedGen:C0950123|MONDO:MONDO:0009681,MedGen:C0410179,OMIM:254090,Orphanet:75840",not provided|Collagen 6-related myopathy|Bethlem myopathy 1A|Inborn genetic diseases|Ullrich congenital muscular dystrophy 1A,germline,germline,GRCh37,NC_000021.8,21,47423661,47423661,na,na,21q22.3,"criteria provided, conflicting classifications",8,-,N,ClinGen:CA244776,2,196948,47423661,C,T,-,-,-,-,-,-,SCV000229783|SCV000436578|SCV000964909|SCV001713887|SCV001998134|SCV003742367|SCV003833783|SCV007518538,-,-
1055980,single nucleotide variant,NM_003002.4(SDHD):c.53-1G>T,6392,SDHD,HGNC:10683,Conflicting classifications of pathogenicity,1,"Apr 06, 2026",1291507545,-,RCV002242783|RCV006709537,"MedGen:C1868633;MONDO:MONDO:0011740,MedGen:C1847319,OMIM:606864,Orphanet:97286;MONDO:MONDO:0014045,MedGen:CN166604,Orphanet:201;Human Phenotype Ontology:HP:0002666,MONDO:MONDO:0008233,MedGen:C0031511,OMIM:171300,Orphanet:29072|MONDO:MONDO:0015356,MeSH:D009386,MedGen:C0027672,Orphanet:140162",Paragangliomas with sensorineural hearing loss;Carney-Stratakis syndrome;Cowden syndrome 3;Pheochromocytoma|Hereditary cancer-predisposing syndrome,germline,germline,GRCh37,NC_000011.9,11,111958580,111958580,na,na,11q23.1,"criteria provided, conflicting classifications",2,"ACMG2013,ACMG2016,ACMG2021,ACMG2022",N,ClinGen:CA382616904,2,1067485,111958580,G,T,-,-,-,-,-,-,SCV001576407|SCV007628628,-,-
1121998,single nucleotide variant,NM_001258392.3(CLPB):c.1503T>G (p.Ser501Arg),81570,CLPB,HGNC:30664,Conflicting classifications of pathogenicity,0,"Mar 03, 2026",571871217,-,RCV001477818|RCV003145670|RCV006689241,"MONDO:MONDO:0014561,MedGen:C5676893,OMIM:616271,Orphanet:445038|MedGen:C3661900|MedGen:CN169374","3-methylglutaconic aciduria, type VIIB|not provided|not specified",germline,germline,GRCh37,NC_000011.9,11,72005721,72005721,na,na,11q13.4,"criteria provided, conflicting classifications",3,-,N,ClinGen:CA6171140,2,1140644,72005721,A,C,-,-,-,-,-,-,SCV001682069|SCV003831040|SCV007585233,-,-
693747,single nucleotide variant,NM_000137.4(FAH):c.741C>T (p.Leu247=),2184,FAH,HGNC:3579,Conflicting classifications of pathogenicity,0,"Jan 27, 2026",145851627,-,RCV000872385|RCV003948185,"MONDO:MONDO:0010161,MedGen:C0268490,OMIM:276700,Orphanet:882|",Tyrosinemia type I|FAH-related disorder,germline,germline,GRCh37,NC_000015.9,15,80465390,80465390,na,na,15q25.1,"criteria provided, conflicting classifications",4,-,N,ClinGen:CA7691327,2,703007,80465390,C,T,-,-,-,-,-,-,SCV001014187|SCV001280572,-,-
282024,single nucleotide variant,NM_205861.3(DHDDS):c.990T>C (p.Thr330=),79947,DHDDS,HGNC:20603,Conflicting classifications of pathogenicity,0,"Jan 18, 2026",773902080,-,RCV000294598|RCV000883330,"MONDO:MONDO:0019200,MeSH:D012174,MedGen:C0035334,OMIM:268000,OMIM:PS268000,Orphanet:791|MONDO:MONDO:0013468,MedGen:C3151227,OMIM:613861,Orphanet:791",Retinitis pigmentosa|Retinitis pigmentosa 59,germline,germline,GRCh37,NC_000001.10,1,26795610,26795610,na,na,1p36.11,"criteria provided, conflicting classifications",3,-,N,ClinGen:CA705510,2,297079,26795610,T,C,-,-,-,-,-,-,SCV000357163|SCV001026628,-,-
694163,single nucleotide variant,NM_014336.5(AIPL1):c.627G>A (p.Arg209=),23746,AIPL1,HGNC:359,Conflicting classifications of pathogenicity,0,"Jan 15, 2026",142319505,-,RCV000877851|RCV001565523|RCV001701462,"MONDO:MONDO:0011458,MedGen:C1858386,OMIM:604393|MedGen:C3661900|MedGen:CN169374",Leber congenital amaurosis 4|not provided|not specified,germline,germline,GRCh37,NC_000017.10,17,6330216,6330216,na,na,17p13.2,"criteria provided, conflicting classifications",5,-,N,ClinGen:CA8328456,2,707037,6330216,C,T,-,-,-,-,-,-,SCV001020650|SCV001788882|SCV004141711,-,-
516612,Duplication,NM_022168.4(IFIH1):c.1764dup (p.Ala589fs),64135,IFIH1,HGNC:18873,Conflicting classifications of pathogenicity,0,"May 01, 2026",553669430,-,RCV000652114|RCV001766414|RCV003928128|RCV006459756,"MONDO:MONDO:0024535,MedGen:C4225427,OMIM:182250,Orphanet:85191;MONDO:MONDO:0014367,MedGen:C3888244,OMIM:615846,Orphanet:51|MedGen:C3661900||MedGen:CN169374",Singleton-Merten syndrome 1;Aicardi-Goutieres syndrome 7|not provided|IFIH1-related disorder|not specified,germline,germline,GRCh37,NC_000002.11,2,163134715,163134716,na,na,2q24.2,"criteria provided, conflicting classifications",6,-,N,ClinGen:CA1934418,2,541791,163134715,C,CT,-,-,-,-,-,-,SCV000773982|SCV001989181|SCV007133669|SCV007340697|SCV007640216,-,-
241389,single nucleotide variant,NM_006231.4(POLE):c.3851G>A (p.Arg1284Gln),5426,POLE,HGNC:9177,Conflicting classifications of pathogenicity,0,"Jan 31, 2026",149462407,-,RCV000455463|RCV000566885|RCV000679625|RCV001355018|RCV004529404,"MedGen:CN169374|MONDO:MONDO:0015356,MeSH:D009386,MedGen:C0027672,Orphanet:140162|MedGen:C3661900|MONDO:MONDO:0002032,MedGen:C0699790|",not specified|Hereditary cancer-predisposing syndrome|not provided|Carcinoma of colon|POLE-related disorder,germline;unknown,germline,GRCh37,NC_000012.11,12,133226046,133226046,na,na,12q24.33,"criteria provided, conflicting classifications",18,-,N,ClinGen:CA6893075,2,240480,133226046,C,T,-,-,-,-,-,-,SCV000289344|SCV000540092|SCV000602036|SCV000671267|SCV000729737|SCV000920079|SCV001148891|SCV002067012|SCV002536825|SCV002550110|SCV005408430,-,-
174545,single nucleotide variant,NM_015404.4(WHRN):c.1992G>A (p.Pro664=),25861,WHRN,HGNC:16361,Conflicting classifications of pathogenicity,0,"Jan 24, 2026",142568702,-,RCV000155080|RCV000308124|RCV000393724|RCV000907763|RCV003927500,"MedGen:CN169374|MONDO:MONDO:0011767,MedGen:C1846839,OMIM:607084,Orphanet:90636|MONDO:MONDO:0012662,MedGen:C1568249,OMIM:611383,Orphanet:231178,Orphanet:886|MedGen:C3661900|",not specified|Autosomal recessive nonsyndromic hearing loss 31|Usher syndrome type 2D|not provided|WHRN-related disorder,germline,germline,GRCh37,NC_000009.11,9,117168879,117168879,na,na,9q32,"criteria provided, conflicting classifications",6,-,N,ClinGen:CA182132,2,178336,117168879,C,T,-,-,-,-,-,-,SCV000204764|SCV000476748|SCV000476749|SCV001052488|SCV001803942|SCV004160623,-,-
175932,single nucleotide variant,NM_016239.4(MYO15A):c.3658G>A (p.Gly1220Arg),51168,MYO15A,HGNC:7594,Conflicting classifications of pathogenicity,0,"Jan 28, 2026",146754758,-,RCV000151386|RCV000879416|RCV001126424,"MedGen:CN169374|MedGen:C3661900|MONDO:MONDO:0010860,MedGen:C1838263,OMIM:600316,Orphanet:90636",not specified|not provided|Autosomal recessive nonsyndromic hearing loss 3,germline;paternal,germline,GRCh37,NC_000017.10,17,18027845,18027845,na,na,17p11.2,"criteria provided, conflicting classifications",6,-,N,ClinGen:CA177215,2,164513,18027845,G,A,-,-,-,-,-,-,SCV000199393|SCV000312642|SCV001022446|SCV001285619|SCV001949657|SCV002011797,-,-
2843883,single nucleotide variant,NM_016306.6(DNAJB11):c.682G>T (p.Gly228Cys),51726,DNAJB11,HGNC:14889,Conflicting classifications of pathogenicity,1,"Jan 30, 2026",2474578212,-,RCV003481722|RCV006644910,"MedGen:C3661900|MONDO:MONDO:0004691,MedGen:C0085413,Orphanet:730",not provided|Autosomal dominant polycystic kidney disease,germline,germline,GRCh37,NC_000003.11,3,186299866,186299866,na,na,3q27.3,"criteria provided, conflicting classifications",3,-,N,ClinGen:CA355715331,2,2682855,186299866,G,T,-,-,-,-,-,-,SCV004226947|SCV007369220|SCV007537490,-,-
567784,single nucleotide variant,NM_006231.4(POLE):c.4216A>G (p.Met1406Val),5426,POLE,HGNC:9177,Conflicting classifications of pathogenicity,0,"Jan 04, 2026",1452685600,-,RCV002332470|RCV003540760|RCV005357935,"MONDO:MONDO:0015356,MeSH:D009386,MedGen:C0027672,Orphanet:140162|MedGen:C3661900|MONDO:MONDO:0018604,MedGen:C3896578,Orphanet:440437;MONDO:MONDO:0018653,MedGen:C5202613,Orphanet:447877",Hereditary cancer-predisposing syndrome|not provided|Familial colorectal cancer type X;Polymerase proofreading-related adenomatous polyposis,germline,germline,GRCh37,NC_000012.11,12,133220497,133220497,na,na,12q24.33,"criteria provided, conflicting classifications",3,-,N,ClinGen:CA387382192,2,576009,133220497,T,C,-,-,-,-,-,-,SCV000827044|SCV002630087|SCV005915810,-,-
443192,single nucleotide variant,NM_004369.4(COL6A3):c.6451G>C (p.Val2151Leu),1293,COL6A3,HGNC:2213,Conflicting classifications of pathogenicity,0,"Jan 02, 2026",768565928,-,RCV000812792|RCV000728295|RCV004553145|RCV006662847,"MONDO:MONDO:0024530,MedGen:CN029274,OMIM:158810,Orphanet:610|MedGen:C3661900||MeSH:D030342,MedGen:C0950123",Bethlem myopathy 1A|not provided|COL6A3-related disorder|Inborn genetic diseases,germline,germline,GRCh37,NC_000002.11,2,238267184,238267184,na,na,2q37.3,"criteria provided, conflicting classifications",5,-,N,ClinGen:CA2188286,2,451229,238267184,C,G,-,-,-,-,-,-,SCV000619901|SCV000855848|SCV000953117|SCV004118093|SCV007551268,-,-
549691,single nucleotide variant,NM_024312.5(GNPTAB):c.1862A>G (p.Asn621Ser),79158,GNPTAB,HGNC:29670,Conflicting classifications of pathogenicity,0,"Jan 07, 2026",146476305,-,RCV000675288|RCV001110790|RCV001110789|RCV002060831,"MedGen:C3661900|MONDO:MONDO:0018931,MedGen:C0033788,OMIM:252600,Orphanet:423461,Orphanet:577|MONDO:MONDO:0009650,MedGen:C2673377,OMIM:252500,Orphanet:576|MONDO:MONDO:0018931,MedGen:C0033788,OMIM:252600,Orphanet:423461,Orphanet:577;MONDO:MONDO:0009650,MedGen:C2673377,OMIM:252500,Orphanet:576",not provided|Pseudo-Hurler polydystrophy|Mucolipidosis type II|Pseudo-Hurler polydystrophy;Mucolipidosis type II,germline;unknown,germline,GRCh37,NC_000012.11,12,102158833,102158833,na,na,12q23.2,"criteria provided, conflicting classifications",4,-,N,ClinGen:CA6746516,2,558793,102158833,T,C,-,-,-,-,-,-,SCV001268270|SCV001268271|SCV002336911,-,-
522483,single nucleotide variant,NM_001458.5(FLNC):c.3853G>A (p.Gly1285Ser),2318,FLNC,HGNC:3756,Conflicting classifications of pathogenicity,0,"Jan 21, 2026",200928780,-,RCV001771891|RCV002286771|RCV002360619|RCV006607485,"MedGen:C3661900|MONDO:MONDO:0013550,MedGen:C3279722,OMIM:614065,Orphanet:63273;MONDO:MONDO:0012289,MedGen:C1836050,OMIM:609524,Orphanet:171445;MONDO:MONDO:0014883,MedGen:C4310749,OMIM:617047,Orphanet:75249|MedGen:CN230736|MONDO:MONDO:0013550,MedGen:C3279722,OMIM:614065,Orphanet:63273;MedGen:C3661900;MONDO:MONDO:0012289,MedGen:C1836050,OMIM:609524,Orphanet:171445;MONDO:MONDO:0014883,MedGen:C4310749,OMIM:617047,Orphanet:75249",not provided|Distal myopathy with posterior leg and anterior hand involvement;Myofibrillar myopathy 5;Hypertrophic cardiomyopathy 26|Cardiovascular phenotype|Distal myopathy with posterior leg and anterior hand involvement;not provided;Myofibrillar myopathy 5;Hypertrophic cardiomyopathy 26,germline,germline,GRCh37,NC_000007.13,7,128486106,128486106,na,na,7q32.1,"criteria provided, conflicting classifications",6,"ACMG2021,ACMG2022",N,ClinGen:CA4475156,2,539344,128486106,G,A,-,-,-,-,-,-,SCV000770896|SCV001992665|SCV002577376|SCV002623684|SCV004234816|SCV005409371,-,-
686646,single nucleotide variant,NM_001369.3(DNAH5):c.4525G>A (p.Val1509Met),1767,DNAH5,HGNC:2950,Conflicting classifications of pathogenicity,0,"Jan 16, 2026",140345677,-,RCV000864428|RCV001156311|RCV002290485|RCV004742662,"Human Phenotype Ontology:HP:0012265,MONDO:MONDO:0016575,MedGen:C0008780,OMIM:PS244400,Orphanet:244|MONDO:MONDO:0012085,MedGen:C1837618,OMIM:608644,Orphanet:244|MedGen:C3661900|",Primary ciliary dyskinesia|Primary ciliary dyskinesia 3|not provided|DNAH5-related disorder,germline,germline,GRCh37,NC_000005.9,5,13864577,13864577,na,na,5p15.2,"criteria provided, conflicting classifications",6,-,N,ClinGen:CA3203962,2,697516,13864577,C,T,-,-,-,-,-,-,SCV001005228|SCV001317804|SCV002578774|SCV002639795,-,-
105494,single nucleotide variant,NM_000554.6(CRX):c.425A>G (p.Tyr142Cys),1406,CRX,HGNC:2383,Conflicting classifications of pathogenicity,1,"Feb 01, 2026",61748442,-,RCV000086001|RCV000787829|RCV000990235|RCV001131569|RCV001131568|RCV001089193|RCV001257854|RCV004755770|RCV004815140,"MedGen:C3661900|MONDO:MONDO:0019200,MeSH:D012174,MedGen:C0035334,OMIM:268000,OMIM:PS268000,Orphanet:791|MONDO:MONDO:0008764,MedGen:C2931258,OMIM:204000,Orphanet:65|MONDO:MONDO:0013449,MedGen:C3151192,OMIM:613829,Orphanet:65|MONDO:MONDO:0007362,MedGen:C3489532,OMIM:120970,Orphanet:1872|MONDO:MONDO:0013449,MedGen:C3151192,OMIM:613829,Orphanet:65;MONDO:MONDO:0007362,MedGen:C3489532,OMIM:120970,Orphanet:1872|MedGen:C0339525||Human Phenotype Ontology:HP:0000556,Human Phenotype Ontology:HP:0007736,Human Phenotype Ontology:HP:0007910,Human Phenotype Ontology:HP:0007974,Human Phenotype Ontology:HP:0007982,MONDO:MONDO:0019118,MeSH:D058499,MedGen:C0854723,Orphanet:71862",not provided|Retinitis pigmentosa|Leber congenital amaurosis 1|Leber congenital amaurosis 7|Cone-rod dystrophy 2|Leber congenital amaurosis 7;Cone-rod dystrophy 2|Autosomal dominant retinitis pigmentosa|CRX-related disorder|Retinal dystrophy,germline;inherited;unknown,germline,GRCh37,NC_000019.9,19,48342749,48342749,na,na,19q13.33,"criteria provided, conflicting classifications",13,-,N,ClinGen:CA227624,2,99605,48342749,A,G,-,-,-,-,-,-,SCV000575196|SCV001098320|SCV001141112|SCV001291195|SCV001291196|SCV001291197|SCV001943555|SCV004806556|SCV005070988|SCV005620113|SCV005919070,-,-
3706410,single nucleotide variant,NM_000091.5(COL4A3):c.227G>T (p.Gly76Val),1285,COL4A3,HGNC:2204,Conflicting classifications of pathogenicity,1,"Jan 14, 2026",-1,-,RCV005020793|RCV006637210|RCV006489179|RCV006657025,"MONDO:MONDO:0007086,MedGen:C5882663,OMIM:104200,Orphanet:63,Orphanet:88918;MONDO:MONDO:0958186,MedGen:C5830421,OMIM:620320;MONDO:MONDO:0957811,MedGen:C5882699,OMIM:620536|MONDO:MONDO:0018965,MedGen:C1567741,OMIM:PS301050,Orphanet:63|MedGen:C3661900|MeSH:D030342,MedGen:C0950123","Autosomal dominant Alport syndrome;Hematuria, benign familial, 2;Alport syndrome 3b, autosomal recessive|Alport syndrome|not provided|Inborn genetic diseases",germline,germline,GRCh37,NC_000002.11,2,228104941,228104941,na,na,2q36.3,"criteria provided, conflicting classifications",4,-,N,-,2,3585963,228104941,G,T,-,-,-,-,-,-,SCV005653714|SCV007365878|SCV007534716|SCV007560118,-,-
2414162,single nucleotide variant,NM_001162501.2(TNRC6B):c.1268G>T (p.Gly423Val),23112,TNRC6B,HGNC:29190,Conflicting classifications of pathogenicity,0,"Apr 01, 2026",201057205,-,RCV003141081|RCV003434701,"MONDO:MONDO:0030995,MedGen:C5543226,OMIM:619243|MedGen:C3661900",Global developmental delay with speech and behavioral abnormalities|not provided,germline,germline,GRCh37,NC_000022.10,22,40661502,40661502,na,na,22q13.1,"criteria provided, conflicting classifications",2,-,N,ClinGen:CA10246664,2,2437161,40661502,G,T,-,-,-,-,-,-,SCV003827766|SCV004147941,-,-
2123592,single nucleotide variant,NM_015425.6(POLR1A):c.1949G>A (p.Arg650Gln),25885,POLR1A,HGNC:17264,Conflicting classifications of pathogenicity,0,"May 28, 2026",552444742,-,RCV002944072|RCV002971937|RCV005239574,"MeSH:D030342,MedGen:C0950123|MedGen:C3661900|MedGen:CN169374",Inborn genetic diseases|not provided|not specified,germline,germline,GRCh37,NC_000002.11,2,86292506,86292506,na,na,2p11.2,"criteria provided, conflicting classifications",3,-,N,ClinGen:CA1746209,2,2073504,86292506,C,T,-,-,-,-,-,-,SCV003286726|SCV003750802|SCV005887205,-,-
176709,single nucleotide variant,NM_001384474.1(LOXHD1):c.2264G>T (p.Gly755Val),125336,LOXHD1,HGNC:26521,Conflicting classifications of pathogenicity,0,"Feb 02, 2026",188517529,-,RCV000150982|RCV000947876|RCV002516033,"MedGen:CN169374|MedGen:C3661900|MeSH:D030342,MedGen:C0950123",not specified|not provided|Inborn genetic diseases,germline,germline,GRCh37,NC_000018.9,18,44146393,44146393,na,na,18q21.1,"criteria provided, conflicting classifications",7,-,N,ClinGen:CA176642,2,163920,44146393,C,A,-,-,-,-,-,-,SCV000198662|SCV000707704|SCV001094068|SCV001144446|SCV001789206|SCV003597032|SCV005215394,-,-
133582,single nucleotide variant,NM_024675.4(PALB2):c.1987C>T (p.Arg663Cys),79728,PALB2,HGNC:26144,Conflicting classifications of pathogenicity,0,"Jan 05, 2026",62625277,-,RCV000116076|RCV000212804|RCV000410272|RCV002509225|RCV005365003,"MONDO:MONDO:0015356,MeSH:D009386,MedGen:C0027672,Orphanet:140162|MedGen:C3661900|MONDO:MONDO:0016419,MedGen:C0346153,OMIM:114480,Orphanet:227535|MedGen:CN169374|MONDO:MONDO:0015278,MedGen:C2931038,OMIM:260350,Orphanet:1333",Hereditary cancer-predisposing syndrome|not provided|Familial cancer of breast|not specified|Familial pancreatic carcinoma,germline;unknown,germline,GRCh37,NC_000016.9,16,23641488,23641488,na,na,16p12.2,"criteria provided, conflicting classifications",12,"ACMG2021,ACMG2022",N,ClinGen:CA288422,2,128125,23641488,G,A,-,-,-,-,-,-,SCV000149985|SCV000216862|SCV000550723|SCV000807081|SCV000906866|SCV001369214|SCV002819678|SCV004019699|SCV004201994|SCV005197086|SCV005913201,-,-
507307,single nucleotide variant,NM_000178.4(GSS):c.816T>G (p.Pro272=),2937,GSS,HGNC:4624,Conflicting classifications of pathogenicity,0,"Jan 11, 2026",35051256,-,RCV000600178|RCV000874962|RCV002431805|RCV005056313|RCV005231173,"MedGen:CN169374|MONDO:MONDO:0017909,MedGen:C5979912,Orphanet:32|MeSH:D030342,MedGen:C0950123|Human Phenotype Ontology:HP:0003343,MONDO:MONDO:0009947,MedGen:C0398746,OMIM:266130,Orphanet:289846|MedGen:C3661900",not specified|Inherited glutathione synthetase deficiency|Inborn genetic diseases|Glutathione synthetase deficiency with 5-oxoprolinuria|not provided,germline,germline,GRCh37,NC_000020.10,20,33523397,33523397,na,na,20q11.22,"criteria provided, conflicting classifications",5,-,N,ClinGen:CA9825956,2,514272,33523397,A,C,-,-,-,-,-,-,SCV000725978|SCV001017217|SCV001300624|SCV002681818|SCV005879614,-,-
410018,single nucleotide variant,NM_007294.4(BRCA1):c.1270G>C (p.Gly424Arg),672,BRCA1,HGNC:1100,Conflicting classifications of pathogenicity,0,"May 12, 2026",763051683,-,RCV000482955|RCV000561054|RCV000690584|RCV004023116|RCV006701471,"MedGen:C3661900|MONDO:MONDO:0015356,MeSH:D009386,MedGen:C0027672,Orphanet:140162|MONDO:MONDO:0003582,MeSH:D061325,MedGen:C0677776,Orphanet:145|MONDO:MONDO:0011450,MedGen:C2676676,OMIM:604370,Orphanet:145|MedGen:CN169374","not provided|Hereditary cancer-predisposing syndrome|Hereditary breast ovarian cancer syndrome|Breast-ovarian cancer, familial, susceptibility to, 1|not specified",germline;unknown,germline,GRCh37,NC_000017.10,17,41246278,41246278,na,na,17q21.31,"criteria provided, conflicting classifications",8,"ACMG2013,ACMG2016,ACMG2021,ACMG2022",N,ClinGen:CA10599516,2,418958,41246278,C,G,-,-,-,-,-,-,SCV000566407|SCV000660985|SCV000818274|SCV003846054|SCV004931801|SCV005626001|SCV007443439|SCV007605788,-,-
182143,single nucleotide variant,NM_000179.3(MSH6):c.3246G>C (p.Pro1082=),2956,MSH6,HGNC:7329,Conflicting classifications of pathogenicity,0,"Jan 05, 2026",3136351,-,RCV000165764|RCV000231535|RCV000409954|RCV001194367|RCV003995454,"MONDO:MONDO:0015356,MeSH:D009386,MedGen:C0027672,Orphanet:140162|MeSH:D003123,MedGen:C0009405|MONDO:MONDO:0013710,MedGen:C1833477,OMIM:614350,Orphanet:144|MedGen:CN169374|MONDO:MONDO:0005835,MedGen:C4552100,Orphanet:144",Hereditary cancer-predisposing syndrome|Hereditary nonpolyposis colorectal neoplasms|Lynch syndrome 5|not specified|Lynch syndrome,germline;unknown,germline,GRCh37,NC_000002.11,2,48030632,48030632,na,na,2p16.3,"criteria provided, conflicting classifications",8,"ACMG2013,ACMG2016,ACMG2021,ACMG2022",N,ClinGen:CA012154,2,186212,48030632,G,C,-,-,-,-,-,-,SCV000216509|SCV000283795|SCV000685372|SCV001363855|SCV004018880|SCV004835019|SCV005919344,-,-
286208,single nucleotide variant,NM_001267550.2(TTN):c.49988T>C (p.Ile16663Thr),7273,TTN,HGNC:12403,Conflicting classifications of pathogenicity,0,"Mar 27, 2026",774556838,-,RCV000281175|RCV000313592|RCV000336193|RCV000403902|RCV000396494|RCV004735478|RCV003486819|RCV006277800|RCV006650082,"MONDO:MONDO:0012714,MedGen:C2673677,OMIM:611705,Orphanet:289377|MONDO:MONDO:0012127,MedGen:C1837342,OMIM:608807,Orphanet:140922|MONDO:MONDO:0011362,MedGen:C1863599,OMIM:603689,Orphanet:178464,Orphanet:34521|MONDO:MONDO:0011400,MedGen:C1858763,OMIM:604145,Orphanet:154|MONDO:MONDO:0010870,MedGen:C1838244,OMIM:600334,Orphanet:609||Human Phenotype Ontology:HP:0001638,MONDO:MONDO:0004994,MedGen:C0878544,Orphanet:167848|MedGen:C3661900|MedGen:CN169374","Early-onset myopathy with fatal cardiomyopathy|Autosomal recessive limb-girdle muscular dystrophy type 2J|Myopathy, myofibrillar, 9, with early respiratory failure|Dilated cardiomyopathy 1G|Tibial muscular dystrophy|TTN-related disorder|Cardiomyopathy|not provided|not specified",germline,germline,GRCh37,NC_000002.11,2,179477264,179477264,na,na,2q31.2,"criteria provided, conflicting classifications",5,"ACMG2021,ACMG2022",N,ClinGen:CA1994456,2,332847,179477264,A,G,-,-,-,-,-,-,SCV000422989|SCV000422990|SCV000422991|SCV000422992|SCV000422994|SCV004239928|SCV007135394|SCV007542052,-,-
241951,single nucleotide variant,NM_177438.3(DICER1):c.3479C>A (p.Ser1160Tyr),23405,DICER1,HGNC:17098,Conflicting classifications of pathogenicity,0,"Jan 05, 2026",774583162,-,RCV000228406|RCV000565593|RCV004721320,"MONDO:MONDO:0100216,MedGen:C3839822,Orphanet:284343|MONDO:MONDO:0015356,MeSH:D009386,MedGen:C0027672,Orphanet:140162|MedGen:C3661900",DICER1-related tumor predisposition|Hereditary cancer-predisposing syndrome|not provided,germline,germline,GRCh37,NC_000014.8,14,95570254,95570254,na,na,14q32.13,"criteria provided, conflicting classifications",5,-,N,ClinGen:CA7331033,2,242085,95570254,G,T,-,-,-,-,-,-,SCV000291659|SCV000661853|SCV001276170|SCV002532552|SCV005327729,-,-
241353,single nucleotide variant,NM_006231.4(POLE):c.4476C>A (p.His1492Gln),5426,POLE,HGNC:9177,Conflicting classifications of pathogenicity,0,"Jan 18, 2026",5744943,-,RCV000679636|RCV002327132,"MedGen:C3661900|MONDO:MONDO:0015356,MeSH:D009386,MedGen:C0027672,Orphanet:140162",not provided|Hereditary cancer-predisposing syndrome,germline,germline,GRCh37,NC_000012.11,12,133219885,133219885,na,na,12q24.33,"criteria provided, conflicting classifications",4,-,N,ClinGen:CA6892830,2,240517,133219885,G,T,-,-,-,-,-,-,SCV000289381|SCV000806782|SCV002567244|SCV002638930,-,-
889915,single nucleotide variant,NM_001963.6(EGF):c.1821A>G (p.Pro607=),1950,EGF,HGNC:3229,Conflicting classifications of pathogenicity,0,"Jan 19, 2026",200400376,-,RCV001144996|RCV002070750|RCV003945865,"MONDO:MONDO:0012717,MedGen:C2673648,OMIM:611718,Orphanet:34527|MedGen:C3661900|",Renal hypomagnesemia 4|not provided|EGF-related disorder,germline,germline,GRCh37,NC_000004.11,4,110895955,110895955,na,na,4q25,"criteria provided, conflicting classifications",3,-,N,ClinGen:CA3043801,2,900057,110895955,A,G,-,-,-,-,-,-,SCV001305627|SCV002377311,-,-
616998,single nucleotide variant,NM_004656.4(BAP1):c.947C>T (p.Ala316Val),8314,BAP1,HGNC:950,Conflicting classifications of pathogenicity,0,"Jan 27, 2026",1365625070,-,RCV000773369|RCV001057186|RCV001766604,"MONDO:MONDO:0015356,MeSH:D009386,MedGen:C0027672,Orphanet:140162|MONDO:MONDO:0013692,MedGen:C3280492,OMIM:614327,Orphanet:289539|MedGen:C3661900",Hereditary cancer-predisposing syndrome|BAP1-related tumor predisposition syndrome|not provided,germline,germline,GRCh37,NC_000003.11,3,52439295,52439295,na,na,3p21.1,"criteria provided, conflicting classifications",5,-,N,ClinGen:CA353106300,2,628708,52439295,G,A,-,-,-,-,-,-,SCV000907063|SCV001180731|SCV001221666|SCV001305615|SCV002008271,-,-
196569,single nucleotide variant,NM_001035.3(RYR2):c.2828T>C (p.Leu943Ser),6262,RYR2,HGNC:10484,Conflicting classifications of pathogenicity,0,"Apr 20, 2026",373665895,-,RCV000182703|RCV001189148|RCV001797667|RCV002433804|RCV002516876|RCV003227702|RCV003996750,"MedGen:C3661900|Human Phenotype Ontology:HP:0001638,MONDO:MONDO:0004994,MedGen:C0878544,Orphanet:167848|MedGen:CN169374|MedGen:CN230736|MONDO:MONDO:0011484,MedGen:C1631597,OMIM:604772,Orphanet:3286|MONDO:MONDO:0011484,MedGen:C1631597,OMIM:604772,Orphanet:3286;MONDO:MONDO:0020745,MedGen:C5542154,OMIM:115000|MONDO:MONDO:0017990,MedGen:C5574922,OMIM:PS604772,Orphanet:3286",not provided|Cardiomyopathy|not specified|Cardiovascular phenotype|Catecholaminergic polymorphic ventricular tachycardia 1|Catecholaminergic polymorphic ventricular tachycardia 1;Ventricular arrhythmias due to cardiac ryanodine receptor calcium release deficiency syndrome|Catecholaminergic polymorphic ventricular tachycardia,germline,germline,GRCh37,NC_000001.10,1,237693732,237693732,na,na,1q43,"criteria provided, conflicting classifications",8,"ACMG2013,ACMG2016,ACMG2021,ACMG2022",N,ClinGen:CA008963,2,201232,237693732,T,C,-,-,-,-,-,-,SCV000235083|SCV000760601|SCV001356373|SCV002041607|SCV002752577|SCV003924146|SCV004815380,-,-
542936,single nucleotide variant,NM_000532.5(PCCB):c.1127G>A (p.Arg376His),5096,PCCB,HGNC:8654,Conflicting classifications of pathogenicity,1,"Jan 14, 2026",142982097,-,RCV000674433|RCV005626148,"Human Phenotype Ontology:HP:0003571,MONDO:MONDO:0011628,MedGen:C0268579,OMIM:606054,Orphanet:35|MedGen:C3661900",Propionic acidemia|not provided,germline;unknown,germline,GRCh37,NC_000003.11,3,136045681,136045681,na,na,3q22.3,"criteria provided, conflicting classifications",8,-,N,ClinGen:CA2632025,2,558201,136045681,G,A,-,-,-,-,-,-,SCV002288068|SCV004205191|SCV005656545|SCV006101339|SCV006305323|SCV007115866|SCV007526624,-,-
237415,single nucleotide variant,NM_001039876.3(SYNE4):c.1102G>A (p.Val368Met),163183,SYNE4,HGNC:26703,Conflicting classifications of pathogenicity,0,"May 01, 2026",141202530,-,RCV000224318|RCV001195350|RCV003977638|RCV005895160,MedGen:C3661900|MedGen:CN169374||MedGen:C0346153,not provided|not specified|SYNE4-related disorder|Familial cancer of breast,germline;not applicable,germline,GRCh37,NC_000019.9,19,36494352,36494352,na,na,19q13.12,"criteria provided, conflicting classifications",10,-,N,ClinGen:CA9393749,2,235735,36494352,C,T,-,-,-,-,-,-,SCV000281537|SCV000857613|SCV000980508|SCV001050157|SCV001365696|SCV006442166|SCV007336596|SCV007639370,-,-
324649,single nucleotide variant,NM_000190.4(HMBS):c.-28A>C,3145,HMBS,HGNC:4982,Conflicting classifications of pathogenicity,0,"Jun 01, 2026",201349602,-,RCV000345889|RCV000923727|RCV003993924,"MONDO:MONDO:0008294,MedGen:C0162565,OMIM:176000,Orphanet:79276|MedGen:C3661900|MedGen:CN169374",Acute intermittent porphyria|not provided|not specified,germline,germline,GRCh37,NC_000011.9,11,118955716,118955716,na,na,11q23.3,"criteria provided, conflicting classifications",6,-,N,ClinGen:CA6313815,2,302724,118955716,A,C,-,-,-,-,-,-,SCV000367695|SCV001069214|SCV001138609|SCV002541173|SCV002821669|SCV004813494,-,-
654694,single nucleotide variant,NM_000260.4(MYO7A):c.3384G>C (p.Lys1128Asn),4647,MYO7A,HGNC:7606,Conflicting classifications of pathogenicity,0,"Jan 06, 2026",372050452,-,RCV000825402|RCV001272511|RCV001858389|RCV002536051,"MedGen:CN169374|MONDO:MONDO:0700087,MedGen:C1848638|MedGen:C3661900|MeSH:D030342,MedGen:C0950123",not specified|Usher syndrome type 1B|not provided|Inborn genetic diseases,germline,germline,GRCh37,NC_000011.9,11,76895641,76895641,na,na,11q13.5,"criteria provided, conflicting classifications",4,-,N,ClinGen:CA6198053,2,666884,76895641,G,C,-,-,-,-,-,-,SCV000966699|SCV002183932|SCV003690871,-,-
287650,single nucleotide variant,NM_002618.4(PEX13):c.856G>A (p.Val286Ile),5194,PEX13,HGNC:8855,Conflicting classifications of pathogenicity,0,"Jan 31, 2026",201699810,-,RCV000592320|RCV001083100|RCV004549766,"MedGen:C3661900|MONDO:MONDO:0013949,MedGen:C3554000,OMIM:614883,Orphanet:912|",not provided|Peroxisome biogenesis disorder 11A (Zellweger)|PEX13-related disorder,germline,germline,GRCh37,NC_000002.11,2,61272929,61272929,na,na,2p15,"criteria provided, conflicting classifications",4,-,N,ClinGen:CA1673366,2,336669,61272929,G,A,-,-,-,-,-,-,SCV000431353|SCV000707897|SCV001131918,-,-
142746,single nucleotide variant,NM_000335.5(SCN5A):c.1008G>A (p.Pro336=),6331,SCN5A,HGNC:10593,Conflicting classifications of pathogenicity,0,"Feb 01, 2026",200285003,-,RCV000127961|RCV000227498|RCV000618828|RCV001144346|RCV001146245|RCV001144347|RCV001146244|RCV001146246|RCV001146247|RCV001842438|RCV003486659,"MedGen:CN169374|MedGen:C3661900|MedGen:CN230736|MONDO:MONDO:0007240,MedGen:C1879286,OMIM:113900,Orphanet:871|MONDO:MONDO:0011003,MedGen:C1832680,OMIM:601154,Orphanet:154|MONDO:MONDO:0024562,MedGen:C1837845,OMIM:608567,Orphanet:166282|MONDO:MONDO:0011376,MedGen:C2751898,OMIM:603829,Orphanet:228140|MONDO:MONDO:0011001,MedGen:C4551804,OMIM:601144,Orphanet:130|MONDO:MONDO:0011377,MedGen:C1859062,OMIM:603830,Orphanet:101016,Orphanet:768|EFO: The Experimental Factor Ontology:EFO_0004269,Human Phenotype Ontology:HP:0001656,Human Phenotype Ontology:HP:0001661,Human Phenotype Ontology:HP:0001665,Human Phenotype Ontology:HP:0001666,Human Phenotype Ontology:HP:0001687,Human Phenotype Ontology:HP:0001721,Human Phenotype Ontology:HP:0004351,Human Phenotype Ontology:HP:0005158,Human Phenotype Ontology:HP:0011675,MONDO:MONDO:0007263,MedGen:C0003811|Human Phenotype Ontology:HP:0001638,MONDO:MONDO:0004994,MedGen:C0878544,Orphanet:167848","not specified|not provided|Cardiovascular phenotype|Progressive familial heart block, type 1A|Dilated cardiomyopathy 1E|Sick sinus syndrome 1|Ventricular fibrillation, paroxysmal familial, type 1|Brugada syndrome 1|Long QT syndrome 3|Cardiac arrhythmia|Cardiomyopathy",germline,germline,GRCh37,NC_000003.11,3,38648292,38648292,na,na,3p22.2,"criteria provided, conflicting classifications",15,"ACMG2013,ACMG2016,ACMG2021,ACMG2022",N,ClinGen:CA014149,2,139043,38648292,C,T,-,-,-,-,-,-,SCV000171549|SCV000291773|SCV000737819|SCV000911322|SCV000966514|SCV001153883|SCV001304939|SCV001304940|SCV001306976|SCV001306977|SCV001306978|SCV001306979|SCV001748698|SCV004239644|SCV006067129|SCV007321021,-,-
588284,single nucleotide variant,NM_017780.4(CHD7):c.8105G>A (p.Arg2702His),55636,CHD7,HGNC:20626,Conflicting classifications of pathogenicity,0,"Mar 27, 2026",1563673267,-,RCV000733278|RCV002535320|RCV006692648,"MedGen:C3661900|MONDO:MONDO:0008965,MedGen:C0265354,Orphanet:138|MONDO:MONDO:1010178,MedGen:CN380413,OMIM:214800",not provided|CHARGE syndrome|CHD7-related CHARGE syndrome,germline;paternal,germline,GRCh37,NC_000008.10,8,61777603,61777603,na,na,8q12.2,"criteria provided, conflicting classifications",3,-,N,ClinGen:CA371307209,2,597223,61777603,G,A,-,-,-,-,-,-,SCV000861324|SCV003270934|SCV007592004,-,-
940469,Duplication,NM_000455.5(STK11):c.863-3_863-2dup,6794,STK11,HGNC:11389,Conflicting classifications of pathogenicity,0,"Feb 05, 2026",2080787306,-,RCV001203779|RCV002375133,"MONDO:MONDO:0008280,MeSH:D010580,MedGen:C0031269,OMIM:175200,Orphanet:2869|MONDO:MONDO:0015356,MeSH:D009386,MedGen:C0027672,Orphanet:140162",Peutz-Jeghers syndrome|Hereditary cancer-predisposing syndrome,germline,germline,GRCh37,NC_000019.9,19,1221944,1221945,na,na,19p13.3,"criteria provided, conflicting classifications",2,"ACMG2013,ACMG2016,ACMG2021,ACMG2022",N,ClinGen:CA1139666156,2,935232,1221944,T,TCA,-,-,-,-,-,-,SCV001374956|SCV002688482,-,-
176574,single nucleotide variant,NM_001384474.1(LOXHD1):c.1815C>T (p.Asp605=),125336,LOXHD1,HGNC:26521,Conflicting classifications of pathogenicity,0,"Feb 04, 2026",201388780,-,RCV000155150|RCV000908735|RCV001127406|RCV004751299,"MedGen:CN169374|MedGen:C3661900|MONDO:MONDO:0013119,MedGen:C2746083,OMIM:613079,Orphanet:90636|",not specified|not provided|Autosomal recessive nonsyndromic hearing loss 77|LOXHD1-related disorder,germline,germline,GRCh37,NC_000018.9,18,44157825,44157825,na,na,18q21.1,"criteria provided, conflicting classifications",8,-,N,ClinGen:CA182258,2,178402,44157825,G,A,-,-,-,-,-,-,SCV000204836|SCV000707022|SCV000718780|SCV001053513|SCV001286716|SCV007318035,-,-
101959,single nucleotide variant,NM_022455.5(NSD1):c.6173A>G (p.Tyr2058Cys),64324,NSD1,HGNC:14234,Conflicting classifications of pathogenicity,1,"Jan 26, 2026",398124380,-,RCV000493737|RCV001818251|RCV003156070|RCV003231143,"MedGen:C3661900|MedGen:CN169374||MONDO:MONDO:0019349,MedGen:C0175695,OMIM:117550,Orphanet:821",not provided|not specified|See cases|Sotos syndrome,de novo;germline,germline,GRCh37,NC_000005.9,5,176715841,176715841,na,na,5q35.3,"criteria provided, conflicting classifications",6,-,N,ClinGen:CA223692,2,96065,176715841,A,G,-,-,-,-,-,-,SCV000114076|SCV000581986|SCV002055028|SCV002069038|SCV003845264|SCV007432737,-,-
2401693,single nucleotide variant,NM_020533.3(MCOLN1):c.98C>T (p.Pro33Leu),57192,MCOLN1,HGNC:13356,Conflicting classifications of pathogenicity,0,"Jan 06, 2026",369851101,-,RCV003109981|RCV006629532,"MedGen:C3661900|MONDO:MONDO:0009653,MedGen:C0238286,OMIM:252650,Orphanet:578",not provided|Mucolipidosis type IV,germline,germline,GRCh37,NC_000019.9,19,7589913,7589913,na,na,19p13.2,"criteria provided, conflicting classifications",2,-,N,ClinGen:CA9138610,2,2412966,7589913,C,T,-,-,-,-,-,-,SCV003761804|SCV007512163,-,-
899426,single nucleotide variant,NM_000553.6(WRN):c.219A>G (p.Leu73=),7486,WRN,HGNC:12791,Conflicting classifications of pathogenicity,0,"Jan 27, 2026",566693857,-,RCV001158490,"MONDO:MONDO:0010196,MedGen:C0043119,OMIM:277700,Orphanet:902",Werner syndrome,germline,germline,GRCh37,NC_000008.10,8,30921814,30921814,na,na,8p12,"criteria provided, conflicting classifications",2,-,N,ClinGen:CA4704016,2,908158,30921814,A,G,-,-,-,-,-,-,SCV001320133|SCV001613261,-,-
50172,single nucleotide variant,NM_000548.5(TSC2):c.3430G>A (p.Val1144Met),7249,TSC2,HGNC:12363,Conflicting classifications of pathogenicity,0,"Apr 01, 2026",45517294,-,RCV000034650|RCV000055184|RCV000122226|RCV000163263|RCV000989431|RCV004541070|RCV005394206,"MedGen:C3661900|MONDO:MONDO:0001734,MedGen:C0041341,OMIM:PS191100,Orphanet:805|MedGen:CN169374|MONDO:MONDO:0015356,MeSH:D009386,MedGen:C0027672,Orphanet:140162|MONDO:MONDO:0013199,MedGen:C1860707,OMIM:613254,Orphanet:805||MONDO:MONDO:0011705,MedGen:C0751674,OMIM:606690,Orphanet:538;Human Phenotype Ontology:HP:0032051,MONDO:MONDO:0011818,MedGen:C1846385,OMIM:607341,Orphanet:268994;MONDO:MONDO:0013199,MedGen:C1860707,OMIM:613254,Orphanet:805",not provided|Tuberous sclerosis syndrome|not specified|Hereditary cancer-predisposing syndrome|Tuberous sclerosis 2|TSC2-related disorder|Lymphangiomyomatosis;Isolated focal cortical dysplasia type II;Tuberous sclerosis 2,germline;unknown,germline,GRCh37,NC_000016.9,16,2130198,2130198,na,na,16p13.3,"criteria provided, conflicting classifications",20,"ACMG2013,ACMG2016,ACMG2021,ACMG2022",N,"ClinGen:CA019154,UniProtKB:P49815#VAR_008027,Tuberous sclerosis database (TSC2):TSC2_01198",2,41733,2130198,G,A,-,-,-,-,-,-,SCV000190669|SCV000213791|SCV000243579|SCV000285349|SCV000855940|SCV001139754|SCV001275879|SCV002039751|SCV002533403|SCV003917455|SCV004221434|SCV006053253|SCV006061808|SCV006299836,-,-
174000,single nucleotide variant,NM_004415.4(DSP):c.5178C>A (p.Asn1726Lys),1832,DSP,HGNC:3052,Conflicting classifications of pathogenicity,0,"Jan 28, 2026",147415451,-,RCV000154715|RCV000172542|RCV000363258|RCV000369571|RCV000405736|RCV000618693|RCV000769231|RCV000853150|RCV001084754|RCV003945216|RCV004806091,"MedGen:CN169374|MedGen:C3661900|MONDO:MONDO:0012323,MedGen:C1864826,OMIM:609638,Orphanet:158687|MONDO:MONDO:0957307,MedGen:C1843292,OMIM:620415,Orphanet:293165|MONDO:MONDO:0011831,MedGen:C1843896,OMIM:607450|MedGen:CN230736|Human Phenotype Ontology:HP:0001638,MONDO:MONDO:0004994,MedGen:C0878544,Orphanet:167848|EFO: The Experimental Factor Ontology:EFO_0000407,Human Phenotype Ontology:HP:0001644,Human Phenotype Ontology:HP:0001725,Human Phenotype Ontology:HP:0005159,Human Phenotype Ontology:HP:0200130,MONDO:MONDO:0005021,MeSH:D002311,MedGen:C0007193,Orphanet:217604|MONDO:MONDO:0011581,MedGen:C1854063,OMIM:605676,Orphanet:65282;MONDO:MONDO:0011831,MedGen:C1843896,OMIM:607450||MONDO:MONDO:0011581,MedGen:C1854063,OMIM:605676,Orphanet:65282",not specified|not provided|Lethal acantholytic epidermolysis bullosa|Woolly hair-skin fragility syndrome|Arrhythmogenic right ventricular dysplasia 8|Cardiovascular phenotype|Cardiomyopathy|Primary dilated cardiomyopathy|Arrhythmogenic cardiomyopathy with wooly hair and keratoderma;Arrhythmogenic right ventricular dysplasia 8|DSP-related disorder|Arrhythmogenic cardiomyopathy with wooly hair and keratoderma,germline;unknown,germline,GRCh37,NC_000006.11,6,7581601,7581601,na,na,6p24.3,"criteria provided, conflicting classifications",19,"ACMG2013,ACMG2016,ACMG2021,ACMG2022",N,ClinGen:CA004621,2,178032,7581601,C,A,-,-,-,-,-,-,SCV000050923|SCV000204395|SCV000233546|SCV000263876|SCV000288542|SCV000465094|SCV000465095|SCV000465097|SCV000698438|SCV000734865|SCV000900607|SCV000911150|SCV000987342|SCV000995863|SCV001154649|SCV005399948|SCV005428973,-,-
275407,single nucleotide variant,NM_004006.3(DMD):c.8322G>A (p.Leu2774=),1756,DMD,HGNC:2928,Conflicting classifications of pathogenicity,0,"Jan 31, 2026",72466575,-,RCV000726635|RCV001080858|RCV001828283|RCV002411177,"MedGen:C3661900|MONDO:MONDO:0010679,MedGen:C0013264,OMIM:310200,Orphanet:98896|MONDO:MONDO:0010311,MedGen:C0917713,OMIM:300376,Orphanet:98895;MONDO:MONDO:0010679,MedGen:C0013264,OMIM:310200,Orphanet:98896;;Human Phenotype Ontology:HP:0001638,MONDO:MONDO:0004994,MedGen:C0878544,Orphanet:167848|MedGen:CN230736",not provided|Duchenne muscular dystrophy|Becker muscular dystrophy;Duchenne muscular dystrophy;Dystrophin deficiency;Cardiomyopathy|Cardiovascular phenotype,germline,germline,GRCh37,NC_000023.10,X,31525466,31525466,na,na,Xp21.1,"criteria provided, conflicting classifications",7,-,N,ClinGen:CA10378093,2,291170,31525466,C,T,-,-,-,-,-,-,SCV000345877|SCV000625967|SCV000721713|SCV001143755|SCV002048735|SCV002675313,-,-
221220,single nucleotide variant,NM_000251.3(MSH2):c.934C>G (p.Leu312Val),4436,MSH2,HGNC:7325,Conflicting classifications of pathogenicity,0,"Jan 06, 2026",756398636,-,RCV000205023|RCV000565881|RCV000662459|RCV003997573,"MeSH:D003123,MedGen:C0009405|MONDO:MONDO:0015356,MeSH:D009386,MedGen:C0027672,Orphanet:140162|MONDO:MONDO:0007356,MedGen:C2936783,OMIM:120435,Orphanet:144|MONDO:MONDO:0005835,MedGen:C4552100,Orphanet:144",Hereditary nonpolyposis colorectal neoplasms|Hereditary cancer-predisposing syndrome|Lynch syndrome 1|Lynch syndrome,germline;unknown,germline,GRCh37,NC_000002.11,2,47641549,47641549,na,na,2p21,"criteria provided, conflicting classifications",6,"ACMG2013,ACMG2016,ACMG2021,ACMG2022",N,ClinGen:CA041178,2,219619,47641549,C,G,-,-,-,-,-,-,SCV000259599|SCV000662208|SCV000690141|SCV004018280|SCV004824375,-,-
515874,single nucleotide variant,NM_001243133.2(NLRP3):c.1639A>T (p.Ser547Cys),114548,NLRP3,HGNC:16400,Conflicting classifications of pathogenicity,0,"Jan 07, 2026",139833874,-,RCV000645590|RCV000768276|RCV000825794|RCV001088695|RCV002282291|RCV003224363|RCV004544870,"MedGen:C3661900|MONDO:MONDO:0008633,MedGen:C0268390,OMIM:191900,Orphanet:575;MONDO:MONDO:0011776,MedGen:C0409818,OMIM:607115,Orphanet:1451;MONDO:MONDO:0007349,MedGen:C4551895,OMIM:120100,Orphanet:47045|MedGen:CN169374|MONDO:MONDO:0016168,MedGen:C2316212,Orphanet:208650|MONDO:MONDO:0033261,MedGen:C4521680,OMIM:617772|MONDO:MONDO:0008633,MedGen:C0268390,OMIM:191900,Orphanet:575;MONDO:MONDO:0033261,MedGen:C4521680,OMIM:617772;MONDO:MONDO:0007849,MedGen:C1835697,OMIM:148200,Orphanet:647815;MONDO:MONDO:0011776,MedGen:C0409818,OMIM:607115,Orphanet:1451;MONDO:MONDO:0007349,MedGen:C4551895,OMIM:120100,Orphanet:47045|","not provided|Familial amyloid nephropathy with urticaria AND deafness;Chronic infantile neurological, cutaneous and articular syndrome;Familial cold autoinflammatory syndrome 1|not specified|Cryopyrin associated periodic syndrome|Hearing loss, autosomal dominant 34, with or without inflammation|Familial amyloid nephropathy with urticaria AND deafness;Hearing loss, autosomal dominant 34, with or without inflammation;Keratitis fugax hereditaria;Chronic infantile neurological, cutaneous and articular syndrome;Familial cold autoinflammatory syndrome 1|NLRP3-related disorder",germline,germline,GRCh37,NC_000001.10,1,247588390,247588390,na,na,1q44,"criteria provided, conflicting classifications",9,-,N,ClinGen:CA1495048,2,536887,247588390,A,T,-,-,-,-,-,-,SCV000767340|SCV000898854|SCV000967263|SCV001144769|SCV001767111|SCV002570248|SCV003920285|SCV004224836|SCV005877883,-,-
727706,single nucleotide variant,NM_018255.4(ELP2):c.224C>G (p.Ser75Cys),55250,ELP2,HGNC:18248,Conflicting classifications of pathogenicity,0,"Mar 01, 2026",74438152,-,RCV000882111|RCV004530911,MedGen:C3661900|,not provided|ELP2-related disorder,germline,germline,GRCh37,NC_000018.9,18,33716276,33716276,na,na,18q12.2,"criteria provided, conflicting classifications",5,-,N,ClinGen:CA8939536,2,710518,33716276,C,G,-,-,-,-,-,-,SCV001025332|SCV004170895|SCV005215287|SCV007548735,-,-
719065,single nucleotide variant,NM_000329.3(RPE65):c.1154C>T (p.Thr385Met),6121,RPE65,HGNC:10294,Conflicting classifications of pathogenicity,0,"Jan 04, 2026",201379753,-,RCV000884725|RCV001098674|RCV001098673|RCV004530925|RCV003890011,"MONDO:MONDO:0013425,MedGen:C3151086,OMIM:613794,Orphanet:791;MONDO:MONDO:0008765,MedGen:C1859844,OMIM:204100,Orphanet:65|MONDO:MONDO:0019200,MeSH:D012174,MedGen:C0035334,OMIM:268000,OMIM:PS268000,Orphanet:791|MONDO:MONDO:0008765,MedGen:C1859844,OMIM:204100,Orphanet:65|MedGen:CN239301|Human Phenotype Ontology:HP:0000556,Human Phenotype Ontology:HP:0007736,Human Phenotype Ontology:HP:0007910,Human Phenotype Ontology:HP:0007974,Human Phenotype Ontology:HP:0007982,MONDO:MONDO:0019118,MeSH:D058499,MedGen:C0854723,Orphanet:71862",Retinitis pigmentosa 20;Leber congenital amaurosis 2|Retinitis pigmentosa|Leber congenital amaurosis 2|RPE65-related disorder|Retinal dystrophy,germline,germline,GRCh37,NC_000001.10,1,68897243,68897243,na,na,1p31.3,"criteria provided, conflicting classifications",5,"ACMG2021,ACMG2022",N,ClinGen:CA902266,2,712719,68897243,G,A,-,-,-,-,-,-,SCV001028124|SCV001255056|SCV001255057|SCV004705399|SCV005069077,-,-
266675,single nucleotide variant,NM_182961.4(SYNE1):c.21486C>T (p.Ser7162=),23345,SYNE1,HGNC:17089,Conflicting classifications of pathogenicity,0,"Feb 01, 2026",139078338,-,RCV000400431|RCV000647689|RCV001087281|RCV001153132|RCV001153131|RCV004535282,"MedGen:CN169374|MedGen:C3661900|MONDO:MONDO:0013071,MedGen:C2751807,OMIM:612998,Orphanet:261;MONDO:MONDO:0012549,MedGen:C1853116,OMIM:610743,Orphanet:88644|MONDO:MONDO:0012549,MedGen:C1853116,OMIM:610743,Orphanet:88644|MONDO:MONDO:0013071,MedGen:C2751807,OMIM:612998,Orphanet:261|","not specified|not provided|Emery-Dreifuss muscular dystrophy 4, autosomal dominant;Autosomal recessive ataxia, Beauce type|Autosomal recessive ataxia, Beauce type|Emery-Dreifuss muscular dystrophy 4, autosomal dominant|SYNE1-related disorder",germline,germline,GRCh37,NC_000006.11,6,152545665,152545665,na,na,6q25.2,"criteria provided, conflicting classifications",7,-,N,ClinGen:CA4054148,2,282438,152545665,G,A,-,-,-,-,-,-,SCV000333921|SCV000715455|SCV000769487|SCV001145922|SCV001314386|SCV001314387|SCV004032703,-,-
503719,single nucleotide variant,NM_006876.3(B4GAT1):c.1056+6C>G,11041,B4GAT1,HGNC:15685,Conflicting classifications of pathogenicity,0,"Feb 23, 2026",1555016387,-,RCV000606491|RCV000651514|RCV006662980,"MedGen:CN169374|MONDO:MONDO:0014120,MedGen:C3809042,OMIM:615287,Orphanet:899|MeSH:D030342,MedGen:C0950123","not specified|Muscular dystrophy-dystroglycanopathy (congenital with brain and eye anomalies), type A13|Inborn genetic diseases",germline,germline,GRCh37,NC_000011.9,11,66113955,66113955,na,na,11q13.2,"criteria provided, conflicting classifications",3,-,N,ClinGen:CA658797682,2,507234,66113955,G,C,-,-,-,-,-,-,SCV000715726|SCV000773366|SCV007561579,-,-
133195,single nucleotide variant,NM_000465.4(BARD1):c.353A>G (p.Asn118Ser),580,BARD1,HGNC:952,Conflicting classifications of pathogenicity,0,"Feb 02, 2026",142864491,-,RCV000115634|RCV000212113|RCV000468892|RCV000656769|RCV001358028|RCV005887909,"MONDO:MONDO:0015356,MeSH:D009386,MedGen:C0027672,Orphanet:140162|MedGen:CN169374|MONDO:MONDO:0016419,MedGen:C0346153,OMIM:114480,Orphanet:227535|MedGen:C3661900|MONDO:MONDO:0007254,MedGen:C0006142|MedGen:C0279702",Hereditary cancer-predisposing syndrome|not specified|Familial cancer of breast|not provided|Malignant tumor of breast|Clear cell carcinoma of kidney,germline;not applicable;unknown,germline,GRCh37,NC_000002.11,2,215657032,215657032,na,na,2q35,"criteria provided, conflicting classifications",13,-,N,ClinGen:CA287545,2,127738,215657032,T,C,-,-,-,-,-,-,SCV000149543|SCV000183972|SCV000545661|SCV000837982|SCV000887593|SCV000910739|SCV000918619|SCV004019278|SCV004228025|SCV006083053,-,-
213671,single nucleotide variant,NM_000044.6(AR):c.1174C>T (p.Pro392Ser),367,AR,HGNC:644,Conflicting classifications of pathogenicity,1,"Apr 01, 2026",201934623,-,RCV000196772|RCV000499525|RCV000627669|RCV000990850|RCV001516905|RCV001269900|RCV002221510|RCV003927863,"MONDO:MONDO:0010720,MedGen:C0268301,OMIM:312300,Orphanet:90797|MedGen:CN169374|MONDO:MONDO:0010384,MedGen:C2678098,OMIM:300633,Orphanet:440|MONDO:MONDO:0019154,MedGen:C0039585,OMIM:300068,Orphanet:754,Orphanet:99429|MONDO:MONDO:0019154,MedGen:C0039585,OMIM:300068,Orphanet:754,Orphanet:99429;MONDO:MONDO:0010735,MedGen:C1839259,OMIM:313200,Orphanet:481|MedGen:C3661900|MONDO:MONDO:0019154,MedGen:C0039585,OMIM:300068,Orphanet:754,Orphanet:99429;MONDO:MONDO:0010720,MedGen:C0268301,OMIM:312300,Orphanet:90797|","Partial androgen insensitivity syndrome|not specified|Hypospadias 1, X-linked|Androgen resistance syndrome|Androgen resistance syndrome;Kennedy disease|not provided|Androgen resistance syndrome;Partial androgen insensitivity syndrome|AR-related disorder",germline;unknown,germline,GRCh37,NC_000023.10,X,66766162,66766162,na,na,Xq12,"criteria provided, conflicting classifications",15,-,N,"ClinGen:CA210003,UniProtKB:P10275#VAR_009227",2,216890,66766162,C,T,-,-,-,-,-,-,SCV000255325|SCV000593280|SCV001141898|SCV001725277|SCV002098054|SCV004165241|SCV004190290|SCV004809909,-,-
472851,single nucleotide variant,NM_000251.3(MSH2):c.211+3G>T,4436,MSH2,HGNC:7325,Conflicting classifications of pathogenicity,0,"Jan 06, 2026",778940305,-,RCV000574792|RCV001867893|RCV004001033|RCV003465237|RCV005898524,"MONDO:MONDO:0015356,MeSH:D009386,MedGen:C0027672,Orphanet:140162|MeSH:D003123,MedGen:C0009405|MONDO:MONDO:0005835,MedGen:C4552100,Orphanet:144|MONDO:MONDO:0007356,MedGen:C2936783,OMIM:120435,Orphanet:144|MedGen:C0024623",Hereditary cancer-predisposing syndrome|Hereditary nonpolyposis colorectal neoplasms|Lynch syndrome|Lynch syndrome 1|Gastric cancer,germline;not applicable;unknown,germline,GRCh37,NC_000002.11,2,47630544,47630544,na,na,2p21,"criteria provided, conflicting classifications",6,"ACMG2013,ACMG2016,ACMG2021,ACMG2022",N,ClinGen:CA033928,2,483670,47630544,G,T,-,-,-,-,-,-,SCV000669737|SCV000904001|SCV002283930|SCV004194527|SCV004819228,-,-
20468,single nucleotide variant,NM_006308.3(HSPB3):c.21G>T (p.Arg7Ser),8988,HSPB3,HGNC:5248,Conflicting classifications of pathogenicity,1,"Jan 13, 2026",139382018,-,RCV000005762|RCV001091910,"MONDO:MONDO:0013243,MedGen:C3150619,OMIM:613376,Orphanet:139525|MedGen:C3661900","Neuronopathy, distal hereditary motor, type 2C|not provided",germline,germline,GRCh37,NC_000005.9,5,53751640,53751640,na,na,5q11.2,"criteria provided, conflicting classifications",4,-,N,"ClinGen:CA117540,UniProtKB:Q12988#VAR_063773,OMIM:604624.0001",3,5429,53751640,G,T,-,-,-,-,-,-,SCV000649983|SCV001248189|SCV007330663,-,-
490465,single nucleotide variant,NM_001130987.2(DYSF):c.3176G>A (p.Arg1059His),8291,DYSF,HGNC:3097,Conflicting classifications of pathogenicity,1,"Jan 19, 2026",754763074,-,RCV000592866|RCV001563740|RCV001563742|RCV001563741|RCV001854033,"MedGen:C3661900|MONDO:MONDO:0024545,MedGen:C4551973,OMIM:254130,Orphanet:45448|MONDO:MONDO:0011721,MedGen:C1847532,OMIM:606768,Orphanet:178400|MONDO:MONDO:0009676,MedGen:C1850889,OMIM:253601,Orphanet:268|MONDO:MONDO:0016145,MedGen:C2931687,Orphanet:207073",not provided|Miyoshi muscular dystrophy 1|Distal myopathy with anterior tibial onset|Autosomal recessive limb-girdle muscular dystrophy type 2B|Neuromuscular disease caused by qualitative or quantitative defects of dysferlin,germline,germline,GRCh37,NC_000002.11,2,71797819,71797819,na,na,2p13.2,"criteria provided, conflicting classifications",5,-,N,ClinGen:CA1706455,2,499041,71797819,G,A,-,-,-,-,-,-,SCV000704341|SCV001786748|SCV001786749|SCV001786750|SCV002310883|SCV004234439|SCV006305360,-,-
308117,single nucleotide variant,NM_138694.4(PKHD1):c.2781A>G (p.Gln927=),5314,PKHD1,HGNC:9016,Conflicting classifications of pathogenicity,0,"Jan 17, 2026",200511208,-,RCV000323980|RCV000591055|RCV003114511|RCV003932476|RCV005899120,"MONDO:MONDO:0009889,MeSH:D017044,MedGen:C0085548,Orphanet:731,Orphanet:8378|MedGen:C3661900|MedGen:CN169374||MedGen:C0024623",Autosomal recessive polycystic kidney disease|not provided|not specified|PKHD1-related disorder|Gastric cancer,germline;not applicable,germline,GRCh37,NC_000006.11,6,51908463,51908463,na,na,6p12.2,"criteria provided, conflicting classifications",8,-,N,ClinGen:CA3853120,2,357442,51908463,T,C,-,-,-,-,-,-,SCV000464100|SCV000702827|SCV001001941|SCV003801265|SCV006328456,-,-
634570,single nucleotide variant,NM_000426.4(LAMA2):c.3363G>T (p.Glu1121Asp),3908,LAMA2,HGNC:6482,Conflicting classifications of pathogenicity,0,"Jun 04, 2026",770971338,-,RCV000817449|RCV004800604|RCV005633746|RCV006720878,"MONDO:MONDO:0100228,MedGen:C5679788|MedGen:CN169374|MedGen:C3661900|MeSH:D030342,MedGen:C0950123",LAMA2-related muscular dystrophy|not specified|not provided|Inborn genetic diseases,germline,germline,GRCh37,NC_000006.11,6,129634194,129634194,na,na,6q22.33,"criteria provided, conflicting classifications",5,-,N,ClinGen:CA3993237,2,660285,129634194,G,T,-,-,-,-,-,-,SCV000958010|SCV005423177|SCV006315082|SCV006553880|SCV007616647,-,-
333448,single nucleotide variant,NM_001845.6(COL4A1):c.4441C>T (p.Arg1481Trp),1282,COL4A1,HGNC:2202,Conflicting classifications of pathogenicity,0,"Feb 01, 2026",199586038,-,RCV000391017|RCV000485934|RCV002248540|RCV004529552|RCV005008292,"MONDO:MONDO:0012726,MedGen:C2673195,OMIM:611773,Orphanet:73229|MedGen:C3661900|MONDO:MONDO:0008289,MedGen:C4755307,OMIM:175780,Orphanet:2940,Orphanet:36383,Orphanet:99810|MONDO:MONDO:0800461,MedGen:CN376119|MONDO:MONDO:0012726,MedGen:C2673195,OMIM:611773,Orphanet:73229;MONDO:MONDO:0008289,MedGen:C4755307,OMIM:175780,Orphanet:2940,Orphanet:36383,Orphanet:99810;MONDO:MONDO:0032814,MedGen:C5231411,OMIM:618564,Orphanet:477749;Human Phenotype Ontology:HP:0000631,MONDO:MONDO:0008373,MedGen:C0423401,OMIM:180000,Orphanet:75326;MONDO:MONDO:0100533,MedGen:C3281105,OMIM:614519","Autosomal dominant familial hematuria-retinal arteriolar tortuosity-contractures syndrome|not provided|Brain small vessel disease 1 with or without ocular anomalies|COL4A1-related disorder|Autosomal dominant familial hematuria-retinal arteriolar tortuosity-contractures syndrome;Brain small vessel disease 1 with or without ocular anomalies;Microangiopathy and leukoencephalopathy, pontine, autosomal dominant;Retinal arterial tortuosity;Hemorrhage, intracerebral, susceptibility to",germline,germline,GRCh37,NC_000013.10,13,110814598,110814598,na,na,13q34,"criteria provided, conflicting classifications",5,-,N,ClinGen:CA7046940,2,311023,110814598,G,A,-,-,-,-,-,-,SCV000382328|SCV000382329|SCV000566448|SCV002142246|SCV004104705|SCV005632842,-,-
547761,single nucleotide variant,NM_000520.6(HEXA):c.1421+15G>C,3073,HEXA,HGNC:4878,Conflicting classifications of pathogenicity,0,"Feb 04, 2026",185764548,-,RCV000667931|RCV005431857,"MONDO:MONDO:0010100,MedGen:C0039373,OMIM:272800,Orphanet:845|MedGen:CN169374",Tay-Sachs disease|not specified,germline;unknown,germline,GRCh37,NC_000015.9,15,72638561,72638561,na,na,15q23,"criteria provided, conflicting classifications",4,-,N,ClinGen:CA7644694,2,552635,72638561,C,G,-,-,-,-,-,-,SCV001275077|SCV002448939|SCV006103316,-,-
963506,single nucleotide variant,NM_004525.3(LRP2):c.8458C>A (p.Arg2820Ser),4036,LRP2,HGNC:6694,Conflicting classifications of pathogenicity,0,"Jan 18, 2026",140586887,-,RCV001252313|RCV001477283|RCV005394885|RCV005909222,"Human Phenotype Ontology:HP:0000730,Human Phenotype Ontology:HP:0001249,Human Phenotype Ontology:HP:0001267,Human Phenotype Ontology:HP:0001286,Human Phenotype Ontology:HP:0002122,Human Phenotype Ontology:HP:0002192,Human Phenotype Ontology:HP:0002316,Human Phenotype Ontology:HP:0002382,Human Phenotype Ontology:HP:0002386,Human Phenotype Ontology:HP:0002402,Human Phenotype Ontology:HP:0002458,Human Phenotype Ontology:HP:0002482,Human Phenotype Ontology:HP:0002499,Human Phenotype Ontology:HP:0002543,Human Phenotype Ontology:HP:0003767,Human Phenotype Ontology:HP:0006833,Human Phenotype Ontology:HP:0007154,Human Phenotype Ontology:HP:0007176,Human Phenotype Ontology:HP:0007180,MONDO:MONDO:0001071,MeSH:D008607,MedGen:C3714756|MedGen:C3661900|MONDO:MONDO:0009104,MedGen:C1857277,OMIM:222448,Orphanet:2143|MedGen:C0279702",Intellectual disability|not provided|Donnai-Barrow syndrome|Clear cell carcinoma of kidney,germline;inherited;not applicable,germline,GRCh37,NC_000002.11,2,170055416,170055416,na,na,2q31.1,"criteria provided, conflicting classifications",5,-,N,ClinGen:CA1953845,2,975598,170055416,G,T,-,-,-,-,-,-,SCV001681517|SCV005256562|SCV006057341,-,-
2943754,single nucleotide variant,NM_000527.5(LDLR):c.1319G>T (p.Arg440Ile),3949,LDLR,HGNC:6547,Conflicting classifications of pathogenicity,1,"Apr 30, 2026",1193598969,-,RCV003741392|RCV006689370,"MONDO:MONDO:0005439,MedGen:C0020445,OMIM:PS143890|MedGen:CN169374",Familial hypercholesterolemia|not specified,germline,germline,GRCh37,NC_000019.9,19,11224086,11224086,na,na,19p13.2,"criteria provided, conflicting classifications",2,"ACMG2013,ACMG2016,ACMG2021,ACMG2022",N,ClinGen:CA404085166,2,2778717,11224086,G,T,-,-,-,-,-,-,SCV004374148|SCV007590369,-,-
730057,single nucleotide variant,NM_001164508.2(NEB):c.17845-5G>A,4703,NEB,HGNC:7720,Conflicting classifications of pathogenicity,0,"Jan 17, 2026",373390654,-,RCV000881170|RCV001552291,"MONDO:MONDO:0009725,MedGen:C1850569,OMIM:256030|MedGen:C3661900",Nemaline myopathy 2|not provided,germline,germline,GRCh37,NC_000002.11,2,152423998,152423998,na,na,2q23.3,"criteria provided, conflicting classifications",4,-,N,ClinGen:CA1908078,2,709712,152423998,C,T,-,-,-,-,-,-,SCV001024324|SCV001289237|SCV001772955,-,-
