AlleleID,GeneSymbol,model,prompt_class,llm_class,confidence,acmg_rules,references,parse_error,time_s,notes
183304,ATM,deepseek-chat,Conflicting classifications of pathogenicity,Uncertain significance,0.6,PM2;PP3;BP4,"Richards et al., Genet Med, 2015",,2.95,
55490,ADGRV1,deepseek-chat,Conflicting classifications of pathogenicity,Uncertain significance,0.6,PM2;PP3,"Abou Tayoun et al., Genet Med, 2018;Oza et al., Hum Mutat, 2018",,3.32,
1976941,ZNF469,deepseek-chat,Conflicting classifications of pathogenicity,Uncertain significance,0.6,PM2_supporting;PP3_supporting,"Burkitt Wright EM, et al. Am J Hum Genet, 2011;Rolvien T, et al. Bone, 2019",,3.48,
183304,ATM,kimi-k2.6,Conflicting classifications of pathogenicity,Pathogenic,0.75,PS1;PM2;PP3,"ClinVar database, accessed 2024; Savitsky et al., Hum Mol Genet, 1995; Prokopczyk et al., Breast Cancer Res Treat, 2016",,5.05,
321054,ZFYVE26,deepseek-chat,Conflicting classifications of pathogenicity,Uncertain significance,0.6,PM2;BP4,"Richards S, et al. Standards and guidelines for the interpretation of sequence variants. Genet Med. 2015;17(5):405-424.",,2.29,
283584,MERTK,deepseek-chat,Conflicting classifications of pathogenicity,Uncertain significance,0.7,PM2;BP4;BP7,"Richards S, et al. Genet Med, 2015",,2.17,
1976941,ZNF469,kimi-k2.6,Conflicting classifications of pathogenicity,Uncertain significance,0.3,,"Khan AO, Al-Mesfer S, Mohammed AR, et al. ZNF469 mutations in brittle cornea syndrome. Am J Hum Genet. 2011;89(4):533-539;Rohrbach M, Spencer HL, Porter LF, et al. ZNF469 frequently mutated in the brittle cornea syndrome (BCS) is a single exon gene possibly regulated by NFkB. Sci Rep. 2013;3:2078",,7.3,
55490,ADGRV1,kimi-k2.6,Conflicting classifications of pathogenicity,Uncertain significance,0.3,,"Baux D, et al. Mol Vis. 2014;Jaijo T, et al. J Med Genet. 2010",,7.71,
283584,MERTK,kimi-k2.6,Conflicting classifications of pathogenicity,Uncertain significance,0.3,,"Richards S, et al., Genet Med, 2015; MERTK-related disorders, GeneReviews, 2017",,5.5,
270266,COL6A3,deepseek-chat,Conflicting classifications of pathogenicity,Uncertain significance,0.7,PM2;BP4;BP7,"Richards S, et al. Standards and guidelines for the interpretation of sequence variants. Genet Med. 2015;17(5):405-424.",,2.2,
270266,COL6A3,kimi-k2.6,Conflicting classifications of pathogenicity,Uncertain significance,0.3,,"Richards S, Genet Med, 2015, PMID: 25741868; ACMG/AMP Sequence Variant Interpretation Guidelines",,4.06,
196255,ROR2,deepseek-chat,Conflicting classifications of pathogenicity,Uncertain significance,0.6,PM2;PP3,"Richards et al., Genet Med, 2015",,2.18,
321054,ZFYVE26,kimi-k2.6,Conflicting classifications of pathogenicity,Uncertain significance,0.3,,"Richards S, Genet Med, 2015;Oza V, Hum Mutat, 2018",,7.12,
3856577,KCNQ1,deepseek-chat,Conflicting classifications of pathogenicity,Uncertain significance,0.6,PM2;PP3;PP4,"Kapa et al., Circulation, 2009;Schwartz et al., Circulation, 2012",,2.4,
178522,SCN5A,deepseek-chat,Conflicting classifications of pathogenicity,Uncertain significance,0.6,PM2;PM5;PP3,"Richards S, et al. Standards and guidelines for the interpretation of sequence variants. Genet Med. 2015;17(5):405-424.",,3.24,
196255,ROR2,kimi-k2.6,Conflicting classifications of pathogenicity,Uncertain significance,0.3,,"Dubois, Am J Med Genet A, 2018;Afzal, J Med Genet, 2000",,5.77,
917080,CBL,deepseek-chat,Conflicting classifications of pathogenicity,Uncertain significance,0.6,PM2;BP4,"Richards S, et al. Standards and guidelines for the interpretation of sequence variants. Genet Med. 2015;17(5):405-424.",,2.48,
170158,SMC1A,deepseek-chat,Conflicting classifications of pathogenicity,Uncertain significance,0.6,PM2;BP4,"Richards S, et al. Genet Med. 2015;17(5):405-424.",,2.57,
178522,SCN5A,kimi-k2.6,Conflicting classifications of pathogenicity,Pathogenic,0.75,PM1;PM2;PP3,"Kapplinger et al., Circ Cardiovasc Genet, 2015;Makiyama et al., Heart Rhythm, 2008;Richards et al., Genet Med, 2015",,7.93,
917080,CBL,kimi-k2.6,Conflicting classifications of pathogenicity,Uncertain significance,0.3,,"Richards S, Aziz N, Bale S, et al. Standards and guidelines for the interpretation of sequence variants: a joint consensus recommendation of the American College of Medical Genetics and Genomics and the Association for Molecular Pathology. Genet Med. 2015;17(5):405-424.",,6.97,
1309558,SMARCA4,deepseek-chat,Conflicting classifications of pathogenicity,Uncertain significance,0.6,PM2;BP4,"Richards S, et al. Genet Med. 2015;17(5):405-424",,2.84,
170158,SMC1A,kimi-k2.6,Conflicting classifications of pathogenicity,Uncertain significance,0.3,,"Richards S, et al., Genet Med, 2015; ACMG/AMP sequence variant interpretation guidelines",,6.19,
543215,GLB1,deepseek-chat,Conflicting classifications of pathogenicity,Uncertain significance,0.6,PM2;PP3;PP4,"Richards et al., Genet Med, 2015",,2.89,
3856577,KCNQ1,kimi-k2.6,Conflicting classifications of pathogenicity,Pathogenic,0.85,PM1;PM2;PP2;PP3;PP4,"Schwartz PJ, Crotti L, Insolia R. Long-QT syndrome: from genetics to management. Circ Arrhythm Electrophysiol. 2012;5(4):868-77;Kapa S, Tester DJ, Salisbury H, et al. Genetic testing for long-QT syndrome: distinguishing pathogenic mutations from benign variants. Circulation. 2009;120(18):1752-60;Richards S, Aziz N, Bale S, et al. Standards and guidelines for the interpretation of sequence variants: a joint consensus recommendation of the American College of Medical Genetics and Genomics and the Association for Molecular Pathology. Genet Med. 2015;17(5):405-24",,10.37,
1309558,SMARCA4,kimi-k2.6,Conflicting classifications of pathogenicity,Uncertain significance,0.3,,,,5.96,
57368,OTOF,deepseek-chat,Conflicting classifications of pathogenicity,Uncertain significance,0.6,PM2;PP3;BP4,"Yasunaga S, et al. Nat Genet. 1999;21:363-369;Varga R, et al. J Med Genet. 2006;43:576-581",,2.8,
56695,TTN,deepseek-chat,Conflicting classifications of pathogenicity,Uncertain significance,0.6,PM2;PP3,"Richards S, et al. Genet Med. 2015;17(5):405-424",,2.73,
174318,ADGRV1,deepseek-chat,Conflicting classifications of pathogenicity,Uncertain significance,0.6,PM2;BP4;BP7,"Richards S, et al. Genet Med. 2015;17(5):405-424;Silva J, et al. Hum Mutat. 2019;40(9):1323-1348",,2.98,
57368,OTOF,kimi-k2.6,Conflicting classifications of pathogenicity,Pathogenic,0.75,PM2;PP3;PP4,"Eppsteiner et al., Otol Neurotol, 2012; Varga et al., Eur J Hum Genet, 2003; Rodriguez-Ballesteros et al., Hum Mutat, 2008",,7.95,
268480,PLEC,deepseek-chat,Conflicting classifications of pathogenicity,Uncertain significance,0.6,PM2;BP4;BP7,"Richards S, et al. Genet Med. 2015;17(5):405-424;Silva et al. Hum Mutat. 2019 (in silico prediction tools)",,2.86,
56695,TTN,kimi-k2.6,Conflicting classifications of pathogenicity,Uncertain significance,0.3,,"Herman DS, et al., Science, 2012; Savarese M, et al., Eur J Hum Genet, 2018; ACMG/AMP Sequence Variant Interpretation Guidelines, Richards S, et al., Genet Med, 2015",,7.61,
543215,GLB1,kimi-k2.6,Conflicting classifications of pathogenicity,Pathogenic,0.75,PS3;PM2;PP3;PP4,"Suzuki Y, et al. Clin Genet. 1997;51(4):270-273;Caciotti A, et al. Hum Mutat. 2003;22(4):343-344;Regina G, et al. Mol Genet Metab. 2011;102(3):354-361;ACMG Standards and Guidelines for the interpretation of sequence variants. Genet Med. 2015;17(5):405-424",,10.82,
174318,ADGRV1,kimi-k2.6,Conflicting classifications of pathogenicity,Uncertain significance,0.3,,"Richards S, Aziz N, Bale S, et al. Standards and guidelines for the interpretation of sequence variants: a joint consensus recommendation of the American College of Medical Genetics and Genomics and the Association for Molecular Pathology. Genet Med. 2015;17(5):405-424.",,7.7,
268480,PLEC,kimi-k2.6,Conflicting classifications of pathogenicity,Uncertain significance,0.3,,"Richards S, Genet Med, 2015, PMID: 25741868",,6.34,
273837,CFTR,deepseek-chat,Conflicting classifications of pathogenicity,Uncertain significance,0.6,PM4;BP7,"Richards S, et al. Genet Med. 2015;17(5):405-424",,2.35,
796546,TH,deepseek-chat,Conflicting classifications of pathogenicity,Pathogenic,0.85,PM2;PM3;PP3;PP4;PS4,"Willemsen MA, et al. Brain. 2010;133:1810-1819;Fossbakk A, et al. J Inherit Metab Dis. 2014;37:705-713;Verbeek MM, et al. J Inherit Metab Dis. 2007;30:530-538",,3.22,
1401053,MSH2,deepseek-chat,Conflicting classifications of pathogenicity,Uncertain significance,0.6,PM2_supporting;PP3_moderate,"Richards S, et al. Genet Med, 2015;Thompson BA, et al. Nat Genet, 2014",,2.35,
1401053,MSH2,kimi-k2.6,Conflicting classifications of pathogenicity,Uncertain significance,0.3,,"Richards S, Genet Med, 2015;Tavtigian SV, Hum Mutat, 2018",,3.45,
273837,CFTR,kimi-k2.6,Conflicting classifications of pathogenicity,Benign,0.95,BA1;BP4;BP7,"ACMG Standards and Guidelines for the interpretation of sequence variants, Richards et al., Genet Med, 2015;CFTR2 database, https://cftr2.org;gnomAD database, https://gnomad.broadinstitute.org",,6.02,
796546,TH,kimi-k2.6,Conflicting classifications of pathogenicity,Pathogenic,0.85,PS3;PM1;PM2;PP3,"Willemsen et al., Ann Neurol, 2010;Grønborg et al., J Inherit Metab Dis, 2019;ACMG/AMP Sequence Variant Interpretation Guidelines, 2015",,6.01,
55878,TTN,deepseek-chat,Conflicting classifications of pathogenicity,Uncertain significance,0.6,PM2;PP3,"Herman DS, et al. N Engl J Med, 2012;Roberts AM, et al. Sci Transl Med, 2015",,2.63,
997203,PLCG2,deepseek-chat,Conflicting classifications of pathogenicity,Likely benign,0.85,BP4;BP7,"Richards S, et al. Genet Med. 2015;17(5):405-424;Karczewski KJ, et al. Nature. 2020;581(7809):434-443",,2.86,
247245,BRCA2,deepseek-chat,Conflicting classifications of pathogenicity,Uncertain significance,0.6,PM2;PP3;BP4,"Richards S, et al. Standards and guidelines for the interpretation of sequence variants. Genet Med. 2015;17(5):405-424.",,2.18,
997203,PLCG2,kimi-k2.6,Conflicting classifications of pathogenicity,Benign,0.95,BA1;BP4;BP7,"Richards S, Genet Med, 2015; gnomAD database, accessed 2024",,4.68,
55878,TTN,kimi-k2.6,Conflicting classifications of pathogenicity,Uncertain significance,0.3,,"Savarese M, et al., Acta Myol, 2018; Havrilla JM, et al., Am J Hum Genet, 2019; ACMG/AMP, Genet Med, 2015",,6.63,
2247598,ABL1,deepseek-chat,Conflicting classifications of pathogenicity,Uncertain significance,0.6,PM2;PP3;BP4,"Richards et al., Genet Med, 2015",,2.38,
915154,RYR2,deepseek-chat,Conflicting classifications of pathogenicity,Uncertain significance,0.6,PM2;PP3,"Richards S, et al. Standards and guidelines for the interpretation of sequence variants. Genet Med. 2015;17(5):405-424.",,2.41,
247245,BRCA2,kimi-k2.6,Conflicting classifications of pathogenicity,Uncertain significance,0.3,,"Richards S, Richards S, Aziz N, et al. Standards and guidelines for the interpretation of sequence variants: a joint consensus recommendation of the American College of Medical Genetics and Genomics and the Association for Molecular Pathology. Genet Med. 2015;17(5):405-424.",,6.67,
535241,SPTA1,deepseek-chat,Conflicting classifications of pathogenicity,Uncertain significance,0.6,PM2;PP3;BP4,"Richards S, et al. Genet Med. 2015;17(5):405-424",,2.34,
2247598,ABL1,kimi-k2.6,Conflicting classifications of pathogenicity,Uncertain significance,0.3,,"Richards S, Aziz N, Bale S, et al. Standards and guidelines for the interpretation of sequence variants: a joint consensus recommendation of the American College of Medical Genetics and Genomics and the Association for Molecular Pathology. Genet Med. 2015;17(5):405-424.",,6.62,
269177,POMGNT1,deepseek-chat,Conflicting classifications of pathogenicity,Uncertain significance,0.6,PM2;BP4;BP7,"Richards S, et al. Standards and guidelines for the interpretation of sequence variants. Genet Med. 2015;17(5):405-424.",,2.34,
618874,DSG2,deepseek-chat,Conflicting classifications of pathogenicity,Uncertain significance,0.6,PM2;PP3,"Marcus FI, et al. Circulation, 2010;Pilichou K, et al. Heart Rhythm, 2009",,2.53,
618874,DSG2,kimi-k2.6,Conflicting classifications of pathogenicity,Uncertain significance,0.3,,"Richards S, et al., Genet Med, 2015; ACMG/AMP sequence variant interpretation guidelines",,3.32,
269177,POMGNT1,kimi-k2.6,Conflicting classifications of pathogenicity,Uncertain significance,0.3,,"Richards S, et al., Genet Med, 2015;den Dunnen JT, et al., Hum Mutat, 2016",,4.47,
915154,RYR2,kimi-k2.6,Conflicting classifications of pathogenicity,Uncertain significance,0.3,,"Richards S, Genet Med, 2015; ACMG/AMP sequence variant interpretation guidelines;den Dunnen JT, Hum Mutat, 2016; HGVS recommendations for describing sequence variants;Priori SG, Europace, 2015; HRS/EHRA/APHRS expert consensus statement on CPVT",,7.49,
535241,SPTA1,kimi-k2.6,Conflicting classifications of pathogenicity,Uncertain significance,0.3,,"Gallagher PG, Curr Opin Hematol, 2004, SPTA1-related disorders; Da Costa L, Blood Rev, 2013, Hereditary elliptocytosis",,7.99,
1303529,FGFR3,deepseek-chat,Conflicting classifications of pathogenicity,Pathogenic,0.95,PS1;PM2;PP3;PP5,"Tavormina PL, et al. Am J Hum Genet. 1995;57(4):806-814.;Rousseau F, et al. Nature. 1994;371(6494):252-254.;Bellus GA, et al. Am J Hum Genet. 1995;57(3):628-635.",,3.1,
324420,MYH11,deepseek-chat,Conflicting classifications of pathogenicity,Uncertain significance,0.7,PM2;BP4;BP7,"Richards S, et al. Genet Med. 2015;17:405-424;Silva et al. Hum Mutat. 2019 (in silico prediction tools)",,2.95,
33310,AMPD1,deepseek-chat,Conflicting classifications of pathogenicity; other,Pathogenic,0.95,PVS1;PM2;PVS1_Strong,"Morisaki H, et al. J Biol Chem, 1992;Gross M, et al. Hum Genet, 2002;Sabina RL, et al. Hum Mol Genet, 1999",,2.77,
1303529,FGFR3,kimi-k2.6,Conflicting classifications of pathogenicity,Pathogenic,0.95,PS1;PM1;PM2;PP2;PP3,"Rousseau F, Bonaventure J, Legeai-Mallet L, et al. Mutations in the gene encoding fibroblast growth factor receptor-3 in achondroplasia. Nature. 1994;371(6494):252-254.;Bellus GA, McIntosh I, Smith EA, et al. A recurrent mutation in the tyrosine kinase domain of fibroblast growth factor receptor 3 causes hypochondroplasia. Nat Genet. 1995;10(3):357-359.;NCBI ClinVar entry for NM_000142.5(FGFR3):c.1921G>A (p.Asp641Asn), accessed 2024.",,6.03,
324420,MYH11,kimi-k2.6,Conflicting classifications of pathogenicity,Benign,0.95,BA1;BP7,"Richards S, Genet Med, 2015; Oza V, Hum Mutat, 2018",,5.27,
210866,LRPPRC,deepseek-chat,Conflicting classifications of pathogenicity,Uncertain significance,0.6,PM2;PP3;BP4,"Mootha VK, et al. Nat Genet. 2003;34:267-271;Oláhová M, et al. Am J Hum Genet. 2015;96:792-806",,2.91,
546222,USH1C,deepseek-chat,Conflicting classifications of pathogenicity,Uncertain significance,0.6,PM2;BP4;BP7,"Richards et al., Genet Med, 2015",,1.85,
411480,PHKA1,deepseek-chat,Conflicting classifications of pathogenicity,Uncertain significance,0.6,PM2_supporting;BP7_contradictory,"Richards S, et al. Genet Med. 2015;17(5):405-424",,2.3,
210866,LRPPRC,kimi-k2.6,Conflicting classifications of pathogenicity,Uncertain significance,0.15,,"Richards S, Richards S, et al., Standards and guidelines for the interpretation of sequence variants: a joint consensus recommendation of the American College of Medical Genetics and Genomics and the Association for Molecular Pathology. Genet Med. 2015;17(5):405-24.",,5.41,
33310,AMPD1,kimi-k2.6,Conflicting classifications of pathogenicity; other,Pathogenic,0.95,PVS1;PM2_Supporting,"Gross, J Inherit Metab Dis, 2002;Desai, Mol Genet Metab, 2001;Sherry, Nucleic Acids Res, 2001 (dbSNP);Richards, Genet Med, 2015 (ACMG guidelines)",,8.28,
324072,ALDH18A1,kimi-k2.6,Conflicting classifications of pathogenicity,Uncertain significance,0.3,,"Richards S, Genet Med, 2015; ACMG/AMP sequence variant interpretation guidelines",,3.46,
324072,ALDH18A1,deepseek-chat,Conflicting classifications of pathogenicity,Uncertain significance,0.6,PM2;PP3,"Richards S, et al. Standards and guidelines for the interpretation of sequence variants. Genet Med. 2015;17(5):405-424.",,2.49,
411480,PHKA1,kimi-k2.6,Conflicting classifications of pathogenicity,Uncertain significance,0.3,,"Richards S, Genet Med, 2015;ACMG Standards and Guidelines for interpretation of sequence variants",,5.63,
208554,CC2D1A,deepseek-chat,Conflicting classifications of pathogenicity,Uncertain significance,0.9,,"Richards S, et al. Standards and guidelines for the interpretation of sequence variants. Genet Med. 2015;17(5):405-424.",,2.7,
546222,USH1C,kimi-k2.6,Conflicting classifications of pathogenicity,Benign,0.95,BA1;BP4;BP7,"Richards S, Richards S, et al., Standards and guidelines for the interpretation of sequence variants: a joint consensus recommendation of the American College of Medical Genetics and Genomics and the Association for Molecular Pathology. Genet Med. 2015;17(5):405-24;gnomAD v2.1.1 database, accessed for USH1C variant frequency data",,7.23,
267127,TTN,deepseek-chat,Conflicting classifications of pathogenicity,Uncertain significance,0.7,PM2;BP4;BP7,"Richards S, et al. Standards and guidelines for the interpretation of sequence variants. Genet Med. 2015;17(5):405-424.",,2.45,
208554,CC2D1A,kimi-k2.6,Conflicting classifications of pathogenicity,Benign,0.95,BP4;BP7,"Richards S, et al., Genet Med, 2015; ACMG Sequence Variant Interpretation Working Group standards",,5.34,
406234,MLH1,deepseek-chat,Conflicting classifications of pathogenicity,Pathogenic,0.95,PVS1;PM2;PM4;PP3;PP5,"Nyström-Lahti M, et al. Nature Genetics, 1995;Mangold E, et al. International Journal of Cancer, 2005;Thompson BA, et al. Nature Genetics, 2014",,3.16,
178240,MYO7A,deepseek-chat,Conflicting classifications of pathogenicity,Uncertain significance,0.6,PM2;PP3,"Richards et al., Genet Med, 2015",,2.0,
173823,WFS1,deepseek-chat,Conflicting classifications of pathogenicity,Uncertain significance,0.7,PM2;BP4;BP7,"Richards S, et al. Standards and guidelines for the interpretation of sequence variants. Genet Med. 2015;17(5):405-424.",,2.51,
475014,GALNT12,deepseek-chat,Conflicting classifications of pathogenicity,Uncertain significance,0.6,PM2;PP3,"Guda et al., PNAS, 2009;Clarke et al., Hum Mol Genet, 2012",,2.56,
475014,GALNT12,kimi-k2.6,Conflicting classifications of pathogenicity,Uncertain significance,0.3,,"Richards S, et al., Genet Med, 2015;Tavtigian SV, et al., Hum Mutat, 2018",,4.55,
175796,MYO15A,deepseek-chat,Conflicting classifications of pathogenicity,Uncertain significance,0.6,PM2;BP4;BP7,"Richards et al., Genet Med, 2015",,2.38,
175796,MYO15A,kimi-k2.6,Conflicting classifications of pathogenicity,Uncertain significance,0.3,,"Richards S, et al., Standards and guidelines for the interpretation of sequence variants: a joint consensus recommendation of the American College of Medical Genetics and Genomics and the Association for Molecular Pathology. Genet Med. 2015;17(5):405-24.",,5.62,
449542,TTN,kimi-k2.6,Conflicting classifications of pathogenicity,Benign,0.95,BP4;BP7,"ACMG Standards and Guidelines for the interpretation of sequence variants, Richards et al., Genet Med, 2015;Papadopoulos et al., Hum Mutat, 2014; TTN truncating variants are pathogenic for dilated cardiomyopathy, but synonymous variants are generally benign",,3.6,
449542,TTN,deepseek-chat,Conflicting classifications of pathogenicity,Uncertain significance,0.6,PM2;BP4;BP7,"Richards S, et al. Genet Med. 2015;17(5):405-424",,3.02,
425798,CHD7,kimi-k2.6,Conflicting classifications of pathogenicity,Pathogenic,0.85,PS1;PM2;PP2;PP3,"Janssen et al., Hum Mutat, 2012; Jongmans et al., J Med Genet, 2006; Zentner et al., Nat Rev Genet, 2010; Lalani et al., Am J Hum Genet, 2006",,4.58,
425798,CHD7,deepseek-chat,Conflicting classifications of pathogenicity,Uncertain significance,0.6,PM2;PP3;BP4,"Vissers LE, et al. Nat Genet. 2004;36:955-957;Janssen N, et al. Hum Mutat. 2012;33:1141-1148",,3.02,
1417111,DDC,deepseek-chat,Conflicting classifications of pathogenicity,Uncertain significance,0.6,PM2;PP3,"Richards et al., Genet Med, 2015",,2.14,
1417111,DDC,kimi-k2.6,Conflicting classifications of pathogenicity,Uncertain significance,0.3,,,,3.22,
267127,TTN,kimi-k2.6,Conflicting classifications of pathogenicity,Benign,0.85,BA1;BP4;BP7,"Karczewski KJ, Nature, 2020 (gnomAD); Richards S, Genet Med, 2015 (ACMG guidelines)",,25.64,
307165,MOCS1,deepseek-chat,Conflicting classifications of pathogenicity,Uncertain significance,0.6,PM2;BP4;BP7,"Richards S, et al. Genet Med. 2015;17(5):405-424;Silva et al. Hum Mutat. 2019 (in silico splicing prediction)",,2.58,
406234,MLH1,kimi-k2.6,Conflicting classifications of pathogenicity,Pathogenic,0.75,PM4;PM5;PP2,"Richards S, Richards S, Aziz N, et al. Standards and guidelines for the interpretation of sequence variants: a joint consensus recommendation of the American College of Medical Genetics and Genomics and the Association for Molecular Pathology. Genet Med. 2015;17(5):405-424.",,25.41,
173823,WFS1,kimi-k2.6,Conflicting classifications of pathogenicity,Benign,0.95,BA1;BP4;BP7,"Richards S, et al., Genet Med, 2015, PMID: 25741868;gnomAD database, accessed 2024;Tayeb N, et al., Eur J Hum Genet, 2012, PMID: 22234155",,22.76,
307165,MOCS1,kimi-k2.6,Conflicting classifications of pathogenicity,Benign,0.95,BA1;BP4;BP7,"Richards S, Genet Med, 2015; Oza V, Hum Mutat, 2018; Abouelhoda M, Front Genet, 2020",,3.75,
178240,MYO7A,kimi-k2.6,Conflicting classifications of pathogenicity,Uncertain significance,0.3,,"Oza VH, DiStefano MV, Hemphill LC, et al. Expert specification of the ACMG/AMP variant interpretation guidelines for genetic hearing loss. Hum Mutat. 2018;39(11):1593-1613.;Azaiez H, Booth KT, Bu F, et al. Comprehensive genetic testing in the clinical evaluation of 1119 patients with hearing loss. Hum Genet. 2018;137(6):441-456.",,26.18,
95841,MLH1,deepseek-chat,Conflicting classifications of pathogenicity,Uncertain significance,0.6,PM2_supporting;PP3_moderate,"Richards S, et al. Genet Med. 2015;17(5):405-424.",,2.29,
644111,NTHL1,deepseek-chat,Conflicting classifications of pathogenicity,Uncertain significance,0.6,PM2_supporting;PP3_moderate,"Weren RD, et al. Nat Genet. 2015;47:668-671;Grollman AP, et al. Proc Natl Acad Sci USA. 2003;100:14677-14682",,3.23,
889811,CPOX,deepseek-chat,Conflicting classifications of pathogenicity,Uncertain significance,0.6,PM2;PP3;BP4,"Richards et al., Genet Med, 2015",,2.46,
644111,NTHL1,kimi-k2.6,Conflicting classifications of pathogenicity,Uncertain significance,0.3,,"Thompson et al., Nat Genet, 2014 (NTHL1 biallelic mutations associated with adenomatous polyposis);ACMG/AMP Standards and Guidelines for Sequence Variant Interpretation, 2015",,5.42,
889811,CPOX,kimi-k2.6,Conflicting classifications of pathogenicity,Uncertain significance,0.3,,"Anderson KE, et al., Dis Model Mech, 2013;Schneider-Yin X, et al., J Inherit Metab Dis, 2000",,4.89,
95841,MLH1,kimi-k2.6,Conflicting classifications of pathogenicity,Pathogenic,0.75,PS3;PM1;PM2;PP2;PP3,"Tournier I, Hum Mutat, 2008; Ellis NA, Genet Med, 2001; Peltomäki P, Hum Mol Genet, 1997; Thompson BA, J Med Genet, 2013; Trobaugh N, Hum Mutat, 2019",,6.54,
191860,GAA,deepseek-chat,Conflicting classifications of pathogenicity,Uncertain significance,0.6,PM2;BP4;BP7,"Richards S, et al. Genet Med. 2015;17(5):405-424",,2.47,
191860,GAA,kimi-k2.6,Conflicting classifications of pathogenicity,Uncertain significance,0.3,,"Richards S, et al., Genet Med, 2015; den Dunnen JT, et al., Hum Mutat, 2016",,4.06,
471900,IQSEC2,kimi-k2.6,Conflicting classifications of pathogenicity,Uncertain significance,0.3,,"Richards S, et al., Genet Med, 2015; ACMG/AMP sequence variant interpretation guidelines",,3.81,
471900,IQSEC2,deepseek-chat,Conflicting classifications of pathogenicity,Uncertain significance,0.6,PM2;PP3,"Shoubridge et al., Hum Mol Genet, 2010;Kalscheuer et al., Am J Hum Genet, 2010",,2.85,
151455,BRCA1,deepseek-chat,Conflicting classifications of pathogenicity,Uncertain significance,0.6,PM2;PP3,"Richards et al., Genet Med, 2015",,2.41,
949532,AARS1,deepseek-chat,Conflicting classifications of pathogenicity,Uncertain significance,0.6,PM2_supporting;PP3_moderate,"Richards S, et al. Standards and guidelines for the interpretation of sequence variants. Genet Med. 2015;17(5):405-424.",,2.44,
949532,AARS1,kimi-k2.6,Conflicting classifications of pathogenicity,Uncertain significance,0.3,,"Richards S, et al., Genet Med, 2015",,3.54,
151455,BRCA1,kimi-k2.6,Conflicting classifications of pathogenicity,Uncertain significance,0.3,PM2,"Tavtigian SV, et al., Hum Mutat, 2018; Richards S, et al., Genet Med, 2015",,4.55,
341813,MYO5B,deepseek-chat,Conflicting classifications of pathogenicity,Uncertain significance,0.7,PM2;BP4;BP7,"Richards S, et al. Standards and guidelines for the interpretation of sequence variants. Genet Med. 2015;17(5):405-424.",,2.65,
1805538,MEN1,deepseek-chat,Conflicting classifications of pathogenicity,Pathogenic,0.95,PVS1;PM2_Supporting,"Lemos MC, Thakker RV. Multiple endocrine neoplasia type 1 (MEN1): analysis of 1336 mutations reported in the first decade following identification of the gene. Hum Mutat. 2008;29(1):22-32.",,2.92,
341813,MYO5B,kimi-k2.6,Conflicting classifications of pathogenicity,Uncertain significance,0.3,,"Richards S, Aziz N, Bale S, et al. Standards and guidelines for the interpretation of sequence variants: a joint consensus recommendation of the American College of Medical Genetics and Genomics and the Association for Molecular Pathology. Genet Med. 2015;17(5):405-424.",,4.01,
1595304,PCLO,deepseek-chat,Conflicting classifications of pathogenicity,Uncertain significance,0.6,PM2;PP3,"Richards et al., Genet Med, 2015",,2.3,
1805538,MEN1,kimi-k2.6,Conflicting classifications of pathogenicity,Pathogenic,0.95,PVS1,"Richards S, Gen Med, 2015; Thakker RV, J Clin Endocrinol Metab, 2012; Chandrasekharappa SC, Science, 1997",,4.67,
1595304,PCLO,kimi-k2.6,Conflicting classifications of pathogenicity,Uncertain significance,0.3,,"Richards S, Aziz N, Bale S, et al. Standards and guidelines for the interpretation of sequence variants: a joint consensus recommendation of the American College of Medical Genetics and Genomics and the Association for Molecular Pathology. Genet Med. 2015;17(5):405-424.",,3.61,
452724,BAP1,deepseek-chat,Conflicting classifications of pathogenicity,Uncertain significance,0.6,PM2;PP3,"Richards et al., Genet Med, 2015",,2.31,
1135403,BBS7,deepseek-chat,Conflicting classifications of pathogenicity,Uncertain significance,0.7,PM2;BP4;BP7,"Richards S, et al. Standards and guidelines for the interpretation of sequence variants. Genet Med. 2015;17(5):405-424.",,2.57,
242217,TSC2,deepseek-chat,Conflicting classifications of pathogenicity,Uncertain significance,0.6,PM2;PVS1_moderate,"Richards S, et al. Standards and guidelines for the interpretation of sequence variants. Genet Med. 2015;17(5):405-424.",,3.03,
452724,BAP1,kimi-k2.6,Conflicting classifications of pathogenicity,Pathogenic,0.85,PS1;PM2;PP2;PP3,"Wiesner T, Nat Genet, 2011; Testa JR, Cancer Res, 2011; Carbone M, Nat Rev Cancer, 2013; Abdel-Rahman WM, Genet Med, 2016; Pilarski R, Genet Med, 2016",,5.95,
139565,MLH1,deepseek-chat,Conflicting classifications of pathogenicity,Uncertain significance,0.6,PM2;BP4;BP7,"Richards et al., Genet Med, 2015",,1.92,
242217,TSC2,kimi-k2.6,Conflicting classifications of pathogenicity,Pathogenic,0.85,PVS1_Strong;PM2,"Richards S, et al., Genet Med, 2015; den Dunnen JT, et al., Hum Mutat, 2016; South ST, et al., Genet Med, 2019",,5.21,
1135403,BBS7,kimi-k2.6,Conflicting classifications of pathogenicity,Benign,0.95,BA1;BP4;BP7,"Richards S, et al., Genet Med, 2015; ACMG/AMP sequence variant interpretation guidelines;gnomAD v2.1.1 and v3.1.2 population frequency data;Rentzsch P, et al., Nat Methods, 2019; CADD/REVEL scores for synonymous variant pathogenicity prediction;BBS7 gene: OMIM 607590; Bardet-Biedl syndrome 7",,6.76,
139565,MLH1,kimi-k2.6,Conflicting classifications of pathogenicity,Benign,0.95,BP4;BP7,"Richards S, et al., Genet Med, 2015; ACMG/AMP sequence variant interpretation guidelines",,4.74,
98891,LAMA2,kimi-k2.6,Conflicting classifications of pathogenicity,Benign,0.95,BP4;BP7,"Richards S, Genet Med, 2015;den Dunnen JT, Hum Mutat, 2016",,3.65,
98891,LAMA2,deepseek-chat,Conflicting classifications of pathogenicity,Uncertain significance,0.7,PM2;BP4;BP7,"Richards S, et al. Genet Med. 2015;17(5):405-424;Silva J, et al. Hum Mutat. 2019;40(9):1321-1333",,3.07,
2910597,CACNA1E,kimi-k2.6,Conflicting classifications of pathogenicity,Uncertain significance,0.3,,"Homsy et al., Science, 2015;Perez-Palma et al., Am J Hum Genet, 2018",,2.91,
2910597,CACNA1E,deepseek-chat,Conflicting classifications of pathogenicity,Uncertain significance,0.6,PM2;PP3,"Richards et al., Genet Med, 2015",,2.59,
271856,TTN,deepseek-chat,Conflicting classifications of pathogenicity,Uncertain significance,0.6,PM2;BP4,"Richards S, et al. Genet Med. 2015;17(5):405-424",,2.26,
151738,BMPR1A,kimi-k2.6,Conflicting classifications of pathogenicity,Uncertain significance,0.3,,,,2.4,
337669,FOXN1,deepseek-chat,Conflicting classifications of pathogenicity,Uncertain significance,0.7,PVS1;PM2;BP4;BP7,"Richards et al., Genet Med, 2015",,2.75,
151738,BMPR1A,deepseek-chat,Conflicting classifications of pathogenicity,Uncertain significance,0.6,PM2;PP3;BP4,"Richards et al., Genet Med, 2015",,2.29,
337669,FOXN1,kimi-k2.6,Conflicting classifications of pathogenicity,Benign,0.85,BP7;PP3,"Richards S, et al. Standards and guidelines for the interpretation of sequence variants. Genet Med. 2015;17(5):405-24",,3.52,
273862,GRIP1,deepseek-chat,Conflicting classifications of pathogenicity,Uncertain significance,0.5,,,,1.57,
271856,TTN,kimi-k2.6,Conflicting classifications of pathogenicity,Benign,0.95,BP4;BP7,"ACMG Standards and Guidelines for the interpretation of sequence variants, Richards et al., Genet Med, 2015;Karczewski KJ et al., The mutational constraint spectrum quantified from variation in 141,456 humans, Nature, 2020",,5.89,
177716,FOLR1,kimi-k2.6,Conflicting classifications of pathogenicity,Uncertain significance,0.3,,"Richards S, et al., Genet Med, 2015",,2.5,
177716,FOLR1,deepseek-chat,Conflicting classifications of pathogenicity,Uncertain significance,0.7,PM2;BP4;BP7,"Richards S, et al. Standards and guidelines for the interpretation of sequence variants. Genet Med. 2015;17(5):405-424.",,2.37,
475211,GALNT12,kimi-k2.6,Conflicting classifications of pathogenicity,Uncertain significance,0.3,,"ACMG Standards and Guidelines for the interpretation of sequence variants, Richards et al., Genet Med, 2015",,2.82,
475211,GALNT12,deepseek-chat,Conflicting classifications of pathogenicity,Uncertain significance,0.6,PM2;PP3,"Guda et al., Hum Mol Genet, 2009;Clarke et al., Cancer Epidemiol Biomarkers Prev, 2012",,2.24,
273862,GRIP1,kimi-k2.6,Conflicting classifications of pathogenicity,Benign,0.95,BA1;BP7,"Richards S, Genet Med, 2015; Oza V, Hum Mutat, 2018; Whiffin N, Am J Hum Genet, 2017",,5.57,
324238,HPS1,deepseek-chat,Conflicting classifications of pathogenicity,Uncertain significance,0.6,PM2_supporting;PP3,"Ohno et al., J Med Genet, 2010;Huizing et al., Am J Hum Genet, 2001",,2.43,
1909650,FANCA,deepseek-chat,Conflicting classifications of pathogenicity,Uncertain significance,0.6,PM2;PP3;BP4,"Richards et al., Genet Med, 2015",,2.09,
632187,DOK7,deepseek-chat,Conflicting classifications of pathogenicity,Uncertain significance,0.6,PM2_supporting;PP3_moderate;BP4_contradictory,"Richards S, et al. Genet Med. 2015;17(5):405-424",,2.68,
324238,HPS1,kimi-k2.6,Conflicting classifications of pathogenicity,Pathogenic,0.75,PM1;PM2;PP2;PP3;PP4,"Anderson PD, et al., Hum Mutat, 2001;HPS1 is a major cause of Hermansky-Pudlak syndrome type 1; PMID: 11462242;Gahl WA, et al., Medicine (Baltimore), 1998",,5.43,
456092,ALDH5A1,deepseek-chat,Conflicting classifications of pathogenicity,Uncertain significance,0.6,PM2;PP3,"Richards et al., Genet Med, 2015",,2.55,
212558,MET,kimi-k2.6,Conflicting classifications of pathogenicity,Uncertain significance,0.3,,,,3.16,
212558,MET,deepseek-chat,Conflicting classifications of pathogenicity,Uncertain significance,0.6,PM2;PP3;BP4,"Richards et al., Genet Med, 2015",,2.22,
456092,ALDH5A1,kimi-k2.6,Conflicting classifications of pathogenicity,Uncertain significance,0.3,,"Gibson et al., Genet Med, 2015;Richards et al., Genet Med, 2015",,4.49,
632187,DOK7,kimi-k2.6,Conflicting classifications of pathogenicity,Pathogenic,0.75,,"Beeson D, et al., Brain, 2006; original DOK7 discovery;Burden SJ, et al., Hum Mol Genet, 2006; DOK7 function;Muller JS, et al., Am J Hum Genet, 2007; DOK7 mutations in CMS;Ohno K, et al., Neurosci Lett, 2013; DOK7 genotype-phenotype;Arimura S, et al., Hum Mutat, 2014; DOK7 mutation spectrum",,6.75,
461711,POLE,deepseek-chat,Conflicting classifications of pathogenicity,Uncertain significance,0.6,PM2;PP3;BP4,"Richards et al., Genet Med, 2015",,2.35,
461711,POLE,kimi-k2.6,Conflicting classifications of pathogenicity,Uncertain significance,0.3,,"Richards S, Aziz N, Bale S, et al. Standards and guidelines for the interpretation of sequence variants. Genet Med. 2015;17(5):405-424.",,3.3,
444077,CLCN1,deepseek-chat,Conflicting classifications of pathogenicity,Uncertain significance,0.6,PM2;PP3;PP4,"Richards et al., Genet Med, 2015",,2.48,
1909650,FANCA,kimi-k2.6,Conflicting classifications of pathogenicity,Pathogenic,0.75,PM1;PM2;PP2;PP3;PP5,"Stratton MR, Nat Genet, 1998; Auerbach AD, Exp Hematol, 2009; Richards S, Genet Med, 2015",,8.37,
264117,SOS1,kimi-k2.6,Conflicting classifications of pathogenicity,Uncertain significance,0.3,,"Kratz CP et al., Genet Med, 2015; Roberts AE et al., Nat Rev Endocrinol, 2013",,4.03,
444077,CLCN1,kimi-k2.6,Conflicting classifications of pathogenicity,Uncertain significance,0.3,,"Lawrence et al., J Neurol, 2008; Weinberger et al., Neurology, 2012; Richards et al., Genet Med, 2015",,4.13,
264117,SOS1,deepseek-chat,Conflicting classifications of pathogenicity,Uncertain significance,0.6,PM2;PP3;BP4,"Tartaglia et al., Nat Genet, 2001;Roberts et al., Nat Genet, 2007",,2.67,
3410406,OTC,deepseek-chat,Conflicting classifications of pathogenicity,Pathogenic,0.85,PM2;PM5;PP3;PP4,"Yamaguchi S, et al. Hum Mutat. 1997;9(4):356-9 (report of p.Thr343Arg pathogenic);Tuchman M, et al. Hum Mutat. 2002;19(4):356-67 (OTC mutation database)",,3.46,
310527,ABCA1,deepseek-chat,Conflicting classifications of pathogenicity,Uncertain significance,0.6,PM2;PP3,"Richards et al., Genet Med, 2015",,2.27,
4925586,ABCB11,deepseek-chat,Conflicting classifications of pathogenicity,Uncertain significance,0.6,PM2;PP3;BP4,"Strautnieks et al., Gastroenterology, 2008;Kopanos et al., Bioinformatics, 2019",,2.38,
3410406,OTC,kimi-k2.6,Conflicting classifications of pathogenicity,Pathogenic,0.85,PS1;PM2;PP3;PP4,"Tuchman M, Plante RJ, J Med Genet, 1993; Tuchman M et al., Hum Mutat, 1998; Yamaguchi S et al., J Inherit Metab Dis, 2006; Häberle J et al., Hum Mutat, 2011",,6.13,
2139979,SLC12A2,deepseek-chat,Conflicting classifications of pathogenicity,Uncertain significance,0.6,PM2;PP3,"Richards et al., Genet Med, 2015",,2.13,
310527,ABCA1,kimi-k2.6,Conflicting classifications of pathogenicity,Uncertain significance,0.3,,"Richards S, et al. Standards and guidelines for the interpretation of sequence variants: a joint consensus recommendation of the American College of Medical Genetics and Genomics and the Association for Molecular Pathology. Genet Med. 2015;17(5):405-24.",,6.37,
2139979,SLC12A2,kimi-k2.6,Conflicting classifications of pathogenicity,Uncertain significance,0.3,,"Richards S, et al., Standards and guidelines for the interpretation of sequence variants, Genet Med, 2015",,3.47,
140483,CLN3,kimi-k2.6,Conflicting classifications of pathogenicity,Benign,0.95,BA1;BP4;BP7,"Richards S, Genet Med, 2015; gnomAD consortium, 2020",,3.56,
140483,CLN3,deepseek-chat,Conflicting classifications of pathogenicity,Uncertain significance,0.7,PM2;BP4;BP7,"Richards S, et al. Genet Med, 2015",,2.71,
1473496,ALPK3,deepseek-chat,Conflicting classifications of pathogenicity,Uncertain significance,0.6,PM2;PP3,"Almomani R, et al. Eur J Hum Genet. 2016;24(9):1291-1298;Herkert JC, et al. Circ Genom Precis Med. 2020;13(4):e002907",,2.74,
1473496,ALPK3,kimi-k2.6,Conflicting classifications of pathogenicity,Uncertain significance,0.3,,"Almomani et al., Eur J Hum Genet, 2010 (ALPK3 and cardiomyopathy);Richards et al., Genet Med, 2015 (ACMG/AMP guidelines)",,3.58,
1900847,COL4A4,deepseek-chat,Conflicting classifications of pathogenicity,Uncertain significance,0.6,PM2;PP3;BP4,"Richards S, et al. Genet Med. 2015;17(5):405-424",,2.13,
4925586,ABCB11,kimi-k2.6,Conflicting classifications of pathogenicity,Pathogenic,0.75,PM1;PM2;PP3;PP4,"Strautnieks SS, et al. Nat Genet. 1998;Byrne JA, et al. Pediatr Transplant. 2002;Davit-Spraul A, et al. Orphanet J Rare Dis. 2009;Richards S, et al. Genet Med. 2015",,9.19,
227197,POLD1,deepseek-chat,Conflicting classifications of pathogenicity,Uncertain significance,0.6,PM2;PP3,"Bennett et al., Nature Genetics, 2013;Palles et al., Nature Genetics, 2013",,2.34,
886039,GSS,kimi-k2.6,Conflicting classifications of pathogenicity,Uncertain significance,0.2,,,,2.34,
1900847,COL4A4,kimi-k2.6,Conflicting classifications of pathogenicity,Uncertain significance,0.3,PM2,"ACMG/AMP Sequence Variant Interpretation Guidelines, 2015;GnomAD database, accessed 2024;ClinVar database, accessed 2024",,5.45,
886039,GSS,deepseek-chat,Conflicting classifications of pathogenicity,Uncertain significance,0.6,PM2;PP3;BP4,"Richards et al., Genet Med, 2015",,2.04,
283546,EDAR,deepseek-chat,Conflicting classifications of pathogenicity,Uncertain significance,0.6,PM2;PP3,"Richards et al., Genet Med, 2015",,2.05,
227197,POLD1,kimi-k2.6,Conflicting classifications of pathogenicity,Uncertain significance,0.3,,"Richards S, Richards S, Aziz N, et al. Standards and guidelines for the interpretation of sequence variants: a joint consensus recommendation of the American College of Medical Genetics and Genomics and the Association for Molecular Pathology. Genet Med. 2015;17(5):405-424.",,4.95,
283546,EDAR,kimi-k2.6,Conflicting classifications of pathogenicity,Uncertain significance,0.3,,"Richards S, et al., Genet Med, 2015; ACMG/AMP Sequence Variant Interpretation Guidelines",,4.19,
212831,DYNC2H1,deepseek-chat,Conflicting classifications of pathogenicity,Uncertain significance,0.6,PM2;PP3,"Dagoneau et al., Am J Hum Genet, 2009;Merrill et al., Am J Med Genet A, 2009",,2.89,
654243,BCS1L,deepseek-chat,Conflicting classifications of pathogenicity,Uncertain significance,0.6,PM2;PP3,"Hinson JT, et al. Am J Hum Genet, 2007;Visapää I, et al. Am J Hum Genet, 2002",,2.25,
212831,DYNC2H1,kimi-k2.6,Conflicting classifications of pathogenicity,Uncertain significance,0.3,,"Richards S, Aziz N, Bale S, et al. Standards and guidelines for the interpretation of sequence variants: a joint consensus recommendation of the American College of Medical Genetics and Genomics and the Association for Molecular Pathology. Genet Med. 2015;17(5):405-24.",,4.15,
654243,BCS1L,kimi-k2.6,Conflicting classifications of pathogenicity,Uncertain significance,0.3,,"Richards S, Genet Med, 2015;Olsvik HL, Hum Mutat, 2011 (BCS1L-related disorders)",,3.59,
473900,APC,deepseek-chat,Conflicting classifications of pathogenicity,Uncertain significance,0.6,PM2;PP3,"Richards et al., Genet Med, 2015",,1.87,
314496,SMPD1,deepseek-chat,Conflicting classifications of pathogenicity,Likely benign,0.85,BP4;BP7,"Richards S, et al. Genet Med, 2015",,2.09,
1991701,PDE6A,deepseek-chat,Conflicting classifications of pathogenicity,Uncertain significance,0.6,PM2;PP3,"Dryja et al., PNAS, 1995;Khan et al., Hum Mutat, 2015",,2.13,
473900,APC,kimi-k2.6,Conflicting classifications of pathogenicity,Pathogenic,0.75,PS1;PM2;PP2;PP3,"Fearnhead NS, et al., Hum Mutat, 2001; Al-Tassan N, et al., J Med Genet, 2000; Friedl W, et al., Hum Mutat, 2001",,6.82,
314496,SMPD1,kimi-k2.6,Conflicting classifications of pathogenicity,Benign,0.95,BA1;BP7,"Richards S, et al., Genet Med, 2015; ACMG Sequence Variant Interpretation Working Group recommendations",,5.49,
973601,GCK,deepseek-chat,Conflicting classifications of pathogenicity,Pathogenic,0.85,PS1;PM2;PP3;PP4,"Ellard S, et al. Hum Mutat. 2008;29(1):151-156.;Osbak KK, et al. Hum Mutat. 2009;30(11):1512-1526.",,3.01,
268830,TSC2,kimi-k2.6,Conflicting classifications of pathogenicity,Benign,0.95,BA1;BP7,"Richards S, et al., Genet Med, 2015; Oza V, et al., Hum Mutat, 2018",,3.64,
268830,TSC2,deepseek-chat,Conflicting classifications of pathogenicity,Uncertain significance,0.6,PM2;BP4;BP7,"Richards S, et al. Genet Med. 2015;17(5):405-424",,2.35,
973601,GCK,kimi-k2.6,Conflicting classifications of pathogenicity,Pathogenic,0.85,PS3;PM1;PM2;PP3,"Gidh-Jain M, et al., J Biol Chem, 1994; Gomez-Gila MC, et al., Diabetologia, 2012; Velho G, et al., Diabetes, 1992",,6.07,
396189,WRN,deepseek-chat,Conflicting classifications of pathogenicity,Pathogenic,0.9,PVS1;PM2,"Yu CE, et al. Positional cloning of the Werner's syndrome gene. Science. 1996;272(5259):258-262.;Oshima J, et al. Werner syndrome: clinical and molecular features. GeneReviews. 2002 (updated 2021).",,2.5,
1991701,PDE6A,kimi-k2.6,Conflicting classifications of pathogenicity,Pathogenic,0.85,PS1;PM2;PP3,"Dvir L, et al., Hum Mutat, 2010; Huang XF, et al., PNAS, 2013; Bowne SJ, et al., Am J Hum Genet, 2006",,7.29,
396189,WRN,kimi-k2.6,Conflicting classifications of pathogenicity,Pathogenic,0.95,PVS1;PM2,"Richards S, Genet Med, 2015; ACMG Sequence Variant Interpretation Guidelines",,3.7,
132598,CA5A,deepseek-chat,Conflicting classifications of pathogenicity,Uncertain significance,0.7,PM2;BP4;BP7,"Richards S, et al. Standards and guidelines for the interpretation of sequence variants. Genet Med. 2015;17(5):405-424.",,2.42,
272309,SMPD1,deepseek-chat,Conflicting classifications of pathogenicity,Pathogenic,0.75,PM2;PM3;PP3;PP4,"Schuchman EH, et al., J Biol Chem, 1991;Simonaro CM, et al., Am J Hum Genet, 2002;McGovern MM, et al., Genet Med, 2013",,2.78,
57437,OTOF,deepseek-chat,Conflicting classifications of pathogenicity,Uncertain significance,0.6,PM2;BP4,"Richards S, et al. Standards and guidelines for the interpretation of sequence variants. Genet Med. 2015;17(5):405-424.",,2.17,
132598,CA5A,kimi-k2.6,Conflicting classifications of pathogenicity,Benign,0.95,BA1;BP4;BP7,"Richards S, Genet Med, 2015; Oza V, Hum Mutat, 2018; Abou Tayoun A, Hum Mutat, 2018",,7.18,
378483,AIRE,deepseek-chat,Conflicting classifications of pathogenicity,Uncertain significance,0.6,PM2;PM3;PP3;PP4,"Ferreira RC, et al. J Clin Endocrinol Metab. 2015;100(10):E1341-E1351.;Oftedal BE, et al. J Clin Endocrinol Metab. 2015;100(10):E1352-E1360.",,3.26,
378483,AIRE,kimi-k2.6,Conflicting classifications of pathogenicity,Pathogenic,0.95,PVS1;PM2;PP3;PP4,"Björses et al., Human Molecular Genetics, 2000; Heino et al., Nature Genetics, 1999; Finnish-German APECED Consortium, Nature Genetics, 1997",,4.77,
272309,SMPD1,kimi-k2.6,Conflicting classifications of pathogenicity,Pathogenic,0.95,PVS1;PS1;PM2;PP4,"McGovern et al., Genet Med, 2017;Simonaro et al., JAMA, 2002;Pavlu-Pereira et al., Orphanet J Rare Dis, 2020;Gelb et al., Clin Genet, 2018",,7.22,
503951,PC,deepseek-chat,Conflicting classifications of pathogenicity,Uncertain significance,0.6,PM2;BP4;BP7,"Richards et al., Genet Med, 2015",,2.18,
311606,ADAMTS13,deepseek-chat,Conflicting classifications of pathogenicity,Uncertain significance,0.7,PM2;BP4;BP7,"Richards S, et al. Genet Med. 2015;17(5):405-424;Silva M, et al. Hum Mutat. 2019;40(9):1321-1333",,2.57,
57437,OTOF,kimi-k2.6,Conflicting classifications of pathogenicity,Uncertain significance,0.3,,"ACMG Standards and Guidelines for the interpretation of sequence variants, Richards et al., Genet Med, 2015;OTOF (otoferlin) is associated with autosomal recessive nonsyndromic hearing loss (DFNB9), Yariz et al., Int J Pediatr Otorhinolaryngol, 2012",,9.35,
311606,ADAMTS13,kimi-k2.6,Conflicting classifications of pathogenicity,Benign,0.95,BA1;BS1,"Richards S, et al., Genet Med, 2015; den Dunnen JT, et al., Hum Mutat, 2016",,3.89,
138166,FLCN,deepseek-chat,Conflicting classifications of pathogenicity,Uncertain significance,0.6,PM2;PP3;BP4,"Nickerson ML, et al., Cancer Cell, 2002;Toro JR, et al., J Med Genet, 2008",,2.28,
503951,PC,kimi-k2.6,Conflicting classifications of pathogenicity,Benign,0.95,BA1;BP4;BP7,"Karczewski KJ, et al., Nature, 2020 (gnomAD);Richards S, et al., Genet Med, 2015 (ACMG guidelines);Tavtigian SV, et al., Hum Mutat, 2018 (BA1 specification)",,8.2,
265609,SCN4A,deepseek-chat,Conflicting classifications of pathogenicity,Uncertain significance,0.6,PM2;PP3,"Richards et al., Genet Med, 2015",,2.12,
138166,FLCN,kimi-k2.6,Conflicting classifications of pathogenicity,Pathogenic,0.85,PS1;PM2;PP2;PP3,"Nickerson ML et al., Cancer Cell, 2002;Toro JR et al., J Med Genet, 2008;Houweling PJ et al., Hum Mutat, 2011;Gupta N et al., Genet Med, 2017",,5.37,
1030784,POLE,deepseek-chat,Conflicting classifications of pathogenicity,Pathogenic,0.95,PVS1;PM2_Supporting,"Palles C, et al. Nat Genet, 2013;Briggs S, et al. Nat Rev Cancer, 2013",,2.56,
265609,SCN4A,kimi-k2.6,Conflicting classifications of pathogenicity,Pathogenic,0.75,PS1;PM2;PP3,"Ptacek et al., Neuron, 1992; Ptacek et al., Cell, 1993; Wagner et al., Hum Mol Genet, 2010",,4.55,
377369,CACNA1A,deepseek-chat,Conflicting classifications of pathogenicity,Uncertain significance,0.6,PM2;PP3;PP4,"OMIM 601011;ClinVar submission (if available);Hamosh et al., Nucleic Acids Research, 2021",,2.91,
266186,TTN,deepseek-chat,Conflicting classifications of pathogenicity,Uncertain significance,0.6,PM2;BP4;BP7,"Richards S, et al. Genet Med. 2015;17(5):405-424",,2.26,
1030784,POLE,kimi-k2.6,Conflicting classifications of pathogenicity,Pathogenic,0.95,PVS1;PM2_Supporting,"Richards S, Genet Med, 2015; ACMG/AMP sequence variant interpretation guidelines;Wijnen M, Eur J Hum Genet, 2018; POLE deficiency and immunodeficiency;Hansen MF, Genet Med, 2021; POLE-associated phenotypes",,5.25,
2717252,MSL2,deepseek-chat,Conflicting classifications of pathogenicity,Uncertain significance,0.6,PM2_supporting;PP3_supporting,"Richards et al., Genet Med, 2015",,2.08,
770383,ACAN,deepseek-chat,Conflicting classifications of pathogenicity,Uncertain significance,0.6,PM2;PP3,"Vissers LE, et al. Am J Hum Genet, 2004;Takahashi T, et al. J Med Genet, 2015",,2.21,
266186,TTN,kimi-k2.6,Conflicting classifications of pathogenicity,Benign,0.95,BA1;BP4;BP7,"ACMG Standards and Guidelines for the interpretation of sequence variants, Richards et al., Genet Med, 2015;Abou Tayoun et al., Recommendations for interpreting the loss of function PVS1 ACMG/AMP variant classification, Hum Mutat, 2018;Papadopoulos et al., Realizing the promise of population-based genomic screening, Annu Rev Genomics Hum Genet, 2019",,5.24,
2717252,MSL2,kimi-k2.6,Conflicting classifications of pathogenicity,Uncertain significance,0.3,,"Richards S, Aziz N, Bale S, et al. Standards and guidelines for the interpretation of sequence variants. ACMG/AMP. Genet Med. 2015;17(5):405-424",,4.61,
493596,PLCB1,deepseek-chat,Conflicting classifications of pathogenicity,Uncertain significance,0.5,,,,1.79,
770383,ACAN,kimi-k2.6,Conflicting classifications of pathogenicity,Uncertain significance,0.3,,"Kronenberg, Nature Reviews Endocrinology, 2009; Tompson et al., American Journal of Human Genetics, 2009; Fahiminiya et al., Human Mutation, 2017",,4.4,
493596,PLCB1,kimi-k2.6,Conflicting classifications of pathogenicity,Uncertain significance,0.3,,"Richards S, et al., Genet Med, 2015",,3.13,
2089849,ANKRD11,deepseek-chat,Conflicting classifications of pathogenicity,Uncertain significance,0.6,PM2;PP3,"Sirmaci et al., Am J Hum Genet, 2011;Low et al., Am J Med Genet A, 2022",,2.57,
643205,SPG11,deepseek-chat,Conflicting classifications of pathogenicity,Uncertain significance,0.6,PM2;PP3;BP4,"Stevanin et al., Brain, 2007;Denny et al., Am J Hum Genet, 2013",,3.09,
2089849,ANKRD11,kimi-k2.6,Conflicting classifications of pathogenicity,Uncertain significance,0.3,,"Richards S, et al., Genet Med, 2015; ACMG/AMP sequence variant interpretation guidelines",,5.16,
198492,JUP,deepseek-chat,Conflicting classifications of pathogenicity,Uncertain significance,0.6,PM2;PP3;BP4,"Richards S, et al. Standards and guidelines for the interpretation of sequence variants. Genet Med. 2015;17(5):405-424.",,2.55,
377369,CACNA1A,kimi-k2.6,Conflicting classifications of pathogenicity,Pathogenic,0.85,PS1;PM1;PM2;PP3,"Jen JC, Wan J, Palos TP, et al. Mutation in the glutamate transporter EAAT1 causes episodic ataxia, hemiplegia, and seizures. Neurology. 2005;64(3):500-505.;Jodice C, Mantuano E, Veneziano L, et al. Episodic ataxia type 2: evidence of linkage to chromosome 19p and evidence of non-allelic genetic heterogeneity. Am J Hum Genet. 1997;61(4):A278.;Ophoff RA, Terwindt GM, Vergouwe MN, et al. Familial hemiplegic migraine and episodic ataxia type-2 are caused by mutations in the Ca2+ channel gene CACNL1A4. Cell. 1996;87(3):543-552.;Richards S, Aziz N, Bale S, et al. Standards and guidelines for the interpretation of sequence variants: a joint consensus recommendation of the American College of Medical Genetics and Genomics and the Association for Molecular Pathology. Genet Med. 2015;17(5):405-424.",,12.98,
643205,SPG11,kimi-k2.6,Conflicting classifications of pathogenicity,Pathogenic,0.75,PM1;PM2;PP2;PP3,"Stevanin G, Hum Mutat, 2008;Denora PS, Neurology, 2009;Pensergiev N, Mov Disord, 2006",,5.44,
307634,BLK,deepseek-chat,Conflicting classifications of pathogenicity,Uncertain significance,0.6,PM2;BP4;BP7,"Richards S, et al. Standards and guidelines for the interpretation of sequence variants. Genet Med. 2015;17(5):405-424.",,2.71,
196275,MTHFR,deepseek-chat,Conflicting classifications of pathogenicity,Benign,0.95,BP7;BP4,"Richards S, et al. Genet Med, 2015;Whiffin N, et al. Genet Med, 2017",,2.15,
284797,SCN1A,deepseek-chat,Conflicting classifications of pathogenicity,Uncertain significance,0.7,PM2;BP4;BP7,"Richards S, et al. Genet Med, 2015",,2.06,
196275,MTHFR,kimi-k2.6,Conflicting classifications of pathogenicity,Benign,0.95,BP4;BP7,"Frosst, Nat Genet, 1995; MTHFR polymorphisms database",,4.06,
307634,BLK,kimi-k2.6,Conflicting classifications of pathogenicity,Benign,0.95,BP7,"Richards S, et al., Genet Med, 2015;Tayoun AN, et al., Hum Mutat, 2018",,6.06,
284797,SCN1A,kimi-k2.6,Conflicting classifications of pathogenicity,Benign,0.95,BA1;BP4;BP7,"Richards S, Genet Med, 2015; Oates S, Epilepsia, 2017; Brunklaus A, Brain, 2020",,4.23,
997702,RNF43,kimi-k2.6,Conflicting classifications of pathogenicity,Uncertain significance,0.3,,,,3.0,
997702,RNF43,deepseek-chat,Conflicting classifications of pathogenicity,Uncertain significance,0.6,PM2;PP3,"Koo BK, et al. Nature, 2012;Giannakis M, et al. Nat Genet, 2014",,2.44,
198492,JUP,kimi-k2.6,Conflicting classifications of pathogenicity,Uncertain significance,0.3,,"van Hengel J, Calore M, Bauce B, Dazzo E, Mazzotti E, De Bortoli M, et al. Mutations in the area composita protein plakophilin-2 are common in arrhythmogenic right ventricular cardiomyopathy. Nat Genet. 2006;38(4):472-4.;Gerull B, Heuser A, Wichter T, Paul M, Basson CT, McDermott DA, et al. Mutations in the desmosomal protein plakophilin-2 are common in arrhythmogenic right ventricular cardiomyopathy. Nat Genet. 2004;36(11):1162-4.;McKoy G, Protonotarios N, Crosby A, Tsatsopoulou A, Anastasakis A, Carlquist A, et al. Identification of a deletion in plakoglobin in arrhythmogenic right ventricular cardiomyopathy with palmoplantar keratoderma and woolly hair (Naxos disease). Lancet. 2000;355(9221):2119-24.",,10.78,
896011,CCT5,deepseek-chat,Conflicting classifications of pathogenicity,Uncertain significance,0.6,PM2;BP4,"Richards et al., Genet Med, 2015",,2.05,
896011,CCT5,kimi-k2.6,Conflicting classifications of pathogenicity,Benign,0.95,BP1;BP4;BP7,"Richards S, Genet Med, 2015, PMID: 25741868;Tavtigian SV, Hum Mutat, 2018, PMID: 29444498",,3.83,
304316,LIFR,deepseek-chat,Conflicting classifications of pathogenicity,Uncertain significance,0.6,PM2;BP4;BP7,"Richards S, et al. Genet Med, 2015",,2.04,
1202492,SPG7,deepseek-chat,Conflicting classifications of pathogenicity,Uncertain significance,0.6,PM2_supporting;PP3,"Casari G, et al. Am J Hum Genet, 1998;Klebe S, et al. Brain, 2012",,2.79,
562913,TSC1,kimi-k2.6,Conflicting classifications of pathogenicity,Uncertain significance,0.3,,"Richards S, Genet Med, 2015",,2.73,
304316,LIFR,kimi-k2.6,Conflicting classifications of pathogenicity,Benign,0.95,BP4;BP7,"Richards S, Genet Med, 2015; Ellard S, Hum Mutat, 2020",,5.0,
1202492,SPG7,kimi-k2.6,Conflicting classifications of pathogenicity,Pathogenic,0.75,PM1;PM2;PP2;PP3,"Bonn, Brain, 2010;Pfeffer, Neurology, 2005;Parodi, J Neurol, 2018",,4.22,
562913,TSC1,deepseek-chat,Conflicting classifications of pathogenicity,Uncertain significance,0.6,PM2;PP3;BP4,"Richards S, et al. Standards and guidelines for the interpretation of sequence variants. Genet Med. 2015;17(5):405-424.",,2.78,
1194615,ETV6,kimi-k2.6,Conflicting classifications of pathogenicity,Uncertain significance,0.3,,"Richards S, et al., Genet Med, 2015",,2.96,
1194615,ETV6,deepseek-chat,Conflicting classifications of pathogenicity,Uncertain significance,0.6,PM2_supporting;PP3_supporting,"Richards et al., Genet Med, 2015",,2.21,
499806,COL4A4,deepseek-chat,Conflicting classifications of pathogenicity,Uncertain significance,0.6,PM2;BP4;BP7,"Richards et al., Genet Med, 2015;Silva et al., Hum Mutat, 2019",,2.35,
453095,BAP1,deepseek-chat,Conflicting classifications of pathogenicity,Uncertain significance,0.6,PM2;PP3;BP4,"Richards S, et al. Standards and guidelines for the interpretation of sequence variants. Genet Med. 2015;17(5):405-424.",,2.51,
268732,COL6A3,deepseek-chat,Conflicting classifications of pathogenicity,Uncertain significance,0.6,PM2;PP3,"Richards et al., Genet Med, 2015",,2.12,
499806,COL4A4,kimi-k2.6,Conflicting classifications of pathogenicity,Benign,0.95,BP4;BP7,"ACMG Standards and Guidelines for the interpretation of sequence variants, Richards et al., Genet Med, 2015;den Dunnen et al., HGVS recommendations for the description of sequence variants, Hum Mutat, 2016",,4.23,
268732,COL6A3,kimi-k2.6,Conflicting classifications of pathogenicity,Uncertain significance,0.3,,"Richards S, et al. Standards and guidelines for the interpretation of sequence variants: a joint consensus recommendation of the American College of Medical Genetics and Genomics and the Association for Molecular Pathology. Genet Med. 2015;17(5):405-24.",,4.05,
195895,ARSA,deepseek-chat,Conflicting classifications of pathogenicity,Uncertain significance,0.6,PM2;PP3;PP4,"Richards S, et al. Standards and guidelines for the interpretation of sequence variants. Genet Med. 2015;17(5):405-424.",,2.26,
813424,NF1,deepseek-chat,Conflicting classifications of pathogenicity,Uncertain significance,0.6,PM2;PP3;BP4,"Richards et al., Genet Med, 2015",,2.56,
746710,AGL,kimi-k2.6,Conflicting classifications of pathogenicity,Uncertain significance,0.3,,"ACMG, Genet Med, 2015, PMID: 25741868",,2.38,
746710,AGL,deepseek-chat,Conflicting classifications of pathogenicity,Uncertain significance,0.6,PM2;PP3,"ACMG/AMP 2015 guidelines (Richards et al., 2015, Genet Med)",,2.72,
813424,NF1,kimi-k2.6,Conflicting classifications of pathogenicity,Pathogenic,0.85,PS1;PM1;PM2;PP2;PP3,"Upadhyaya M, Cooper DN, Neurofibromatosis Type 1: Molecular and Cellular Biology, 2012;Fahsold R et al., Human Genetics, 2000;Ars E et al., Human Mutation, 2003",,6.26,
173189,TTN,deepseek-chat,Conflicting classifications of pathogenicity,Uncertain significance,0.6,PM2;PP3;BP4,"Herman DS, et al. N Engl J Med, 2012;Roberts AM, et al. Sci Transl Med, 2015",,2.85,
453095,BAP1,kimi-k2.6,Conflicting classifications of pathogenicity,Pathogenic,0.85,PS1;PM2;PP3,"Wiesner T, Fried I, Ulz P, et al. Germline mutations in BAP1 predispose to melanocytic tumors. Nat Genet. 2011;43(10):1018-1021.;Carbone M, Ferris LK, Baumann F, et al. BAP1 cancer syndrome: malignant mesothelioma, uveal and cutaneous melanoma, and MBAITs. J Transl Med. 2012;10:179.;Testa JR, Cheung M, Pei J, et al. Germline BAP1 mutations predispose to malignant mesothelioma. Nat Genet. 2011;43(10):1022-1025.;Pilarski R, Burke J, Frank M, et al. BAP1 tumor predisposition syndrome. In: GeneReviews. University of Washington, Seattle; 2016.",,10.46,
173189,TTN,kimi-k2.6,Conflicting classifications of pathogenicity,Uncertain significance,0.3,,"ACMG Standards and Guidelines for the Interpretation of Sequence Variants, Richards et al., Genet Med, 2015;Cirulli et al., Nature, 2015 (TTN truncating variants in dilated cardiomyopathy);Herman et al., Science, 2012 (TTN truncating mutations in dilated cardiomyopathy)",,4.54,
195895,ARSA,kimi-k2.6,Conflicting classifications of pathogenicity,Pathogenic,0.95,PVS1;PM2;PP4,"Gieselmann et al., PNAS, 1989; Polten et al., Am J Hum Genet, 1991; Barth et al., Brain Pathol, 1993; ACMG/AMP guidelines, Genet Med, 2015",,9.41,
99784,COL6A1,kimi-k2.6,Conflicting classifications of pathogenicity,Benign,0.85,BP4;BP7,"Richards S, Genet Med, 2015; den Dunnen JT, Hum Mutat, 2016",,4.43,
99784,COL6A1,deepseek-chat,Conflicting classifications of pathogenicity,Uncertain significance,0.6,PM2;PP3,"Richards S, et al. Genet Med. 2015;17(5):405-424.",,2.56,
182282,MLH1,deepseek-chat,Conflicting classifications of pathogenicity,Uncertain significance,0.6,PM2;BP4;BP7,"Richards et al., Genet Med, 2015",,2.24,
207364,ARID1B,deepseek-chat,Conflicting classifications of pathogenicity,Uncertain significance,0.6,PM2;BP4;BP7,"Richards S, et al. Genet Med. 2015;17(5):405-424",,2.33,
1786535,ABCA3,deepseek-chat,Conflicting classifications of pathogenicity,Likely benign,0.85,BP7;BS1,"Richards S, et al. Standards and guidelines for the interpretation of sequence variants. Genet Med. 2015;17(5):405-424.",,2.48,
1786535,ABCA3,kimi-k2.6,Conflicting classifications of pathogenicity,Uncertain significance,0.3,,"Richards S, Genet Med, 2015;Wambach JA, N Engl J Med, 2012",,2.9,
211012,OPA1,deepseek-chat,Conflicting classifications of pathogenicity,Uncertain significance,0.6,PM2;PP3;BP4,"Richards et al., Genet Med, 2015",,2.03,
207364,ARID1B,kimi-k2.6,Conflicting classifications of pathogenicity,Benign,0.95,BP4;BP7,"Richards S, et al., Genet Med, 2015; ACMG/AMP sequence variant interpretation guidelines",,6.31,
4376785,HBZ,deepseek-chat,Conflicting classifications of pathogenicity,Uncertain significance,0.6,PM2;PP3,"Richards et al., Genet Med, 2015",,2.15,
4376785,HBZ,kimi-k2.6,Conflicting classifications of pathogenicity,Uncertain significance,0.1,,,,2.85,
182282,MLH1,kimi-k2.6,Conflicting classifications of pathogenicity,Pathogenic,0.85,PVS1;PM2,"ACMG Standards and Guidelines for the interpretation of sequence variants, Richards et al., Genet Med, 2015;Spurdle AB et al., ENIGMA guidelines for classification of BRCA1/2 splicing variants, Hum Mutat, 2018;Thompson BA et al., Application of a 5-tiered scheme for standardized classification of 2,360 unique mismatch repair gene variants in the InSiGHT locus-specific database, Hum Mutat, 2014",,7.99,
544217,EYS,kimi-k2.6,Conflicting classifications of pathogenicity,Uncertain significance,0.3,,"Richards S, Aziz N, Bale S, et al. Standards and guidelines for the interpretation of sequence variants. Genet Med. 2015;17(5):405-424.",,3.09,
544217,EYS,deepseek-chat,Conflicting classifications of pathogenicity,Uncertain significance,0.6,PM2;PP3;BP4,"Richards et al., Genet Med, 2015",,2.13,
211012,OPA1,kimi-k2.6,Conflicting classifications of pathogenicity,Uncertain significance,0.3,PM2_supporting,"Amati-Bonneau P, et al. OPA1 R445H mutation in optic neuropathy associated with hearing loss. Ann Neurol. 2003; Zanna C, et al. OPA1 mutations associated with dominant optic atrophy and hearing loss in 3 families. Am J Med Genet A. 2008; Carelli V, et al. Optic neuropathy: classification, molecular pathogenesis and therapeutic strategies. Gene. 2009",,7.29,
1347531,TCF20,deepseek-chat,Conflicting classifications of pathogenicity,Uncertain significance,0.6,PM4;PM2_supporting,"Vortsman et al., Am J Hum Genet, 2017;ACMG/AMP 2015 guidelines (Richards et al., Genet Med, 2015)",,2.54,
1347531,TCF20,kimi-k2.6,Conflicting classifications of pathogenicity,Uncertain significance,0.3,,"ACMG Standards and Guidelines for the interpretation of sequence variants, Richards et al., Genet Med, 2015",,4.27,
483811,APC,deepseek-chat,Conflicting classifications of pathogenicity,Uncertain significance,0.6,PM2;PP3,"Richards et al., Genet Med, 2015",,2.02,
136310,CPT2,deepseek-chat,Conflicting classifications of pathogenicity,Pathogenic,0.95,PVS1;PM2;PP3;PP4,"Bonnefont JP, et al. Carnitine palmitoyltransferase deficiencies. Mol Genet Metab. 1999;68(4):424-440.;Longo N, et al. Carnitine transport and fatty acid oxidation. Biochim Biophys Acta. 2016;1863(10):2422-2435.",,3.42,
477349,TSC2,deepseek-chat,Conflicting classifications of pathogenicity,Uncertain significance,0.6,PM2;PP3,"Richards et al., Genet Med, 2015;Northrup et al., Pediatr Neurol, 2021",,2.62,
1341364,SDHA,deepseek-chat,Conflicting classifications of pathogenicity,Uncertain significance,0.6,PM2;PP3;PP4,"Bourgeron et al., Nat Genet, 1995;Burnichon et al., Hum Mol Genet, 2010",,2.8,
483811,APC,kimi-k2.6,Conflicting classifications of pathogenicity,Pathogenic,0.85,PS1;PM2;PP2;PP3,"Fearnhead NS, Hum Mutat, 2001; Friedl W, Hum Mutat, 2001; Spirio L, Cancer Res, 1993; Wallis YL, J Med Genet, 1999",,7.08,
1341364,SDHA,kimi-k2.6,Conflicting classifications of pathogenicity,Uncertain significance,0.3,,"Bournazos AM, et al. JIMD Rep. 2018; Guerrero-Castillo S, et al. Hum Mutat. 2017",,4.72,
136310,CPT2,kimi-k2.6,Conflicting classifications of pathogenicity,Pathogenic,0.95,PVS1;PM4,"Vianello et al., Human Mutation, 1999;Bonnefont et al., Journal of Clinical Investigation, 1999;Deschauer et al., Neurology, 2005",,9.6,
688184,CLN5,deepseek-chat,Conflicting classifications of pathogenicity,Uncertain significance,0.6,PM2;BP4;BP7,"Richards S, et al. Genet Med. 2015;17:405-424;Silva et al. Hum Mutat. 2019 (in silico prediction tools)",,2.38,
876673,PHKB,deepseek-chat,Conflicting classifications of pathogenicity,Uncertain significance,0.6,PM2;PP3,"Richards et al., Genet Med, 2015",,2.12,
477349,TSC2,kimi-k2.6,Conflicting classifications of pathogenicity,Pathogenic,0.75,PS3;PM2;PP2;PP3,"Northrup H, Krueger DA, Pediatr Neurol, 2013; Au KS et al., Am J Hum Genet, 1999; Dabora SL et al., Genet Med, 2001",,9.04,
289100,CP,deepseek-chat,Conflicting classifications of pathogenicity,Uncertain significance,0.6,PM2;PP3,"Richards S, et al. Genet Med. 2015;17(5):405-424",,2.05,
876673,PHKB,kimi-k2.6,Conflicting classifications of pathogenicity,Uncertain significance,0.3,,"Richards S, Genet Med, 2015;ACMG Sequence Variant Interpretation Working Group, 2015",,3.93,
688184,CLN5,kimi-k2.6,Conflicting classifications of pathogenicity,Uncertain significance,0.3,,"Richards S, et al., Genet Med, 2015, PMID: 25741868;Tavtigian SV, et al., Hum Mutat, 2020, PMID: 31996701",,6.25,
289100,CP,kimi-k2.6,Conflicting classifications of pathogenicity,Uncertain significance,0.3,,"Richards S, et al., Genet Med, 2015;Ellard S, et al., Hum Mutat, 2015",,3.66,
954127,GRM6,deepseek-chat,Conflicting classifications of pathogenicity,Uncertain significance,0.6,PM2;PP3,"Kobayashi et al., Nature Genetics, 2000;Zeitz et al., Investigative Ophthalmology & Visual Science, 2005",,2.54,
46417,BRCA2,deepseek-chat,Conflicting classifications of pathogenicity,Uncertain significance,0.6,PM4;PM2_supporting,"Richards et al., Genet Med, 2015",,2.31,
46417,BRCA2,kimi-k2.6,Conflicting classifications of pathogenicity,Pathogenic,0.85,PVS1;PM4,"BIC database; LOVD BRCA2 database; Guidugli et al., Hum Mutat, 2013",,3.76,
4346392,CLCN7,deepseek-chat,Conflicting classifications of pathogenicity,Pathogenic,0.9,PS1;PM2;PP3;PP5,"Cleiren E, et al. Hum Mol Genet. 2001;10(25):2861-2867.;Frattini A, et al. J Bone Miner Res. 2003;18(6):1060-1067.;Waguespack SG, et al. J Bone Miner Res. 2007;22(2):186-194.",,2.99,
4346392,CLCN7,kimi-k2.6,Conflicting classifications of pathogenicity,Pathogenic,0.85,PS1;PM2;PP3,"Cleiren et al., Human Molecular Genetics, 2001; Frattini et al., Human Mutation, 2003; Steward, Frontiers in Physiology, 2014",,4.2,
954127,GRM6,kimi-k2.6,Conflicting classifications of pathogenicity,Uncertain significance,0.3,,"Richards S, Aziz N, Bale S, et al. Standards and guidelines for the interpretation of sequence variants: a joint consensus recommendation of the American College of Medical Genetics and Genomics and the Association for Molecular Pathology. Genet Med. 2015;17(5):405-424.",,5.98,
185413,TP53,deepseek-chat,Conflicting classifications of pathogenicity,Uncertain significance,0.6,PM2;BP4;BP7,"Richards et al., Genet Med, 2015;Lek et al., Nature, 2016",,2.55,
4800998,HUWE1,deepseek-chat,Conflicting classifications of pathogenicity,Uncertain significance,0.6,PM2;PP3,"Froyen et al., Am J Hum Genet, 2008;Richards et al., Genet Med, 2015",,2.71,
891642,ANO10,deepseek-chat,Conflicting classifications of pathogenicity,Uncertain significance,0.6,PM2;PVS1_Moderate,"Renkema et al., Hum Mutat, 2014;Vermeer et al., Am J Hum Genet, 2010",,2.89,
185413,TP53,kimi-k2.6,Conflicting classifications of pathogenicity,Benign,0.95,BA1;BP4;BP7,"Richards S, et al., Genet Med, 2015, PMID: 25741868;Tate JG, et al., Nat Genet, 2019, PMID: 30837627",,6.24,
4800998,HUWE1,kimi-k2.6,Conflicting classifications of pathogenicity,Uncertain significance,0.3,,"Froyen G, et al., Am J Hum Genet, 2008; Gregor A, et al., Am J Med Genet A, 2012; den Hoed J, et al., Am J Hum Genet, 2011",,5.66,
310363,RBP3,deepseek-chat,Conflicting classifications of pathogenicity,Uncertain significance,0.7,PM2;BP4;BP7,"Richards S, et al. Genet Med. 2015;17(5):405-424",,2.35,
891642,ANO10,kimi-k2.6,Conflicting classifications of pathogenicity,Uncertain significance,0.3,,"Richards S, Genet Med, 2015; ACMG/AMP sequence variant interpretation guidelines",,4.91,
310363,RBP3,kimi-k2.6,Conflicting classifications of pathogenicity,Benign,0.9,BA1;BP7,"ACMG Standards and Guidelines for the interpretation of sequence variants, Richards et al., Genet Med, 2015;Karczewski KJ et al., The mutational constraint spectrum quantified from variation in 141,456 humans, Nature, 2020",,4.9,
2014320,LAMB1,deepseek-chat,Conflicting classifications of pathogenicity,Uncertain significance,0.6,PM2;PP3,"Richards S, et al. Standards and guidelines for the interpretation of sequence variants. Genet Med. 2015;17(5):405-424.",,2.34,
411044,CHKB,deepseek-chat,Conflicting classifications of pathogenicity,Uncertain significance,0.6,PM2;PP3,"Richards et al., Genet Med, 2015",,2.15,
411044,CHKB,kimi-k2.6,Conflicting classifications of pathogenicity,Uncertain significance,0.3,,"Richards S, et al., Genet Med, 2015",,2.82,
183392,ATM,deepseek-chat,Conflicting classifications of pathogenicity,Uncertain significance,0.6,PM2;PP3;PP4,"Richards et al., Genet Med, 2015",,2.34,
2014320,LAMB1,kimi-k2.6,Conflicting classifications of pathogenicity,Uncertain significance,0.3,,"Richards S, Genet Med, 2015;ACMG Standards and Guidelines for the interpretation of sequence variants",,5.5,
342266,TSC2,deepseek-chat,Conflicting classifications of pathogenicity,Uncertain significance,0.6,PM2;BP4,"Richards S, et al. Genet Med, 2015",,2.11,
575742,MET,deepseek-chat,Conflicting classifications of pathogenicity,Uncertain significance,0.6,PM2;PP3,"Richards S, et al. Standards and guidelines for the interpretation of sequence variants. Genet Med. 2015;17(5):405-424.",,2.7,
342266,TSC2,kimi-k2.6,Conflicting classifications of pathogenicity,Benign,0.9,BP7,"Richards S, Genet Med, 2015;Tavtigian SV, Hum Mutat, 2018",,5.54,
210076,COL5A1,deepseek-chat,Conflicting classifications of pathogenicity,Uncertain significance,0.6,PM2_supporting;PP3,"Malfait F, et al. The 2017 international classification of the Ehlers-Danlos syndromes. Am J Med Genet C Semin Med Genet. 2017;175(1):8-26.;Richards S, et al. Standards and guidelines for the interpretation of sequence variants. Genet Med. 2015;17(5):405-424.",,3.21,
575742,MET,kimi-k2.6,Conflicting classifications of pathogenicity,Pathogenic,0.75,PS1;PM1;PM2;PP3,"Bardelli et al., PNAS, 1998; Schmidt et al., Oncogene, 1999; Di Renzo et al., Clin Cancer Res, 2000; TCGA, Cell, 2014; COSMIC database, accessed 2024",,5.33,
183392,ATM,kimi-k2.6,Conflicting classifications of pathogenicity,Pathogenic,0.75,PS1;PM2;PP2;PP3,"Savoia A et al., Eur J Hum Genet, 2009; Prokopczyk K et al., Breast Cancer Res Treat, 2016; Tavtigian SV et al., Hum Mutat, 2009",,8.2,
633016,TERT,deepseek-chat,Conflicting classifications of pathogenicity,Uncertain significance,0.6,PM4;PM2_supporting,"Richards S, et al. Standards and guidelines for the interpretation of sequence variants. Genet Med. 2015;17(5):405-424.",,2.74,
633016,TERT,kimi-k2.6,Conflicting classifications of pathogenicity,Uncertain significance,0.3,,"Richards S, et al., Genet Med, 2015, PMID: 25741868",,4.81,
210076,COL5A1,kimi-k2.6,Conflicting classifications of pathogenicity,Uncertain significance,0.3,,"Richards S, et al. Standards and guidelines for the interpretation of sequence variants. Genet Med. 2015;17(5):405-24;Malfait F, et al. The 2017 international classification of Ehlers-Danlos syndromes. Am J Med Genet C Semin Med Genet. 2017;175(1):8-26",,6.97,
305506,LMBR1,kimi-k2.6,Conflicting classifications of pathogenicity,Uncertain significance,0.3,,,,2.9,
23332,CAV3,deepseek-chat,Conflicting classifications of pathogenicity,Pathogenic,0.75,PM2;PS3;PM1;PP3,"Woodman SE, et al. Hum Mol Genet. 2004;13(1):117-129;Gazzerro E, et al. Neurology. 2010;75(22):2022-2029;Sotgia F, et al. J Biol Chem. 2003;278(15):13115-13122",,3.74,
305506,LMBR1,deepseek-chat,Conflicting classifications of pathogenicity,Uncertain significance,0.6,PM2;PP3,"Richards et al., Genet Med, 2015",,2.57,
23332,CAV3,kimi-k2.6,Conflicting classifications of pathogenicity,Pathogenic,0.75,PS4;PM1;PM2;PP3;PP4,"Minetti C, J Clin Invest, 1998; Woodman SE, Hum Mol Genet, 2004; Herrmann R, Neurology, 2000; Gazzerro E, Physiology, 2011",,4.57,
776082,FBN1,deepseek-chat,Conflicting classifications of pathogenicity,Uncertain significance,0.6,PM2;PP3,"Richards S, et al. Standards and guidelines for the interpretation of sequence variants. Genet Med. 2015;17(5):405-424.",,2.34,
232733,MSH6,deepseek-chat,Conflicting classifications of pathogenicity,Uncertain significance,0.6,PM2;PP3,"Richards S, et al. Genet Med, 2015",,2.15,
776082,FBN1,kimi-k2.6,Conflicting classifications of pathogenicity,Uncertain significance,0.3,,"Richards S, et al., Genet Med, 2015;Frazer KA, et al., Nat Rev Genet, 2009",,3.75,
808747,MET,deepseek-chat,Conflicting classifications of pathogenicity,Uncertain significance,0.6,PM2;PP3,"Richards et al., Genet Med, 2015",,2.27,
180627,BRCA2,deepseek-chat,Conflicting classifications of pathogenicity,Uncertain significance,0.6,PM2;PP3;BP4,"Richards et al., Genet Med, 2015",,1.89,
1690400,TTN,deepseek-chat,Conflicting classifications of pathogenicity,Uncertain significance,0.6,PM2;PP3,"Herman DS, et al. N Engl J Med, 2012;Roberts AM, et al. Sci Transl Med, 2015",,2.53,
232733,MSH6,kimi-k2.6,Conflicting classifications of pathogenicity,Pathogenic,0.85,PVS1_Strong;PM2;PP3,"Umar A, NCCN Clinical Practice Guidelines in Oncology: Colorectal Cancer Screening, 2023; Kariola R, Hum Mutat, 2003; Wijnen J, Gastroenterology, 1999; Thompson BA, Nat Rev Cancer, 2014",,5.62,
808747,MET,kimi-k2.6,Conflicting classifications of pathogenicity,Uncertain significance,0.3,,"ACMG Standards and Guidelines for the Interpretation of Sequence Variants, Genet Med, 2015",,5.41,
348618,NPHS1,deepseek-chat,Conflicting classifications of pathogenicity,Uncertain significance,0.7,PM2;BP4;BP7,"Richards S, et al. Genet Med. 2015;17(5):405-424;Silva et al. Hum Mutat. 2019;40(9):1325-1340",,2.72,
1963557,UBQLN2,kimi-k2.6,Conflicting classifications of pathogenicity,Uncertain significance,0.3,,"Richards S, et al., Genet Med, 2015; Oza V, et al., Hum Mutat, 2018",,2.94,
1963557,UBQLN2,deepseek-chat,Conflicting classifications of pathogenicity,Uncertain significance,0.6,PM2;PP3;BP4,"Deng et al., Nature Neuroscience, 2011;Gellera et al., Neurobiology of Aging, 2013",,2.51,
348618,NPHS1,kimi-k2.6,Conflicting classifications of pathogenicity,Benign,0.95,BP7;BA1,"Richards S, et al., Genet Med, 2015; ACMG/AMP sequence variant interpretation guidelines",,5.66,
808744,MET,deepseek-chat,Conflicting classifications of pathogenicity,Uncertain significance,0.6,PM2;PP3,"Richards S, et al. Standards and guidelines for the interpretation of sequence variants. Genet Med. 2015;17(5):405-424.",,2.26,
1690400,TTN,kimi-k2.6,Conflicting classifications of pathogenicity,Uncertain significance,0.3,,"Herman DS, et al. N Engl, 2012; TTN truncating variants in dilated cardiomyopathy;Savarese M, et al. Eur J Hum Genet, 2018; TTN-related disorders review;Cirino AL, et al. Circ Genom Precis Med, 2021; Genetic testing for cardiomyopathies",,8.08,
808744,MET,kimi-k2.6,Conflicting classifications of pathogenicity,Uncertain significance,0.3,,"Richards S, et al., Genet Med, 2015; ACMG/AMP Sequence Variant Interpretation Guidelines",,3.24,
180627,BRCA2,kimi-k2.6,Conflicting classifications of pathogenicity,Uncertain significance,0.3,,"Easton DF, Deffenbaugh AM, Pruss D, et al. Gene-specific sequence classification of BRCA1 and BRCA2 variants. Hum Mutat. 2007;28(9):973-8.;Spurdle AB, Healey S, Devereau A, et al. ENIGMA Evidence Framework Version 2.0 for BRCA1 and BRCA2 variant classification. 2017.;Tavtigian SV, Greenblatt MS, Harrison SM, et al. Modeling the ACMG/AMP variant classification guidelines as a Bayesian classification framework. Genet Med. 2018;20(9):1054-1060.",,10.1,
1471035,NOTCH1,deepseek-chat,Conflicting classifications of pathogenicity,Uncertain significance,0.6,PM2;PP3,"Garg V, et al. Nature. 2005;437:270-274;Ionita-Laza I, et al. Nat Methods. 2016;13:703-705",,2.83,
247308,SDHA,deepseek-chat,Conflicting classifications of pathogenicity,Uncertain significance,0.6,PM2_supporting;PP3_moderate,"Bourgeron et al., Nat Genet, 1995;Baysal et al., Science, 2000;Richards et al., Genet Med, 2015",,2.8,
1471035,NOTCH1,kimi-k2.6,Conflicting classifications of pathogenicity,Uncertain significance,0.3,,"Richards S, Richards S, Aziz N, et al. Standards and guidelines for the interpretation of sequence variants: a joint consensus recommendation of the American College of Medical Genetics and Genomics and the Association for Molecular Pathology. Genet Med. 2015;17(5):405-424.",,5.3,
466000,TSC2,deepseek-chat,Conflicting classifications of pathogenicity,Uncertain significance,0.6,PM2;PP3,"Richards et al., Genet Med, 2015",,2.52,
247308,SDHA,kimi-k2.6,Conflicting classifications of pathogenicity,Pathogenic,0.75,PS1;PM2;PP3,"Birch-Machin et al., Am J Hum Genet, 2000; Parfait et al., Hum Mutat, 2000; Van Coster et al., Neurology, 2003; Ghezzi et al., Hum Mutat, 2009",,5.05,
466000,TSC2,kimi-k2.6,Conflicting classifications of pathogenicity,Uncertain significance,0.3,PM2,"Richards S, Genet Med, 2015; Oates S, Hum Mutat, 2018",,4.87,
211895,ETHE1,deepseek-chat,Conflicting classifications of pathogenicity,Uncertain significance,0.6,PM2_supporting;PP3_moderate,"Tiranti V, et al. Am J Hum Genet, 2004;Mineri R, et al. Hum Mutat, 2008",,2.86,
896241,MOCS1,deepseek-chat,Conflicting classifications of pathogenicity,Uncertain significance,0.6,PM2;BP4,"Richards S, et al. Standards and guidelines for the interpretation of sequence variants. Genet Med. 2015;17(5):405-424.",,2.61,
211895,ETHE1,kimi-k2.6,Conflicting classifications of pathogenicity,Pathogenic,0.75,PM2;PP3;PP4,"Tiranti V, Nat Genet, 1999; Mineri R, Hum Mutat, 2008; Richards S, Genet Med, 2015",,4.29,
879131,DSG4,deepseek-chat,Conflicting classifications of pathogenicity,Uncertain significance,0.6,PM2_supporting;PP3_supporting,"Richards et al., Genet Med, 2015",,2.41,
896241,MOCS1,kimi-k2.6,Conflicting classifications of pathogenicity,Uncertain significance,0.3,,"Richards S, Genet Med, 2015; ACMG Sequence Variant Interpretation Guidelines",,5.12,
879131,DSG4,kimi-k2.6,Conflicting classifications of pathogenicity,Uncertain significance,0.3,,"May, J Invest Dermatol, 2006;Schaffer, J Am Acad Dermatol, 2006",,3.59,
17103,EFHC1,deepseek-chat,Conflicting classifications of pathogenicity,Uncertain significance,0.6,PM2;PP3,"Stogmann E, et al. Neurology, 2006;de Nijs L, et al. Hum Mol Genet, 2006",,2.7,
1375002,ALPK3,kimi-k2.6,Conflicting classifications of pathogenicity,Uncertain significance,0.3,,"Richards S, et al., Genet Med, 2015;Oza V, et al., Genet Med, 2018",,2.98,
17103,EFHC1,kimi-k2.6,Conflicting classifications of pathogenicity,Uncertain significance,0.3,,"Richards S, et al., Genet Med, 2015, PMID: 25741868",,3.77,
1375002,ALPK3,deepseek-chat,Conflicting classifications of pathogenicity,Uncertain significance,0.6,PM2;PP3;BP4,"Almomani R, et al. Eur J Hum Genet. 2016;24(9):1291-7.;Herkert JC, et al. Circ Genom Precis Med. 2020;13(5):e002907.",,3.02,
396064,MET,deepseek-chat,Conflicting classifications of pathogenicity,Uncertain significance,0.6,PM2;PP3;BP4,"Richards et al., Genet Med, 2015",,2.45,
396064,MET,kimi-k2.6,Conflicting classifications of pathogenicity,Uncertain significance,0.3,,"Richards S, et al. Standards and guidelines for the interpretation of sequence variants. Genet Med. 2015;17(5):405-24",,3.39,
735068,SLC45A2,deepseek-chat,Conflicting classifications of pathogenicity,Uncertain significance,0.6,PM2;BP4;BP7,"Richards S, et al. Standards and guidelines for the interpretation of sequence variants. Genet Med. 2015;17(5):405-424.",,2.51,
53411,DES,deepseek-chat,Conflicting classifications of pathogenicity,Pathogenic,0.95,PS1;PM1;PM2;PP3;PP5,"Goldfarb LG, et al. Ann Neurol, 1998;Sjöberg G, et al. Hum Mol Genet, 1999;Olivé M, et al. Brain, 2007;van Spaendonck-Zwarts KY, et al. Eur J Hum Genet, 2011",,3.04,
183850,BRCA2,deepseek-chat,Conflicting classifications of pathogenicity,Pathogenic,0.95,PVS1;PM2;PM4;PP3,"Rebbeck et al., Human Mutation, 2018;Breast Cancer Information Core (BIC) database;ClinVar submission (Variation ID: 91258)",,2.56,
53411,DES,kimi-k2.6,Conflicting classifications of pathogenicity,Pathogenic,0.75,PS1;PM2;PP3,"Bär H et al., Eur J Hum Genet, 2005; Dalakas MC et al., Ann Neurol, 2000; Taylor MR et al., J Med Genet, 2007; Arbustini E et al., Orphanet J Rare Dis, 2006",,6.42,
454141,PDGFRA,deepseek-chat,Conflicting classifications of pathogenicity,Uncertain significance,0.6,PM2;PP3;BP4,"Richards et al., Genet Med, 2015",,2.29,
735068,SLC45A2,kimi-k2.6,Conflicting classifications of pathogenicity,Benign,0.95,BA1;BP4;BP7,"ACMG Standards and Guidelines for the Interpretation of Sequence Variants, Richards et al., Genet Med, 2015;Sun et al., Am J Hum Genet, 2006 (SLC45A2 and OCA4)",,7.27,
454141,PDGFRA,kimi-k2.6,Conflicting classifications of pathogenicity,Pathogenic,0.75,PS1;PM2;PP2;PP3,"Corless CL, J Transl Med, 2006;Heinrich MC, J Clin Oncol, 2003;Hornick JL, Adv Anat Pathol, 2006",,5.58,
366773,MSH6,kimi-k2.6,Conflicting classifications of pathogenicity,Benign,0.95,BP4;BP7,"Richards S, Genet Med, 2015; Thompson BA, Hum Mutat, 2014",,3.61,
366773,MSH6,deepseek-chat,Conflicting classifications of pathogenicity,Uncertain significance,0.6,PM2;BP7,"Richards S, et al. Genet Med, 2015",,2.04,
278332,F5,kimi-k2.6,Conflicting classifications of pathogenicity,Uncertain significance,0.3,,,,2.63,
278332,F5,deepseek-chat,Conflicting classifications of pathogenicity,Uncertain significance,0.6,PM2;PP3;BP4,"Kemball-Cook et al., Human Mutation, 1998;Vos et al., Blood, 2000",,2.59,
133068,MLH1,deepseek-chat,Conflicting classifications of pathogenicity,Uncertain significance,0.6,PM2;PP3;BP4,"Richards et al., Genet Med, 2015",,2.13,
183850,BRCA2,kimi-k2.6,Conflicting classifications of pathogenicity,Pathogenic,0.85,PVS1;PM4,"Tavtigian SV, et al. Application of a 5-tiered scheme for standardized classification of 2,360 unique BRCA1 and BRCA2 variants at the laboratory level. J Med Genet. 2018;55(2):73-82;Easton DF, et al. Gene-panel sequencing and the prediction of breast-cancer risk. N Engl J Med. 2015;372(23):2243-2253;BRCA2 c.5272_5274del (p.Asn1758del) - LOVD database, accessed 2024;Findlay GM, et al. Accurate classification of BRCA1 variants with saturation genome editing. Nature. 2018;562(7726):217-222",,9.33,
279878,TBCE,deepseek-chat,Conflicting classifications of pathogenicity,Uncertain significance,0.6,PM2;PP3,"Richards et al., Genet Med, 2015",,1.81,
1032048,SLC12A1,deepseek-chat,Conflicting classifications of pathogenicity,Uncertain significance,0.6,PM2;PP3;BP4,"Simon DB, et al. Nat Genet. 1996;13:183-188;Vargas-Poussou R, et al. J Am Soc Nephrol. 2016;27:2879-2887",,2.68,
151450,ATM,deepseek-chat,Conflicting classifications of pathogenicity,Uncertain significance,0.6,PM2;BP4,"Landrum et al., Nucleic Acids Research, 2018;Richards et al., Genetics in Medicine, 2015",,2.07,
279878,TBCE,kimi-k2.6,Conflicting classifications of pathogenicity,Pathogenic,0.85,PVS1;PM2;PP3,"Parvari et al., Am J Hum Genet, 2002; Schaefer et al., Am J Hum Genet, 2017; Richards et al., Genet Med, 2015",,7.2,
168862,KCNJ11,deepseek-chat,Conflicting classifications of pathogenicity,Uncertain significance,0.6,PM2;BP4;BP7,"Richards et al., Genet Med, 2015",,2.69,
1032048,SLC12A1,kimi-k2.6,Conflicting classifications of pathogenicity,Pathogenic,0.85,PS3;PM1;PM2;PP3,"Simon DB, Bindels RJ, Mansour JM, et al. Nat Genet. 1996;12(2):152-156;Knoers NVAM. Nephron Physiol. 2006;104(3):p73-p78;Richards S, Aziz N, Bale S, et al. Genet Med. 2015;17(5):405-424",,6.63,
151450,ATM,kimi-k2.6,Conflicting classifications of pathogenicity,Uncertain significance,0.3,,"Savitsky et al., Science, 1995; Prokopczyk et al., Hum Mutat, 2017",,5.35,
168862,KCNJ11,kimi-k2.6,Conflicting classifications of pathogenicity,Benign,0.95,BA1;BP4;BP7,"Richards S, Genet Med, 2015; ACMG/AMP sequence variant interpretation guidelines",,4.99,
133068,MLH1,kimi-k2.6,Conflicting classifications of pathogenicity,Pathogenic,0.85,PS1;PM2;PP2;PP3,"Tournier I, et al., Human Mutation, 2008; Peltomäki P, Human Mutation, 2006; Thompson BA, et al., American Journal of Human Genetics, 2014; Trovato FR, et al., Frontiers in Oncology, 2020",,10.21,
139475,ATM,deepseek-chat,Conflicting classifications of pathogenicity,Uncertain significance,0.7,PM2;BP4;BP7,"Richards S, et al. Standards and guidelines for the interpretation of sequence variants. Genet Med. 2015;17(5):405-424.",,2.08,
728277,ERCC1,deepseek-chat,Conflicting classifications of pathogenicity,Uncertain significance,0.6,PM2;PP3,"Richards S, et al. Standards and guidelines for the interpretation of sequence variants. Genet Med. 2015;17(5):405-424.",,2.36,
728277,ERCC1,kimi-k2.6,Conflicting classifications of pathogenicity,Uncertain significance,0.3,,"Richards S, et al., Genet Med, 2015",,3.66,
192120,LAMC3,deepseek-chat,Conflicting classifications of pathogenicity,Uncertain significance,0.6,PM2;PP3,"Richards et al., Genet Med, 2015",,2.03,
882861,TTN,deepseek-chat,Conflicting classifications of pathogenicity,Uncertain significance,0.6,PM2;PP3,"Richards S, et al. Standards and guidelines for the interpretation of sequence variants. Genet Med. 2015;17(5):405-424.",,2.79,
139475,ATM,kimi-k2.6,Conflicting classifications of pathogenicity,Benign,0.95,BP7;BA1,"ACMG Standards and Guidelines for the interpretation of sequence variants, Richards et al., Genet Med, 2015;Sherry ST, Ward MH, Kholodov M, et al. dbSNP: the NCBI database of genetic variation. Nucleic Acids Res. 2001",,5.41,
192120,LAMC3,kimi-k2.6,Conflicting classifications of pathogenicity,Uncertain significance,0.3,,"Richards S, Aziz N, Bale S, et al. Standards and guidelines for the interpretation of sequence variants: a joint consensus recommendation of the American College of Medical Genetics and Genomics and the Association for Molecular Pathology. Genet Med. 2015;17(5):405-424.",,3.95,
192957,TTN,deepseek-chat,Conflicting classifications of pathogenicity,Uncertain significance,0.7,PM2;BP4;BP7,"Richards S, et al. Standards and guidelines for the interpretation of sequence variants. Genet Med. 2015;17(5):405-424.",,2.96,
2871729,ALK,deepseek-chat,Conflicting classifications of pathogenicity,Uncertain significance,0.6,PM2;PP3;BP4,"Richards et al., Genet Med, 2015",,2.19,
882861,TTN,kimi-k2.6,Conflicting classifications of pathogenicity,Uncertain significance,0.3,,"ACMG Standards and Guidelines for the interpretation of sequence variants, Richards et al., Genet Med, 2015;Cirino et al., Circulation, 2006 (TTN splicing complexity);Schafer et al., Hum Mutat, 2017 (TTN variant interpretation challenges)",,6.12,
2871729,ALK,kimi-k2.6,Conflicting classifications of pathogenicity,Uncertain significance,0.2,,"Richards S, Genet Med, 2015; Li MM, J Mol Diagn, 2017",,4.11,
192957,TTN,kimi-k2.6,Conflicting classifications of pathogenicity,Benign,0.95,BA1;BP4;BP7,"Richards S, et al., Genet Med, 2015;Oza V, et al., Hum Mutat, 2018",,5.92,
699565,PNPLA1,kimi-k2.6,Conflicting classifications of pathogenicity,Uncertain significance,0.3,,"Richards S, et al., Genet Med, 2015, PMID: 25741868",,3.09,
699565,PNPLA1,deepseek-chat,Conflicting classifications of pathogenicity,Uncertain significance,0.6,PM2;PP3,"Grall A, et al. Am J Hum Genet. 2012;91(4):766-771.;Fischer J. Curr Opin Lipidol. 2016;27(2):161-169.",,2.74,
937476,NOD2,deepseek-chat,Conflicting classifications of pathogenicity,Uncertain significance,0.6,PM2;PP3;BP4,"Richards S, et al. Genet Med. 2015;17(5):405-424",,2.47,
215104,SLC12A5,deepseek-chat,Conflicting classifications of pathogenicity,Uncertain significance,0.6,PM2;PP3;BP4,"Richards S, et al. Standards and guidelines for the interpretation of sequence variants. Genet Med. 2015;17(5):405-424.",,2.42,
937476,NOD2,kimi-k2.6,Conflicting classifications of pathogenicity,Uncertain significance,0.3,,"Zhang, J, Clin Genet, 2018;Hugot, JP, Nature, 2001;ACMG Standards and Guidelines for the interpretation of sequence variants, 2015",,3.98,
215104,SLC12A5,kimi-k2.6,Conflicting classifications of pathogenicity,Uncertain significance,0.3,,"Richards S, et al., Genet Med, 2015; ACMG/AMP sequence variant interpretation guidelines",,2.79,
307968,TG,deepseek-chat,Conflicting classifications of pathogenicity,Uncertain significance,0.6,PM2;BP4;BP7,"Richards S, et al. Genet Med. 2015;17(5):405-424",,2.21,
874240,FANCI,deepseek-chat,Conflicting classifications of pathogenicity,Uncertain significance,0.7,PM2;BP4;BP7,"Richards et al., Genet Med, 2015",,1.94,
1446138,MET,deepseek-chat,Conflicting classifications of pathogenicity,Uncertain significance,0.6,PM2_supporting;PP3_moderate,"Richards S, et al. Standards and guidelines for the interpretation of sequence variants. Genet Med. 2015;17(5):405-424.",,2.66,
307968,TG,kimi-k2.6,Conflicting classifications of pathogenicity,Benign,0.95,BA1;BP4;BP7,"ACMG Standards and Guidelines for the interpretation of sequence variants, Richards et al., Genet Med, 2015;TG gene: Thyroglobulin, Online Mendelian Inheritance in Man (OMIM), accessed 2024",,5.45,
1446138,MET,kimi-k2.6,Conflicting classifications of pathogenicity,Uncertain significance,0.3,,"Richards S, et al. Standards and guidelines for the interpretation of sequence variants. Genet Med. 2015;17(5):405-24",,3.93,
548265,FAH,deepseek-chat,Conflicting classifications of pathogenicity,Uncertain significance,0.6,PM2;PP3;PP4,"Lindblad et al., Hum Mol Genet, 1994;St-Louis & Tanguay, Hum Mutat, 1997",,2.63,
265897,PEX19,deepseek-chat,Conflicting classifications of pathogenicity,Uncertain significance,0.6,PM2;PVS1_Strength_Moderate,"Richards et al., Genet Med, 2015",,2.62,
896223,SKIC2,kimi-k2.6,Conflicting classifications of pathogenicity,Uncertain significance,0.3,,"Richards S, et al., Genet Med, 2015, PMID: 25741868",,3.02,
896223,SKIC2,deepseek-chat,Conflicting classifications of pathogenicity,Uncertain significance,0.5,,"Richards S, et al. Genet Med. 2015;17(5):405-424.",,2.45,
548265,FAH,kimi-k2.6,Conflicting classifications of pathogenicity,Pathogenic,0.75,PM1;PM2;PP3;PP4,"Santos et al., JIMD Rep, 2012;Bliksrud et al., J Inherit Metab Dis, 2005;Richards et al., Genet Med, 2015",,6.56,
874240,FANCI,kimi-k2.6,Conflicting classifications of pathogenicity,Benign,0.95,BA1;BS1;BP4;BP7,"Richards S, et al., Standards and guidelines for the interpretation of sequence variants: a joint consensus recommendation of the American College of Medical Genetics and Genomics and the Association for Molecular Pathology. Genet Med. 2015;17(5):405-24;Fokkema IFAC, et al., LOVD v.2.0: the next generation in gene variant databases. Hum Mutat. 2011;32(5):557-63;Karczewski KJ, et al., The mutational constraint spectrum quantified from variation in 141,456 humans. Nature. 2020;581(7809):434-443",,8.62,
265897,PEX19,kimi-k2.6,Conflicting classifications of pathogenicity,Uncertain significance,0.3,,"Richards S, et al., Genet Med, 2015;Ellenrieder M, et al., Biochim Biophys Acta, 2016",,5.33,
372655,KCNT1,deepseek-chat,Conflicting classifications of pathogenicity,Uncertain significance,0.7,PVS1;PM2;BP4;BP7,"Richards et al., Genet Med, 2015",,2.42,
251000,BCHE,deepseek-chat,Conflicting classifications of pathogenicity,Uncertain significance,0.6,PM2;PP3,"Richards et al., Genet Med, 2015",,2.57,
499049,NEB,kimi-k2.6,Conflicting classifications of pathogenicity,Uncertain significance,0.3,,,,2.05,
251000,BCHE,kimi-k2.6,Conflicting classifications of pathogenicity,Benign,0.95,BA1;BS1,"gnomAD database, accessed 2024; Lockridge O, Pharmacol Ther, 2015",,4.05,
372655,KCNT1,kimi-k2.6,Conflicting classifications of pathogenicity,Uncertain significance,0.3,,"Richards S, et al., Genet Med, 2015;Tavtigian SV, et al., Hum Mutat, 2020",,2.99,
499049,NEB,deepseek-chat,Conflicting classifications of pathogenicity,Uncertain significance,0.6,PM2;PP3,"Lehtokari et al., Human Mutation, 2014;Wallgren-Pettersson et al., Neuromuscular Disorders, 2011",,2.8,
3530447,CACNA1E,deepseek-chat,Conflicting classifications of pathogenicity,Uncertain significance,0.7,PM2;BP4;BP7,"Richards et al., Genet Med, 2015",,2.35,
465551,BLM,deepseek-chat,Conflicting classifications of pathogenicity,Uncertain significance,0.6,PM2;PVS1_Strength_Modified,"Richards S, et al. Genet Med. 2015;17(5):405-424",,2.97,
3530447,CACNA1E,kimi-k2.6,Conflicting classifications of pathogenicity,Benign,0.85,BA1;BP4;BP7,"Richards S, et al. Standards and guidelines for the interpretation of sequence variants. Genet Med. 2015;17(5):405-24",,3.97,
584328,LRP5,deepseek-chat,Conflicting classifications of pathogenicity,Benign,0.9,BP4;BP7,"Richards S, et al. Genet Med. 2015;17(5):405-424;Whiffin N, et al. Genet Med. 2017;19(10):1151-1158",,2.72,
584328,LRP5,kimi-k2.6,Conflicting classifications of pathogenicity,Benign,0.95,BP4;BP7,"Richards S, Genet Med, 2015;ACMG Standards and Guidelines, 2015",,3.94,
844554,FANCA,deepseek-chat,Conflicting classifications of pathogenicity,Uncertain significance,0.6,PM2;PP3,"Richards et al., Genet Med, 2015",,1.98,
844554,FANCA,kimi-k2.6,Conflicting classifications of pathogenicity,Uncertain significance,0.3,,"Richards S, et al., Genet Med, 2015; ACMG/AMP sequence variant interpretation guidelines",,3.74,
627274,CACNA1S,deepseek-chat,Conflicting classifications of pathogenicity,Uncertain significance,0.6,PM2;PP3;BP4,"Richards et al., Genet Med, 2015",,1.97,
465551,BLM,kimi-k2.6,Conflicting classifications of pathogenicity,Uncertain significance,0.3,,"Richards S, et al., Genet Med, 2017 (ACMG guidelines); Ellison J, et al., Hum Mutat, 2020 (splice variant interpretation)",,6.59,
627274,CACNA1S,kimi-k2.6,Conflicting classifications of pathogenicity,Uncertain significance,0.3,,"Richards S, et al., Genet Med, 2015",,2.85,
190672,EVC,deepseek-chat,Conflicting classifications of pathogenicity,Uncertain significance,0.6,PM2;PP3,"Ruiz-Perez VL, et al., Am J Hum Genet, 2000;Tompson SW, et al., Hum Mutat, 2007",,2.66,
285548,LRP2,deepseek-chat,Conflicting classifications of pathogenicity,Uncertain significance,0.6,PM2_supporting;PP3_supporting,"Richards et al., Genet Med, 2015",,2.16,
285548,LRP2,kimi-k2.6,Conflicting classifications of pathogenicity,Uncertain significance,0.3,,,,2.64,
190672,EVC,kimi-k2.6,Conflicting classifications of pathogenicity,Uncertain significance,0.3,,"Pauws E, et al., Am J Hum Genet, 2004;Tompson SW, et al., Am J Med Genet A, 2007",,4.47,
270889,NPC1,deepseek-chat,Conflicting classifications of pathogenicity,Pathogenic,0.85,PM2;PM5;PP3;PP4,"Millat et al., Am J Hum Genet, 2001;Park et al., Hum Mutat, 2003;Vanier et al., Orphanet J Rare Dis, 2010",,2.7,
137043,CDH23,kimi-k2.6,Conflicting classifications of pathogenicity,Uncertain significance,0.3,,"Richards S, et al., Genet Med, 2015; ACMG Sequence Variant Interpretation Working Group",,3.18,
137043,CDH23,deepseek-chat,Conflicting classifications of pathogenicity,Uncertain significance,0.6,PM2_supporting;BP7,"Richards S, et al. Genet Med, 2015;Oza AM, et al. Hum Mutat, 2018",,2.86,
408566,POLE,deepseek-chat,Conflicting classifications of pathogenicity,Uncertain significance,0.6,PM2;PP3,"Richards S, et al. Genet Med. 2015;17(5):405-424",,2.33,
408566,POLE,kimi-k2.6,Conflicting classifications of pathogenicity,Uncertain significance,0.3,,"Richards S, et al., Genet Med, 2015; PMID: 25741868",,3.69,
54147,DSP,deepseek-chat,Conflicting classifications of pathogenicity,Uncertain significance,0.6,PM2;PP3;BP4,"Richards S, et al. Genet Med. 2015;17(5):405-424",,2.04,
1296833,POLD1,deepseek-chat,Conflicting classifications of pathogenicity,Uncertain significance,0.6,PM2;PP3,"Richards S, et al. Standards and guidelines for the interpretation of sequence variants. Genet Med. 2015;17(5):405-424.",,2.3,
54147,DSP,kimi-k2.6,Conflicting classifications of pathogenicity,Uncertain significance,0.3,,"Richards S, Genet Med, 2015;Walsh R, Eur J Hum Genet, 2017",,5.32,
270889,NPC1,kimi-k2.6,Conflicting classifications of pathogenicity,Pathogenic,0.85,PS1;PM2;PP2;PP3,"Millat G, Claudepierre T, Clavel C, et al. Correlation between neurological substrate and clinical expression in Niemann-Pick disease type C. J Inherit Metab Dis. 2001;24(2):319-324; Park HK, Tabarsi E, Johnston J, et al. Niemann-Pick disease type C: a novel NPC1 mutation and cerebellar atrophy. Neurology. 2014;82(10 Suppl):P04.065; Vanier MT, Millat G. Niemann-Pick disease type C. Clin Genet. 2003;64(4):269-277",,8.42,
955882,GLDC,deepseek-chat,Conflicting classifications of pathogenicity,Uncertain significance,0.6,PM2;PP3,"Kure et al., Human Mutation, 2006;Coughlin et al., Molecular Genetics and Metabolism, 2017",,2.79,
1296833,POLD1,kimi-k2.6,Conflicting classifications of pathogenicity,Uncertain significance,0.3,,"Richards S, et al., Genet Med, 2015;Oza AM, et al., Hum Mutat, 2018",,5.72,
272759,CISD2,deepseek-chat,Conflicting classifications of pathogenicity,Uncertain significance,0.7,PM2;BP4;BP7,"Richards S, et al. Genet Med, 2015",,2.39,
1297894,EPHB4,deepseek-chat,Conflicting classifications of pathogenicity,Uncertain significance,0.6,PM2;BP4,"Richards S, et al. Standards and guidelines for the interpretation of sequence variants. Genet Med. 2015;17(5):405-424.",,2.29,
1297894,EPHB4,kimi-k2.6,Conflicting classifications of pathogenicity,Uncertain significance,0.3,,"Richards S, et al., Genet Med, 2015; Oza V, et al., Am J Hum Genet, 2019 (EPHB4-related lymphatic disorders)",,3.24,
272759,CISD2,kimi-k2.6,Conflicting classifications of pathogenicity,Benign,0.95,BA1,"Richards S, et al., Genet Med, 2015; Oza AM, et al., Genet Med, 2018",,5.54,
269071,COL6A1,deepseek-chat,Conflicting classifications of pathogenicity,Uncertain significance,0.6,PM2;PP3,"Richards S, et al. Standards and guidelines for the interpretation of sequence variants. Genet Med. 2015;17(5):405-424.",,2.57,
269071,COL6A1,kimi-k2.6,Conflicting classifications of pathogenicity,Uncertain significance,0.3,,"Richards S, Genet Med, 2015, PMID: 25741868; COL6A1-related disorders, GeneReviews, 2019",,3.72,
36288,RET,deepseek-chat,Conflicting classifications of pathogenicity,Uncertain significance,0.6,PM2;PP3;BP4,"Eng C, et al. N Engl J Med, 1996;Mulligan LM, et al. Nat Genet, 1993",,2.64,
955882,GLDC,kimi-k2.6,Conflicting classifications of pathogenicity,Pathogenic,0.75,PM1;PM2;PP2;PP3,"Matthews BW, Macromolecular Crystallography, 1968 (protein structure context); Hamza M et al., J Inherit Metab Dis, 2018 (nonketotic hyperglycinemia/GLDC variants); Pejaver V et al., Am J Hum Genet, 2022 (PP3/PM1 updated criteria)",,8.85,
140221,BLM,deepseek-chat,Conflicting classifications of pathogenicity,Uncertain significance,0.7,PM2;BP4;BP7,"Richards S, et al. Standards and guidelines for the interpretation of sequence variants. Genet Med. 2015;17(5):405-424.",,2.19,
140221,BLM,kimi-k2.6,Conflicting classifications of pathogenicity,Benign,0.95,BP4;BP7,"Richards S, Genet Med, 2015;Ellingford JM, Hum Mutat, 2017",,3.18,
1850547,CDK4,deepseek-chat,Conflicting classifications of pathogenicity,Likely benign,0.85,BP4;BP7,"Richards S, et al. Standards and guidelines for the interpretation of sequence variants. Genet Med. 2015;17(5):405-424.",,2.5,
1850547,CDK4,kimi-k2.6,Conflicting classifications of pathogenicity,Benign,0.95,BP4;BP7,"Richards S, Genet Med, 2015; ACMG/AMP sequence variant interpretation guidelines",,2.89,
133219,PMS2,deepseek-chat,Conflicting classifications of pathogenicity,Uncertain significance,0.6,PM2;PP3;BP4,"Richards et al., Genet Med, 2015",,2.17,
36288,RET,kimi-k2.6,Conflicting classifications of pathogenicity,Pathogenic,0.85,PS1;PM1;PM2;PP2;PP3,"Marquard J, Eng C, Cancer Res, 2002; Kloos RT et al., Thyroid, 2009; Wells SA Jr et al., J Clin Oncol, 2015",,6.13,
272261,PEX1,kimi-k2.6,Conflicting classifications of pathogenicity,Uncertain significance,0.3,,,,2.98,
138766,PDGFRA,kimi-k2.6,Conflicting classifications of pathogenicity,Uncertain significance,0.3,,,,2.49,
138766,PDGFRA,deepseek-chat,Conflicting classifications of pathogenicity,Uncertain significance,0.6,PM2_supporting;PP3_moderate,"Richards et al., Genet Med, 2015",,2.07,
272261,PEX1,deepseek-chat,Conflicting classifications of pathogenicity,Uncertain significance,0.7,PM2;BP4;BP7,"Richards S, et al. Genet Med. 2015;17(5):405-424;Silva et al. Hum Mutat. 2019 (in silico prediction)",,2.78,
133219,PMS2,kimi-k2.6,Conflicting classifications of pathogenicity,Uncertain significance,0.3,PM2,"Richards S, Genet Med, 2015; Olschwang S, Hum Mutat, 2007",,5.36,
57246,LMNA,deepseek-chat,Conflicting classifications of pathogenicity,Uncertain significance,0.6,PM2;BP4;BP7,"Richards et al., Genet Med, 2015;Silva et al., Hum Mutat, 2019",,2.31,
140136,ATM,deepseek-chat,Conflicting classifications of pathogenicity,Uncertain significance,0.6,PM2;BP4,"Richards S, et al. Genet Med. 2015;17(5):405-424",,2.36,
57246,LMNA,kimi-k2.6,Conflicting classifications of pathogenicity,Benign,0.95,BA1;BP4;BP7,"Richards S, et al., Genet Med, 2015; Oza V, et al., Hum Mutat, 2018",,5.17,
400878,TSC2,deepseek-chat,Conflicting classifications of pathogenicity,Pathogenic,0.85,PM2;PM5;PP3;PP5,"Hoogeveen-Westerveld M, et al. Functional assessment of TSC2 variants identified in individuals with tuberous sclerosis complex. Hum Mutat. 2013;34(1):167-175.;Niida Y, et al. Analysis of both TSC1 and TSC2 mutations in a cohort of 199 patients with tuberous sclerosis complex. J Hum Genet. 2001;46(9):510-517.",,3.67,
832642,RELN,deepseek-chat,Conflicting classifications of pathogenicity,Uncertain significance,0.6,PM2;PP3,"Gelot A, et al. J Neuropathol Exp Neurol, 2000;Hong SE, et al. Nat Genet, 2000",,2.29,
140136,ATM,kimi-k2.6,Conflicting classifications of pathogenicity,Uncertain significance,0.3,,"Richards S, et al., Genet Med, 2015; Oza V, et al., Hum Mutat, 2018",,5.06,
400878,TSC2,kimi-k2.6,Conflicting classifications of pathogenicity,Pathogenic,0.85,PS1;PM2;PP2;PP3,"Au KS, Pollack BP, Williams AT, et al. Genet Med. 2007;9(5):318-326; Dabora SL, et al. Genet Med. 2001;3(4):274-280; Sancak O, et al. Eur J Hum Genet. 2005;13(1):68-75",,5.83,
276995,SPTA1,deepseek-chat,Conflicting classifications of pathogenicity,Uncertain significance,0.6,PM2;PP3,"Richards et al., Genet Med, 2015",,2.25,
276995,SPTA1,kimi-k2.6,Conflicting classifications of pathogenicity,Uncertain significance,0.3,,"Richards S, Genet Med, 2015;Gallagher PG, Hematol Oncol Clin North Am, 2018",,3.35,
324619,TSC2,deepseek-chat,Conflicting classifications of pathogenicity,Uncertain significance,0.6,PM2;BP4,"Richards S, et al. Genet Med. 2015;17(5):405-424",,2.13,
832642,RELN,kimi-k2.6,Conflicting classifications of pathogenicity,Uncertain significance,0.3,,"D'Arcangelo G, Curran T, Neuron, 1998;Hong SE, Shugart YY, Nat Genet, 2000;Richards S, Aziz N, Genet Med, 2015",,6.52,
3306082,COL4A3,deepseek-chat,Conflicting classifications of pathogenicity,Pathogenic,0.95,PVS1;PM2_Supporting,"Savige J, et al. Kidney Int. 2013;84(5):920-930;Kamiyoshi N, et al. Hum Mutat. 2016;37(8):790-798",,2.58,
727449,UNC13D,deepseek-chat,Conflicting classifications of pathogenicity,Uncertain significance,0.6,PM2;PP3;BP4,"Richards S, et al. Standards and guidelines for the interpretation of sequence variants. Genet Med. 2015;17(5):405-424.",,2.39,
266791,ADGRV1,kimi-k2.6,Conflicting classifications of pathogenicity,Uncertain significance,0.3,,"Richards S, et al., Genet Med, 2015",,2.4,
324619,TSC2,kimi-k2.6,Conflicting classifications of pathogenicity,Benign,0.95,BA1;BP4;BP7,"Richards S, Genet Med, 2015;TSC2 variant databases and gnomAD population frequency data",,5.36,
266791,ADGRV1,deepseek-chat,Conflicting classifications of pathogenicity,Uncertain significance,0.6,PM2;BP4;BP7,"Richards S, et al. Standards and guidelines for the interpretation of sequence variants. Genet Med. 2015;17(5):405-424.",,2.17,
3306082,COL4A3,kimi-k2.6,Conflicting classifications of pathogenicity,Pathogenic,0.95,PVS1;PM2_Supporting,"ACMG Standards and Guidelines for the interpretation of sequence variants, Richards et al., Genet Med, 2015;Kashtan CE, Alport syndrome and thin basement membrane nephropathy, Nephron Clin Pract, 2006;Savige J et al., Alport syndrome in Australia, Intern Med J, 2011",,5.73,
727449,UNC13D,kimi-k2.6,Conflicting classifications of pathogenicity,Uncertain significance,0.3,,"No specific references available for this variant in major databases (ClinVar, HGMD, gnomAD) as of knowledge cutoff",,5.14,
896212,SYNE1,kimi-k2.6,Conflicting classifications of pathogenicity,Benign,0.85,BP4;BP7,"Richards S, Genet Med, 2015;Ellingford JM, Genome Biol, 2017",,3.1,
194109,COL6A1,deepseek-chat,Conflicting classifications of pathogenicity,Uncertain significance,0.6,PM2;PP3;BP4,"Richards et al., Genet Med, 2015",,2.42,
896212,SYNE1,deepseek-chat,Conflicting classifications of pathogenicity,Uncertain significance,0.6,PM2;BP4,"Richards S, et al. Standards and guidelines for the interpretation of sequence variants. Genet Med. 2015;17(5):405-424.",,2.93,
194109,COL6A1,kimi-k2.6,Conflicting classifications of pathogenicity,Uncertain significance,0.3,,"Richards S, Aziz N, Bale S, et al. Standards and guidelines for the interpretation of sequence variants. Genet Med. 2015;17(5):405-424",,4.11,
1055980,SDHD,deepseek-chat,Conflicting classifications of pathogenicity,Pathogenic,0.95,PVS1;PM2_Supporting,"Baysal BE, et al. Science, 2000;Niemann S, et al. Nat Genet, 2000;Richards S, et al. Genet Med, 2015",,2.9,
1121998,CLPB,deepseek-chat,Conflicting classifications of pathogenicity,Uncertain significance,0.6,PM2;PP3,"Richards et al., Genet Med, 2015",,2.38,
693747,FAH,deepseek-chat,Conflicting classifications of pathogenicity,Uncertain significance,0.6,PM2;BP4;BP7,"Richards et al., Genet Med, 2015;Silva et al., Hum Mutat, 2010",,2.31,
1121998,CLPB,kimi-k2.6,Conflicting classifications of pathogenicity,Uncertain significance,0.3,,"Richards S, et al., Genet Med, 2015;Timmerman S, et al., Am J Hum Genet, 2014 (CLPB-related disease)",,4.57,
693747,FAH,kimi-k2.6,Conflicting classifications of pathogenicity,Uncertain significance,0.3,,"Richards S, et al., Genet Med, 2015; ACMG/AMP sequence variant interpretation guidelines",,4.2,
1055980,SDHD,kimi-k2.6,Conflicting classifications of pathogenicity,Pathogenic,0.95,PVS1;PM2,"Richards S, Genet Med, 2015; Benn DE, J Med Genet, 2000; Neumann HP, N Engl J Med, 2002",,6.03,
282024,DHDDS,deepseek-chat,Conflicting classifications of pathogenicity,Uncertain significance,0.6,BP7;PVS1_Not_applicable,"Richards S, et al. Standards and guidelines for the interpretation of sequence variants. Genet Med. 2015.",,2.43,
282024,DHDDS,kimi-k2.6,Conflicting classifications of pathogenicity,Benign,0.95,BA1;BP7,"Richards S, Genet Med, 2015, PMID: 25741868;Abouelhoda M, Hum Genomics, 2016",,3.9,
694163,AIPL1,deepseek-chat,Conflicting classifications of pathogenicity,Uncertain significance,0.7,PM2;BP4;BP7,"Richards S, et al. Genet Med, 2015",,2.2,
516612,IFIH1,deepseek-chat,Conflicting classifications of pathogenicity,Pathogenic,0.95,PVS1;PM2_Supporting,"Rice GI, et al. Am J Hum Genet, 2014;Oda H, et al. J Med Genet, 2014",,2.38,
241389,POLE,deepseek-chat,Conflicting classifications of pathogenicity,Uncertain significance,0.6,PM2_supporting;PP3_moderate,"Palles et al., Nat Genet, 2013;Rayner et al., Gastroenterology, 2016",,2.25,
241389,POLE,kimi-k2.6,Conflicting classifications of pathogenicity,Uncertain significance,0.3,,"Gupta et al., J Med Genet, 2019;Bell et al., Am J Hum Genet, 2019",,3.58,
174545,WHRN,deepseek-chat,Conflicting classifications of pathogenicity,Uncertain significance,0.7,PM2;BP4;BP7,"Richards et al., Genet Med, 2015",,2.27,
694163,AIPL1,kimi-k2.6,Conflicting classifications of pathogenicity,Pathogenic,0.85,PVS1;PM2,"Sullivan LS, et al., Vision Res, 2006; Soens ZT, et al., Invest Ophthalmol Vis Sci, 2016; Richards S, et al., Genet Med, 2015 (ACMG guidelines)",,6.76,
516612,IFIH1,kimi-k2.6,Conflicting classifications of pathogenicity,Pathogenic,0.95,PVS1;PM2_Supporting,"Rice GI et al., Am J Hum Genet, 2014; Oda H et al., J Allergy Clin Immunol, 2014; ACMG/AMP Standards and Guidelines, Genet Med, 2015",,6.46,
174545,WHRN,kimi-k2.6,Conflicting classifications of pathogenicity,Benign,0.95,BP4;BP7,"Richards S, Genet Med, 2015;Tayebi N, Hum Mutat, 2012",,4.5,
175932,MYO15A,deepseek-chat,Conflicting classifications of pathogenicity,Uncertain significance,0.6,PM2;PP3;BP4,"Wang et al., Nature Genetics, 1998;Liburd et al., Human Mutation, 2001",,2.52,
2843883,DNAJB11,kimi-k2.6,Conflicting classifications of pathogenicity,Uncertain significance,0.3,,,,2.44,
2843883,DNAJB11,deepseek-chat,Conflicting classifications of pathogenicity,Uncertain significance,0.6,PM2;PP3,"Richards et al., Genet Med, 2015",,2.41,
175932,MYO15A,kimi-k2.6,Conflicting classifications of pathogenicity,Uncertain significance,0.3,,"Bahloul et al., J Clin Invest, 2001; Cengiz et al., Am J Hum Genet, 2010; O'Connor et al., Hum Mutat, 2017",,5.43,
567784,POLE,deepseek-chat,Conflicting classifications of pathogenicity,Uncertain significance,0.6,PM2_supporting;PP3_supporting,"Palles et al., Nat Genet, 2013;Rayner et al., Nat Rev Cancer, 2016",,2.34,
443192,COL6A3,deepseek-chat,Conflicting classifications of pathogenicity,Uncertain significance,0.6,PM2;PP3,"Bönnemann CG, et al. Ann Neurol, 2014;Lampe AK, et al. J Med Genet, 2005",,2.28,
443192,COL6A3,kimi-k2.6,Conflicting classifications of pathogenicity,Uncertain significance,0.3,,"Richards S, Genet Med, 2015",,3.29,
567784,POLE,kimi-k2.6,Conflicting classifications of pathogenicity,Uncertain significance,0.3,,"Bellosillo, Hum Mutat, 2017;Palles, Nat Genet, 2013;Spier, Genet Med, 2015",,4.53,
549691,GNPTAB,deepseek-chat,Conflicting classifications of pathogenicity,Uncertain significance,0.6,PM2;PP3,"Kudo M, et al. Nat Genet. 2006;38:711-716;Tiede S, et al. Hum Mol Genet. 2005;14:3075-3086",,2.8,
522483,FLNC,kimi-k2.6,Conflicting classifications of pathogenicity,other,,,,"{""classification"": ""Uncertain significance"",
 ""acmg_rules"": [],
 ""confidence"": 0.3,
 ""evidence_summary"": ""No evidence provided for this FLNC missense variant; p.Gly1285Ser lacks published functional d",3.63,
522483,FLNC,deepseek-chat,Conflicting classifications of pathogenicity,Uncertain significance,0.6,PM2;PP3,"Begay RL, et al. FLNC gene splice mutations cause dilated cardiomyopathy. JACC Basic Transl Sci. 2016;1(5):344-359.;Ortiz-Genga MF, et al. Truncating FLNC mutations are associated with high-risk dilated and arrhythmogenic cardiomyopathies. J Am Coll Cardiol. 2016;68(22):2440-2451.",,3.26,
686646,DNAH5,kimi-k2.6,Conflicting classifications of pathogenicity,Uncertain significance,0.3,,"Richards S, et al., Genet Med, 2015; ACMG Sequence Variant Interpretation Guidelines",,2.99,
549691,GNPTAB,kimi-k2.6,Conflicting classifications of pathogenicity,Pathogenic,0.75,PM1;PM2;PP3;PP4,"Tiede S, et al., Eur J Hum Genet, 2005;Cathey SS, et al., Nat Genet, 2010;Kollmann K, et al., Hum Mutat, 2010",,4.41,
686646,DNAH5,deepseek-chat,Conflicting classifications of pathogenicity,Uncertain significance,0.6,PM2;PP3;BP4,"Hoefele et al., Am J Hum Genet, 2005;Horani et al., Am J Respir Crit Care Med, 2013",,2.41,
105494,CRX,deepseek-chat,Conflicting classifications of pathogenicity,Uncertain significance,0.6,PM2;PP3;PP4,"Freund et al., Nat Genet, 1997;Chen et al., Hum Mol Genet, 1997;Hull et al., Invest Ophthalmol Vis Sci, 2014",,2.66,
2414162,TNRC6B,deepseek-chat,Conflicting classifications of pathogenicity,Uncertain significance,0.6,PM2_supporting;PP3,"Richards et al., Genet Med, 2015",,2.17,
3706410,COL4A3,deepseek-chat,Conflicting classifications of pathogenicity,Pathogenic,0.85,PM1;PM2;PP3;PP4,"Savige J, et al. Kidney Int. 2021;99(5):1087-1098.;Richards S, et al. Genet Med. 2015;17(5):405-424.",,2.98,
2414162,TNRC6B,kimi-k2.6,Conflicting classifications of pathogenicity,Uncertain significance,0.2,,"Richards S, et al., Genet Med, 2015;Oza V, et al., Hum Mutat, 2018",,3.29,
105494,CRX,kimi-k2.6,Conflicting classifications of pathogenicity,Pathogenic,0.75,PM1;PM2;PP2;PP3,"Freund et al., Nat Genet, 1997; Swaroop et al., Hum Mol Genet, 1999; den Hollander et al., Am J Hum Genet, 2008; ACMG/AMP Sequence Variant Interpretation Guidelines, Genet Med, 2015",,6.21,
2123592,POLR1A,deepseek-chat,Conflicting classifications of pathogenicity,Uncertain significance,0.6,PM2;PP3,"Richards et al., Genet Med, 2015",,2.31,
2123592,POLR1A,kimi-k2.6,Conflicting classifications of pathogenicity,Uncertain significance,0.3,,"Snaideri N et al., Am J Hum Genet, 2022",,3.09,
176709,LOXHD1,deepseek-chat,Conflicting classifications of pathogenicity,Uncertain significance,0.6,PM2;PP3,"Grillet et al., J Neurosci, 2009;Schrauwen et al., Hum Mutat, 2016",,2.53,
3706410,COL4A3,kimi-k2.6,Conflicting classifications of pathogenicity,Pathogenic,0.85,PVS1_Strong;PM2;PP3,"Bateman JF, Hum Mutat, 1990; Mochizuki T, Hum Mol Genet, 1994; Richards S, Genet Med, 2015; Kashtan CE, Alport syndrome, GeneReviews, 2018",,6.25,
133582,PALB2,deepseek-chat,Conflicting classifications of pathogenicity,Uncertain significance,0.6,PM2;PP3;BP4,"Richards et al., Genet Med, 2015",,2.59,
176709,LOXHD1,kimi-k2.6,Conflicting classifications of pathogenicity,Uncertain significance,0.3,,"Booth KT et al., Am J Hum Genet, 2018; Eppsteiner RW et al., Otolaryngol Head Neck Surg, 2014",,4.79,
507307,GSS,deepseek-chat,Conflicting classifications of pathogenicity,Uncertain significance,0.7,PM2;BP4;BP7,"Richards et al., Genet Med, 2015",,2.11,
410018,BRCA1,deepseek-chat,Conflicting classifications of pathogenicity,Uncertain significance,0.6,PM2;PP3;BP4,"Richards S, et al. Genet Med. 2015;17(5):405-424",,2.24,
507307,GSS,kimi-k2.6,Conflicting classifications of pathogenicity,Benign,0.95,BP7;BP4,"ACMG, Genet Med, 2015; Richards et al., 2015",,4.39,
410018,BRCA1,kimi-k2.6,Conflicting classifications of pathogenicity,Pathogenic,0.85,PS1;PM5;PP2;PP3,"Petrucelli N, et al. Genet Med. 2016;18(12):1165-1176;Easton DF, et al. Am J Hum Genet. 2007;81(3):873-883;Findlay GM, et al. Nature. 2018;562(7726):217-222;BRCA Exchange database, accessed 2024",,4.38,
182143,MSH6,deepseek-chat,Conflicting classifications of pathogenicity,Uncertain significance,0.7,PM2;BP4;BP7,"Richards S, et al. Genet Med. 2015;17(5):405-424",,2.5,
182143,MSH6,kimi-k2.6,Conflicting classifications of pathogenicity,Benign,0.95,BP4;BP7,"Richards S, Genet Med, 2015; ACMG Sequence Variant Interpretation Working Group recommendations",,4.0,
133582,PALB2,kimi-k2.6,Conflicting classifications of pathogenicity,Pathogenic,0.75,PS1;PM2;PP2;PP3,"Tischkowitz M, et al., J Med Genet, 2012; Rahman N, et al., Nat Genet, 2007; Foulkes WD, et al., J Med Genet, 2007; Erkko H, et al., Nature, 2007; Antoniou AC, et al., Lancet Oncol, 2014",,7.29,
286208,TTN,deepseek-chat,Conflicting classifications of pathogenicity,Uncertain significance,0.6,PM2;PP3,"Herman DS, et al. N Engl J Med, 2012;Roberts AM, et al. Sci Transl Med, 2015",,2.65,
241951,DICER1,deepseek-chat,Conflicting classifications of pathogenicity,Uncertain significance,0.6,PM2;PP3;BP4,"Gonzalez et al., Human Mutation, 2022;Foulkes et al., Journal of Medical Genetics, 2014",,2.91,
241353,POLE,deepseek-chat,Conflicting classifications of pathogenicity,Uncertain significance,0.6,PM2_supporting;PP3_moderate,"Palles et al., Nat Genet, 2013;Briggs & Tomlinson, Nat Rev Cancer, 2013",,2.57,
241951,DICER1,kimi-k2.6,Conflicting classifications of pathogenicity,Uncertain significance,0.3,,"Richards S, Aziz N, Bale S, et al. Standards and guidelines for the interpretation of sequence variants: a joint consensus recommendation of the American College of Medical Genetics and Genomics and the Association for Molecular Pathology. Genet Med. 2015;17(5):405-424.",,5.17,
889915,EGF,deepseek-chat,Conflicting classifications of pathogenicity,Uncertain significance,0.6,PM2;BP4;BP7,"Richards S, et al. Genet Med. 2015;17(5):405-424;Silva et al. Hum Mutat. 2019 (in silico prediction tools)",,2.62,
286208,TTN,kimi-k2.6,Conflicting classifications of pathogenicity,Uncertain significance,0.3,,"Anderson J, et al., Neuromuscul Dis, 2018;Savarese M, et al., Eur J Hum Genet, 2018;Gelb B, et al., Genet Med, 2021",,6.43,
241353,POLE,kimi-k2.6,Conflicting classifications of pathogenicity,Uncertain significance,0.3,,"Richards S, et al., Genet Med, 2015; PMID: 25741868",,5.08,
616998,BAP1,deepseek-chat,Conflicting classifications of pathogenicity,Uncertain significance,0.6,PM2;PP3,"Richards et al., Genet Med, 2015;NCBI ClinVar, 2024",,2.71,
889915,EGF,kimi-k2.6,Conflicting classifications of pathogenicity,Benign,0.95,BA1;BP4;BP7,"ACMG Standards and Guidelines for the interpretation of sequence variants, Richards et al., Genet Med, 2015;Sherloc: a comprehensive refinement of the ACMG-AMP variant classification criteria, Harrison et al., Hum Mutat, 2017",,5.85,
616998,BAP1,kimi-k2.6,Conflicting classifications of pathogenicity,Uncertain significance,0.3,,"Rai K, BMC Med Genet, 2016;Wiesner T, Nat Genet, 2011;ACMG/AMP Standards and Guidelines, Genet Med, 2015",,3.56,
196569,RYR2,deepseek-chat,Conflicting classifications of pathogenicity,Uncertain significance,0.6,PM2;PP3;PP4,"Landstrom et al., Circulation, 2008;Priori et al., Circulation, 2013",,2.41,
237415,SYNE4,deepseek-chat,Conflicting classifications of pathogenicity,Uncertain significance,0.6,PM2;PP3,"Richards et al., Genet Med, 2015",,2.22,
542936,PCCB,deepseek-chat,Conflicting classifications of pathogenicity,Pathogenic,0.85,PM2;PM3;PP3;PP4,"Richards et al., Genet Med, 2015",,2.65,
542936,PCCB,kimi-k2.6,Conflicting classifications of pathogenicity,Pathogenic,0.75,PS1;PM3;PP2;PP3,"Pérez-Cerdá et al., Eur J Hum Genet, 2010; Desviat et al., Mol Genet Metab, 2009; Lee et al., Orphanet J Rare Dis, 2014",,4.58,
324649,HMBS,kimi-k2.6,Conflicting classifications of pathogenicity,Uncertain significance,0.3,,"Richards S, et al., Genet Med, 2015;Bustos M, et al., Mol Genet Metab, 2018",,3.09,
196569,RYR2,kimi-k2.6,Conflicting classifications of pathogenicity,Uncertain significance,0.3,,"Priori SG, Napolitano C, Memmi M, et al. Clinical and molecular characterization of patients with catecholaminergic polymorphic ventricular tachycardia. Circulation. 2002;106(1):69-74.;Liu G, et al. Phenotype-guided and gene-specific clinical interpretations of genetic variants. Mol Genet Genomic Med. 2019;7(9):e852.;Richards S, Aziz N, Bale S, et al. Standards and guidelines for the interpretation of sequence variants: a joint consensus recommendation of the American College of Medical Genetics and Genomics and the Association for Molecular Pathology. Genet Med. 2015;17(5):405-424.",,6.14,
237415,SYNE4,kimi-k2.6,Conflicting classifications of pathogenicity,Uncertain significance,0.3,,"Zhang et al., Am J Hum Genet, 2013 (SYNE4/DFNB76 discovery)",,4.48,
324649,HMBS,deepseek-chat,Conflicting classifications of pathogenicity,Uncertain significance,0.6,PM2;PP3,"Richards S, et al. Standards and guidelines for the interpretation of sequence variants. Genet Med. 2015;17(5):405-424.",,2.92,
654694,MYO7A,deepseek-chat,Conflicting classifications of pathogenicity,Uncertain significance,0.6,PM2;PP3,"Weil et al., Nat Genet, 1995;Kelley et al., Am J Hum Genet, 1997",,2.73,
287650,PEX13,deepseek-chat,Conflicting classifications of pathogenicity,Uncertain significance,0.6,PM2;PP3,"Reuter et al., Hum Mutat, 2017;Ebberink et al., Orphanet J Rare Dis, 2011",,2.28,
287650,PEX13,kimi-k2.6,Conflicting classifications of pathogenicity,Uncertain significance,0.3,,"Richards S, et al., Genet Med, 2015; ACMG/AMP Sequence Variant Interpretation Guidelines",,2.97,
654694,MYO7A,kimi-k2.6,Conflicting classifications of pathogenicity,Uncertain significance,0.3,,"Richards S, Genet Med, 2015;Oza V, Hum Mutat, 2018 (MYO7A variant interpretation)",,4.04,
142746,SCN5A,deepseek-chat,Conflicting classifications of pathogenicity,Uncertain significance,0.6,PM4;BP4;BP7,"Richards S, et al. Standards and guidelines for the interpretation of sequence variants. Genet Med. 2015;17(5):405-424.",,2.4,
142746,SCN5A,kimi-k2.6,Conflicting classifications of pathogenicity,Benign,0.95,BA1;BP4;BP7,"Richards S, Genet Med, 2015; Oates S, Hum Mutat, 2018",,3.89,
588284,CHD7,deepseek-chat,Conflicting classifications of pathogenicity,Uncertain significance,0.6,PM2_supporting;PP3_moderate,"Janssen N, et al. Hum Mutat. 2012;33(1):72-80.;Zentner GE, et al. Am J Hum Genet. 2010;87(4):554-564.",,3.38,
940469,STK11,deepseek-chat,Conflicting classifications of pathogenicity,Pathogenic,0.85,PVS1;PM2;PP3,"Richards et al., Genet Med, 2015;Hearle et al., J Med Genet, 2006",,3.21,
176574,LOXHD1,deepseek-chat,Conflicting classifications of pathogenicity,Uncertain significance,0.6,PM2;BP4;BP7,"Richards S, et al. Genet Med. 2015;17(5):405-424",,2.16,
588284,CHD7,kimi-k2.6,Conflicting classifications of pathogenicity,Pathogenic,0.85,PS1;PM2;PP2;PP3,"Bergman JE, et al., Am J Med Genet A, 2011; Janssen N, et al., Hum Mutat, 2012; Zentner GE, et al., Hum Mutat, 2010; Lalani SR, et al., J Med Genet, 2006",,5.23,
176574,LOXHD1,kimi-k2.6,Conflicting classifications of pathogenicity,Benign,0.95,BA1;BP4;BP7,"Richards S, Genet Med, 2015; ACMG/AMP sequence variant interpretation guidelines",,3.53,
940469,STK11,kimi-k2.6,Conflicting classifications of pathogenicity,Pathogenic,0.85,PVS1;PM2,"Richards S, Genet Med, 2015;Hearing JT, Hum Mutat, 2020;Resta RG, Genet Med, 2018",,6.12,
101959,NSD1,deepseek-chat,Conflicting classifications of pathogenicity,Uncertain significance,0.6,PM2;PP3,"Tatton-Brown K, et al. NSD1 mutations in Sotos syndrome. Am J Hum Genet, 2005;Douglas J, et al. NSD1 mutations are the major cause of Sotos syndrome. Am J Hum Genet, 2003",,2.79,
2401693,MCOLN1,deepseek-chat,Conflicting classifications of pathogenicity,Uncertain significance,0.6,PM2;PP3,"Bargal R, et al. Nature Genetics, 2000;Slaugenhaupt SA, et al. American Journal of Human Genetics, 1999",,2.68,
899426,WRN,deepseek-chat,Conflicting classifications of pathogenicity,Benign,0.9,BP4;BP7,"Richards et al., Genet Med, 2015",,1.9,
101959,NSD1,kimi-k2.6,Conflicting classifications of pathogenicity,Pathogenic,0.75,PS1;PM2;PP2;PP3,"Kurotaki et al., Nat Genet, 2002; Douglas et al., Am J Hum Genet, 2003; Tatton-Brown et al., Eur J Hum Genet, 2005; Sotos syndrome, GeneReviews, 2012",,6.5,
2401693,MCOLN1,kimi-k2.6,Conflicting classifications of pathogenicity,Pathogenic,0.85,PVS1;PM2;PP3;PP4,"Bargal R, et al., Am J Hum Genet, 2001; Slaugenhaupt SA, et al., Am J Hum Genet, 1999; Sun M, et al., Hum Mutat, 2008",,5.59,
899426,WRN,kimi-k2.6,Conflicting classifications of pathogenicity,Uncertain significance,0.3,,"Richards S, Aziz N, Bale S, et al. Standards and guidelines for the interpretation of sequence variants: a joint consensus recommendation of the American College of Medical Genetics and Genomics and the Association for Molecular Pathology. Genet Med. 2015;17(5):405-424.",,5.04,
50172,TSC2,deepseek-chat,Conflicting classifications of pathogenicity,Uncertain significance,0.6,PM2_supporting;PP3_moderate,"Richards S, et al. Standards and guidelines for the interpretation of sequence variants. Genet Med. 2015;17(5):405-424.",,2.65,
50172,TSC2,kimi-k2.6,Conflicting classifications of pathogenicity,Uncertain significance,0.3,,"Northrup et al., Genet Med, 2011;TSC1/TSC2 variant databases (LOVD, ClinVar)",,4.99,
174000,DSP,kimi-k2.6,Conflicting classifications of pathogenicity,Uncertain significance,0.3,,"Richards S, et al., Genet Med, 2015",,3.58,
174000,DSP,deepseek-chat,Conflicting classifications of pathogenicity,Uncertain significance,0.6,PM2;PP3;BP4,"Richards et al., Genet Med, 2015",,2.13,
275407,DMD,deepseek-chat,Conflicting classifications of pathogenicity,Uncertain significance,0.7,PM2;BP4;BP7,"Richards S, et al. Genet Med. 2015;17(5):405-424;Aartsma-Rus A, et al. Hum Mutat. 2009;30(3):293-299",,3.09,
221220,MSH2,kimi-k2.6,Conflicting classifications of pathogenicity,Uncertain significance,0.3,,"Richards S, Genet Med, 2015;National Center for Biotechnology Information, ClinVar, accessed 2024",,2.87,
221220,MSH2,deepseek-chat,Conflicting classifications of pathogenicity,Uncertain significance,0.6,PM2;PP3,"Richards et al., Genet Med, 2015",,2.04,
275407,DMD,kimi-k2.6,Conflicting classifications of pathogenicity,Benign,0.95,BP4;BP7,"Richards et al., Genet Med, 2015; den Dunnen et al., Hum Mutat, 2016",,3.75,
515874,NLRP3,deepseek-chat,Conflicting classifications of pathogenicity,Uncertain significance,0.6,PM2;PP3;PP4,"Hoffman HM et al., Nat Genet, 2001;Masters SL et al., Annu Rev Immunol, 2009;Richards S et al., Genet Med, 2015",,3.16,
727706,ELP2,deepseek-chat,Conflicting classifications of pathogenicity,Uncertain significance,0.6,PM2;PP3,"Richards et al., Genet Med, 2015",,2.27,
515874,NLRP3,kimi-k2.6,Conflicting classifications of pathogenicity,Pathogenic,0.75,PS1;PM1;PM2;PP2;PP3,"Aksentijevich I, Medicine (Baltimore), 2007; Neven B, Rheumatology (Oxford), 2010; Kuemmerle-Deschner JB, Nat Rev Rheumatol, 2015; OMIM #606416; ClinVar Variation ID: 14222",,4.85,
719065,RPE65,deepseek-chat,Conflicting classifications of pathogenicity,Pathogenic,0.9,PS1;PM2;PP3;PP5,"Gu SM, et al. Nat Genet. 1997;17(2):194-197;Marlhens F, et al. Nat Genet. 1997;17(2):139-141;Thompson DA, et al. Hum Mol Genet. 2000;9(3):431-438",,2.95,
727706,ELP2,kimi-k2.6,Conflicting classifications of pathogenicity,Uncertain significance,0.2,,,,3.85,
719065,RPE65,kimi-k2.6,Conflicting classifications of pathogenicity,Pathogenic,0.75,PM1;PM2;PP2;PP3;PP4,"Thompson et al., Nat Genet, 2000; den Hollander et al., Invest Ophthalmol Vis Sci, 2008; Bowne et al., Hum Mutat, 2009",,4.07,
266675,SYNE1,deepseek-chat,Conflicting classifications of pathogenicity,Uncertain significance,0.7,PM2;BP4;BP7,"Richards S, et al. Genet Med. 2015;17:405-424;Silva et al. Hum Mutat. 2019 (in silico prediction tools)",,3.01,
503719,B4GAT1,deepseek-chat,Conflicting classifications of pathogenicity,Uncertain significance,0.3,PM2,"Richards S, et al. Standards and guidelines for the interpretation of sequence variants. Genet Med. 2015;17(5):405-424.",,2.4,
503719,B4GAT1,kimi-k2.6,Conflicting classifications of pathogenicity,Uncertain significance,0.3,,"Richards S, et al., Genet Med, 2015;Tavtigian SV, et al., Hum Mutat, 2018",,3.08,
133195,BARD1,kimi-k2.6,Conflicting classifications of pathogenicity,Uncertain significance,0.3,,"Rudolph A, et al., Breast Cancer Res Treat, 2013; De Brakeleer S, et al., Breast Cancer Res Treat, 2010; Lee A, et al., J Med Genet, 2016",,3.01,
266675,SYNE1,kimi-k2.6,Conflicting classifications of pathogenicity,Benign,0.85,BP7;BA1,"Richards S, et al., Genet Med, 2015; ACMG/AMP sequence variant interpretation guidelines",,4.69,
133195,BARD1,deepseek-chat,Conflicting classifications of pathogenicity,Uncertain significance,0.6,PM2;PP3;BP4,"Richards S, et al. Standards and guidelines for the interpretation of sequence variants. Genet Med. 2015;17(5):405-424.",,2.75,
213671,AR,deepseek-chat,Conflicting classifications of pathogenicity,Uncertain significance,0.6,PM2;PP3;BP4,"Richards et al., Genet Med, 2015",,2.3,
20468,HSPB3,kimi-k2.6,Conflicting classifications of pathogenicity,Uncertain significance,0.3,,,,2.25,
472851,MSH2,deepseek-chat,Conflicting classifications of pathogenicity,Pathogenic,0.85,PVS1_Moderate;PM2_Supporting;PS4_Supporting,"Ligtenberg MJ, et al. Hum Mutat, 2000;Thompson BA, et al. Nat Genet, 2014;Kleinberger J, et al. Cancer Genet, 2016",,3.5,
20468,HSPB3,deepseek-chat,Conflicting classifications of pathogenicity,Uncertain significance,0.6,PM2;PP3,"Kolb SJ, et al. Mutant small heat shock protein B3 causes motor neuropathy. Neurology. 2010;75(8):710-716.;Nam DE, et al. HSPB3 variants in Korean patients with Charcot-Marie-Tooth disease. J Peripher Nerv Syst. 2020;25(3):278-283.",,3.47,
490465,DYSF,deepseek-chat,Conflicting classifications of pathogenicity,Uncertain significance,0.6,PM2;PP3;BP4,"Richards et al., Genet Med, 2015",,2.06,
213671,AR,kimi-k2.6,Conflicting classifications of pathogenicity,Pathogenic,0.75,PS4;PM2;PP3;PP4,"Hughes IA, Deeb A, Bouchard P, et al. Androgen insensitivity syndrome. Semin Reprod Med. 2006;24(4):287-299;Hughes IA, Werner R, Bunch T, et al. Androgen insensitivity syndrome. Semin Reprod Med. 2012;30(5):432-442;Gottlieb B, Beitel LK, Trifiro M. The AR gene and male infertility. Hum Reprod Update. 2000;6(4):292-299",,7.53,
308117,PKHD1,deepseek-chat,Conflicting classifications of pathogenicity,Uncertain significance,0.7,PVS1_Not_applicable;PM2_supporting;BP4_supporting;BP7_supporting,"Richards et al., Genet Med, 2015",,2.61,
490465,DYSF,kimi-k2.6,Conflicting classifications of pathogenicity,Pathogenic,0.75,PS1;PM2;PP3,"Nguyen et al., Neuromuscular Disorders, 2007; Aoki et al., Journal of Human Genetics, 2001; Paradas et al., Neurology, 2010",,5.38,
308117,PKHD1,kimi-k2.6,Conflicting classifications of pathogenicity,Uncertain significance,0.3,,"Richards S, et al., Genet Med, 2015; ACMG/AMP sequence variant interpretation guidelines",,3.51,
634570,LAMA2,kimi-k2.6,Conflicting classifications of pathogenicity,Uncertain significance,0.3,,"Richards S, Genet Med, 2015;Carter O, Neuromuscul Disord, 2017",,3.16,
472851,MSH2,kimi-k2.6,Conflicting classifications of pathogenicity,Pathogenic,0.85,PVS1_Strong;PM2,"Richards S, Genet Med, 2015;Tavtigian SV, Hum Mutat, 2018;Brnich SE, Nat Rev Genet, 2020",,8.09,
634570,LAMA2,deepseek-chat,Conflicting classifications of pathogenicity,Uncertain significance,0.6,PM2;PP3,"Sparks SE, Quijano-Roy S, Harper A, et al. LAMA2-Related Muscular Dystrophy. GeneReviews. 2012.;Richards S, Aziz N, Bale S, et al. Standards and guidelines for the interpretation of sequence variants. Genet Med. 2015;17(5):405-424.",,3.24,
333448,COL4A1,deepseek-chat,Conflicting classifications of pathogenicity,Uncertain significance,0.6,PM2;PP3;PP2,"Richards et al., Genet Med, 2015",,2.78,
547761,HEXA,deepseek-chat,Conflicting classifications of pathogenicity,Uncertain significance,0.6,PM2;BP4,"Richards S, et al. Genet Med. 2015;17(5):405-424",,2.35,
963506,LRP2,deepseek-chat,Conflicting classifications of pathogenicity,Uncertain significance,0.6,PM2_supporting;PP3_supporting,"Richards et al., Genet Med, 2015",,1.96,
2943754,LDLR,kimi-k2.6,Conflicting classifications of pathogenicity,Pathogenic,0.85,PS1;PM2;PP2;PP3;PP4,"Varret C, et al. Hum Mutat. 2008; Fouchier S, et al. Hum Mutat. 2012; Santos RD, et al. Atherosclerosis. 2016",,3.05,
2943754,LDLR,deepseek-chat,Conflicting classifications of pathogenicity,Pathogenic,0.85,PM2;PM5;PP3;PP4,"Hobbs HH, et al. Hum Mutat, 1992;Leigh SE, et al. J Med Genet, 1993;Varret M, et al. Am J Hum Genet, 1998",,3.55,
333448,COL4A1,kimi-k2.6,Conflicting classifications of pathogenicity,Uncertain significance,0.3,,"Gould DB, et al. Nat Genet. 2005;37(11):1168-73;Plaisier E, et al. Kidney Int. 2007;71(9):918-24;Richards S, et al. Genet Med. 2015;17(5):405-24",,8.11,
963506,LRP2,kimi-k2.6,Conflicting classifications of pathogenicity,Uncertain significance,0.3,,"Kantarci S, et al. Am J Hum Genet. 2007;81(5):1040-1046;Storm T, et al. Hum Mutat. 2022;43(8):1039-1054",,6.79,
730057,NEB,deepseek-chat,Conflicting classifications of pathogenicity,Uncertain significance,0.6,PM2;PVS1_Moderate,"Richards S, et al. Standards and guidelines for the interpretation of sequence variants. Genet Med. 2015;17(5):405-424.",,2.65,
547761,HEXA,kimi-k2.6,Conflicting classifications of pathogenicity,Benign,0.9,BP4;BP7,"Richards S, et al., Genet Med, 2015;Tay-Sachs disease mutation database, http://www.hexadb.com/",,9.13,
730057,NEB,kimi-k2.6,Conflicting classifications of pathogenicity,Uncertain significance,0.3,,"ACMG Standards and Guidelines for the interpretation of sequence variants, Richards et al., Genet Med, 2015;NEB-related nemaline myopathy, Lehtokari et al., Hum Mutat, 2014",,5.1,
