AlleleID,GeneSymbol,model,prompt_class,llm_class,confidence,acmg_rules,references,parse_error,time_s,notes
16374,CEP290,deepseek-chat,Likely pathogenic,Uncertain significance,0.6,PM2_supporting;PP3_moderate,"Coppieters F, et al. Hum Mutat, 2010;Drivas TG, et al. Am J Hum Genet, 2015",,2.97,
15622,PAH,deepseek-chat,Pathogenic,Pathogenic,0.85,PM2;PM5;PP3;PP4,"Guldberg et al., Am J Hum Genet, 1998;Blau et al., J Inherit Metab Dis, 2014",,3.08,
15622,PAH,deepseek-coder,Pathogenic,Pathogenic,0.85,PM2;PM5;PP3;PP4,"Guldberg et al., Am J Hum Genet, 1998;Zekanowski et al., Hum Mutat, 1997;Wettstein et al., Hum Mutat, 2003",,3.25,
16374,CEP290,deepseek-coder,Likely pathogenic,Uncertain significance,0.6,PM2;PP3,"Coppieters F, et al. Hum Mutat, 2010;Drivas TG, et al. Am J Hum Genet, 2015",,3.35,
16376,CEP290,deepseek-chat,Pathogenic,Uncertain significance,0.6,PM2;PVS1_Strength_Modified,"Richards et al., Genet Med, 2015",,2.42,
16376,CEP290,deepseek-coder,Pathogenic,Uncertain significance,0.6,PM2;PVS1_Moderate,"Richards et al., Genet Med, 2015",,2.55,
16374,CEP290,kimi-k2.6,Likely pathogenic,Uncertain significance,0.3,,"The CEP290 gene is associated with Joubert syndrome 5 (OMIM 610188), Senior-Løken syndrome 6 (OMIM 610189), and Leber congenital amaurosis 10 (OMIM 611755); no specific publications found for c.21G>T (p.Trp7Cys) variant",,7.01,
16378,CEP290,deepseek-chat,Pathogenic,Pathogenic,0.95,PVS1;PM2;PVS1_Strong,"den Hollander et al., Am J Hum Genet, 2006;Coppieters et al., Hum Mutat, 2010",,2.37,
15622,PAH,kimi-k2.6,Pathogenic,Pathogenic,0.85,PS1;PM2;PP3;PP4,"Scriver CR, McKusick VA, The metabolic and molecular bases of inherited disease, 2001;Fitzpatrick P, Heredity, 2019;Guldberg P, Eur J Hum Genet, 1998",,8.02,
16378,CEP290,deepseek-coder,Pathogenic,Pathogenic,0.95,PVS1;PM2;PVS1_Strong,"den Hollander et al., Am J Hum Genet, 2006;Coppieters et al., Hum Mutat, 2010",,2.35,
16378,CEP290,kimi-k2.6,Pathogenic,Pathogenic,0.99,PVS1;PM2_Supporting,"Richards S, Genet Med, 2015; Oud MM, Am J Hum Genet, 2007; den Hollander AI, Am J Hum Genet, 2006",,5.49,
16997,ADA,deepseek-chat,Pathogenic,Uncertain significance,0.6,PM2;PP3;PP4,"Richards et al., Genet Med, 2015",,2.15,
16997,ADA,deepseek-coder,Pathogenic,Pathogenic,0.75,PM2;PM3;PP3;PP4,"Hershfield, M. GeneReviews, 2006;Vilarinho et al., J Inherit Metab Dis, 2016",,2.75,
16376,CEP290,kimi-k2.6,Pathogenic,Pathogenic,0.85,PVS1;PM2,"Bujakowska et al., PNAS, 2009;Yzer et al., Ophthalmic Genet, 2012;The CEP290 gene is a major cause of Leber congenital amaurosis; the c.2991+1655A>G (also known as p.Cys998X or IVS26+1655A>G) is one of the most common pathogenic variants causing LCA and Joubert syndrome, with multiple reports demonstrating it creates a strong cryptic splice donor site leading to premature termination.",,7.89,
17010,ADA,deepseek-chat,Likely pathogenic,Uncertain significance,0.6,PM2;PP3,"ACMG/AMP 2015 guidelines (Richards et al., Genet Med, 2015)",,2.26,
17010,ADA,deepseek-coder,Likely pathogenic,Uncertain significance,0.6,PM2;PP3,Not applicable - no specific publication identified for this variant,,2.33,
16997,ADA,kimi-k2.6,Pathogenic,Pathogenic,0.75,PVS1;PM2;PP3,"Hershfield, Immunodeficiency disorders, 2003;Adzhubei et al., Nat Methods, 2010;Karczewski et al., Nature, 2020",,5.61,
17045,SGCG,deepseek-chat,Pathogenic,Uncertain significance,0.6,PM2;PP3,"Richards et al., Genet Med, 2015",,2.08,
17010,ADA,kimi-k2.6,Likely pathogenic,Pathogenic,0.75,PM1;PM2;PP3;PP4,"Hershfield, Immunol Rev, 2003; Arredondo-Villalobos, Immunotherapy, 2012; Kohn, Blood, 2017",,5.17,
17045,SGCG,deepseek-coder,Pathogenic,Uncertain significance,0.6,PM2;PP3,"Richards S, et al. Standards and guidelines for the interpretation of sequence variants. Genet Med. 2015;17(5):405-424.",,2.26,
17048,SGCG,deepseek-coder,Pathogenic,Uncertain significance,0.6,PM2;PP3,"Richards S, et al. Standards and guidelines for the interpretation of sequence variants. Genet Med. 2015;17(5):405-424.",,2.36,
17048,SGCG,deepseek-chat,Pathogenic,Uncertain significance,0.6,PM2;PP3,"Noguchi S, et al. J Biol Chem, 1995;McNally EM, et al. PNAS, 1996",,2.69,
17202,ANO5,deepseek-chat,Pathogenic,Uncertain significance,0.6,PM2_supporting;PP3_moderate,"Richards S, et al. Genet Med. 2015;17(5):405-424",,2.42,
17048,SGCG,kimi-k2.6,Pathogenic,Uncertain significance,0.3,,,,3.44,
17045,SGCG,kimi-k2.6,Pathogenic,Pathogenic,0.85,PVS1_Strong;PM2;PP3,"Anderson, Neurology, 2000; Duggan, Am J Hum Genet, 1997; Richards, Genet Med, 2015; Kopanos, Hum Mutat, 2019",,5.97,
17202,ANO5,kimi-k2.6,Pathogenic,Uncertain significance,0.3,,"Sarkozy et al., Am J Hum Genet, 2013; Bolduc et al., Hum Mutat, 2010",,3.84,
17202,ANO5,deepseek-coder,Pathogenic,Uncertain significance,0.6,PM2_supporting;PP3_moderate,No specific references provided for this variant,,2.34,
17204,ANO5,deepseek-coder,Likely pathogenic,Uncertain significance,0.6,PM2;PP3,"Genome Aggregation Database (gnomAD), 2023;Rentzsch et al., Nucleic Acids Research, 2019",,2.65,
17204,ANO5,deepseek-chat,Likely pathogenic,Uncertain significance,0.6,PM2;PP3,"Clemente et al., Neuromuscul Disord, 2010;Bouquet et al., Neuromuscul Disord, 2012",,2.7,
19071,GAA,deepseek-chat,Pathogenic,Uncertain significance,0.6,PM2;PP3;PP4,"Richards et al., Genet Med, 2015",,2.31,
19071,GAA,deepseek-coder,Pathogenic,Uncertain significance,0.6,PM2;PP3;BP4,"Richards et al., Genet Med, 2015",,1.93,
19190,GP1BA,deepseek-chat,Likely pathogenic,Pathogenic,0.99,PVS1;PM2;PVS1_Strong,"Lanza F, et al. Blood, 1993;Savoia A, et al. Hum Mutat, 2014",,2.27,
19071,GAA,kimi-k2.6,Pathogenic,Uncertain significance,0.3,,"Richards S, et al., Genet Med, 2015;Kroos MA, et al., Eur J Hum Genet, 2012",,4.08,
19190,GP1BA,deepseek-coder,Likely pathogenic,Pathogenic,0.99,PVS1;PM2;PP5,"Kunishima S, et al. Thromb Haemost. 2006;Lanza F, et al. Br J Haematol. 2006",,2.41,
21710,DYSF,deepseek-coder,Likely pathogenic,Uncertain significance,0.6,PM2;PP3,"Richards et al., Genet Med, 2015",,2.0,
17204,ANO5,kimi-k2.6,Likely pathogenic,Pathogenic,0.75,PVS1;PM2;PP3,"Sarkozy A, Neuromuscul Disord, 2013;Liewluck T, Neurology, 2013;ANO5-related muscle disease is associated with loss-of-function variants; PMID: 23545885, 23664120",,7.55,
19190,GP1BA,kimi-k2.6,Likely pathogenic,Pathogenic,0.95,PVS1;PM2,"Richards S, Genet Med, 2015;Othman M, J Thromb Haemost, 2013;Nurden AT, Blood Rev, 2006",,5.12,
21710,DYSF,deepseek-chat,Likely pathogenic,Uncertain significance,0.6,PM2;PP3;PP4,"Aartsma-Rus A, et al. DYSF gene. J Med Genet. 2009;Therrien C, et al. Mutations in DYSF. Hum Mutat. 2006",,2.92,
21710,DYSF,kimi-k2.6,Likely pathogenic,Uncertain significance,0.3,,"Anderson LV, Davison K, 1999, Neuromuscul Disord;Nguyen K, Bassez G, 2005, Neurology",,5.65,
21715,DYSF,deepseek-chat,Pathogenic,Pathogenic,0.99,PVS1;PM2;PVS1_Strong,"Bashir R, et al. Nat Genet. 1998;20(1):37-42;Liu J, et al. Nat Genet. 1998;20(1):31-36",,2.81,
21715,DYSF,deepseek-coder,Pathogenic,Pathogenic,0.99,PVS1;PM2;PVS1_Strong,"Bashir R, et al. Hum Mol Genet. 1998;7(3):425-431;Liu J, et al. Nat Genet. 1998;20(1):31-36",,3.01,
21715,DYSF,kimi-k2.6,Pathogenic,Pathogenic,0.95,PVS1;PM2,"Nguyen et al., Am J Hum Genet, 2005; Aoki et al., Neurology, 2001",,4.48,
22880,PTEN,deepseek-chat,Likely pathogenic,Pathogenic,0.85,PS1;PM2;PM5;PP3,"Marsh DJ et al., Am J Hum Genet, 1998;Liaw D et al., Nat Genet, 1997;Ngeow J et al., J Clin Oncol, 2014",,2.88,
22880,PTEN,deepseek-coder,Likely pathogenic,Pathogenic,0.85,PM2;PM5;PP3;PP4,"Marsh DJ et al., Am J Hum Genet, 1998;Liaw D et al., Nat Genet, 1997;Nelen MR et al., Nat Genet, 1997",,2.69,
22985,MYOC,deepseek-chat,Pathogenic,Pathogenic,0.85,PM2;PM5;PP3;PP5,"Stone EM, et al. Science. 1997;275:668-670;Fingert JH, et al. Hum Mol Genet. 1999;8:899-905;Kwon YH, et al. Invest Ophthalmol Vis Sci. 2001;42:1069-1074",,3.2,
22985,MYOC,deepseek-coder,Pathogenic,Pathogenic,0.85,PM2;PM5;PP3;PP5,"Stone EM, et al. Science. 1997;275(5300):668-670;Fingert JH, et al. Am J Hum Genet. 1999;64(2):511-521;Kwon YH, et al. Invest Ophthalmol Vis Sci. 2001;42(5):1009-1016",,2.9,
22986,MYOC,deepseek-chat,Pathogenic,Pathogenic,0.85,PM2;PM1;PP3;PP5,"Stone EM, et al. Am J Hum Genet 1997;61:1419-1424;Fingert JH, et al. Hum Mol Genet 1999;8:899-905;Hewitt AW, et al. Clin Genet 2008;74:1-9",,3.25,
22880,PTEN,kimi-k2.6,Likely pathogenic,Pathogenic,0.85,PS1;PM1;PM2;PP2;PP3,"Yehia et al., Hum Mutat, 2021; Mester et al., J Med Genet, 2011; Pilarski et al., J Natl Compr Canc Netw, 2013; Tan et al., Genet Med, 2012",,7.94,
22986,MYOC,deepseek-coder,Pathogenic,Pathogenic,0.85,PM2;PM5;PP3;PP5,"Stone EM, et al. Am J Hum Genet. 1997;61(6):1419-1424. (MYOC mutations in juvenile open-angle glaucoma);Fingert JH, et al. Hum Mol Genet. 1999;8(5):899-905. (MYOC mutation spectrum);Kwon YH, et al. Ophthalmology. 2001;108(1):106-112. (MYOC p.Gly364Arg pathogenic)",,3.38,
22986,MYOC,kimi-k2.6,Pathogenic,Pathogenic,0.95,PS1;PM1;PM2;PP2;PP3;PP4,"Fingert JH, et al. Hum Mol Genet, 1999; Mackey DA, et al. Ophthalmology, 2003; Stone EM, et al. N Engl J Med, 1997; Souzeau E, et al. Invest Ophthalmol Vis Sci, 2005; Thamilselvan V, et al. Mol Vis, 2013",,6.03,
22988,MYOC,deepseek-chat,Pathogenic,Pathogenic,0.99,PVS1;PM2;PP5,"Stone EM, et al. Am J Hum Genet, 1997;Adam MF, et al. Hum Mol Genet, 1997;Fingert JH, et al. Hum Mol Genet, 1999",,2.49,
22988,MYOC,deepseek-coder,Pathogenic,Pathogenic,0.99,PVS1;PS1;PM2;PP5,"Stone EM, et al. Am J Hum Genet. 1997;61(6):1419-1424;Fingert JH, et al. Hum Mol Genet. 1999;8(5):899-905;Kwon YH, et al. Arch Ophthalmol. 2001;119(10):1499-1504",,2.84,
22985,MYOC,kimi-k2.6,Pathogenic,Pathogenic,0.85,PS1;PM1;PM2;PP3,"Fingert JH, Nature, 1999;Mackey DA, Ophthalmology, 2003;Souzeau E, Hum Mutat, 2005;Stone EM, N Engl J Med, 1997;Allingham RR, Am J Hum Genet, 2005",,9.4,
22989,MYOC,deepseek-chat,Likely pathogenic,Pathogenic,0.9,PS1;PM2;PP3;PP5,"Stone EM, et al. Am J Hum Genet, 1997;Alward WL, et al. Ophthalmology, 1998;Fingert JH, et al. Hum Mol Genet, 1999;Kwon YH, et al. Invest Ophthalmol Vis Sci, 2001",,2.6,
22989,MYOC,deepseek-coder,Likely pathogenic,Pathogenic,0.9,PS1;PM2;PP3;PP5,"Stone EM, et al. Science, 1997;Alward WL, et al. Ophthalmology, 1998;Fingert JH, et al. Hum Mol Genet, 1999;Kwon YH, et al. Am J Ophthalmol, 2001",,2.68,
22988,MYOC,kimi-k2.6,Pathogenic,Pathogenic,0.95,PVS1;PS4;PM2,"Stone EM, Fingert JH, Alward WL, et al. Identification of a gene that causes primary open angle glaucoma. Science. 1997;275(5300):668-670;Fingert JH, Heon H, Liebmann JM, et al. Analysis of myocilin mutations in 1703 glaucoma patients from five different populations. Hum Mol Genet. 1999;8(5):899-905;MacDonald IM, Wirtz MK, Kenucky CR, et al. Mutations in the MYOC gene in a large cohort of glaucoma patients. Invest Ophthalmol Vis Sci. 1997;38(4):S920",,7.31,
22990,MYOC,deepseek-chat,Pathogenic,Pathogenic,0.9,PS1;PM2;PP3;PP5,"Stone EM, et al. Am J Hum Genet, 1997;Fingert JH, et al. Hum Mol Genet, 1999;Kwon YH, et al. Invest Ophthalmol Vis Sci, 2001",,2.62,
22990,MYOC,deepseek-coder,Pathogenic,Pathogenic,0.9,PS1;PM2;PP3;PP5,"Stone EM, et al., Am J Hum Genet, 1997;Fingert JH, et al., Hum Mol Genet, 1999;Hewitt AW, et al., Clin Genet, 2008",,2.67,
22990,MYOC,kimi-k2.6,Pathogenic,Pathogenic,0.75,PS1;PM2;PP3,"Fingert JH, Nature Genetics, 1999; Alward WL, Science, 1998; Rozsa FW, Archives of Ophthalmology, 2005; Jacobson N, Human Molecular Genetics, 2001",,5.0,
22991,MYOC,deepseek-chat,Pathogenic,Pathogenic,0.95,PS1;PM2;PP3;PP5,"Stone EM, et al. Am J Hum Genet, 1997;Alward WL, et al. Ophthalmology, 1998;Fingert JH, et al. Hum Mol Genet, 1999;Kwon YH, et al. Arch Ophthalmol, 2001",,2.83,
22991,MYOC,deepseek-coder,Pathogenic,Pathogenic,0.95,PS1;PM2;PP3;PP5,"Stone EM, et al. Am J Hum Genet. 1997;61(6):1419-1424.;Alward WL, et al. Ophthalmology. 1998;105(11):2099-2104.;Hewitt AW, et al. Clin Genet. 2008;74(1):1-9.",,3.08,
22989,MYOC,kimi-k2.6,Likely pathogenic,Pathogenic,0.75,PS1;PM1;PM2;PP3,"Fingert JH, et al. Hum Mol Genet. 1999;8(6):1021-32;Liu Y, Vollrath D. Hum Mol Genet. 1998;7(6):997-1005;Kanagavalli D, et al. Mol Vis. 2010;16:154-63;Stoilov I, et al. Hum Mol Genet. 1997;6(12):2091-7;Stone EM, et al. N Engl J Med. 1997;336(15):1028-37",,9.0,
22993,MYOC,deepseek-coder,Pathogenic,Uncertain significance,0.6,PM2;PP3,"Stone EM, et al., Ophthalmology, 1997;Hewitt AW, et al., Hum Mutat, 2008",,2.32,
22993,MYOC,deepseek-chat,Pathogenic,Uncertain significance,0.6,PM2;PP3,"Stone EM, et al. Am J Hum Genet, 1997;Hewitt AW, et al. Hum Mutat, 2008",,2.74,
22991,MYOC,kimi-k2.6,Pathogenic,Pathogenic,0.95,PS1;PM1;PM2;PP2;PP3;PP5,"Fingert JH, Nature Genetics, 1999; Alward WL, Science, 1998; Stone EM, NEJM, 1997; Mackey DA, Ophthalmology, 2003; Gharahkhani P, Nature Genetics, 2024",,5.82,
22993,MYOC,kimi-k2.6,Pathogenic,Pathogenic,0.75,,"Fingert JH, Nature Genetics, 1999; Alward WL, Science, 1998; Joe MK, Journal of Biological Chemistry, 2003; Zode GS, PNAS, 2005; Burnstead AM, IOVS, 2012",,5.65,
22995,MYOC,deepseek-chat,Pathogenic,Pathogenic,0.95,PS1;PM2;PP3;PP5,"Stone EM, et al. Science. 1997;275(5300):668-670;Alward WL, et al. Ophthalmology. 1998;105(11):2099-2104;Fingert JH, et al. Hum Mol Genet. 1999;8(5):899-905",,2.85,
22995,MYOC,deepseek-coder,Pathogenic,Pathogenic,0.95,PS1;PM2;PP3;PP5,"Stone EM, et al. Am J Hum Genet. 1997;61(6):1419-1424.;Alward WL, et al. Ophthalmology. 1998;105(11):2099-2104.;Fingert JH, et al. Hum Mol Genet. 1999;8(5):869-877.",,3.13,
22996,MYOC,deepseek-chat,Likely pathogenic,Pathogenic,0.85,PM2;PM5;PP3;PP5,"Stone EM, et al. Am J Hum Genet 1997;61:1419-1424;Fingert JH, et al. Hum Mol Genet 1999;8:899-905",,2.79,
22996,MYOC,deepseek-coder,Likely pathogenic,Pathogenic,0.9,PS1;PM2;PP3;PP5,"Stone EM, et al. Am J Hum Genet, 1997;Fingert JH, et al. Hum Mol Genet, 1999;Alward WL, et al. Ophthalmology, 1998",,2.76,
22997,MYOC,deepseek-chat,Benign,Pathogenic,0.9,PS1;PM2;PP3;PP5,"Stone EM, et al. Science. 1997;275:668-670;Adam MF, et al. Nat Genet. 1997;17:174-181;Fingert JH, et al. Hum Mol Genet. 1999;8:899-905",,2.67,
22997,MYOC,deepseek-coder,Benign,Pathogenic,0.9,PS1;PM2;PP3;PP5,"Stone EM, et al. Am J Hum Genet, 1997;Fingert JH, et al. Hum Mol Genet, 1999;Kwon YH, et al. Invest Ophthalmol Vis Sci, 2001",,2.65,
22995,MYOC,kimi-k2.6,Pathogenic,Pathogenic,0.95,PVS1;PM1;PM2;PP2;PP3;PP5,"Fingert JH, et al. Am J Hum Genet, 1999; Stone EM, et al. N Engl J Med, 1997; Mackey DA, et al. Ophthalmology, 2003; Allingham RR, et al. Arch Ophthalmol, 2005; Hewitt AW, et al. Mol Vis, 2008",,7.18,
22996,MYOC,kimi-k2.6,Likely pathogenic,Pathogenic,0.95,PS1;PM1;PM2;PP2;PP3;PP4,"Faucher M, Am J Hum Genet, 2000; Alward WL, Am J Ophthalmol, 1998; Stone EM, N Engl J Med, 1997; Mackey DA, Ophthalmology, 2003; Hewitt AW, Hum Mutat, 2008",,7.96,
24363,BRCA2,deepseek-coder,Benign,Pathogenic,0.95,PVS1;PM2;PM4;PP3,"The Breast Cancer Information Core (BIC) database, 2023;Rebbeck et al., Human Mutation, 2018;Easton et al., American Journal of Human Genetics, 2007",,2.61,
24363,BRCA2,deepseek-chat,Benign,Pathogenic,0.95,PVS1;PM2;PM4;PP3,"Neuhausen SL, et al. Am J Hum Genet, 1996;Roa BB, et al. Nat Genet, 1996;Frank TS, et al. J Clin Oncol, 2002",,3.29,
24363,BRCA2,kimi-k2.6,Benign,Pathogenic,0.85,PVS1;PM4,"Richards S, Genet Med, 2015; Begg CB, J Natl Cancer Inst, 2003; Guidugli L, Hum Mutat, 2013",,5.55,
22997,MYOC,kimi-k2.6,Benign,Pathogenic,0.75,PS1;PM1;PM2;PP3,"Faucher M, Am J Hum Genet, 2004; Alward WL, Science, 1998; Stone EM, Nat Genet, 1997; Rozsa FW, Am J Ophthalmol, 2006",,7.52,
24474,SGCA,deepseek-coder,Pathogenic,Uncertain significance,0.6,PM2_supporting;PP3_moderate,"Richards et al., Genet Med, 2015",,2.17,
24474,SGCA,deepseek-chat,Pathogenic,Uncertain significance,0.6,PM2_supporting;PP3_moderate,"Richards et al., Genet Med, 2015",,2.4,
24474,SGCA,kimi-k2.6,Pathogenic,Pathogenic,0.75,PM1;PM2;PP3;PP4,"Bonnemann CG, et al., Human Mutation, 2014;Richardson ME, et al., Neuromuscular Disorders, 2016;Kodaira M, et al., Journal of Human Genetics, 2015",,6.73,
25064,IL2RG,deepseek-coder,Pathogenic,Pathogenic,0.95,PVS1;PM2;PP3;PP5,"Puck JM, et al. Am J Hum Genet, 1997;Noguchi M, et al. Cell, 1993;Hsu AP, et al. J Allergy Clin Immunol, 2003",,2.95,
25064,IL2RG,deepseek-chat,Pathogenic,Pathogenic,0.95,PVS1;PM2;PM5;PP3;PP4,"Puck JM, et al. Am J Hum Genet, 1997;Noguchi M, et al. Cell, 1993;Fischer A, et al. Clin Exp Immunol, 2015",,3.21,
25124,F8,deepseek-chat,Pathogenic,Pathogenic,0.99,PVS1;PM2;PP5,"Oldenburg J, et al. Haemophilia. 2014;20(4):e289-e295.;Giannelli F, et al. Nucleic Acids Res. 1998;26(1):225-227.",,2.7,
25064,IL2RG,kimi-k2.6,Pathogenic,Pathogenic,0.95,PVS1;PM2;PP3,"Noguchi et al., Cell, 1993; Puck et al., Hum Mutat, 1997; Buckley et al., Annu Rev Immunol, 2000",,4.9,
25124,F8,deepseek-coder,Pathogenic,Pathogenic,0.99,PVS1;PM2;PP5,"Richards et al., Genet Med, 2015;ClinVar submissions for F8 c.6976C>T",,2.23,
25124,F8,kimi-k2.6,Pathogenic,Pathogenic,0.99,PVS1;PM2,"Richards S, Richards S, et al., Genet Med, 2015, Standards and guidelines for the interpretation of sequence variants: a joint consensus recommendation of the American College of Medical Genetics and Genomics and the Association for Molecular Pathology",,4.71,
25626,F9,deepseek-coder,Pathogenic,Pathogenic,0.99,PVS1;PM2;PP5,"Giannelli F, et al. Nucleic Acids Res, 1998;Rallapalli PM, et al. J Thromb Haemost, 2013",,2.29,
25626,F9,deepseek-chat,Pathogenic,Pathogenic,0.99,PVS1;PM2;PP5,"Goodeve AC, Haemophilia, 2015;Rydz N, J Thromb Haemost, 2013",,2.43,
26966,IDUA,deepseek-coder,Pathogenic,Pathogenic,0.85,PM2;PM3;PP3;PP4,"Beesley CE, et al. Hum Mutat. 2001;18(4):307-12.;Clarke LA, et al. Hum Mol Genet. 1994;3(12):2161-7.",,2.56,
26966,IDUA,deepseek-chat,Pathogenic,Pathogenic,0.85,PM2;PM3;PP3;PP4,"Scott HS, et al. Am J Hum Genet. 1995;56(6):1343-1350;Beesley CE, et al. Hum Mutat. 2001;18(4):341-348",,2.93,
28185,RAG1,deepseek-chat,Pathogenic,Uncertain significance,0.6,PM2;PP3;PP4,Not applicable - no specific publication for this variant identified,,2.55,
25626,F9,kimi-k2.6,Pathogenic,Pathogenic,0.99,PVS1;PM2,"Köster T et al, Blood, 1990; Maqsudlu A et al, Eur J Hum Genet, 2020; Richards S et al, Genet Med, 2015",,5.32,
26966,IDUA,kimi-k2.6,Pathogenic,Pathogenic,0.95,PVS1;PM2;PP3;PP4,"Scott, Hum Mutat, 1992; Bunge, Hum Genet, 1994; Beesley, Clin Genet, 1998",,5.11,
28185,RAG1,deepseek-coder,Pathogenic,Uncertain significance,0.6,PM2;PP3;PP4,Not applicable - no specific publication for this variant identified,,2.47,
28187,RAG1,deepseek-coder,Pathogenic,Pathogenic,0.95,PS1;PM2;PM3;PP3;PP5,"Villa A, et al. Am J Hum Genet, 2001;Lee YN, et al. J Allergy Clin Immunol, 2014;Notarangelo LD, et al. J Clin Immunol, 2016",,2.85,
28187,RAG1,deepseek-chat,Pathogenic,Pathogenic,0.95,PS1;PM2;PM3;PP3;PP5,"Villa A, et al. J Exp Med, 1998;Schwarz K, et al. Am J Hum Genet, 1996;Lee YN, et al. J Allergy Clin Immunol, 2014",,3.41,
28185,RAG1,kimi-k2.6,Pathogenic,Pathogenic,0.95,PVS1;PS1;PM2;PP3,"Schwarz K, et al., N Engl J Med, 1996; Villa A, et al., Cell, 1998; Notarangelo LD, et al., J Allergy Clin Immunol, 2000; OMIM #179615; ClinVar RCV000001882.2",,6.12,
28570,GP9,kimi-k2.6,Pathogenic,Uncertain significance,0.3,,"Richards S, et al., Genet Med, 2015 (ACMG guidelines)",,3.42,
28570,GP9,deepseek-chat,Pathogenic,Uncertain significance,0.6,PM2;PP3;PP4,"Savoia A, et al. Bernard-Soulier syndrome. GeneReviews, 2014.;Nurden AT, et al. Platelet receptor defects. J Thromb Haemost, 2013.",,2.71,
28187,RAG1,kimi-k2.6,Pathogenic,Pathogenic,0.95,PVS1;PS1;PM2;PP3;PP4,"Schwarz K, et al., J Clin Invest, 1996; Villa A, et al., Cell, 1998; OMIM #179615; GeneReviews: RAG1-Related Disorders, 2019",,5.63,
28570,GP9,deepseek-coder,Pathogenic,Uncertain significance,0.6,PM2;PP3;PP4,"Savoia A, et al. Hum Mutat. 2014;35:1033-1042;Bastida JM, et al. Thromb Haemost. 2018;118:1277-1287",,2.65,
29503,RUNX1,deepseek-chat,Pathogenic,Uncertain significance,0.6,PM2;PP3;PP4,"Song WJ, et al. Nat Genet, 1999;Liew E, et al. Blood, 2010;Richards S, et al. Genet Med, 2015",,2.87,
29503,RUNX1,deepseek-coder,Pathogenic,Uncertain significance,0.6,PM2;PP3;PP4,"Song WJ, et al. Nat Genet. 1999;23(2):166-175;Luo X, et al. Leukemia. 2019;33(6):1453-1466",,2.55,
29504,RUNX1,deepseek-chat,Pathogenic,Uncertain significance,0.6,PM2;PP3;PP4,"Song WJ, et al. Nat Genet. 1999 (RUNX1 in FPD/AML);Richards S, et al. Genet Med. 2015 (ACMG/AMP guidelines)",,2.95,
29504,RUNX1,deepseek-coder,Pathogenic,Uncertain significance,0.6,PM2;PP3;PP4,"Song WJ, et al. Nat Genet. 1999 (RUNX1 in FPD/AML);Richards S, et al. Genet Med. 2015 (ACMG/AMP guidelines)",,2.82,
29507,RUNX1,deepseek-chat,Pathogenic,Uncertain significance,0.6,PM2;PP3;PP4,"Song WJ, et al. Nat Genet. 1999;23(2):166-175;Liew E, et al. Blood. 2010;116(22):e1-e7",,2.95,
29503,RUNX1,kimi-k2.6,Pathogenic,Pathogenic,0.85,PS1;PM1;PM2;PP3,"Owen et al., Blood, 2003;Bluteau et al., Blood, 2011;Latimer et al., Leukemia, 2016;Kanagal-Shamanna et al., Am J Hematol, 2017",,6.76,
29504,RUNX1,kimi-k2.6,Pathogenic,Uncertain significance,0.3,,"Richards S, Aziz N, Bale S, et al. Standards and guidelines for the interpretation of sequence variants: a joint consensus recommendation of the American College of Medical Genetics and Genomics and the Association for Molecular Pathology. Genet Med. 2015;17(5):405-424.",,5.41,
29507,RUNX1,deepseek-coder,Pathogenic,Uncertain significance,0.6,PM2;PP3;PP4,"Luo et al., Blood, 2015;Sakurai et al., Int J Hematol, 2016",,2.26,
29507,RUNX1,kimi-k2.6,Pathogenic,Pathogenic,0.75,PS1;PM1;PM2;PP2;PP3,"Owen CJ, Blood, 2008; Latger-Couard, Haematologica, 2016; Richards S, Genet Med, 2015",,5.42,
29983,HNF1A,deepseek-chat,Likely pathogenic,Pathogenic,0.95,PVS1;PM2;PVS1_Strong,"Ellard S, et al. Diabetologia, 2008;Colclough K, et al. Hum Mutat, 2013",,2.23,
29983,HNF1A,deepseek-coder,Likely pathogenic,Pathogenic,0.98,PVS1;PM2;PVS1_Strong,"Ellard S, et al. Diabetologia, 2008;Colclough K, et al. Hum Mutat, 2013",,2.54,
29983,HNF1A,kimi-k2.6,Likely pathogenic,Pathogenic,0.95,PVS1;PM2_Supporting,"Richards S, et al., Genet Med, 2015; Ellard S, et al., Hum Mutat, 2008",,4.68,
30278,HBB,deepseek-chat,Pathogenic,Uncertain significance,0.6,PM2;BP4,"Richards S, et al. Genet Med. 2015;17(5):405-424",,2.46,
30278,HBB,deepseek-coder,Pathogenic,Uncertain significance,0.6,PM2;BP4,"Richards S, et al. Genet Med. 2015;17(5):405-424",,2.11,
30440,HBB,deepseek-coder,Pathogenic,Pathogenic,0.99,PVS1;PM2;PP3,"Thein SL, Cold Spring Harb Perspect Med, 2013;Kohne E, Dtsch Arztebl Int, 2011",,2.67,
30440,HBB,deepseek-chat,Pathogenic,Pathogenic,0.99,PVS1;PM2;PVS1_Strong,"Thein SL, et al. The molecular basis of beta-thalassemia. Cold Spring Harb Perspect Med. 2013;3(5):a011700.;Kountouris P, et al. IthaGenes: an interactive database for haemoglobin variations and epidemiology. PLoS One. 2014;9(7):e103020.",,3.11,
30278,HBB,kimi-k2.6,Pathogenic,Pathogenic,0.95,PS1;PM2;PP2;PP3,"Piel FB, Steinberg MH, 2009; Rees DC, Williams TN, Gladwin MT, Lancet, 2010; Piel FB, Weatherall DJ, N Engl J Med, 2010",,6.02,
30444,HBB,deepseek-chat,Pathogenic,Pathogenic,0.99,PVS1;PM2;PVS1_Strong,"Thein SL, Blood, 2013;Cao A, Galanello R, Orphanet J Rare Dis, 2010",,2.37,
30444,HBB,kimi-k2.6,Pathogenic,Pathogenic,0.99,PVS1;PM2,"Harteveld CL, Higgs DR, 2010, Blood Rev; Thein SL, 2013, Blood",,4.57,
30444,HBB,deepseek-coder,Pathogenic,Pathogenic,0.99,PVS1;PM2;PVS1_Strong,"Thein SL, Blood, 2013;Forget BG, Hematology Am Soc Hematol Educ Program, 2009",,2.73,
30486,HBB,deepseek-chat,Pathogenic,Pathogenic,0.95,PVS1;PS1;PM2;PP3;PP4,"Orkin SH et al., Nature, 1982;Thein SL, Br J Haematol, 2013;Kountouris P et al., Hum Mutat, 2014",,2.7,
30486,HBB,deepseek-coder,Pathogenic,Pathogenic,0.95,PVS1;PS1;PM2;PP3,"Thein SL, Hum Mol Genet, 1998;Giardine B, Hum Mutat, 2014;ClinVar submission (Variation ID: 15475)",,2.78,
30486,HBB,kimi-k2.6,Pathogenic,Pathogenic,0.95,PVS1;PM2,"Kazazian HH, Blood, 1986; Huisman THJ, Blood Reviews, 1997; Thein SL, Best Practice & Research Clinical Haematology, 2017",,4.76,
30493,HBB,deepseek-chat,Pathogenic,Pathogenic,0.95,PVS1;PM2;PP3;PP4,"Orkin SH et al., Nature, 1982; PMID: 6174879;Thein SL, Cold Spring Harb Perspect Med, 2013; PMID: 23388675",,2.41,
30493,HBB,deepseek-coder,Pathogenic,Pathogenic,0.95,PVS1;PS1;PM2;PP3,"Orkin SH et al., Nature, 1982;Thein SL, Cold Spring Harb Perspect Med, 2013;Kazazian HH Jr, Semin Hematol, 1990",,2.59,
30496,HBB,deepseek-chat,Pathogenic,Uncertain significance,0.6,PM2_supporting,"Richards S, et al. Genet Med. 2015;17(5):405-424",,2.12,
30440,HBB,kimi-k2.6,Pathogenic,Pathogenic,0.99,PVS1;PM2,"Harteveld CL, Voskamp A, Phylipsen M, et al. Forty years of mutation screening in beta-thalassemia: the overview. Eur J Hum Genet. 2009;17(5):631-641.;Thein SL. Pathophysiology of thalassemia. In: Steinberg MH, Forget BG, Higgs DR, et al., eds. Disorders of Hemoglobin. Cambridge University Press; 2001:237-269.;Richards S, Aziz N, Bale S, et al. Standards and guidelines for the interpretation of sequence variants: a joint consensus recommendation of the American College of Medical Genetics and Genomics and the Association for Molecular Pathology. Genet Med. 2015;17(5):405-424.",,10.84,
30496,HBB,deepseek-coder,Pathogenic,Uncertain significance,0.6,PM2;BP4,"Richards S, et al. Genet Med. 2015;17(5):405-424",,2.03,
30496,HBB,kimi-k2.6,Pathogenic,Pathogenic,0.85,PVS1;PM2_supporting,"Gonzalez-Redondo JM, Blood, 1989;;Kozak J, Hum Mutat, 1996;;Bunn HF, Hemoglobin: Molecular, Clinical and Developmental Biology, 2001;;Lacerra G, Blood Cells Mol Dis, 2004;",,5.41,
30497,HBB,deepseek-chat,Pathogenic,Uncertain significance,0.6,,"Richards S, et al. Genet Med, 2015",,1.95,
30497,HBB,deepseek-coder,Pathogenic,Uncertain significance,0.6,PM2_supporting;BP4,"Richards S, et al. Genet Med, 2015",,2.48,
30493,HBB,kimi-k2.6,Pathogenic,Benign,0.95,BA1;BP4,"Richards S, et al., Genet Med, 2015, PMID: 25741868;Harrison SM, et al., Hum Mutat, 2014, PMID: 25185538;den Dunnen JT, et al., Hum Mutat, 2016, PMID: 26931183",,7.69,
30497,HBB,kimi-k2.6,Pathogenic,Pathogenic,0.95,PVS1;PM2;PP4,"Giannopoulou A, et al., Hum Mutat, 2012; Thein SL, et al., Best Pract Res Clin Haematol, 2018",,4.82,
30503,HBB,deepseek-coder,Pathogenic,Pathogenic,0.9,PS1;PM2;PP3;PP4,"Orkin SH et al., Nature, 1983;Thein SL, British Journal of Haematology, 2013",,2.14,
30509,HBB,deepseek-chat,Pathogenic,Uncertain significance,0.6,PM2;PP3,"Richards et al., Genet Med, 2015",,1.81,
30503,HBB,deepseek-chat,Pathogenic,Pathogenic,0.95,PS1;PM2;PP3;PP4,"Orkin SH et al., Nature, 1983;Thein SL, British Journal of Haematology, 2013;Giardine B et al., Human Mutation, 2014",,2.81,
30509,HBB,deepseek-coder,Pathogenic,Uncertain significance,0.6,PM2;PP3,"Thein SL, Blood, 2013;Giardine B, Hum Mutat, 2014",,2.13,
30503,HBB,kimi-k2.6,Pathogenic,Pathogenic,0.95,PVS1;PM2;PP4,"Camanho, Blood, 2017;Thein, Best Practice & Research Clinical Haematology, 2018;Harteveld, Hemoglobin, 2010",,6.02,
30527,HBB,deepseek-chat,Pathogenic,Uncertain significance,0.6,PM2;BP7,"Richards S, et al. Standards and guidelines for the interpretation of sequence variants. Genet Med. 2015;17(5):405-424.",,2.54,
30527,HBB,deepseek-coder,Pathogenic,Uncertain significance,0.6,PM2;BP7,"Richards S, et al. Standards and guidelines for the interpretation of sequence variants. Genet Med. 2015;17(5):405-424.",,2.77,
30509,HBB,kimi-k2.6,Pathogenic,Pathogenic,0.95,PVS1;PM2_Supporting,"Orkin SH, J Clin Invest, 1984; Treisman R, Nature, 1983; Huisman THJ, Birth Defects Orig Artic Ser, 1987; Thein SL, Br J Haematol, 1988",,4.88,
30527,HBB,kimi-k2.6,Pathogenic,Benign,0.95,BA1;BP7,"Richards S, Genet Med, 2015;Benson CC, Hum Mutat, 2023;gnomAD v4.0",,5.43,
30663,HBA1;HBA2;LOC106804612,deepseek-chat,Pathogenic,Pathogenic,0.95,PVS1;PM2;PVS1_Strong,"Higgs DR, Weatherall DJ. The molecular pathology of the human alpha-globin genes. In: The Thalassaemias. Oxford University Press, 2001.;Fucharoen S, Winichagoon P. Haemoglobinopathies in Southeast Asia. Indian J Med Res. 2011;134(4):498-506.",,3.33,
30686,HBA2,deepseek-chat,Pathogenic,Uncertain significance,0.6,PM2;BP7,"Richards S, et al. Genet Med. 2015;17(5):405-424",,2.55,
30663,HBA1;HBA2;LOC106804612,deepseek-coder,Pathogenic,Pathogenic,0.95,PVS1;PM2;PVS1_Strong,"Higgs DR, Weatherall DJ. The alpha thalassaemias. Cell Mol Life Sci. 2009;66(7):1154-1162.;Fucharoen S, Viprakasit V. Hb Constant Spring (HBA2:c.427T>C) is a common cause of nondeletional alpha-thalassemia in Southeast Asia. Hemoglobin. 2009;33(6):410-417.",,3.29,
30663,HBA1;HBA2;LOC106804612,kimi-k2.6,Pathogenic,Pathogenic,0.95,PVS1;PM4,"Roy et al., Human Mutation, 2000;Harteveld & Higgs, Lancet, 2010;ACMG/AMP Sequence Variant Interpretation Guidelines, 2015",,5.7,
30686,HBA2,deepseek-coder,Pathogenic,Uncertain significance,0.6,PM2;BP7,"Richards S, et al. Genet Med. 2015;17(5):405-424",,2.1,
30686,HBA2,kimi-k2.6,Pathogenic,Uncertain significance,0.3,,"Richards S, et al., Genet Med, 2015; ACMG/AMP Sequence Variant Interpretation Guidelines",,4.45,
30690,HBA2,deepseek-chat,Pathogenic,Pathogenic,0.95,PS1;PM2;PM3;PP3;PP4,"Higgs DR, et al. The molecular basis of alpha-thalassemia. Cold Spring Harb Perspect Med. 2013;3(1):a011718.;Piel FB, Weatherall DJ. The alpha-thalassemias. N Engl J Med. 2014;371(20):1908-1916.;Kattamis AC, et al. Alpha-thalassemia. In: GeneReviews. University of Washington, Seattle; 2005 (updated 2020).",,3.19,
30690,HBA2,deepseek-coder,Pathogenic,Pathogenic,0.95,PS1;PM2;PM3;PP3;PP4,"Higgs DR, et al. The molecular basis of alpha-thalassemia. Cold Spring Harb Perspect Med. 2013;3(1):a011718.;Kattamis AC, et al. Alpha-thalassemia. In: GeneReviews. University of Washington, Seattle; 1993-2025.",,3.01,
30729,HBA2,deepseek-chat,Likely pathogenic,Pathogenic,0.9,PS1;PM2;PM5;PP3;PP4,"Drescher et al., Hemoglobin, 2008;Wajcman et al., Blood Cells Mol Dis, 2001",,2.52,
30729,HBA2,deepseek-coder,Likely pathogenic,Pathogenic,0.95,PS1;PM2;PM3;PP3;PP4,"Higgs DR, et al. The molecular basis of alpha-thalassemia. Cold Spring Harb Perspect Med. 2013;3(1):a011718.;Kattamis AC, et al. Alpha-thalassemia. In: Orphanet J Rare Dis. 2010;5:13.",,3.01,
30690,HBA2,kimi-k2.6,Pathogenic,Pathogenic,0.95,PVS1;PM2;PP3;PP4,"Huisman THJ, Am J Hematol, 1997;Thein SL, Best Pract Res Clin Haematol, 2013;Galanello R, Cold Spring Harb Perspect Med, 2012",,5.35,
30731,HBA2,deepseek-chat,Pathogenic,Pathogenic,0.99,PVS1;PM2;PVS1_Strong,"Higgs DR, et al. The molecular basis of alpha-thalassemia. Cold Spring Harb Perspect Med. 2013;3(1):a011718.;Kattamis AC, et al. Alpha-thalassemia. In: GeneReviews. University of Washington, Seattle; 2005 (updated 2023).",,2.93,
30729,HBA2,kimi-k2.6,Likely pathogenic,Pathogenic,0.95,PVS1;PM2;PP3;PP4,"Harteveld CL, Higgs DR, 2010, Blood Rev; Galanello R, Cao A, 2011, Orphanet J Rare Dis",,5.04,
30731,HBA2,deepseek-coder,Pathogenic,Pathogenic,0.99,PVS1;PM2;PVS1_Strong,"Higgs DR, et al. The molecular basis of alpha-thalassemia. Cold Spring Harb Perspect Med. 2013;3(1):a011718.;Kattamis AC, et al. Alpha-thalassemia. In: GeneReviews. University of Washington, Seattle; 2005 (updated 2020).",,3.07,
31079,GP1BB,deepseek-chat,Likely pathogenic,Pathogenic,0.98,PVS1;PM2;PVS1_Strong,"Kunishima S, et al. Mutations in the N-terminal region of the beta subunit of glycoprotein Ib cause Bernard-Soulier syndrome. Blood, 1997.;Savoia A, et al. Clinical and genetic aspects of Bernard-Soulier syndrome: focus on new variants. Haematologica, 2011.",,2.96,
30731,HBA2,kimi-k2.6,Pathogenic,Pathogenic,0.95,PVS1;PM2_Supporting,"Royall et al., Blood, 2000; Harteveld & Higgs, Blood, 2010; Richards et al., Genet Med, 2015",,5.13,
31079,GP1BB,deepseek-coder,Likely pathogenic,Pathogenic,0.98,PVS1;PM2;PVS1_Strong,"Kunishima S, et al. Mutations in the N-terminal region of the beta subunit of glycoprotein Ib cause Bernard-Soulier syndrome. Blood, 1997.;Lanza F, et al. Bernard-Soulier syndrome: a review. Orphanet J Rare Dis, 2006.",,2.66,
32653,CAPN3,deepseek-chat,Pathogenic,Uncertain significance,0.6,PM2;PP3;BP4,"Richards et al., Genet Med, 2015",,1.97,
31079,GP1BB,kimi-k2.6,Likely pathogenic,Pathogenic,0.95,PVS1;PM2,"Kunishima S, et al., Br J Haematol, 1994;De Marco L, et al., Blood, 1990",,4.6,
32653,CAPN3,deepseek-coder,Pathogenic,Uncertain significance,0.6,PM2;PP3;BP4,"Richard et al., Am J Hum Genet, 1999;Kramerova et al., Biochim Biophys Acta, 2007",,2.23,
33062,SERPINC1,deepseek-chat,Pathogenic,Uncertain significance,0.6,PM2;PP3;BP4,"Richards et al., Genet Med, 2015",,2.0,
33062,SERPINC1,deepseek-coder,Pathogenic,Uncertain significance,0.6,PM2;PP3;BP4,"Richards et al., Genet Med, 2015",,2.37,
33068,SERPINC1,deepseek-chat,Pathogenic,Pathogenic,0.99,PVS1;PM2;PVS1_Strong,"Bayston TA, et al., J Med Genet, 1996;Lane DA, et al., Thromb Haemost, 1997",,2.21,
32653,CAPN3,kimi-k2.6,Pathogenic,Pathogenic,0.85,PS1;PM2;PP3,"Anderson LV, et al., Hum Mutat, 2000; Fanin M, et al., Hum Mutat, 2003; Richard I, et al., Nat Genet, 1995; Grosgogeat CA, et al., J Med Genet, 2003",,6.29,
33068,SERPINC1,deepseek-coder,Pathogenic,Pathogenic,0.99,PVS1;PM2;PVS1_Strong,"Bayston TA, et al., Thromb Haemost, 1996;Lane DA, et al., Hum Mutat, 1997",,2.4,
33062,SERPINC1,kimi-k2.6,Pathogenic,Pathogenic,0.75,PM1;PM2;PP3;PP4,"Maclean et al., Blood, 2017;Andersson et al., J Thromb Haemost, 2015;Karczewski et al., Nature, 2020 (gnomAD)",,5.13,
39520,DICER1,deepseek-chat,Likely pathogenic,Pathogenic,0.95,PVS1;PM2_supporting,"Foulkes WD, et al. Am J Hum Genet, 2011;Slade I, et al. J Med Genet, 2011",,2.6,
33068,SERPINC1,kimi-k2.6,Pathogenic,Pathogenic,0.99,PVS1;PM2,"Maclean et al., Blood, 2017;Karczewski et al., Nature, 2020;OMIM #107300;ACMG/AMP Guidelines, Genet Med, 2015",,6.44,
39523,DICER1,deepseek-chat,Likely pathogenic,Uncertain significance,0.6,PM2;PP3;BP4,"Gonzalez et al., J Med Genet, 2022; Foulkes et al., Nat Rev Cancer, 2014",,2.46,
39520,DICER1,deepseek-coder,Likely pathogenic,Pathogenic,0.95,PVS1;PM2_Supporting;PVS1_Strong,"Foulkes WD, et al. DICER1: mutations, microRNAs and mechanisms. Nat Rev Cancer. 2014;14(10):662-672.;Hill DA, et al. DICER1 mutations in familial pleuropulmonary blastoma. Science. 2009;325(5943):965.",,3.41,
39520,DICER1,kimi-k2.6,Likely pathogenic,Pathogenic,0.95,PVS1;PM2_Supporting,"Rivilla F et al., Hum Mutat, 2020;Schultz KA et al., Fam Cancer, 2014;Klein MJ et al., J Med Genet, 2018",,4.89,
39523,DICER1,deepseek-coder,Likely pathogenic,Uncertain significance,0.6,PM2;PP3;BP4,"Gonzalez et al., J Med Genet, 2022;Foulkes et al., Nat Rev Cancer, 2014",,2.38,
39523,DICER1,kimi-k2.6,Likely pathogenic,Uncertain significance,0.3,,"Richards S, Aziz N, Bale S, et al. Standards and guidelines for the interpretation of sequence variants: a joint consensus recommendation of the American College of Medical Genetics and Genomics and the Association for Molecular Pathology. Genet Med. 2015;17(7):405-424.",,4.21,
44885,GCK,deepseek-coder,Pathogenic,Pathogenic,0.85,PS1;PM2;PP3;PP4,"Gloyn AL, et al. Diabetes. 2003;52(2):568-572.;Osbak KK, et al. Hum Mutat. 2009;30(11):1512-1526.",,2.74,
44885,GCK,deepseek-chat,Pathogenic,Pathogenic,0.85,PS1;PM2;PP3;PP4,"Gloyn AL, et al. Diabetes. 2003;52(2):568-572.;Osbak KK, et al. Hum Mutat. 2009;30(11):1512-1526.;Ellard S, et al. Diabetologia. 2008;51(8):1435-1440.",,3.38,
44891,GCK,deepseek-chat,Likely pathogenic,Pathogenic,0.95,PS1;PM2;PP3;PP4;PM1,"Gloyn AL, et al. Diabetes. 2003;52(9):2433-2440;Osbak KK, et al. Hum Mutat. 2009;30(11):1512-1526;Stenson PD, et al. Hum Genet. 2014;133(1):1-9",,3.02,
44891,GCK,deepseek-coder,Likely pathogenic,Pathogenic,0.95,PS1;PM2;PP3;PP4;PM1,"Gloyn AL, et al. Diabetes. 2003;52(2):543-546.;Osbak KK, et al. Hum Mutat. 2009;30(11):1512-1526.;Stenson PD, et al. Hum Genet. 2014;133(1):1-9.",,2.89,
44904,GCK,deepseek-chat,Pathogenic,Pathogenic,0.85,PM2;PM5;PP3;PP4,"Gloyn AL, et al. Diabetes. 2003;52(2):568-572.;Osbak KK, et al. Hum Mutat. 2009;30(11):1512-1526.",,2.78,
44891,GCK,kimi-k2.6,Likely pathogenic,Pathogenic,0.85,PVS1_Strong;PM2;PP3;PP4,"Gidh-Jain M, et al., J Biol Chem, 1994; Sakura H, et al., Diabetologia, 1995; Velho G, et al., Diabetes, 1996; Stoffel M, et al., J Clin Invest, 1992; OMIM #125851",,6.25,
44904,GCK,deepseek-coder,Pathogenic,Pathogenic,0.85,PM2;PM5;PP3;PP4,"Gloyn AL, et al. Diabetes. 2003;52(2):568-572.;Osbak KK, et al. Hum Mutat. 2009;30(11):1512-1526.",,2.71,
44885,GCK,kimi-k2.6,Pathogenic,Pathogenic,0.75,PS1;PM2;PP3;PP4,"Gidh-Jain M, et al., J Biol Chem, 1994; Glaser B, et al., Diabetes, 1994; Hattersley AT, et al., Diabetologia, 1998; Ellard S, et al., Hum Mutat, 2000; Sagen JV, et al., Diabetes Care, 2008",,8.47,
44923,GCK,kimi-k2.6,Likely pathogenic,Pathogenic,0.85,PVS1;PM2;PP3,"Gloyn et al., Human Mutation, 2004;Sagen et al., Diabetes, 2014;Richards et al., Genet Med, 2015",,4.62,
44923,GCK,deepseek-chat,Likely pathogenic,Pathogenic,0.85,PM2;PM5;PP3;PP4,"Osbak KK, et al. Hum Mutat. 2009;30(11):1512-1526.;Gloyn AL. Diabet Med. 2003;20(11):875-886.",,3.06,
44923,GCK,deepseek-coder,Likely pathogenic,Pathogenic,0.85,PM2;PM5;PP3;PP4,"Gloyn AL, et al. Diabetes. 2003;52(5):1253-1260.;Osbak KK, et al. Hum Mutat. 2009;30(11):1512-1526.",,2.82,
44976,HBB,deepseek-chat,Pathogenic,Pathogenic,0.95,PVS1;PM2;PP3;PP4,"Orkin SH et al., Nature, 1982; PMID 6289123;Thein SL, Cold Spring Harb Perspect Med, 2013; PMID 23748532",,2.32,
44904,GCK,kimi-k2.6,Pathogenic,Pathogenic,0.85,PS3;PM1;PM2;PP3,"Gidh-Jain M, et al., J Clin Invest, 1994; Sakura H, et al., Diabetologia, 1995; Velho G, et al., Diabetes, 1996; Stoffel M, et al., PNAS, 1992",,8.06,
44976,HBB,deepseek-coder,Pathogenic,Pathogenic,0.95,PVS1;PM2;PP3,"Orkin SH et al., Nature, 1982;Thein SL, Cold Spring Harb Perspect Med, 2013",,2.57,
44980,HBB,deepseek-chat,Benign,Uncertain significance,0.6,PM2_supporting;BP7,"Richards S, et al. Standards and guidelines for the interpretation of sequence variants. Genet Med. 2015;17(5):405-424.",,2.38,
44976,HBB,kimi-k2.6,Pathogenic,Pathogenic,0.95,PVS1;PM2;PP3;PP4,"Busslinger et al., Cell, 1981; Felber et al., Nucleic Acids Res, 1982; Thein et al., Br J Haematol, 1988; Tan et al., Blood, 2001; Rivas et al., Hum Mutat, 2001",,5.31,
44980,HBB,deepseek-coder,Benign,Uncertain significance,0.6,PM2_supporting;BP4,"Richards S, et al. Genet Med. 2015;17(5):405-424",,2.48,
45375,RAG1,deepseek-chat,Pathogenic,Pathogenic,0.99,PVS1;PM2;PVS1_Strong,"Villa A, et al. J Exp Med, 1998;Schwarz K, et al. Am J Hum Genet, 1996",,2.43,
45375,RAG1,deepseek-coder,Pathogenic,Pathogenic,0.99,PVS1;PM2;PVS1_Strong,"Villa A, et al. J Exp Med, 1998;Schwarz K, et al. Am J Hum Genet, 1996",,2.38,
45977,BRCA1,deepseek-chat,Benign,Uncertain significance,0.6,PM2;PP3;BP4,"Richards S, et al. Genet Med. 2015;17(5):405-424",,2.35,
44980,HBB,kimi-k2.6,Benign,Pathogenic,0.95,PVS1;PM2;PP3;PP4,"Burge CB, Nature Structural Biology, 1999; Old JM, Methods in Molecular Biology, 2007; Patrinos GP et al., Human Genetics, 2014",,6.42,
45375,RAG1,kimi-k2.6,Pathogenic,Pathogenic,0.99,PVS1;PM2,"Richards S, et al. Standards and guidelines for the interpretation of sequence variants: a joint consensus recommendation of the American College of Medical Genetics and Genomics and the Association for Molecular Pathology. Genet Med. 2015;17(5):405-24.",,5.23,
45977,BRCA1,deepseek-coder,Benign,Uncertain significance,0.6,PM2;PP3;BP4,"Richards et al., Genet Med, 2015;ClinVar submission for BRCA1 c.154C>T",,2.36,
46542,BRCA2,deepseek-coder,Likely pathogenic,Uncertain significance,0.6,PM2;PP3,"Richards S, et al. Standards and guidelines for the interpretation of sequence variants. Genet Med. 2015;17(5):405-424.",,2.45,
46542,BRCA2,deepseek-chat,Likely pathogenic,Uncertain significance,0.6,PM2;PP3,"Richards S, et al. Standards and guidelines for the interpretation of sequence variants. Genet Med. 2015;17(5):405-424.",,2.53,
45977,BRCA1,kimi-k2.6,Benign,Pathogenic,0.75,PVS1;PM2;PP3,"Richards S, Genet Med, 2015; Easton DF, Am J Hum Genet, 2007; Miki Y, Science, 1994",,5.69,
46713,BRCA2,deepseek-chat,Likely pathogenic,Uncertain significance,0.6,PM2;PP3;BP4,"Richards et al., Genet Med, 2015",,2.17,
46542,BRCA2,kimi-k2.6,Likely pathogenic,Uncertain significance,0.3,,"Richards S, Aziz N, Bale S, et al. Standards and guidelines for the interpretation of sequence variants: a joint consensus recommendation of the American College of Medical Genetics and Genomics and the Association for Molecular Pathology. Genet Med. 2015;17(5):405-424.",,4.57,
46714,BRCA2,deepseek-chat,Likely pathogenic,Uncertain significance,0.6,PM2;PP3,"Richards S, et al. Genet Med. 2015;17(5):405-424.",,2.31,
46713,BRCA2,deepseek-coder,Likely pathogenic,Uncertain significance,0.6,PM2;PP3,"Richards et al., Genet Med, 2015;ClinVar (if applicable)",,2.44,
46714,BRCA2,deepseek-coder,Likely pathogenic,Uncertain significance,0.6,PM2;PP3,"Richards et al., Genet Med, 2015;ClinVar submission for BRCA2 c.8378G>T",,2.5,
46713,BRCA2,kimi-k2.6,Likely pathogenic,Pathogenic,0.75,PM1;PM2;PP3;PP5,"Bouwman P, Jonkers J, Nat Rev Cancer, 2012; Roy R, Chun J, Powell SN, Nat Rev Cancer, 2011; Easton DF et al., Am J Hum Genet, 2007",,5.89,
46758,BRCA2,deepseek-coder,Pathogenic,Uncertain significance,0.6,PM2;PP3;BP4,"Richards et al., Genet Med, 2015",,2.05,
46758,BRCA2,deepseek-chat,Pathogenic,Uncertain significance,0.6,PM2;PP3;BP4,"Richards et al., Genet Med, 2015",,2.2,
46758,BRCA2,kimi-k2.6,Pathogenic,Uncertain significance,0.3,,"Richards S, Genet Med, 2015; ACMG/AMP sequence variant interpretation guidelines",,5.08,
46714,BRCA2,kimi-k2.6,Likely pathogenic,Pathogenic,0.75,PM1;PM2;PP2;PP3,"Richards S, Genet Med, 2015; BRCA2 gene-specific variant databases",,6.02,
50121,PTEN,deepseek-chat,Benign,Uncertain significance,0.6,PM2;PP3;BP4,N/A,,1.93,
50121,PTEN,deepseek-coder,Benign,Uncertain significance,0.6,PM2;PP3;BP4,N/A,,2.32,
51200,SGCB,deepseek-chat,Pathogenic,Uncertain significance,0.6,PM2;PP3,"Nigro V, et al. Hum Mol Genet, 1996;Bönnemann CG, et al. Neurology, 1996",,2.65,
51200,SGCB,deepseek-coder,Pathogenic,Uncertain significance,0.6,PM2;PP3,"Bonnemann CG, et al. Hum Mutat, 1996;Nigro V, et al. Hum Mol Genet, 1996",,2.98,
50121,PTEN,kimi-k2.6,Benign,Pathogenic,0.85,PS1;PM2;PP2;PP3,"Yehia et al., Hum Mutat, 2021; Mester et al., J Med Genet, 2011; Pilarski et al., J Natl Compr Canc Netw, 2013",,6.02,
52338,MYO7A,deepseek-chat,Pathogenic,Pathogenic,0.85,PM2;PM5;PP3;PP4,"Weil et al., Nature Genetics, 1995;Adato et al., American Journal of Human Genetics, 1997;Riazuddin et al., Journal of Medical Genetics, 2008",,2.61,
51200,SGCB,kimi-k2.6,Pathogenic,Pathogenic,0.75,PM1;PM2;PP3;PP4,"Anderson, Neuromuscul Disord, 2000; Bönnemann, Am J Hum Genet, 1996; Richards, Genet Med, 2015",,6.81,
52338,MYO7A,deepseek-coder,Pathogenic,Pathogenic,0.85,PM2;PM5;PP3;PP4,"Weil et al., Nature Genetics, 1995;Riazuddin et al., Human Mutation, 2008;Sloan-Heggen et al., Human Mutation, 2016",,3.15,
53754,MAP2K1,deepseek-coder,Pathogenic,Pathogenic,0.9,PS2;PM2;PP3;PP4,"Rodriguez-Viciana P, et al. Cancer Cell, 2006;Tidyman WE, et al. Hum Mol Genet, 2007;Nava C, et al. J Med Genet, 2007",,2.99,
53754,MAP2K1,deepseek-chat,Pathogenic,Pathogenic,0.95,PS2;PM2;PP3;PP5,"Emdal KB et al., Proc Natl Acad Sci U S A, 2015;Chakraborty R et al., J Clin Oncol, 2016;Wagle N et al., Cancer Discov, 2014",,3.6,
66463,BRCA2,deepseek-chat,Likely pathogenic,Uncertain significance,0.7,PM2;BP4;BP7,"Richards et al., Genet Med, 2015;Silva et al., Hum Mutat, 2014",,2.25,
66463,BRCA2,deepseek-coder,Likely pathogenic,Uncertain significance,0.6,PM2;BP4;BP7,"Richards et al., Genet Med, 2015;Silva et al., Hum Mutat, 2019",,2.51,
53754,MAP2K1,kimi-k2.6,Pathogenic,Pathogenic,0.75,PS1;PM1;PM2;PP2;PP3,"Rodriguez-Viciana et al., Science, 2006; Scholl et al., Cancer Research, 2009; Gripp et al., American Journal of Medical Genetics Part A, 2007; Stark et al., Journal of Medical Genetics, 2012",,6.25,
66463,BRCA2,kimi-k2.6,Likely pathogenic,Benign,0.95,BA1;BP4;BP7,"Richards S, et al., Genet Med, 2015; ACMG/AMP Sequence Variant Interpretation Guidelines",,4.38,
67090,BRCA2,deepseek-chat,Likely pathogenic,Uncertain significance,0.6,PM2;PP3,"Richards et al., Genet Med, 2015",,2.23,
52338,MYO7A,kimi-k2.6,Pathogenic,Pathogenic,0.85,PS1;PM2;PP2;PP3,"Liu X, Walsh J, Mburu P, et al. Mutations in the myosin VIIA gene cause non-syndromic recessive deafness. Nat Genet. 1997;16(2):188-190.;Weil D, Blanchard S, Kaplan J, et al. Defective myosin VIIA gene responsible for Usher syndrome type 1B. Nature. 1995;374(6517):60-61.;Astuto LM, Bork JM, Weston MD, et al. CDH23 mutation and phenotype heterogeneity: a profile of 107 diverse families with Usher syndrome and nonsyndromic deafness. Am J Hum Genet. 2002;71(2):262-275.",,10.45,
67090,BRCA2,deepseek-coder,Likely pathogenic,Uncertain significance,0.6,PM2;PP3,"Richards et al., Genet Med, 2015",,2.05,
67181,BRCA2,deepseek-coder,Likely pathogenic,Uncertain significance,0.6,PM2;PP3,"Richards et al., Genet Med, 2015",,1.9,
67181,BRCA2,deepseek-chat,Likely pathogenic,Uncertain significance,0.6,PM2;PP3;BP4,"Richards et al., Genet Med, 2015;ClinVar submission for BRCA2 c.8162T>A",,2.55,
67380,BRCA2,deepseek-chat,Likely pathogenic,Uncertain significance,0.6,PM2;PVS1_Moderate,"Richards S, et al. Genet Med, 2015;Landrum MJ, et al. Nucleic Acids Res, 2018",,2.43,
67090,BRCA2,kimi-k2.6,Likely pathogenic,Uncertain significance,0.3,,"Richards S, et al. Standards and guidelines for the interpretation of sequence variants. Genet Med. 2015;17(5):405-24;BRCA2 c.7819A>C not reported in ClinVar or LOVD databases as of knowledge cutoff",,6.86,
67380,BRCA2,deepseek-coder,Likely pathogenic,Pathogenic,0.85,PVS1;PM2;PP3,"Richards S, et al. Genet Med. 2015;17(5):405-424;Landrum MJ, et al. Nucleic Acids Res. 2018;46(D1):D1062-D1067",,2.8,
67491,BRCA2,deepseek-chat,Likely pathogenic,Uncertain significance,0.6,PM2;PP3;BP4,"Richards et al., Genet Med, 2015",,2.02,
67491,BRCA2,deepseek-coder,Likely pathogenic,Uncertain significance,0.6,PM2;PP3;BP4,"Richards et al., Genet Med, 2015",,2.03,
67181,BRCA2,kimi-k2.6,Likely pathogenic,Pathogenic,0.85,PS3;PM1;PM2;PP2;PP3,"Farrugia et al., Hum Mutat, 2008; Guidugli et al., Cancer Res, 2013; Easton et al., Am J Hum Genet, 2007; Spurdle et al., Hum Mutat, 2012",,6.61,
69371,BRCA1,deepseek-chat,Likely pathogenic,Uncertain significance,0.6,PM2;PP3;BP4,"Richards S, et al. Genet Med. 2015;17(5):405-424",,2.14,
67380,BRCA2,kimi-k2.6,Likely pathogenic,Pathogenic,0.85,PVS1_Strong;PM2_Supporting,"Richards S, et al., Genet Med, 2015; Spurdle AB, et al., Hum Mutat, 2012; Fackenthal JD, et al., Breast Cancer Res Treat, 2012",,7.16,
69371,BRCA1,deepseek-coder,Likely pathogenic,Uncertain significance,0.6,PM2;PP3;BP4,"Richards S, et al. Genet Med. 2015;17(5):405-424",,2.15,
67491,BRCA2,kimi-k2.6,Likely pathogenic,Pathogenic,0.85,PS1;PM1;PM2;PP2;PP3,"BIC database; Breast Cancer Information Core, 2006;Easton DF et al., Am J Hum Genet, 2007;Spurdle AB et al., Hum Mutat, 2012;ENIGMA consortium, 2015;Findlay GM et al., Nature, 2018",,7.03,
70050,BRCA1,deepseek-chat,Likely pathogenic,Uncertain significance,0.6,PM2_supporting;PP3_moderate,"Richards S, et al. Genet Med. 2015;17(5):405-424",,2.37,
70050,BRCA1,deepseek-coder,Likely pathogenic,Uncertain significance,0.6,PM2;PP3,"Richards et al., Genet Med, 2015;ClinVar submission for BRCA1 c.5075A>T",,2.4,
69371,BRCA1,kimi-k2.6,Likely pathogenic,Pathogenic,0.85,PS1;PM1;PM2;PP2;PP3,"Miki et al., Science, 1994; Ransburgh et al., Human Mutation, 2010; Findlay et al., Nature, 2018; ClinVar entry RCV000048537.5; BRCA Exchange database",,5.64,
70092,BRCA1,deepseek-chat,Pathogenic,Pathogenic,0.95,PVS1;PM2;PS4;PP3,"Engel C, et al. Hum Mutat. 2010;31(11):E1801-E1810.;Lheureux S, et al. J Clin Oncol. 2017;35(13):1387-1394.;Rebbeck TR, et al. J Natl Cancer Inst. 2018;110(9):1001-1009.",,3.11,
70092,BRCA1,deepseek-coder,Pathogenic,Pathogenic,0.95,PVS1;PM2;PS4;PP3,"Easton DF, et al. Am J Hum Genet, 2007;Engert S, et al. Hum Mutat, 2008;Claes K, et al. Hum Mutat, 1999",,2.64,
70240,BRCA1,deepseek-chat,Likely pathogenic,Uncertain significance,0.6,PM2;PP3;BP4,"Richards et al., Genet Med, 2015",,2.08,
70050,BRCA1,kimi-k2.6,Likely pathogenic,Pathogenic,0.85,PS1;PM1;PM2;PP2;PP3,"Spurdle AB, et al. ENIGMA. Hum Mutat. 2012;33(8):1528-38;Lee MS, et al. J Med Genet. 2010;47(8):549-57;Richardson ME, et al. J Biol Chem. 2011;286(33):29528-37;Tavtigian SV, et al. Hum Mutat. 2018;39(11):1615-25",,8.55,
70092,BRCA1,kimi-k2.6,Pathogenic,Pathogenic,0.85,PVS1_Strong;PM2,"Richards S, Genet Med, 2015, PMID: 25741868;Spurdle AB, Hum Mutat, 2014, PMID: 24323938;Tavtigian SV, Hum Mutat, 2018, PMID: 29446198",,6.77,
70240,BRCA1,deepseek-coder,Likely pathogenic,Uncertain significance,0.6,PM2;PP3;BP4,"Richards et al., Genet Med, 2015;ClinVar submission for BRCA1 c.5425G>T",,2.56,
70274,BRCA1,deepseek-chat,Pathogenic,Pathogenic,0.95,PVS1;PM2;PP3;PP5,"Easton DF, et al. Am J Hum Genet. 2007;81:873-883;Plon SE, et al. Hum Mutat. 2008;29:1282-1291;ClinVar submission (VCV000055123)",,2.84,
70274,BRCA1,deepseek-coder,Pathogenic,Uncertain significance,0.6,PM2;PP3;PP4,"Richards et al., Genet Med, 2015;ClinVar submission (if available)",,2.24,
71368,CEP290,deepseek-chat,Pathogenic,Pathogenic,0.95,PVS1;PM2;PVS1_Strength,"Coppieters F, et al. CEP290 mutations in ciliopathies. Hum Mutat, 2010;Drivas TG, et al. CEP290 and retinal ciliopathies. Am J Hum Genet, 2015",,2.98,
71368,CEP290,deepseek-coder,Pathogenic,Pathogenic,0.95,PVS1;PM2;PVS1_Strong,"Coppieters F, et al. Hum Mutat. 2010;31(10):1097-1108.;Drivas TG, et al. Am J Hum Genet. 2015;97(4):546-554.",,2.76,
71368,CEP290,kimi-k2.6,Pathogenic,Pathogenic,0.95,PVS1;PM2,"Richards S, Genet Med, 2015; Oza V, Hum Mutat, 2018",,4.82,
71369,CEP290,deepseek-chat,Pathogenic,Pathogenic,0.95,PVS1;PVS1_Strong;PM2_Supporting,"den Hollander et al., Am J Hum Genet, 2006;Coppieters et al., Hum Mutat, 2010",,2.22,
71369,CEP290,deepseek-coder,Pathogenic,Pathogenic,0.95,PVS1;PM2_Supporting,"den Hollander et al., Am J Hum Genet, 2006;Coppieters et al., Hum Mutat, 2010",,2.35,
70274,BRCA1,kimi-k2.6,Pathogenic,Pathogenic,0.95,PVS1;PM1;PM2;PP2;PP5,"Miki et al., Science, 1994; Couch et al., Hum Mutat, 2014; Findlay et al., Nature, 2018; Easton et al., Am J Hum Genet, 2007; Richards et al., Genet Med, 2015",,8.67,
71372,CEP290,deepseek-chat,Pathogenic,Pathogenic,0.95,PVS1;PM2;PVS1_Strong,"den Hollander et al., Am J Hum Genet, 2006;Coppieters et al., Hum Mutat, 2010;Drivas et al., Genet Med, 2015",,2.5,
71372,CEP290,deepseek-coder,Pathogenic,Pathogenic,0.95,PVS1;PM2_Supporting;PVS1_Strong,"den Hollander et al., Am J Hum Genet, 2006;Coppieters et al., Hum Mutat, 2010",,2.57,
71369,CEP290,kimi-k2.6,Pathogenic,Pathogenic,0.95,PVS1;PM2_Supporting,"Otto EA et al., Nat Genet, 2008;den Hollander AI et al., Am J Hum Genet, 2006;The Human Gene Mutation Database (HGMD);gnomAD database",,6.78,
71379,CEP290,deepseek-coder,Pathogenic,Pathogenic,0.95,PVS1;PM2;PVS1_Strong,"den Hollander et al., Am J Hum Genet, 2006;Coppieters et al., Hum Mutat, 2010",,2.38,
71379,CEP290,deepseek-chat,Pathogenic,Pathogenic,0.95,PVS1;PM2;PVS1_Strong,"den Hollander et al., Am J Hum Genet, 2006;Coppieters et al., Hum Mutat, 2010;Drivas et al., Genet Med, 2015",,2.96,
70240,BRCA1,kimi-k2.6,Likely pathogenic,Pathogenic,0.85,PS1;PM1;PM2;PP2;PP3,"Spurdle AB, Couch FJ, Hogervorst FB, et al. Prediction and characterization of missense variants in BRCA1 and BRCA2. J Med Genet. 2008;45(10):639-643;Tavtigian SV, Deffenbaugh AM, Yin L, et al. Comprehensive statistical study of 452 BRCA1 missense substitutions with classification of eight recurrent substitutions as neutral. J Med Genet. 2006;43(4):295-305;Findlay GM, Daza RM, Martin B, et al. Accurate classification of BRCA1 and BRCA2 variants using saturation genome editing. Nature. 2018;562(7726):217-222;Guidugli L, Carreira A, Caputo SM, et al. Functional assays for studies of variants in BRCA1 and BRCA2. J Med Genet. 2018;55(9):595-603;Easton DF, Deffenbaugh AM, Pruss D, et al. A systematic genetic assessment of 1,433 sequence variants of unknown clinical significance in the BRCA1 and BRCA2 breast cancer-predisposition genes. Am J Hum Genet. 2007;81(5):873-883",,15.92,
71372,CEP290,kimi-k2.6,Pathogenic,Pathogenic,0.99,PVS1;PM2_Supporting,"Katsanis N, Nat Genet, 2006; CEP290-related disorders; The CEP290 gene is associated with Joubert syndrome, Leber congenital amaurosis, and Meckel syndrome where truncating variants are pathogenic; gnomAD v2.1.1, no homozygotes or high-frequency presence of this specific null variant",,7.34,
75301,PIK3R1,kimi-k2.6,Pathogenic,Pathogenic,0.75,PS1;PM2;PP2;PP3,"Chudasama et al., Sci Rep, 2017;Dyment et al., Am J Hum Genet, 2013;Thauvin-Robinet et al., Clin Genet, 2013",,4.24,
75301,PIK3R1,deepseek-chat,Pathogenic,Uncertain significance,0.6,PM2;PP3;BP4,"Dorn T, et al. Am J Hum Genet, 2013;Thauvin-Robinet C, et al. Eur J Hum Genet, 2013",,2.57,
75301,PIK3R1,deepseek-coder,Pathogenic,Uncertain significance,0.6,PM2;PP3;BP4,"Deau MC, et al. J Clin Invest, 2014;Lucas CL, et al. Nat Immunol, 2014",,2.91,
71379,CEP290,kimi-k2.6,Pathogenic,Pathogenic,0.95,PVS1;PM2_Supporting,"The Human Gene Mutation Database (HGMD);The CEP290 gene is associated with Joubert syndrome (JBTS5, MIM #610188) and Leber congenital amaurosis (LCA10, MIM #611755); loss-of-function variants are a common cause;ACMG Standards and Guidelines for the interpretation of sequence variants, Richards et al., Genet Med, 2015",,7.78,
76889,RYR1,deepseek-chat,Likely pathogenic,Pathogenic,0.9,PS1;PM2;PP3;PP5;PS4_supporting,"Robinson R, et al. Mutations in RYR1 in malignant hyperthermia and central core disease. Hum Mutat. 2006;27(10):977-989.;Monnier N, et al. Presence of two different genetic traits in malignant hyperthermia families: implication for genetic testing. Am J Hum Genet. 2002;71(4):759-768.;Brandt A, et al. Functional characterization of the RYR1 p.Arg2508Cys mutation in malignant hyperthermia. Anesthesiology. 2008;109(3):457-465.",,3.91,
79581,RAG1,deepseek-chat,Likely pathogenic,Pathogenic,0.95,PS1;PM2;PM3;PP3;PP5,"Villa A, et al. Am J Hum Genet, 1998;Lee YN, et al. Blood, 2014;Notarangelo LD, et al. J Allergy Clin Immunol, 2016",,2.58,
76889,RYR1,deepseek-coder,Likely pathogenic,Pathogenic,0.95,PS1;PM1;PM2;PP3;PP5,"Robinson R, et al. Mutations in RYR1 in malignant hyperthermia and central core disease. Hum Mutat. 2006;27(10):977-989.;Monnier N, et al. Familial and sporadic forms of central core disease are associated with mutations in the C-terminal domain of the RYR1 gene. Hum Genet. 2001;109(3):297-304.;Brandt A, et al. Functional characterization of the R2508C mutation in the ryanodine receptor 1 (RYR1) gene. Anesthesiology. 2008;109(3):A-123.",,4.02,
79581,RAG1,deepseek-coder,Likely pathogenic,Pathogenic,0.95,PS1;PM2;PM3;PP3;PP5,"Villa A, et al. Am J Hum Genet, 1998;Lee YN, et al. J Allergy Clin Immunol, 2014;Tabori U, et al. J Allergy Clin Immunol, 2004;Notarangelo LD, et al. J Allergy Clin Immunol, 2016",,3.03,
98316,CAPN3,deepseek-chat,Pathogenic,Uncertain significance,0.6,PM2;PP3,"Richard et al., Nature Genetics, 1995;Kramerova et al., Human Mutation, 2004",,2.23,
98316,CAPN3,deepseek-coder,Pathogenic,Uncertain significance,0.6,PM2;PP3,"Richard et al., Nature Genetics, 1995;Kramerova et al., Human Mutation, 2004",,2.32,
79581,RAG1,kimi-k2.6,Likely pathogenic,Pathogenic,0.85,PS1;PM2;PP2;PP3,"Schwarz K, Eur J Immunol, 1996; Villa A, Cell, 1998; OMIM #179615; HGMD; ClinVar RCV000003568.4",,6.35,
76889,RYR1,kimi-k2.6,Likely pathogenic,Pathogenic,0.85,PS1;PM2;PP3,"Robinson RL, et al. Am J Hum Genet. 2006;78(1):88-99;Sambuughin N, et al. Neurology. 2005;64(9):1522-1528;Desai RR, et al. Anesthesiology. 2008;109(6):1057-1068;Horvath R, et al. Neuromuscul Disord. 2005;15(3):236-239",,8.6,
98318,CAPN3,deepseek-chat,Pathogenic,Uncertain significance,0.6,PM2;PP3;PP4,"Richard et al., Am J Hum Genet, 1995;Kramerova et al., Biochim Biophys Acta, 2007",,2.56,
98318,CAPN3,deepseek-coder,Pathogenic,Uncertain significance,0.6,PM2;PP3;BP4,"Richard et al., Am J Hum Genet, 1995;Kramerova et al., Hum Mol Genet, 2004",,2.5,
98325,CAPN3,deepseek-chat,Pathogenic,Uncertain significance,0.6,PM2;PP3;BP4,"Richard et al., Am J Hum Genet, 1995;Kramerova et al., Hum Mol Genet, 2000",,2.59,
98325,CAPN3,deepseek-coder,Pathogenic,Uncertain significance,0.6,PM2;PP3;BP4,"Richard et al., Am J Hum Genet, 1995;Kramerova et al., Hum Mol Genet, 2000",,2.43,
98318,CAPN3,kimi-k2.6,Pathogenic,Pathogenic,0.85,PS1;PM2;PP3,"Richard I, Nature, 1995;Spencer MJ, Neuromuscul Disord, 2002;Grosgogeat CA, Hum Mutat, 2000;Anderson LV, Neuromuscul Disord, 1999",,7.17,
98316,CAPN3,kimi-k2.6,Pathogenic,Pathogenic,0.75,PS1;PM2;PP3;PP4,"Richard I, Nature, 1995; Sproule DM, J Child Neurol, 2007; Fanin M, Hum Mutat, 2009; Grosgogeat CA, Neuromuscul Disord, 2019; ClinVar entry for CAPN3 c.1435A>G (RCV000003966.5)",,9.1,
98378,GAA,deepseek-chat,Likely pathogenic,Pathogenic,0.75,PM2;PM3;PP3;PP4,"Kroos M, et al. Hum Mutat. 2008;29(6):E13-E20.;Richards S, et al. Genet Med. 2015;17(5):405-424.",,2.69,
98325,CAPN3,kimi-k2.6,Pathogenic,Pathogenic,0.85,PS1;PM2;PP3,"Richard I, Cell, 1995; Fanin M, Human Mutation, 2009; Angelini C, Neuromuscular Disorders, 2018",,5.95,
98378,GAA,deepseek-coder,Likely pathogenic,Pathogenic,0.75,PM2;PM3;PP3;PP4,"Kroos M, et al. Hum Mutat. 2008;29(6):E13-E26.;Richards S, et al. Genet Med. 2015;17(5):405-424.",,2.7,
98378,GAA,kimi-k2.6,Likely pathogenic,Pathogenic,0.85,PVS1;PM2;PP3,"Kroos et al., Am J Med Genet A, 2012;Pomponi et al., Genet Med, 2005;Richards et al., Genet Med, 2015 (ACMG guidelines)",,5.67,
98777,ABCA4,deepseek-chat,Pathogenic,Uncertain significance,0.6,PM2;PP3;PP4,"Sung et al., J Med Genet, 2020;Zernant et al., Hum Mutat, 2014",,2.79,
98777,ABCA4,deepseek-coder,Pathogenic,Uncertain significance,0.6,PM2;PP3;PP4,"Allikmets et al., Nat Genet, 1997;Zernant et al., Hum Mutat, 2014;Sung et al., J Biol Chem, 2017",,2.79,
99445,TCF4,deepseek-chat,Likely pathogenic,Pathogenic,0.99,PVS1;PM2;PVS1_Strong,"Amiel et al., Am J Hum Genet, 2007;Zweier et al., Am J Hum Genet, 2007;Whalen et al., Eur J Hum Genet, 2012",,2.49,
99445,TCF4,deepseek-coder,Likely pathogenic,Pathogenic,0.99,PVS1;PM2_Supporting,"Amiel et al., Am J Hum Genet, 2007;Zweier et al., Am J Hum Genet, 2007",,2.17,
100199,DYSF,deepseek-chat,Likely benign,Uncertain significance,0.6,PM2;BP4;BP7,"Richards et al., Genet Med, 2015",,2.3,
98777,ABCA4,kimi-k2.6,Pathogenic,Pathogenic,0.85,PVS1_Strong;PM2,"Bauwens et al., Hum Mutat, 2019;Zernant et al., Genet Med, 2014;Fritsche et al., Am J Hum Genet, 2012",,6.43,
100199,DYSF,deepseek-coder,Likely benign,Uncertain significance,0.6,PM2;BP4;BP7,"Richards et al., Genet Med, 2015",,2.33,
100199,DYSF,kimi-k2.6,Likely benign,Benign,0.85,BP4;BP7,"ACMG Standards and Guidelines for the interpretation of sequence variants, Richards et al., Genet Med, 2015",,4.75,
100203,DYSF,deepseek-chat,Pathogenic,Pathogenic,0.95,PVS1;PM2;PVS1_Strong,"Aoki M, et al. Dysferlinopathy. In: GeneReviews, 2004 (updated 2020).;Liu J, et al. Dysferlin, a novel skeletal muscle gene, is mutated in Miyoshi myopathy and limb girdle muscular dystrophy. Nat Genet. 1998;20(1):31-36.",,2.78,
99445,TCF4,kimi-k2.6,Likely pathogenic,Pathogenic,0.95,PVS1;PM2_Supporting,"Zweier C, et al., Am J Hum Genet, 2007; Forrest MP, et al., Hum Mol Genet, 2012; Amiel J, et al., Orphanet J Rare Dis, 2007",,7.67,
100203,DYSF,deepseek-coder,Pathogenic,Pathogenic,0.95,PVS1;PM2;PVS1_Strong,"Aoki M, et al. Dysferlinopathy. In: GeneReviews, 2004 (updated 2020).;Liu J, et al. Dysferlin, a novel skeletal muscle gene, is mutated in Miyoshi myopathy and limb girdle muscular dystrophy. Nat Genet. 1998;20(1):31-36.",,2.75,
100205,DYSF,deepseek-chat,Pathogenic,Pathogenic,0.95,PVS1;PM2;PVS1_Strong,"Aoki M, et al. Dysferlinopathy. In: GeneReviews. University of Washington, Seattle; 1993-2024.;Liu J, et al. Dysferlin, a novel skeletal muscle gene, is mutated in Miyoshi myopathy and limb girdle muscular dystrophy. Nat Genet. 1998;20(1):31-36.",,3.05,
100205,DYSF,deepseek-coder,Pathogenic,Pathogenic,0.95,PVS1;PM2;PVS1_Strong,"Bashir R, et al. Nat Genet. 1998;20(1):37-42;Liu J, et al. Nat Genet. 1998;20(1):31-36",,2.68,
100203,DYSF,kimi-k2.6,Pathogenic,Pathogenic,0.95,PVS1;PM2,"ACMG Standards and Guidelines for the Interpretation of Sequence Variants, Richards et al., Genet Med, 2015;DYSF-related myopathies: a review of clinical and genetic features, Nguyen et al., Acta Myol, 2018",,6.36,
100236,DYSF,deepseek-chat,Pathogenic,Pathogenic,0.95,PVS1;PM2_supporting,"Aoki M, et al. J Hum Genet, 2001;Liu J, et al. Nat Genet, 1998",,2.59,
100205,DYSF,kimi-k2.6,Pathogenic,Pathogenic,0.95,PVS1;PM2_Supporting,"ACMG Standards and Guidelines for the Interpretation of Sequence Variants, Richards et al., Genet Med, 2015;DYSF-related limb-girdle muscular dystrophy R2, OMIM #253601",,6.23,
100236,DYSF,deepseek-coder,Pathogenic,Pathogenic,0.95,PVS1;PM2_Supporting,"Aoki M, et al. J Hum Genet, 2001;Krahn M, et al. Hum Mutat, 2009",,2.68,
100255,DYSF,deepseek-chat,Pathogenic,Pathogenic,0.95,PVS1;PM2_Supporting,"Aoki M, et al. Dysferlinopathy. In: GeneReviews, 2004 (updated 2020).;Krahn M, et al. Hum Mutat, 2009, 30(3):E545-E556.",,3.06,
100255,DYSF,deepseek-coder,Pathogenic,Pathogenic,0.95,PVS1;PM2_Supporting,"Aoki M, et al. Dysferlinopathy. In: GeneReviews, 2004 (updated 2020).;Krahn M, et al. Hum Mutat, 2009, 30(3):345-355.",,2.93,
100236,DYSF,kimi-k2.6,Pathogenic,Pathogenic,0.95,PVS1;PM2_Supporting,"Richards S, Genet Med, 2015, Standards and guidelines for the interpretation of sequence variants;Nguyen K, Neuromuscul Disord, 2018, Dysferlin mutations in LGMD2B;Couturier C, J Med Genet, 2002, DYSF mutations causing Miyoshi myopathy and LGMD2B",,7.12,
100255,DYSF,kimi-k2.6,Pathogenic,Pathogenic,0.95,PVS1;PM2_Supporting,"Richards S, Genet Med, 2015;Aoki M, Neurology, 2001;Nguyen K, Hum Mutat, 2007",,4.98,
100263,DYSF,deepseek-chat,Likely pathogenic,Uncertain significance,0.6,PM2;PP3;PP4,"Aartsma-Rus A, et al. Hum Mutat, 2013;Therrien C, et al. Neuromuscul Disord, 2006",,2.62,
100263,DYSF,deepseek-coder,Likely pathogenic,Uncertain significance,0.6,PM2;PP3;PP4,"Aoki M, et al. Dysferlinopathy. GeneReviews. 2015.;Therrien C, et al. Mutations in DYSF. Hum Mutat. 2006.",,3.44,
102572,ANO5,deepseek-chat,Pathogenic,Uncertain significance,0.6,PM2;PP3,"Griffiths et al., J Med Genet, 2017;Bouquet et al., Neuromuscul Disord, 2012",,2.64,
102572,ANO5,deepseek-coder,Pathogenic,Uncertain significance,0.6,PM2;PP3,"Richards et al., Genet Med, 2015",,2.46,
102572,ANO5,kimi-k2.6,Pathogenic,Uncertain significance,0.3,,"Sarkozy A, et al. Ann Neurol. 2013;73(4):482-491 (ANO5-associated myopathies)",,5.7,
100263,DYSF,kimi-k2.6,Likely pathogenic,Pathogenic,0.75,PVS1;PM2;PP3;PP4,"Anderson et al., Am J Hum Genet, 2000; Aoki et al., Nature, 1995; Richards et al., Genet Med, 2015",,7.63,
102578,ANO5,deepseek-chat,Pathogenic,Pathogenic,0.85,PVS1;PM2_supporting,"Bouquet et al., Neuromuscular Disorders, 2012;Hicks et al., Nature Genetics, 2011",,2.53,
102578,ANO5,deepseek-coder,Pathogenic,Pathogenic,0.85,PVS1;PM2_supporting,"Richards et al., Genet Med, 2015",,2.49,
102578,ANO5,kimi-k2.6,Pathogenic,Pathogenic,0.95,PVS1;PM2_Supporting,"Richards S, et al., Genet Med, 2015; ACMG/AMP Sequence Variant Interpretation Guidelines",,5.23,
102780,BRCA2,deepseek-coder,Pathogenic,Uncertain significance,0.6,PM2;PP3;BP4,"Richards et al., Genet Med, 2015",,2.56,
102780,BRCA2,deepseek-chat,Pathogenic,Uncertain significance,0.6,PM2;PP3;BP4,"Richards et al., Genet Med, 2015;ClinVar submission for BRCA2 c.9052A>G",,2.76,
104628,RPGR,deepseek-chat,Likely pathogenic,Uncertain significance,0.6,PM2;PP3,"Vervoort et al., Nat Genet, 2000;Shu et al., Hum Mol Genet, 2011",,2.45,
104628,RPGR,deepseek-coder,Likely pathogenic,Uncertain significance,0.6,PM2;PP3,"Vervoort et al., Nat Genet, 2000;Shu et al., Hum Mutat, 2007",,2.77,
102780,BRCA2,kimi-k2.6,Pathogenic,Uncertain significance,0.3,,"Richards S, et al., Standards and guidelines for the interpretation of sequence variants: a joint consensus recommendation of the American College of Medical Genetics and Genomics and the Association for Molecular Pathology. Genet Med. 2015;17(5):405-24",,6.86,
104629,RPGR,deepseek-chat,Pathogenic,Pathogenic,0.95,PVS1;PM2;PVS1_Strong,"Vervoort et al., Nat Genet, 2000;Shu et al., Hum Mutat, 2007",,2.57,
104629,RPGR,deepseek-coder,Pathogenic,Pathogenic,0.95,PVS1;PM2;PVS1_Strong,"Vervoort et al., Nat Genet, 2000;Shu et al., Hum Mutat, 2007",,2.5,
104628,RPGR,kimi-k2.6,Likely pathogenic,Pathogenic,0.75,PM1;PM2;PP2;PP3;PP4,"Bader T, et al., Am J Hum Genet, 2003;Hong DH, et al., Hum Mol Genet, 2000;Richards S, et al., Genet Med, 2015 (ACMG guidelines)",,7.23,
104631,RPGR,deepseek-chat,Benign,Uncertain significance,0.6,PM2;BP4;BP7,"Richards S, et al. Genet Med. 2015;17(5):405-424",,2.29,
104631,RPGR,deepseek-coder,Benign,Uncertain significance,0.7,PM2;BP4;BP7,"Richards S, et al. Genet Med. 2015;17(5):405-424;Silva et al. Hum Mutat. 2019 (in silico prediction tools)",,2.85,
104631,RPGR,kimi-k2.6,Benign,Benign,0.95,BP4;BP7,"Richards S, Genet Med, 2015;Tavtigian SV, Hum Mutat, 2018",,5.55,
104638,RPGR,deepseek-chat,Pathogenic,Pathogenic,0.95,PVS1;PM2;PP4,"Vervoort et al., Nature Genetics, 2000;Shu et al., Human Mutation, 2007",,2.43,
104638,RPGR,deepseek-coder,Pathogenic,Pathogenic,0.95,PVS1;PM2;PP4,"Vervoort et al., Nat Genet, 2000;Shu et al., Hum Mutat, 2007;Bader et al., Hum Mutat, 2003",,2.47,
104629,RPGR,kimi-k2.6,Pathogenic,Pathogenic,0.95,PVS1;PM2,"Richards S, et al., Genet Med, 2015; ACMG/AMP sequence variant interpretation guidelines;Bujakowska KM, et al., Am J Hum Genet, 2012; RPGR mutations in retinal disease;Zernant J, et al., Invest Ophthalmol Vis Sci, 2016; Spectrum of RPGR variants",,7.94,
104640,RPGR,deepseek-chat,Likely pathogenic,Uncertain significance,0.6,PM2;PVS1_Strength_Moderate,"Richards S, et al. Genet Med. 2015;17(5):405-424",,2.62,
104640,RPGR,deepseek-coder,Likely pathogenic,Uncertain significance,0.6,PM2;PVS1_Strength_Moderate,"Richards S, et al. Genet Med. 2015;17(5):405-424",,2.53,
104638,RPGR,kimi-k2.6,Pathogenic,Pathogenic,0.95,PVS1;PM2_Supporting,"Bader T, et al. Am J Hum Genet. 2003;73:1147-58;Vervoort R, et al. Nat Genet. 2000;25:213-4;ACMG Standards and Guidelines for sequence variant interpretation, 2015",,6.78,
104644,RPGR,deepseek-chat,Pathogenic,Pathogenic,0.95,PVS1;PM2;PVS1_Strong,"Vervoort et al., Nature Genetics, 2000;Shu et al., Human Mutation, 2007;Bader et al., Human Mutation, 2003",,2.65,
104644,RPGR,deepseek-coder,Pathogenic,Pathogenic,0.95,PVS1;PM2;PVS1_Strong,"Vervoort et al., Nat Genet, 2000;Shu et al., Hum Mutat, 2007;Bader et al., Hum Mutat, 2003",,2.38,
104716,RPE65,deepseek-chat,Pathogenic,Uncertain significance,0.6,PM2;PP3;PP4,"Stone EM, et al. Ophthalmology, 2017; Weisschuh N, et al. Hum Mutat, 2020",,2.81,
104716,RPE65,deepseek-coder,Pathogenic,Uncertain significance,0.6,PM2;PP3;PP4,"Weisschuh et al., Human Mutation, 2020;Stone et al., Ophthalmology, 2017",,2.84,
104640,RPGR,kimi-k2.6,Likely pathogenic,Uncertain significance,0.3,,"Richards S, et al., Genet Med, 2015;Ellingford JM, et al., Am J Hum Genet, 2016;Bujakowska KM, et al., Am J Hum Genet, 2012",,8.48,
104644,RPGR,kimi-k2.6,Pathogenic,Pathogenic,0.95,PVS1;PM2_Supporting,"Richards S, Genet Med, 2015;Bujakowska KM, Am J Hum Genet, 2012;Sharon D, Hum Mutat, 2006",,7.48,
104740,RPE65,deepseek-chat,Pathogenic,Pathogenic,0.95,PVS1;PM2;PVS1_Strong,"Marlhens et al., Nature Genetics, 1997;Thompson et al., Human Mutation, 2000;den Hollander et al., Progress in Retinal and Eye Research, 2008",,2.83,
104740,RPE65,deepseek-coder,Pathogenic,Pathogenic,0.95,PVS1;PM2;PVS1_Strong,"Gu SM, et al. Nat Genet. 1997;17(2):194-197.;Marlhens F, et al. Nat Genet. 1997;17(2):139-141.;Khan AO, et al. Ophthalmic Genet. 2015;36(2):132-136.",,3.17,
104716,RPE65,kimi-k2.6,Pathogenic,Pathogenic,0.75,PM1;PM2;PP3;PP4,"Bowne SJ et al., Invest Ophthalmol Vis Sci, 2009;Thompson DA et al., Nat Genet, 2000;Chung DC et al., Genet Med, 2020",,7.45,
104790,RPE65,deepseek-chat,Pathogenic,Uncertain significance,0.6,PM2;PP3,"Richards S, et al. Standards and guidelines for the interpretation of sequence variants. Genet Med. 2015;17(5):405-424.",,2.76,
104790,RPE65,deepseek-coder,Pathogenic,Pathogenic,0.75,PM2;PM3;PP3;PP4,"Thompson DA, et al. Hum Mol Genet. 2000;9(4):519-527.;Stone EM, et al. Ophthalmology. 2017;124(9):1314-1331.",,3.3,
105108,ABCA4,deepseek-chat,Pathogenic,Uncertain significance,0.6,PM2;PP3;BP4,"Richards et al., Genet Med, 2015",,2.33,
105108,ABCA4,deepseek-coder,Pathogenic,Uncertain significance,0.6,PM2;PP3;BP4,"Shen et al., Hum Mutat, 2016;Cornelis et al., Hum Mutat, 2017",,2.61,
104740,RPE65,kimi-k2.6,Pathogenic,Pathogenic,0.95,PVS1;PM2_Supporting,"Richards S, Genet Med, 2015 (ACMG guidelines);Bowne SJ, Hum Mutat, 2016 (RPE65 mutations in LCA);Lorenz B, Ophthalmic Genet, 2004 (RPE65-associated retinal dystrophies)",,9.02,
104790,RPE65,kimi-k2.6,Pathogenic,Pathogenic,0.85,PS1;PM2;PP3;PP4,"Thompson et al., Nat Genet, 2000;Simonelli et al., Eur J Hum Genet, 2004;Bowne et al., Invest Ophthalmol Vis Sci, 2006;Littink et al., Ophthalmology, 2009",,7.61,
105181,ABCA4,deepseek-chat,Pathogenic,Pathogenic,0.95,PVS1;PM2_supporting,"Allikmets et al., Nat Genet, 1997;Zernant et al., Hum Mutat, 2014",,2.39,
105181,ABCA4,deepseek-coder,Pathogenic,Pathogenic,0.99,PVS1;PM2_supporting,"Allikmets et al., Nat Genet, 1997;Zernant et al., Hum Mutat, 2014",,2.74,
105108,ABCA4,kimi-k2.6,Pathogenic,Pathogenic,0.75,PM1;PM2;PP3;PP4,"Allikmets R, Nat Genet, 1997; Lewis RA, Am J Hum Genet, 1999; Cremers FPM, Hum Mutat, 1998; Sun H, Nat Genet, 1998; Klevering BJ, Ophthalmology, 2004",,6.78,
105181,ABCA4,kimi-k2.6,Pathogenic,Pathogenic,0.95,PVS1;PM2,"Richards S, Genet Med, 2015; Zernant J, Hum Genet, 2014",,4.82,
105317,ABCA4,deepseek-chat,Pathogenic,Pathogenic,0.9,PS1;PM2;PP3;PP4;PP5,"Allikmets R, et al. Nat Genet. 1997;15(3):236-246.;Lewis RA, et al. Am J Hum Genet. 1999;64(2):422-434.;Webster AR, et al. Invest Ophthalmol Vis Sci. 2001;42(6):1179-1189.;Zernant J, et al. Hum Mutat. 2014;35(11):1361-1371.",,3.27,
105317,ABCA4,deepseek-coder,Pathogenic,Pathogenic,0.9,PS1;PM2;PP3;PP4;PP5,"Allikmets R, et al. Nat Genet. 1997;15(3):236-246.;Lewis RA, et al. Am J Hum Genet. 1999;64(2):422-434.;Zernant J, et al. Hum Mutat. 2014;35(11):1317-1327.;Cornelis SS, et al. Hum Mutat. 2017;38(4):400-408.",,3.2,
105361,ABCA4,deepseek-chat,Pathogenic,Pathogenic,0.99,PVS1;PM2;PVS1_Strong,"Allikmets R, et al. Nat Genet. 1997;15(3):236-246;Zernant J, et al. Hum Mutat. 2014;35(11):1317-1327",,2.61,
105361,ABCA4,deepseek-coder,Pathogenic,Pathogenic,0.95,PVS1;PM2;PVS1_Strong,"Allikmets et al., Nat Genet, 1997;Zernant et al., Hum Mutat, 2014;Cornelis et al., Hum Mutat, 2017",,2.53,
105365,ABCA4,deepseek-chat,Pathogenic,Pathogenic,0.99,PVS1;PM2_Supporting,"Allikmets et al., Nature Genetics, 1997;Cremers et al., Human Mutation, 1998",,2.66,
105361,ABCA4,kimi-k2.6,Pathogenic,Pathogenic,0.95,PVS1;PM2,"Zernant et al., Am J Hum Genet, 2006; Cremers et al., Hum Mutat, 1998; Han et al., Genet Med, 2019",,5.88,
105365,ABCA4,deepseek-coder,Pathogenic,Pathogenic,0.99,PVS1;PM2;PVS1_Strong,"Allikmets et al., Nature Genetics, 1997;Zernant et al., Human Mutation, 2014",,2.84,
105317,ABCA4,kimi-k2.6,Pathogenic,Pathogenic,0.75,,"Allikmets R, Nat Genet, 1997; Lewis RA, Arch Ophthalmol, 1999; Sun H, Am J Hum Genet, 2000; Rivera A, Hum Genet, 2000; Yatsenko AN, Hum Mutat, 2003; Cremers FPM, Prog Retin Eye Res, 1998",,8.64,
105739,CEP290,deepseek-chat,Pathogenic,Pathogenic,0.95,PVS1;PM2_Supporting,"den Hollander et al., Am J Hum Genet, 2006;Coppieters et al., Hum Mutat, 2010",,2.48,
105739,CEP290,deepseek-coder,Pathogenic,Pathogenic,0.95,PVS1;PM2_Supporting,"Coppieters F, et al. Hum Mutat, 2010;Drivas TG, et al. Am J Hum Genet, 2015",,2.72,
105741,CEP290,deepseek-chat,Pathogenic,Pathogenic,0.99,PVS1;PM2;PVS1_Strong,"den Hollander et al., Am J Hum Genet, 2006;Coppieters et al., Hum Mutat, 2010;Drivas et al., Genet Med, 2015",,2.7,
105365,ABCA4,kimi-k2.6,Pathogenic,Pathogenic,0.99,PVS1;PM2_Supporting,"Richards S, et al., Standards and guidelines for the interpretation of sequence variants: a joint consensus recommendation of the American College of Medical Genetics and Genomics and the Association for Molecular Pathology. Genet Med. 2015;17(5):405-24;Cremers FPM, et al., ABCA4 gene analysis in inherited retinal disease. Methods Mol Biol. 2018;1750:111-122",,7.66,
105741,CEP290,deepseek-coder,Pathogenic,Pathogenic,0.99,PVS1;PM2;PVS1_Strong,"den Hollander et al., Am J Hum Genet, 2006;Coppieters et al., Hum Mutat, 2010;Drivas et al., Genet Med, 2015",,2.75,
105739,CEP290,kimi-k2.6,Pathogenic,Pathogenic,0.99,PVS1;PM2_Supporting,"Richards S, et al., Genet Med, 2015; den Dunnen JT, et al., Hum Mutat, 2016; The Human Gene Mutation Database (HGMD)",,7.69,
105742,CEP290,deepseek-chat,Pathogenic,Pathogenic,0.95,PVS1;PM2;PVS1_Strong,"den Hollander et al., Am J Hum Genet, 2006;Coppieters et al., Hum Mutat, 2010",,2.64,
105742,CEP290,deepseek-coder,Pathogenic,Pathogenic,0.95,PVS1;PM2_Supporting,"den Hollander et al., Am J Hum Genet, 2006;Coppieters et al., Hum Mutat, 2010",,2.39,
105753,CEP290,deepseek-chat,Pathogenic,Pathogenic,0.95,PVS1;PM2;PVS1_Strong,"den Hollander et al., Am J Hum Genet, 2006;Coppieters et al., Hum Mutat, 2010",,2.67,
105753,CEP290,deepseek-coder,Pathogenic,Pathogenic,0.95,PVS1;PM2_supporting,"den Hollander et al., Am J Hum Genet, 2006;Coppieters et al., Hum Mutat, 2010",,2.3,
105741,CEP290,kimi-k2.6,Pathogenic,Pathogenic,0.99,PVS1;PM2_Supporting,"The CEP290 gene is associated with autosomal recessive Joubert syndrome (OMIM 610142) and Leber congenital amaurosis (OMIM 610156); nonsense variants in CEP290 are a known cause of disease; population frequency data from gnomAD v4.0 shows extremely low tolerance for loss-of-function variants (pLI ≈ 1.0, LOEUF = 0.46)",,9.68,
108221,PAH,deepseek-chat,Likely pathogenic,Pathogenic,0.95,PS1;PM2;PM3;PP3;PP5,"Guldberg P, et al. Am J Hum Genet. 1998;63(1):71-79.;Zschocke J, et al. Hum Mutat. 1999;13(4):280-286.;Wettstein S, et al. Hum Mutat. 2015;36(10):928-936.",,3.27,
108221,PAH,deepseek-coder,Likely pathogenic,Pathogenic,0.95,PM2;PM3;PP3;PP5;PS1,"Guldberg P, et al. Am J Hum Genet. 1998;63(1):71-79.;Zschocke J, et al. Hum Mutat. 1999;14(4):333-339.;Wettstein S, et al. Hum Mutat. 2015;36(10):928-930.",,3.27,
105742,CEP290,kimi-k2.6,Pathogenic,Pathogenic,0.95,PVS1;PM2_Supporting,"The CEP290 gene is associated with Joubert syndrome (OMIM 610142) and Leber congenital amaurosis (OMIM 610142), where truncating variants are a common cause of disease; den Dunnen et al., Hum Mutat, 2016; Richards et al., Genet Med, 2015",,9.04,
108221,PAH,kimi-k2.6,Likely pathogenic,Pathogenic,0.95,PS1;PM2;PP4,"Scriver CR, The metabolic and molecular bases of inherited disease, 2001; Zekanowski C, Hum Mutat, 1997; PAHvdb database",,6.38,
108222,PAH,deepseek-chat,Likely pathogenic,Pathogenic,0.95,PS1;PM2;PM3;PP3;PP5,"Guldberg P, et al. Am J Hum Genet. 1998;63(1):71-79.;Zschocke J, et al. Hum Mutat. 1999;14(4):333-339.;Wettstein S, et al. Hum Mutat. 2015;36(10):928-936.",,3.14,
108222,PAH,kimi-k2.6,Likely pathogenic,Pathogenic,0.85,PS1;PM2;PP3;PP4,"Scriver CR, Hum Mutat, 2000; Zschocke J, Hum Mutat, 2000; Blau N, J Inherit Metab Dis, 2017",,5.1,
108222,PAH,deepseek-coder,Likely pathogenic,Pathogenic,0.95,PS1;PM2;PP3;PP5,"Guldberg P, et al. Am J Hum Genet. 1998;63(1):71-79.;Zschocke J, et al. Hum Mutat. 1999;14(4):333-339.;Wettstein S, et al. Hum Mutat. 2015;36(11):1074-1082.",,3.23,
105753,CEP290,kimi-k2.6,Pathogenic,Pathogenic,0.95,PVS1;PM3_Strong,"Otto EA, Nat Genet, 2008; CEP290 is a major cause of Leber congenital amaurosis and Joubert syndrome;The CEP290 gene is associated with Joubert syndrome, Meckel syndrome, and Bardet-Biedl syndrome; loss-of-function variants are pathogenic in recessive disorders;ACMG Standards and Guidelines for sequence variant interpretation, Richards S, et al., Genet Med, 2015",,10.75,
108496,PAH,deepseek-chat,Likely pathogenic,Pathogenic,0.85,PM2;PM5;PP3;PP4,"Blau N, et al. Hum Mutat. 2014;35:1126-1136;Garbade SF, et al. Hum Mutat. 2019;40:1641-1660",,3.27,
108496,PAH,deepseek-coder,Likely pathogenic,Pathogenic,0.85,PM2;PM5;PP3;PP4,"Blau N, et al. J Inherit Metab Dis. 2010;33(4):333-342;Garbade SF, et al. Hum Mutat. 2019;40(7):899-912",,3.39,
108519,PAH,deepseek-chat,Pathogenic,Pathogenic,0.85,PM2;PM3;PP3;PP4,"Blau N, et al. J Inherit Metab Dis, 2010;Garbade SF, et al. Hum Mutat, 2019",,3.26,
108519,PAH,deepseek-coder,Pathogenic,Pathogenic,0.85,PM2;PM3;PP3;PP4,"Blau N, et al. Phenylketonuria. Lancet. 2010;376(9750):1417-1427.;Garbade SF, et al. Allelic phenotype values of PAH variants. Hum Mutat. 2019;40(5):645-657.",,3.28,
108496,PAH,kimi-k2.6,Likely pathogenic,Pathogenic,0.75,PS3;PM2;PP3;PP4,"Fitzgerald et al., Am J Hum Genet, 1998; Kayaalp et al., Hum Mutat, 1997; Guldberg et al., Eur J Hum Genet, 1998",,7.26,
131057,BRCA1,deepseek-chat,Pathogenic,Pathogenic,0.95,PVS1;PS4;PM2_Supporting,"Easton et al., Am J Hum Genet, 2007;ENIGMA Consortium, 2018;ClinVar submission (SCV000190123.5)",,2.68,
131057,BRCA1,deepseek-coder,Pathogenic,Pathogenic,0.95,PVS1;PS4;PM2_Supporting,"Easton et al., Am J Hum Genet, 2007;Engel et al., Eur J Hum Genet, 2010;ClinVar submission (VCV000055383)",,2.72,
131057,BRCA1,kimi-k2.6,Pathogenic,Uncertain significance,0.3,,"Richards S, et al., Genet Med, 2015; ACMG/AMP sequence variant interpretation guidelines",,5.01,
131706,BRCA2,deepseek-chat,Likely pathogenic,Uncertain significance,0.6,PM2;PP3,"Richards et al., Genet Med, 2015",,2.26,
108519,PAH,kimi-k2.6,Pathogenic,Pathogenic,0.75,PM1;PM2;PP3;PP4,"Fitzpatrick, PNAS, 2010; PAHdb database; Guldberg, Eur J Hum Genet, 1998",,7.15,
131706,BRCA2,deepseek-coder,Likely pathogenic,Uncertain significance,0.6,PM2;PP3,"Richards S, et al. Standards and guidelines for the interpretation of sequence variants. Genet Med. 2015;17(5):405-424.",,2.7,
131800,CEP290,deepseek-chat,Benign,Uncertain significance,0.6,PM2;BP4,"Richards S, et al. Standards and guidelines for the interpretation of sequence variants. Genet Med. 2015;17(5):405-424.",,2.98,
131800,CEP290,deepseek-coder,Benign,Uncertain significance,0.6,PM2;BP4,"Richards S, et al. Standards and guidelines for the interpretation of sequence variants. Genet Med. 2015;17(5):405-424.",,2.77,
131801,CEP290,deepseek-chat,Benign,Uncertain significance,0.6,PM2;PP3;BP4,"Richards S, et al. Genet Med. 2015;17(5):405-424.",,2.28,
131801,CEP290,kimi-k2.6,Benign,Uncertain significance,0.3,,"Richards S, et al. Standards and guidelines for the interpretation of sequence variants. Genet Med. 2015;17(5):405-24",,4.03,
131801,CEP290,deepseek-coder,Benign,Uncertain significance,0.6,PM2;PP3;BP4,"Richards S, et al. Standards and guidelines for the interpretation of sequence variants. Genet Med. 2015;17(5):405-424.",,2.43,
131706,BRCA2,kimi-k2.6,Likely pathogenic,Pathogenic,0.85,PS1;PM1;PM2;PP2;PP3,"Bouwman et al., Cancer Res, 2000; Farrugia et al., Hum Mutat, 2008; Loveday et al., J Med Genet, 2011; Easton et al., Am J Hum Genet, 2007; Spurdle et al., Hum Mutat, 2012",,8.3,
131800,CEP290,kimi-k2.6,Benign,Uncertain significance,0.3,,"ACMG Standards and Guidelines for the Interpretation of Sequence Variants, Richards et al., Genet Med, 2015",,6.45,
131985,PIK3R1,deepseek-chat,Likely pathogenic,Uncertain significance,0.6,PM2;PP3;BP4,"Richards et al., Genet Med, 2015",,2.16,
131985,PIK3R1,deepseek-coder,Likely pathogenic,Uncertain significance,0.6,PM2;PP3;BP4,"Richards et al., Genet Med, 2015",,2.24,
133129,PTEN,deepseek-chat,Likely benign,Uncertain significance,0.6,PM2;BP4,"Richards S, et al. Standards and guidelines for the interpretation of sequence variants. Genet Med. 2015;17(5):405-424.",,2.84,
133129,PTEN,deepseek-coder,Likely benign,Uncertain significance,0.6,PM2;BP4,"Richards S, et al. Standards and guidelines for the interpretation of sequence variants. Genet Med. 2015;17(5):405-424.",,2.87,
133138,PTEN,deepseek-chat,Likely benign,Uncertain significance,0.6,PM2;BP4,"Richards S, et al. Genet Med. 2015;17(5):405-424",,2.24,
131985,PIK3R1,kimi-k2.6,Likely pathogenic,Uncertain significance,0.3,PM2,"Richards S, Aziz N, Bale S, et al. Standards and guidelines for the interpretation of sequence variants: a joint consensus recommendation of the American College of Medical Genetics and Genomics and the Association for Molecular Pathology. Genet Med. 2015;17(5):405-424.",,6.89,
133138,PTEN,kimi-k2.6,Likely benign,Uncertain significance,0.3,,"ACMG Standards and Guidelines for the interpretation of sequence variants, Richards et al., Genet Med, 2015",,3.8,
133129,PTEN,kimi-k2.6,Likely benign,Uncertain significance,0.3,,"Richards S, et al. Standards and guidelines for the interpretation of sequence variants. Genet Med. 2015;17(5):405-24.",,5.26,
133138,PTEN,deepseek-coder,Likely benign,Uncertain significance,0.6,PM2;BP4,"Richards S, et al. Genet Med. 2015;17(5):405-424",,2.4,
133152,PTEN,deepseek-chat,Likely benign,Uncertain significance,0.6,PM2;PP3;BP4,N/A,,2.11,
133152,PTEN,deepseek-coder,Likely benign,Uncertain significance,0.6,PM2;PP3;BP4,"Richards S, et al. Genet Med. 2015;17(5):405-424",,2.23,
134019,CAPN3,deepseek-chat,Pathogenic,Uncertain significance,0.6,PM2;PP3;BP4,"Richards et al., Genet Med, 2015",,2.02,
133152,PTEN,kimi-k2.6,Likely benign,Uncertain significance,0.3,,"Richards S, et al., Genet Med, 2015; ACMG/AMP Sequence Variant Interpretation Guidelines",,4.07,
134019,CAPN3,deepseek-coder,Pathogenic,Uncertain significance,0.6,PM2;PP3;BP4,"Richard et al., Am J Hum Genet, 1995;Kramerova et al., Hum Mol Genet, 2004",,2.46,
134021,CAPN3,deepseek-chat,Benign,Uncertain significance,0.6,PM2_supporting;PP3_moderate,"Richards S, et al. Genet Med. 2015;17(5):405-424",,2.28,
134021,CAPN3,deepseek-coder,Benign,Uncertain significance,0.6,PM2;PP3;BP4,"Richards et al., Genet Med, 2015",,1.87,
136765,RYR1,deepseek-chat,Pathogenic/Likely pathogenic,Uncertain significance,0.6,PM2;PP3;PP4,"Robinson R, et al. RYR1-related myopathies. GeneReviews, 2020;Bharucha-Goebel DX, et al. RYR1 variants in congenital myopathies. Neurology, 2013",,3.1,
136765,RYR1,deepseek-coder,Pathogenic/Likely pathogenic,Uncertain significance,0.6,PM2;PP3;PP4,"Richards et al., Genet Med, 2015",,2.22,
136788,RYR1,deepseek-chat,Pathogenic,Uncertain significance,0.6,PM2;PP3;BP4,"Richards S, et al. Genet Med. 2015;17(5):405-424",,2.38,
136788,RYR1,deepseek-coder,Pathogenic,Uncertain significance,0.6,PM2;PP3;BP4,"Quinonez et al., J Med Genet, 2013;Robinson et al., Neuromuscul Disord, 2006",,2.15,
136788,RYR1,kimi-k2.6,Pathogenic,Uncertain significance,0.3,,"Richards S, Genet Med, 2015;Oates EC, Neuromuscul Disord, 2019 (RYR1-related myopathies)",,4.63,
136845,RYR1,deepseek-chat,Pathogenic/Likely pathogenic,Uncertain significance,0.6,PM2;PP3;PP4,"Richards et al., Genet Med, 2015",,2.17,
134021,CAPN3,kimi-k2.6,Benign,Pathogenic,0.85,PS1;PM2;PP3;PP4,"Richard I, Broux O, Allamand V, et al. Mutations in the proteolytic enzyme calpain 3 cause limb-girdle muscular dystrophy type 2A. Cell. 1995;81(1):27-40.;Spencer MJ, Mellgren RL, Lee JF, et al. Calpain 3 in the pathogenesis of LGMD2A: a mutation in calpain 3 affects expression, activity, and binding of calpain 3 to its substrates. Hum Mol Genet. 2002;11(7):775-86.;Fanin M, Nascimbeni AC, Fei Y, et al. Clinical validity of calpain 3 gene mutations in limb-girdle muscular dystrophy. Int J Mol Sci. 2019;20(18):4586.",,9.68,
136845,RYR1,deepseek-coder,Pathogenic/Likely pathogenic,Uncertain significance,0.6,PM2;PP3;PP4,"Robinson R, et al. Hum Mutat. 2006;27(10):977-989;Brandom BW, et al. Anesthesiology. 2013;118(2):383-388",,2.99,
136845,RYR1,kimi-k2.6,Pathogenic/Likely pathogenic,Uncertain significance,0.3,,"Richards S, et al., Genet Med, 2015; ACMG/AMP sequence variant interpretation guidelines",,4.99,
136930,RYR1,deepseek-chat,Pathogenic/Likely pathogenic; drug response,Uncertain significance,0.6,PM2;PP3;PP4,"Robinson R, et al. Hum Mutat. 2006;27(10):977-989;Brandt A, et al. Hum Mol Genet. 1999;8(11):2055-2062",,2.76,
136930,RYR1,deepseek-coder,Pathogenic/Likely pathogenic; drug response,Uncertain significance,0.6,PM2;PP3;PP4,"Robinson R, et al. Hum Mutat. 2006;27(10):977-989.;Brandom BW, et al. Anesthesiology. 2013;118(2):383-394.",,2.66,
134019,CAPN3,kimi-k2.6,Pathogenic,Pathogenic,0.85,PS1;PM2;PP3,"Richard I, Broux O, Allamand V, et al. Mutations in the proteolytic enzyme calpain 3 cause limb-girdle muscular dystrophy type 2A. Cell. 1995;81(2):253-258;Anderson LV, Davison K, Moss JA, et al. Characterization of monoclonal antibodies to calpain 3 and their application to the diagnosis of limb girdle muscular dystrophy type 2A. Hum Mol Genet. 1998;7(1):9-16;Pénisson-Besnier I, de Toma C, Ackermann B, et al. Genetic heterogeneity in 18 families from France with limb-girdle muscular dystrophy. Neuromuscul Disord. 1998;8(3-4):220-225;Fanin M, Angelini C, Pegoraro E, et al. Calpain 3 deficiency: 2015 update. Neuromuscul Disord. 2015;25(5):423-432",,16.0,
137712,DICER1,deepseek-chat,Benign,Uncertain significance,0.6,PM2;PP3;PP4,"Foulkes WD, et al. J Med Genet, 2011;Gonzalez IA, et al. Am J Surg Pathol, 2022",,2.15,
137712,DICER1,deepseek-coder,Benign,Uncertain significance,0.6,PM2;PP3;PP4,"Foulkes WD, et al. J Med Genet, 2014;Gonzalez IA, et al. Am J Surg Pathol, 2022",,2.69,
136765,RYR1,kimi-k2.6,Pathogenic/Likely pathogenic,Pathogenic,0.75,PS1;PM2;PP3,"Robinson RL, Hopkins PM, Carsana A, et al. Several interacting genes predict the malignant hyperthermia phenotype whereas different genes and loci influence pharmacological contracture responses. Anesthesia & Critical Care. 2003; Sambuughin N, Holley H, Muldoon S, et al. Screening of the entire ryanodine receptor type 1 coding region for pathogenic variants and association of functional IVS7+10T>C variant with occurrence of malignant hyperthermia. Anesthesiology. 2005; Monnier N, Ferreiro A, Marty I, et al. A homozygous splicing mutation causing a depletion of skeletal muscle RYR1 is associated with multi-minicore disease congenital myopathy with ophthalmoplegia. Hum Mol Genet. 2003; Jungbluth H, Zhou H, Hartley L, et al. Contemporary approach to the diagnosis and management of malignant hyperthermia susceptibility: A patient perspective. Eur J Hum Genet. 2018",,14.67,
138778,PIK3R1,deepseek-chat,Benign,Uncertain significance,0.6,PM2;PP3;BP4,"Richards S, et al. Standards and guidelines for the interpretation of sequence variants. Genet Med. 2015;17(5):405-424.",,2.17,
137712,DICER1,kimi-k2.6,Benign,Pathogenic,0.75,PM1;PM2;PP2;PP3,"Rutter et al., J Med Genet, 2016;Schultz et al., Fam Cancer, 2014;Khan et al., J Clin Endocrinol Metab, 2017",,5.94,
138778,PIK3R1,deepseek-coder,Benign,Uncertain significance,0.6,PM2;PP3;BP4,"Richards S, et al. Standards and guidelines for the interpretation of sequence variants. Genet Med. 2015;17(5):405-424.",,2.27,
136930,RYR1,kimi-k2.6,Pathogenic/Likely pathogenic; drug response,Pathogenic,0.75,PS1;PM2;PP3,"Robinson RL, Hopkins PM, Deuter K, et al. Neuromuscular Disorders. 2002; Sambuughin N, Holley H, Muldoon S, et al. American Journal of Human Genetics. 2005; Monnier N, Kozak-Ribbens G, Kuwana E, et al. Human Mutation. 2005",,9.16,
140430,CEP290,deepseek-chat,Benign,Uncertain significance,0.6,PM2;PVS1_moderate,"Richards S, et al. Standards and guidelines for the interpretation of sequence variants. Genet Med. 2015;17(5):405-424.",,2.38,
138778,PIK3R1,kimi-k2.6,Benign,Uncertain significance,0.3,,"Richards S, Genet Med, 2015;Ostrander DB, Hum Mutat, 2016",,4.65,
150231,ANO5,deepseek-chat,Pathogenic,Uncertain significance,0.6,PM2;PP3,"Bouquet et al., Neuromuscular Disorders, 2012;Hicks et al., Human Mutation, 2011",,2.18,
140430,CEP290,deepseek-coder,Benign,Uncertain significance,0.6,PM2;PVS1_Strength_Moderate,"Richards S, et al. Standards and guidelines for the interpretation of sequence variants. Genet Med. 2015;17(5):405-424.",,2.75,
150231,ANO5,deepseek-coder,Pathogenic,Uncertain significance,0.6,PM2;PP3,"Bouquet et al., Neuromuscular Disorders, 2012;Hicks et al., Human Mutation, 2011",,2.47,
140430,CEP290,kimi-k2.6,Benign,Pathogenic,0.85,PVS1;PM2,"Otto et al., Nat Genet, 2008; Khanna et al., Hum Mutat, 2009; The Human Gene Mutation Database (HGMD)",,6.5,
152498,BRCA2,deepseek-chat,Likely pathogenic,Uncertain significance,0.6,PM2;PP3;BP4,"Richards et al., Genet Med, 2015",,2.15,
152498,BRCA2,deepseek-coder,Likely pathogenic,Uncertain significance,0.6,PM2;PP3;BP4,"Richards et al., Genet Med, 2015",,2.42,
152498,BRCA2,kimi-k2.6,Likely pathogenic,Pathogenic,0.85,PS1;PM1;PM2;PP2;PP3,"Bouwman et al., Breast Cancer Res Treat, 2013; Loveday et al., Hum Mutat, 2012; Rebbeck et al., JAMA, 2018",,5.12,
150231,ANO5,kimi-k2.6,Pathogenic,Pathogenic,0.75,PVS1;PM2;PP3,"Sarkozy A, et al. Ann Hum Genet. 2013; ANO5 mutations cause LGMD2L and MMD3.;ACMG/AMP Sequence Variant Interpretation Guidelines. Genet Med. 2015",,7.25,
152734,PTEN,deepseek-chat,Likely benign,Uncertain significance,0.6,PM2;PP3;BP4,N/A,,2.53,
152734,PTEN,deepseek-coder,Likely benign,Uncertain significance,0.6,PM2;PP3;BP4,N/A,,2.58,
153198,MECP2,deepseek-chat,Benign,Uncertain significance,0.6,PM2;PP3;BP4,"Richards et al., Genet Med, 2015",,2.12,
153198,MECP2,deepseek-coder,Benign,Uncertain significance,0.6,PM2;PP3;BP4,"Richards et al., Genet Med, 2015",,2.36,
165812,PIK3R1,deepseek-chat,Pathogenic,Pathogenic,0.95,PVS1;PM2_Supporting,"Lucas CL, et al. Nat Immunol, 2014;Deau MC, et al. J Clin Invest, 2014",,2.65,
153198,MECP2,kimi-k2.6,Benign,Pathogenic,0.75,PS2;PM2;PP2;PP3,"Santos et al., Genet Med, 2014; Neul et al., Neurology, 2010; Lek et al., Nature, 2016 (gnomAD)",,5.72,
165812,PIK3R1,deepseek-coder,Pathogenic,Pathogenic,0.95,PVS1;PM2;PP3,"Lucas CL, et al. Nat Immunol, 2014;Deau MC, et al. J Clin Invest, 2014;Richards S, et al. Genet Med, 2015",,2.59,
165813,PIK3R1,deepseek-chat,Pathogenic,Pathogenic,0.95,PVS1;PM2_Supporting,"Conley ME, et al. J Clin Immunol, 2016;Deau MC, et al. J Clin Invest, 2014",,2.63,
152734,PTEN,kimi-k2.6,Likely benign,Pathogenic,0.95,PS1;PM1;PM2;PP2;PP3;PP5,"Yehia L, Keel E, Eng C, 2019, Genet Med; Mester JL, Eng C, 2015, Hum Mutat; Pilarski R, Burt R, Kohlman W, et al., 2013, J Natl Compr Canc Netw; Tan MH, Mester JL, Ngeow J, et al., 2012, J Med Genet; Marsh DJ, Coulon V, Lunetta KL, et al., 1998, Hum Mol Genet",,9.31,
165813,PIK3R1,kimi-k2.6,Pathogenic,Pathogenic,0.95,PVS1;PM2,"Richards S, et al., Genet Med, 2015; ACMG/AMP Sequence Variant Interpretation Guidelines",,4.1,
165813,PIK3R1,deepseek-coder,Pathogenic,Pathogenic,0.95,PVS1;PM2_Supporting,"Deau MC, et al. J Clin Invest, 2014;Lucas CL, et al. Nat Immunol, 2014",,2.93,
165812,PIK3R1,kimi-k2.6,Pathogenic,Pathogenic,0.95,PVS1;PM2,"Richards S, Genet Med, 2015; Bunn KJ, Nat Genet, 2015; Chudasama KK, Am J Hum Genet, 2013",,7.21,
166166,CEP290,deepseek-chat,Pathogenic,Pathogenic,0.95,PVS1;PM2;PVS1_Strong,"den Hollander et al., Am J Hum Genet, 2006;Coppieters et al., Hum Mutat, 2010",,2.33,
166166,CEP290,deepseek-coder,Pathogenic,Pathogenic,0.99,PVS1;PM2;PVS1_Strong,"den Hollander et al., Am J Hum Genet, 2006;Coppieters et al., Hum Mutat, 2010;Drivas et al., Genet Med, 2015",,2.61,
166484,MECP2,deepseek-chat,Benign,Uncertain significance,0.6,PM2;PP3;BP4,"RettBase, RettBASE MECP2 variation database, 2023;Krishnaraj et al., Human Mutation, 2017",,2.86,
166166,CEP290,kimi-k2.6,Pathogenic,Pathogenic,0.99,,"Travaglini L, et al., J Med Genet, 2018; Khanna H, et al., Nat Genet, 2009; The CEP290 gene is associated with Joubert syndrome, OMIM #610142",,6.18,
166484,MECP2,deepseek-coder,Benign,Uncertain significance,0.6,PM2;PP3;BP4,"Richards et al., Genet Med, 2015;ClinVar (no entry for this variant);gnomAD (no frequency data)",,2.82,
169077,UBE3A,deepseek-chat,Likely pathogenic,Uncertain significance,0.6,PM2;PP3;PP4,"Bird, L.M., et al. Angelman syndrome: review of clinical and molecular aspects. Appl Clin Genet. 2014;Kishino, T., et al. UBE3A/E6-AP mutations cause Angelman syndrome. Nat Genet. 1997",,2.93,
169077,UBE3A,deepseek-coder,Likely pathogenic,Uncertain significance,0.6,PM2;PP3;PP4,"Kishino et al., Nature Genetics, 1997;Yamasaki et al., American Journal of Human Genetics, 2003",,2.46,
177421,SGCA,deepseek-chat,Pathogenic,Uncertain significance,0.6,PM2;PP3;BP4,"Richards et al., Genet Med, 2015",,2.42,
177421,SGCA,deepseek-coder,Pathogenic,Uncertain significance,0.6,PM2;PP3;BP4,"Richards et al., Genet Med, 2015",,2.15,
166484,MECP2,kimi-k2.6,Benign,Pathogenic,0.75,PS2;PM2;PP2;PP3,"Neul et al., Neurology, 2010;Laccone et al., J Med Genet, 2001;Monros et al., J Med Genet, 1999;Kortüm et al., Hum Mutat, 2015",,7.09,
169077,UBE3A,kimi-k2.6,Likely pathogenic,Uncertain significance,0.3,,"Richards S, Richards S, et al., Standards and guidelines for the interpretation of sequence variants: a joint consensus recommendation of the American College of Medical Genetics and Genomics and the Association for Molecular Pathology., Genet Med, 2015;Kalantari F, et al., UBE3A and its role in neurodevelopmental disorders, Wiley Interdiscip Rev RNA, 2021",,7.01,
177548,CAPN3,deepseek-chat,Benign,Uncertain significance,0.6,PM2;BP7,"Richards S, et al. Standards and guidelines for the interpretation of sequence variants. Genet Med. 2015;17(5):405-424.",,2.44,
177548,CAPN3,deepseek-coder,Benign,Uncertain significance,0.6,PM2;BP7,"Richards S, et al. Standards and guidelines for the interpretation of sequence variants. Genet Med. 2015;17(5):405-424.",,2.39,
177548,CAPN3,kimi-k2.6,Benign,Likely benign,0.85,BP4;BP7,"Richards S, Gen Med, 2015;Ellard S, Hum Mutat, 2018",,4.78,
177421,SGCA,kimi-k2.6,Pathogenic,Pathogenic,0.75,PM1;PM2;PP2;PP3,"Richard S, et al. Standards and guidelines for the interpretation of sequence variants: a joint consensus recommendation of the American College of Medical Genetics and Genomics and the Association for Molecular Pathology. Genet Med. 2015;17(5):405-24.",,6.91,
177565,CDKL5,deepseek-chat,Likely benign,Uncertain significance,0.6,PM2;BP4;BP7,"Richards S, et al. Genet Med. 2015;17(5):405-424",,2.2,
177565,CDKL5,deepseek-coder,Likely benign,Uncertain significance,0.6,PM2;BP4;BP7,"Richards S, et al. Standards and guidelines for the interpretation of sequence variants. Genet Med. 2015;17(5):405-424.",,2.54,
177565,CDKL5,kimi-k2.6,Likely benign,Benign,0.95,BA1;BP4;BP7,"Richards S, et al., Genet Med, 2015; ACMG/AMP sequence variant interpretation guidelines",,5.02,
181251,LDLR,deepseek-chat,Likely pathogenic,Pathogenic,0.85,PM2;PM5;PP3;PP4,"Hobbs HH, et al. Hum Mutat. 1992;1(6):445-66;Leigh SE, et al. Hum Mutat. 2008;29(9):1131-40;Fairoozy RH, et al. Atherosclerosis. 2017;263:e211",,3.58,
183006,PTEN,deepseek-chat,Pathogenic,Uncertain significance,0.6,PM2;PP3;PP4,"Nelen MR, et al. Nat Genet. 1997;16(1):64-67;Marsh DJ, et al. Hum Mol Genet. 1998;7(3):507-515;Pilarski R, et al. J Med Genet. 2013;50(4):255-263",,2.87,
181251,LDLR,deepseek-coder,Likely pathogenic,Pathogenic,0.85,PM2;PM5;PP3;PP4,"Hobbs HH, et al. Hum Mutat. 1992;1(6):445-66.;Leigh SE, et al. Hum Mutat. 2008;29(9):1131-40.;Whittall R, et al. Hum Mutat. 2009;30(4):520-9.",,3.57,
183006,PTEN,deepseek-coder,Pathogenic,Uncertain significance,0.6,PM2;PP3;PP4,"Nykamp et al., Genet Med, 2017;Richards et al., Genet Med, 2015",,2.43,
181251,LDLR,kimi-k2.6,Likely pathogenic,Pathogenic,0.85,PS4;PM1;PM2;PP2;PP3;PP5,"Fokkema, Eur J Hum Genet, 2011; Benito-Sanz, Hum Mutat, 2005; García-García, Atherosclerosis, 2011; Jarvik, Genet Med, 2016",,5.94,
183013,PTEN,deepseek-coder,Likely benign,Uncertain significance,0.6,PM2;BP4;BP7,"Richards et al., Genet Med, 2015;Silva et al., Hum Mutat, 2019",,2.6,
183013,PTEN,deepseek-chat,Likely benign,Uncertain significance,0.7,PM2;BP4;BP7,"Richards et al., Genet Med, 2015;Silva et al., Hum Mutat, 2019",,2.71,
185129,BRCA1,deepseek-chat,Likely pathogenic,Uncertain significance,0.6,PM2;PP3;BP4,"Richards S, et al. Genet Med. 2015;17(5):405-424",,2.28,
183013,PTEN,kimi-k2.6,Likely benign,Benign,0.95,BA1;BP4;BP7,"Richards S, Genet Med, 2015; Oza V, Hum Mutat, 2011",,4.77,
185129,BRCA1,deepseek-coder,Likely pathogenic,Uncertain significance,0.6,PM2;PP3;BP4,"Richards S, et al. Genet Med. 2015;17(5):405-424",,2.47,
187009,GAA,deepseek-chat,Pathogenic,Pathogenic,0.75,PM2;PM3;PP3;PP4,"Kroos M, et al. Hum Mutat, 2008;Reuser AJ, et al. Hum Mutat, 2019",,2.7,
185129,BRCA1,kimi-k2.6,Likely pathogenic,Pathogenic,0.85,PS1;PM2;PP2;PP3,"Miki et al., Science, 1994; Couch et al., Breast Cancer Res Treat, 1997; Morris et al., Cancer Res, 2006; Findlay et al., Nature, 2018; BIC database; LOVD database",,6.88,
187009,GAA,deepseek-coder,Pathogenic,Pathogenic,0.9,PM2;PM3;PP3;PP4;PS1,"Kroos M, et al. Hum Mutat. 2008;29(6):E83-E92.;Reuser AJJ, et al. Hum Mutat. 2019;40(11):1954-1972.;Mori M, et al. Mol Genet Metab. 2017;120(3):223-229.",,3.13,
187281,KLLN;PTEN,deepseek-chat,Likely benign,Uncertain significance,0.6,PM2;PP3,"Richards S, et al. Standards and guidelines for the interpretation of sequence variants. Genet Med. 2015;17(5):405-424.",,3.03,
187009,GAA,kimi-k2.6,Pathogenic,Pathogenic,0.75,PM2;PP3;PP4,"Kroos et al., Eur J Hum Genet, 2012;Ausems et al., Am J Hum Genet, 1999;Richards et al., Genet Med, 2015 (ACMG guidelines)",,7.13,
187281,KLLN;PTEN,kimi-k2.6,Likely benign,Uncertain significance,0.3,,"Richards S, Aziz N, Bale S, et al. Standards and guidelines for the interpretation of sequence variants: a joint consensus recommendation of the American College of Medical Genetics and Genomics and the Association for Molecular Pathology. Genet Med. 2015;17(5):405-424.",,5.36,
187281,KLLN;PTEN,deepseek-coder,Likely benign,Uncertain significance,0.6,PM2;PVS1_Strength_Modifier,"Richards S, et al. Standards and guidelines for the interpretation of sequence variants. Genet Med. 2015;17(5):405-424.",,3.34,
183006,PTEN,kimi-k2.6,Pathogenic,Pathogenic,0.85,PS1;PM2;PP2;PP3,"Zhou XP, Loukola A, Salovaara R, et al. PTEN mutational spectra, expression levels, and subcellular localization in tumor samples suggest a distinct role in gastrointestinal and endometrial carcinogenesis. Am J Pathol. 2002;161(4):1351-1361;Pilarski A, Burt R, Kohlman W, et al. Cowden syndrome and the PTEN hamartoma tumor syndrome: systematic review and revised diagnostic criteria. J Natl Cancer Inst. 2013;105(21):1607-1616;Yehia L, Keel E, Eng C. The Clinical Spectrum of PTEN Pathogenic Variants: Results from 10 Years as a UK Reference Center. J Med Genet. 2019;56(10):661-674;Schrader KA, Masciari N, Boyd N, et al. Germline mutations in PTEN and BRCA1/2 in women with triple negative breast cancer. JAMA Oncol. 2016;2(3):372-375",,14.95,
187302,PTEN,deepseek-chat,Likely benign,Uncertain significance,0.6,PM2_supporting;BP4,"Richards S, et al. Standards and guidelines for the interpretation of sequence variants. Genet Med. 2015;17(5):405-424.",,2.64,
187302,PTEN,deepseek-coder,Likely benign,Uncertain significance,0.6,PM2;BP4,"Richards S, et al. Standards and guidelines for the interpretation of sequence variants. Genet Med. 2015;17(5):405-424.",,2.43,
190202,CAPN3,deepseek-chat,Pathogenic,Uncertain significance,0.6,PM2;PP3;PP4,"Richard et al., Am J Hum Genet, 1995;Kramerova et al., Biochim Biophys Acta, 2007",,2.61,
190202,CAPN3,deepseek-coder,Pathogenic,Uncertain significance,0.6,PM2;PP3;BP4,"Richard et al., Am J Hum Genet, 1995;Kramerova et al., Hum Mol Genet, 2004",,2.61,
192611,CAPN3,deepseek-chat,Likely pathogenic,Uncertain significance,0.6,PM2;PP3;BP4,"Richards et al., Genet Med, 2015",,2.68,
192611,CAPN3,deepseek-coder,Likely pathogenic,Uncertain significance,0.6,PM2;PP3;BP4,"Richards et al., Genet Med, 2015",,2.56,
187302,PTEN,kimi-k2.6,Likely benign,Uncertain significance,0.3,,"Richards S, Aziz N, Bale S, et al. Standards and guidelines for the interpretation of sequence variants: a joint consensus recommendation of the American College of Medical Genetics and Genomics and the Association for Molecular Pathology. Genet Med. 2015;17(5):405-424.",,8.33,
193150,CEP290,deepseek-chat,Likely benign,Uncertain significance,0.6,PM2;PP3,"Coppieters F, et al. Hum Mutat, 2010;Drivas TG, et al. Am J Hum Genet, 2015",,2.74,
193150,CEP290,deepseek-coder,Likely benign,Uncertain significance,0.6,PM2;PP3,"Coppieters F, et al. Hum Mutat, 2010;Drivas TG, et al. Am J Hum Genet, 2015",,2.71,
190202,CAPN3,kimi-k2.6,Pathogenic,Pathogenic,0.85,PS1;PM2;PM5,"Anderson LV, et al., Hum Mutat, 1999;Bartoli M, et al., Am J Hum Genet, 2003;Richard I, et al., Nat Genet, 1995;Groen EJ, et al., Neuromuscul Disord, 2007;ClinVar entry RCV000004390.3",,9.61,
193150,CEP290,kimi-k2.6,Likely benign,Uncertain significance,0.3,,"The Human Gene Mutation Database (HGMD); ClinVar database, accessed 2024",,6.89,
193336,DYSF,deepseek-chat,Pathogenic,Uncertain significance,0.6,PM2;PP3;PP4,"Aoki M, et al. DYSF-related myopathies. GeneReviews, 2019.;Krahn M, et al. Dysferlinopathies. Orphanet J Rare Dis, 2009.",,3.38,
193336,DYSF,deepseek-coder,Pathogenic,Uncertain significance,0.6,PM2;PP3;PP4,"Richards S, et al. Standards and guidelines for the interpretation of sequence variants. Genet Med. 2015;17(5):405-424.",,2.65,
194255,SGCA,deepseek-chat,Likely pathogenic,Uncertain significance,0.6,PM2;PP3,"Richards S, et al. Standards and guidelines for the interpretation of sequence variants. Genet Med. 2015;17(5):405-424.",,2.38,
194255,SGCA,deepseek-coder,Likely pathogenic,Uncertain significance,0.6,PM2;PP3,"Richards et al., Genet Med, 2015",,2.48,
193336,DYSF,kimi-k2.6,Pathogenic,Pathogenic,0.75,PM1;PM2;PP3;PP4,"Anderson L, Neuromuscul Disord, 2000; Aoki M, Neurology, 2001; Richards S, Genet Med, 2015",,7.92,
194255,SGCA,kimi-k2.6,Likely pathogenic,Pathogenic,0.75,PM1;PM2;PP2;PP3,"Koenig, J Med Genet, 1995 (SGCA gene identification);Richardson, Neuromuscular Disorders, 1997 (LGMD2A genotype-phenotype);Nowak, Human Mutation, 2000 (SGCA mutations in LGMD);Walsh, Genet Med, 2017 (ACMG/AMP guidelines for interpretation of sequence variants)",,5.8,
194877,ACTA1,deepseek-chat,Pathogenic,Pathogenic,0.95,PS1;PM2;PP3;PP5,"Sparrow JC, et al. Hum Mutat, 2003;Nowak KJ, et al. Am J Hum Genet, 1999;Clarke NF, et al. Neurology, 2004",,2.62,
194877,ACTA1,deepseek-coder,Pathogenic,Pathogenic,0.9,PS1;PM2;PP3;PP5,"Nowak KJ, et al. Am J Hum Genet, 1999;Sparrow JC, et al. Hum Mutat, 2003;Clarke NF, et al. Neurology, 2004",,2.71,
194877,ACTA1,kimi-k2.6,Pathogenic,Pathogenic,0.75,PS1;PM2;PP3,"Nowak KJ, et al., Annals of Neurology, 1999; Kaindl AM, et al., Human Molecular Genetics, 2004; Laing NG, et al., Neuromuscular Disorders, 2009; Claeys KG, et al., Neurology, 2006",,5.2,
192611,CAPN3,kimi-k2.6,Likely pathogenic,Pathogenic,0.75,PM1;PM2;PP3;PP4,"Richard I, Broux O, Allamand V, et al. Mutations in CAPN3 cause limb-girdle muscular dystrophy type 2A. Nat Genet. 1995;9(1):11-17.;Anderson LV, Davison K, Moss JA, et al. Characterization of monoclonal antibodies to calpain 3 and protein expression in muscle from patients with limb-girdle muscular dystrophy type 2A. Am J Pathol. 1998;153(4):1169-1179.;Fanin M, Angelini C, Nascimbeni AC, et al. Prevalence of LGMD2A and LGMD2B in Northern Italy and correlation with clinical phenotype and histopathology. Neuromuscul Disord. 2009;19(3):189-193.;Groen EJ, Liljeholm M, Gregory-Evans CY, et al. The 4437C>T (R261C) mutation in CAPN3 is the most common mutation in British LGMD2A patients. Neuromuscul Disord. 2007;17(11-12):978-984.",,14.98,
195656,DYSF,deepseek-chat,Pathogenic,Uncertain significance,0.6,PM2;PP3,"Richards et al., Genet Med, 2015",,2.28,
195656,DYSF,deepseek-coder,Pathogenic,Uncertain significance,0.6,PM2_supporting;PP3_moderate,"Richards et al., Genet Med, 2015",,2.39,
195851,CAPN3,deepseek-chat,Likely pathogenic,Uncertain significance,0.6,PM2;PP3;BP4,"Richard et al., Am J Hum Genet, 1995;Kramerova et al., Biochim Biophys Acta, 2007",,2.52,
195851,CAPN3,deepseek-coder,Likely pathogenic,Uncertain significance,0.6,PM2;PP3;PP4,"Richard et al., Am J Hum Genet, 1995;Kramerova et al., Hum Mol Genet, 2000",,2.23,
198035,RYR1,deepseek-chat,Pathogenic,Uncertain significance,0.6,PM2;PP3;BP4,"Richards et al., Genet Med, 2015;Quinonez et al., J Hum Genet, 2017",,2.3,
198035,RYR1,deepseek-coder,Pathogenic,Uncertain significance,0.6,PM2;PP3;BP4,"Richards et al., Genet Med, 2015",,2.09,
195656,DYSF,kimi-k2.6,Pathogenic,Pathogenic,0.75,PM1;PM2;PP3;PP4,"Anderson et al., Neurology, 2001; Nguyen et al., Hum Mutat, 2005; Richards et al., Genet Med, 2015; Tavassoli et al., Neuromuscul Disord, 2012",,7.85,
198035,RYR1,kimi-k2.6,Pathogenic,Uncertain significance,0.3,,"Richards S, Aziz N, Bale S, et al. Standards and guidelines for the interpretation of sequence variants: a joint consensus recommendation of the American College of Medical Genetics and Genomics and the Association for Molecular Pathology. Genet Med. 2015;17(5):405-424.",,4.85,
199806,MYO15A,deepseek-coder,Likely benign,Pathogenic,0.95,PVS1;PM2;PVS1_Strong,"Wang et al., J Med Genet, 1998;Liburd et al., Am J Hum Genet, 2001;Nishio & Usami, Hum Genet, 2015",,2.54,
199806,MYO15A,deepseek-chat,Likely benign,Pathogenic,0.95,PVS1;PM2_Supporting,"Wang A, et al. Association of unconventional myosin MYO15 mutations with human nonsyndromic deafness DFNB3. Science. 1998;280(5368):1447-1451.;Kopelman NM, et al. MYO15A mutations cause autosomal recessive nonsyndromic hearing loss. Hum Mutat. 2005;26(3):278-285.",,3.04,
195851,CAPN3,kimi-k2.6,Likely pathogenic,Pathogenic,0.85,PS1;PM2;PP3,"Spencer MJ, et al. Neuromuscul Disord. 2012;22(7):603-11;Kramerova I, et al. Hum Mol Genet. 2004;13(11):1175-80;Bartoli M, et al. J Med Genet. 1998;35(10):802-9;Richards S, et al. Genet Med. 2015;17(5):405-24 (ACMG guidelines)",,8.3,
199806,MYO15A,kimi-k2.6,Likely benign,Pathogenic,0.95,PVS1;PM2_Supporting,"Ouyang et al., Am J Hum Genet, 2002; Cunningham et al., Nat Genet, 1995; Richards et al., Genet Med, 2015",,5.53,
202815,FOXG1,deepseek-chat,Benign,Pathogenic,0.95,PVS1;PM2;PS4;PM4,"Ariani F, et al. Am J Hum Genet. 2008;82:1005-1010.;Philippe C, et al. Hum Mutat. 2010;31:E1764-E1775.;Kortüm F, et al. Eur J Hum Genet. 2011;19:520-526.",,3.16,
202815,FOXG1,deepseek-coder,Benign,Pathogenic,0.95,PVS1;PM2;PM4;PP3,"Kortüm F, et al. Eur J Hum Genet. 2011;19(2):135-141.;Seltzer LE, et al. Epilepsia. 2014;55(8):1294-1305.;Vegas N, et al. Eur J Med Genet. 2018;61(9):499-507.",,3.07,
202848,GATM,deepseek-coder,Likely benign,Uncertain significance,0.6,PM2;PVS1_Moderate,"Richards et al., Genet Med, 2015",,2.32,
202848,GATM,deepseek-chat,Likely benign,Uncertain significance,0.6,PM2;PVS1_Moderate,"Richards et al., Genet Med, 2015",,2.62,
203497,TCF4,deepseek-coder,Pathogenic,Pathogenic,0.95,PVS1;PM2_Supporting,"Amiel et al., Am J Hum Genet, 2007;Zweier et al., Am J Hum Genet, 2007",,1.98,
203497,TCF4,deepseek-chat,Pathogenic,Pathogenic,0.95,PVS1;PM2_Supporting,"Amiel et al., Am J Hum Genet, 2007;Zweier et al., Am J Hum Genet, 2007",,2.48,
202815,FOXG1,kimi-k2.6,Benign,Pathogenic,0.85,PVS1;PM1;PM2;PP2,"Mitter D, et al., Eur J Hum Genet, 2018;Seltzer LE, et al., Am J Med Genet A, 2014;Tørring PM, et al., Eur J Hum Genet, 2019;ACMG/AMP Sequence Variant Interpretation Guidelines, 2015",,8.1,
203532,GAMT,kimi-k2.6,Benign,Uncertain significance,0.3,,"Richards S, et al., Genet Med, 2017, PMID: 25741868",,4.44,
203532,GAMT,deepseek-chat,Benign,Uncertain significance,0.6,PM2_supporting;PP3_moderate,"Stockler-Ipsiroglu S, et al. Guanidinoacetate methyltransferase deficiency. In: GeneReviews, 2019.;Richards S, et al. Standards and guidelines for the interpretation of sequence variants. Genet Med, 2015.",,2.94,
202848,GATM,kimi-k2.6,Likely benign,Pathogenic,0.85,PVS1_Strong;PM2_Supporting,"Richards S, Genet Med, 2015, PMID: 25741868;Stöllberger C, J Inherit Metab Dis, 2019, PMID: 30868735;gnomAD database, accessed 2024",,8.48,
203532,GAMT,deepseek-coder,Benign,Uncertain significance,0.6,PM2_supporting;PP3_moderate,"Stöckler S, et al. Guanidinoacetate methyltransferase deficiency: the first inborn error of creatine metabolism in man. Am J Hum Genet. 1996;58(5):914-922.;Richards S, et al. Standards and guidelines for the interpretation of sequence variants: a joint consensus recommendation of the American College of Medical Genetics and Genomics and the Association for Molecular Pathology. Genet Med. 2015;17(5):405-424.",,3.64,
205173,SGCG,deepseek-chat,Pathogenic,Pathogenic,0.85,PVS1;PM2_Supporting,"Noguchi S, et al., J Biol Chem, 1995;Bönnemann CG, et al., Neuromuscul Disord, 1996",,2.6,
203497,TCF4,kimi-k2.6,Pathogenic,Pathogenic,0.95,PVS1;PS2_supporting;PM2,"Zweier C, et al. Am J Med Genet A. 2007;143A(24):2983-2990;Rosenfeld JA, et al. Am J Med Genet A. 2009;149A(11):2581-2586;Whalen S, et al. Eur J Hum Genet. 2010;18(3):343-348;Forrest MP, et al. Hum Mol Genet. 2012;21(5):1128-1136",,8.28,
205173,SGCG,deepseek-coder,Pathogenic,Pathogenic,0.85,PVS1;PM2_Supporting,"Nigro V, et al. Hum Mol Genet. 1996;5(9):1287-1290;Bönnemann CG, et al. Neurology. 1996;47(5):1289-1292",,3.12,
208194,CAPN3,deepseek-chat,Pathogenic,Pathogenic,0.95,PVS1;PM2_supporting,"Richard et al., Am J Hum Genet, 1995;Kramerova et al., Biochim Biophys Acta, 2007",,2.62,
208194,CAPN3,deepseek-coder,Pathogenic,Pathogenic,0.95,PVS1;PM2_supporting,"Richard I, et al. Am J Hum Genet, 1995;Kramerova I, et al. Biochim Biophys Acta, 2007",,2.91,
213390,TP53,deepseek-chat,Benign,Pathogenic,0.95,PS1;PM2;PP3;PP5,"Bouaoun et al., Hum Mutat, 2016;Kato et al., PNAS, 2003;ClinVar submission (Variation ID: 42800)",,2.65,
205173,SGCG,kimi-k2.6,Pathogenic,Pathogenic,0.85,PVS1;PM2,"Richards S, Genet Med, 2015;Bonnemann CG, J Med Genet, 1996;D'Angelo MG, Neuromuscul Disord, 2011",,7.99,
208194,CAPN3,kimi-k2.6,Pathogenic,Pathogenic,0.95,PVS1;PM2_Supporting,"Richards S, Genet Med, 2015; Ollagnon E, Neuromuscul Disord, 2011; Fanin M, Hum Mutat, 2009",,5.75,
213390,TP53,deepseek-coder,Benign,Pathogenic,0.95,PS1;PM2;PM5;PP3;PP5,"Bouaoun et al., Hum Mutat, 2016;Kato et al., PNAS, 2003;Olivier et al., Hum Mutat, 2003",,2.92,
213541,DYSF,deepseek-chat,Pathogenic,Uncertain significance,0.6,PM2;PP3;BP4,"Richards et al., Genet Med, 2015",,2.24,
213541,DYSF,deepseek-coder,Pathogenic,Uncertain significance,0.6,PM2;PP3;BP4,"Richards et al., Genet Med, 2015",,2.46,
213828,CAPN3,deepseek-chat,Pathogenic,Uncertain significance,0.6,PM2;PP3;PP4,"Richard et al., Am J Hum Genet, 1995;Kramerova et al., Biochim Biophys Acta, 2007",,2.63,
213390,TP53,kimi-k2.6,Benign,Pathogenic,0.95,PS1;PM1;PM2;PP2;PP3,"Bougea J, et al., J Med Genet, 2015;Raimondi G, et al., Cancers (Basel), 2021;Klein C, et al., Hum Mutat, 2001;IARC TP53 Database, https://p53.iarc.fr/",,6.96,
213828,CAPN3,deepseek-coder,Pathogenic,Uncertain significance,0.6,PM2;PP3;PP4,"Richard et al., Am J Hum Genet, 1995;Kramerova et al., Biochim Biophys Acta, 2007",,2.48,
213541,DYSF,kimi-k2.6,Pathogenic,Pathogenic,0.75,PM1;PM2;PP2;PP3,"Nguyen et al., Neuromuscular Disorders, 2018;Harris et al., Human Mutation, 2017;ACMG Standards and Guidelines for the Interpretation of Sequence Variants, 2015",,5.62,
213829,CAPN3,deepseek-chat,Pathogenic,Uncertain significance,0.6,PM2;PP3;PP4,"Richard et al., Am J Hum Genet, 1995;Kramerova et al., Biochim Biophys Acta, 2007",,2.34,
213829,CAPN3,deepseek-coder,Pathogenic,Uncertain significance,0.6,PM2;PP3;PP4,"Richard et al., Am J Hum Genet, 1995;Kramerova et al., Biochim Biophys Acta, 2007",,2.36,
214323,CEP290,deepseek-chat,Pathogenic,Pathogenic,0.99,PVS1;PM2;PVS1_Strong,"den Hollander et al., Am J Hum Genet, 2006;Coppieters et al., Hum Mutat, 2010",,2.43,
214323,CEP290,deepseek-coder,Pathogenic,Pathogenic,0.98,PVS1;PM2;PVS1_Strong,"den Hollander et al., Am J Hum Genet, 2006;Coppieters et al., Hum Mutat, 2010;Drivas et al., Genet Med, 2015",,2.58,
213829,CAPN3,kimi-k2.6,Pathogenic,Pathogenic,0.85,PS1;PM2;PP3,"Richard I, Nat Genet, 1995;Bönnemann CG, Neurology, 1995;Anderson LV, J Med Genet, 1999;Groen EJ, Neuromuscul Disord, 2008",,6.29,
214326,CEP290,deepseek-chat,Pathogenic,Pathogenic,0.95,PVS1;PM2;PVS1_Strong,"den Hollander et al., Am J Hum Genet, 2006;Coppieters et al., Hum Mutat, 2010",,2.39,
214326,CEP290,kimi-k2.6,Pathogenic,Pathogenic,0.95,PVS1;PM2,"The Human Gene Mutation Database (HGMD); den Dunnen et al., Hum Mutat, 2016; Richards et al., Genet Med, 2015",,4.64,
214326,CEP290,deepseek-coder,Pathogenic,Pathogenic,0.95,PVS1;PM2;PVS1_Strong,"den Hollander et al., Am J Hum Genet, 2006;Coppieters et al., Hum Mutat, 2010",,2.57,
214323,CEP290,kimi-k2.6,Pathogenic,Pathogenic,0.99,PVS1;PM2,"Richards S, Genet Med, 2015, PMID: 25741868;Otto EA, Nat Genet, 2009, PMID: 19029011;The Human Gene Mutation Database (HGMD)",,7.1,
214329,CEP290,deepseek-chat,Pathogenic,Pathogenic,0.95,PVS1;PM2;PVS1_Strong,"den Hollander et al., Am J Hum Genet, 2006;Coppieters et al., Hum Mutat, 2010",,3.0,
214329,CEP290,deepseek-coder,Pathogenic,Pathogenic,0.95,PVS1;PVS1_Strong;PM2_Supporting,"Coppieters F, et al. Hum Mutat. 2010;31(10):1097-1108.;Drivas TG, et al. Am J Hum Genet. 2015;97(5):744-752.",,2.68,
214330,CEP290,deepseek-chat,Pathogenic,Pathogenic,0.99,PVS1;PM2;PVS1_Strong,"den Hollander et al., Am J Hum Genet, 2006;Coppieters et al., Hum Mutat, 2010;Drivas et al., Genet Med, 2015",,2.65,
214329,CEP290,kimi-k2.6,Pathogenic,Pathogenic,0.95,PVS1;PM2_Supporting,"Muller J, Am J Hum Genet, 2010; CEP290-related disorders, GeneReviews, 2015; Richards S, Genet Med, 2015",,6.1,
214330,CEP290,deepseek-coder,Pathogenic,Pathogenic,0.98,PVS1;PM2;PVS1_Strong,"den Hollander et al., Am J Hum Genet, 2006;Coppieters et al., Hum Mutat, 2010;Drivas et al., Genet Med, 2015",,2.94,
213828,CAPN3,kimi-k2.6,Pathogenic,Pathogenic,0.85,PS1;PM2;PP3;PP4,"Richard I, Broux O, Allamand V, et al. Mutations in the proteolytic enzyme calpain 3 cause limb-girdle muscular dystrophy type 2A. Cell. 1995;81(1):27-40;Anderson LV, Davison K, Moss JA, et al. Dysferlin and the dystrophin-associated protein group form an adhesion complex that is disrupted in LGMD2B patients. Neuromuscul Disord. 2001;11(6-7):554-561;Bartoli M, Roudaut C, Martin S, et al. Safety and efficacy of AAV encoding dysferlin in the dy/dy (SJL) mouse. Mol Ther. 2006;13(1):S163;Grosgogeat CA, Picard V, Sicard V, et al. Ex vivo assessment of the CRISPR-Cas9 system for the correction of LGMD2A. Mol Ther. 2018;26(5):S1-S2",,15.9,
214334,CEP290,deepseek-chat,Likely benign,Uncertain significance,0.7,PM2;BP4;BP7,"Richards S, et al. Standards and guidelines for the interpretation of sequence variants. Genet Med. 2015;17(5):405-424.",,2.81,
214334,CEP290,deepseek-coder,Likely benign,Uncertain significance,0.7,PM2;BP4;BP7,"Richards S, et al. Genet Med. 2015;17(5):405-424.;Silva et al. (in silico prediction tools, e.g., SpliceAI, MaxEntScan)",,3.02,
214330,CEP290,kimi-k2.6,Pathogenic,Pathogenic,0.99,PVS1;PM2,"den Hollander et al., Am J Hum Genet, 2006; Sayer et al., Nat Genet, 2006; Baas et al., Ophthalmic Genet, 2015; The Human Gene Mutation Database (HGMD); ClinVar entry for this variant (RCV000005238)",,7.58,
214336,CEP290,deepseek-chat,Pathogenic,Pathogenic,0.95,PVS1;PM2;PVS1_Strong,"den Hollander et al., Am J Hum Genet, 2006;Coppieters et al., Hum Mutat, 2010",,2.46,
214334,CEP290,kimi-k2.6,Likely benign,Benign,0.95,BA1;BP7,"Richards S, Genet Med, 2015; den Dunnen JT, Hum Mutat, 2016",,6.61,
214340,CEP290,deepseek-chat,Pathogenic,Pathogenic,0.95,PVS1;PM2,"den Hollander et al., Am J Hum Genet, 2006;Coppieters et al., Hum Mutat, 2010",,2.22,
214336,CEP290,deepseek-coder,Pathogenic,Pathogenic,0.95,PVS1;PM2_Supporting,"Coppieters F, et al. CEP290, a gene with many faces: mutation overview and presentation of CEP290base. Hum Mutat. 2010;31(10):1097-108.;Drivas TG, et al. CEP290 and ciliopathies. Am J Med Genet C Semin Med Genet. 2022;190(1):30-41.",,3.86,
214340,CEP290,deepseek-coder,Pathogenic,Pathogenic,0.95,PVS1;PM2,"den Hollander et al., Am J Hum Genet, 2006;Coppieters et al., Hum Mutat, 2010",,2.81,
214336,CEP290,kimi-k2.6,Pathogenic,Pathogenic,0.95,PVS1;PM2,"Richards S, Genet Med, 2015; den Dunnen JT, Hum Mutat, 2016",,6.5,
222267,CEP290,deepseek-chat,Likely benign,Uncertain significance,0.6,PM2;PVS1_Strength_Moderate,"den Hollander et al., Am J Hum Genet, 2006;Coppieters et al., Hum Mutat, 2010",,2.9,
222267,CEP290,deepseek-coder,Likely benign,Uncertain significance,0.6,PM2;PVS1_Moderate,"Landrum et al., Nucleic Acids Research, 2018;Richards et al., Genetics in Medicine, 2015",,2.6,
222267,CEP290,kimi-k2.6,Likely benign,Uncertain significance,0.3,,"Richards S, Genet Med, 2015;Oza V, Hum Mutat, 2018;The Human Gene Mutation Database (HGMD)",,4.53,
214340,CEP290,kimi-k2.6,Pathogenic,Pathogenic,0.95,PVS1;PM2_Supporting,"Travaglini L, et al., Genet Med, 2019; The CEP290 gene is associated with Joubert syndrome and Leber congenital amaurosis; den Hollander AI, et al., Am J Hum Genet, 2006",,6.63,
222342,BRCA2,deepseek-chat,Pathogenic,Pathogenic,0.85,PVS1_Moderate;PM2_Supporting;PVS1_Moderate,"Richards S, et al. Genet Med. 2015;17(5):405-424;Landrum MJ, et al. Nucleic Acids Res. 2018;46(D1):D1062-D1067;Jian X, et al. Hum Mutat. 2014;35(8):1001-1013",,3.35,
222342,BRCA2,deepseek-coder,Pathogenic,Pathogenic,0.85,PVS1_Moderate;PM2_Supporting;PVS1_Moderate,"Breast Cancer Information Core (BIC) database;ClinVar submissions;Engel C et al., J Med Genet, 2010",,3.01,
222742,TP53,deepseek-chat,Likely pathogenic,Pathogenic,0.95,PS1;PM2;PM5;PP3;PP5,"Olivier M, et al. Hum Mutat, 2003;Kato S, et al. Proc Natl Acad Sci USA, 2003;Bouaoun L, et al. Hum Mutat, 2016;Cotton V, et al. Hum Mutat, 2021",,3.27,
222742,TP53,deepseek-coder,Likely pathogenic,Pathogenic,0.95,PS1;PM2;PM5;PP3;PP5,"Olivier M, et al. Hum Mutat. 2003;21(3):313-320.;Kato S, et al. Proc Natl Acad Sci USA. 2003;100(14):8424-8429.;Bouaoun L, et al. Hum Mutat. 2016;37(9):865-876.",,3.53,
222342,BRCA2,kimi-k2.6,Pathogenic,Uncertain significance,0.3,,"Richards S, Richards S, Aziz N, et al. Standards and guidelines for the interpretation of sequence variants: a joint consensus recommendation of the American College of Medical Genetics and Genomics and the Association for Molecular Pathology. Genet Med. 2015;17(5):405-424.",,6.94,
222742,TP53,kimi-k2.6,Likely pathogenic,Pathogenic,0.95,PS1;PM5;PP2;PP3,"Kato S et al., PNAS, 2003; IARC TP53 Database; Bougeard G et al., J Med Genet, 2015",,5.22,
224720,IDUA,deepseek-chat,Pathogenic,Uncertain significance,0.6,PM2;PP3,"Richards S, et al. Standards and guidelines for the interpretation of sequence variants. Genet Med. 2015;17(5):405-424.",,2.44,
224720,IDUA,deepseek-coder,Pathogenic,Uncertain significance,0.6,PM2;PP3,"Richards S, et al. Standards and guidelines for the interpretation of sequence variants. Genet Med. 2015;17(5):405-424.",,2.37,
226140,RYR1,deepseek-chat,Likely benign,Uncertain significance,0.6,PM2;PP3;PP4,"Richards S, et al. Standards and guidelines for the interpretation of sequence variants. Genet Med. 2015;17(5):405-424.",,2.63,
226140,RYR1,deepseek-coder,Likely benign,Uncertain significance,0.6,PM2;PP3;PP4,"Richards et al., Genet Med, 2015;Quinonez et al., J Hum Genet, 2013",,2.6,
227558,BRCA1,deepseek-chat,Likely pathogenic,Uncertain significance,0.6,PM2;PP3;BP4,"Richards et al., Genet Med, 2015;ClinVar submission (if available)",,2.4,
227558,BRCA1,deepseek-coder,Likely pathogenic,Uncertain significance,0.6,PM2;PP3;BP4,"Richards et al., Genet Med, 2015",,2.12,
224720,IDUA,kimi-k2.6,Pathogenic,Pathogenic,0.75,PM2;PP3;PP4,"Whiteman et al., Am J Hum Genet, 1990; Scott et al., Hum Mutat, 1995; Bunge et al., Am J Med Genet, 1997; ACMG/AMP Sequence Variant Interpretation Guidelines, 2015",,8.13,
226140,RYR1,kimi-k2.6,Likely benign,Uncertain significance,0.3,,"Richards S, et al., Standards and guidelines for the interpretation of sequence variants: a joint consensus recommendation of the American College of Medical Genetics and Genomics and the Association for Molecular Pathology., Genet Med, 2015;Rosenberg H, et al., Malignant hyperthermia: a review., Orphanet J Rare Dis, 2015;Jungbluth H, et al., Congenital myopathies: disorders of excitation-contraction coupling., Curr Opin Neurol, 2018",,5.77,
227722,GATM,deepseek-chat,Benign,Uncertain significance,0.6,PM2;PP3;BP4,"Richards et al., Genet Med, 2015",,2.17,
227722,GATM,deepseek-coder,Benign,Uncertain significance,0.6,PM2;PP3;BP4,"Richards et al., Genet Med, 2015",,2.31,
227558,BRCA1,kimi-k2.6,Likely pathogenic,Pathogenic,0.75,PM1;PM5;PP2;PP3,"Tavtigian SV, et al. Application of multifactorial likelihood analysis to BRCA1, BRCA2. Hum Mutat, 2006;Easton DF, et al. Gene-panel sequencing and the prediction of breast-cancer risk. N Engl J Med, 2015;Richards S, et al. Standards and guidelines for the interpretation of sequence variants. Genet Med, 2015",,7.72,
228163,LDLR,deepseek-chat,Likely pathogenic,Pathogenic,0.85,PM2;PM5;PP3;PP4,"Hobbs HH, et al. Hum Mutat. 1992;1(6):445-66.;Leigh SE, et al. Hum Mutat. 2008;29(9):1131-40.;Fairoozy RH, et al. Atherosclerosis. 2017;263:e12.",,3.26,
227722,GATM,kimi-k2.6,Benign,Uncertain significance,0.3,,"Richards S, Genet Med, 2015, ACMG/AMP guidelines;Stöllberger C, et al., J Inherit Metab Dis, 2011, GATM mutations in creatine deficiency syndromes",,6.22,
228163,LDLR,deepseek-coder,Likely pathogenic,Pathogenic,0.85,PM2;PM5;PP3;PP4,"Hobbs et al., Hum Mutat, 1992;Leigh et al., Ann Hum Genet, 2008;Iacocca et al., J Clin Lipidol, 2018",,3.3,
231781,PTEN,kimi-k2.6,Likely pathogenic,Uncertain significance,0.3,,N/A,,3.1,
231781,PTEN,deepseek-chat,Likely pathogenic,Uncertain significance,0.6,PM2;PP3;BP4,N/A,,2.59,
231781,PTEN,deepseek-coder,Likely pathogenic,Uncertain significance,0.6,PM2;PP3;BP4,N/A - no specific publication identified for this variant,,2.83,
235979,BRCA1,deepseek-chat,Likely pathogenic,Uncertain significance,0.6,PM2;BP4,"Richards S, et al. Genet Med. 2015;17(5):405-424",,2.4,
235979,BRCA1,deepseek-coder,Likely pathogenic,Uncertain significance,0.6,PM2;PP3,"Richards S, et al. Genet Med, 2015;ClinVar (SCV000190123.1)",,2.58,
228163,LDLR,kimi-k2.6,Likely pathogenic,Pathogenic,0.85,PS1;PM2;PP3,"Hobbs et al., Hum Mutat, 1992; Fouchier et al., J Med Genet, 2001; Alonso et al., Atherosclerosis, 2000; Gomes et al., Atherosclerosis, 2014",,7.9,
235979,BRCA1,kimi-k2.6,Likely pathogenic,Uncertain significance,0.3,,"Richards S, et al., Genet Med, 2015 (ACMG guidelines)",,4.7,
237651,ABCA4,deepseek-coder,Pathogenic,Uncertain significance,0.6,PM2;PP3;BP4,"Shen, et al., Human Mutation, 2016;Zernant, et al., Human Mutation, 2014",,2.37,
237651,ABCA4,deepseek-chat,Pathogenic,Uncertain significance,0.6,PM2;PP3;BP4,"Sung et al., J Med Genet, 2020;Zernant et al., Hum Mutat, 2014",,2.83,
237666,ABCA4,deepseek-chat,Pathogenic,Pathogenic,0.95,PVS1;PM2_supporting,"Allikmets et al., Nature Genetics, 1997;Zernant et al., Human Mutation, 2014",,2.88,
237666,ABCA4,deepseek-coder,Pathogenic,Pathogenic,0.99,PVS1;PM2;PVS1_Strong,"Allikmets et al., Nature Genetics, 1997;Zernant et al., Human Mutation, 2014;Cremers et al., Human Mutation, 2020",,2.98,
238061,CEP290,deepseek-chat,Pathogenic,Pathogenic,0.9,PVS1;PM2_Supporting,"Richards et al., Genet Med, 2015",,2.54,
238061,CEP290,deepseek-coder,Pathogenic,Pathogenic,0.9,PVS1;PM2_Supporting,"den Hollander et al., Am J Hum Genet, 2006;Coppieters et al., Hum Mutat, 2010",,2.45,
238061,CEP290,kimi-k2.6,Pathogenic,Pathogenic,0.99,PVS1;PM2_Supporting,"Richards et al., Genet Med, 2015; The Human Gene Mutation Database (HGMD); gnomAD v4.0",,5.32,
237666,ABCA4,kimi-k2.6,Pathogenic,Pathogenic,0.99,PVS1;PM2_Supporting,"ACMG Standards and Guidelines for the interpretation of sequence variants, Richards et al., Genet Med, 2015;Stargardt disease and ABCA4-related retinal dystrophies, Cremers et al., Prog Retin Eye Res, 1998;ABCA4 gene analysis in Stargardt disease, Allikmets et al., Science, 1997",,7.14,
238062,CEP290,deepseek-chat,Pathogenic,Uncertain significance,0.6,PM2_supporting;PP3_moderate,"Coppieters F, et al. CEP290 mutations in ciliopathies. Hum Mutat, 2010.;Drivas TG, et al. CEP290 and retinal ciliopathies. Prog Retin Eye Res, 2020.",,3.35,
238062,CEP290,deepseek-coder,Pathogenic,Uncertain significance,0.6,PM2;PP3,"Coppieters F, et al. CEP290-associated ciliopathies. Orphanet J Rare Dis, 2010;Drivas TG, et al. CEP290 and the retina. Hum Mol Genet, 2015",,3.08,
241935,DICER1,deepseek-chat,Likely benign,Uncertain significance,0.6,PM2;PP3;PP4,"Foulkes WD, et al. J Med Genet, 2014;Gonzalez IA, et al. Am J Surg Pathol, 2022",,3.06,
238062,CEP290,kimi-k2.6,Pathogenic,Uncertain significance,0.3,,"Richards S, et al., Genet Med, 2015 (ACMG guidelines);den Dunnen JT, et al., Hum Mutat, 2016 (HGVS nomenclature)",,6.37,
241935,DICER1,deepseek-coder,Likely benign,Uncertain significance,0.6,PM2;PP3;PP4,"Foulkes WD, et al. J Med Genet, 2011;Gonzalez IA, et al. Hum Mutat, 2022",,3.31,
241935,DICER1,kimi-k2.6,Likely benign,Uncertain significance,0.3,,"Rutter et al., Oncogene, 2012; de Kock et al., Hum Mutat, 2014",,4.76,
241984,DICER1,kimi-k2.6,Likely benign,Uncertain significance,0.3,,"Richards S, et al. Standards and guidelines for the interpretation of sequence variants. Genet Med. 2015;17(5):405-24",,3.96,
241984,DICER1,deepseek-chat,Likely benign,Uncertain significance,0.6,PM2;PP3;PP4,"Foulkes WD, et al. J Med Genet, 2011;Gonzalez IA, et al. Hum Mutat, 2022",,3.17,
241984,DICER1,deepseek-coder,Likely benign,Uncertain significance,0.6,PM2;PP3;BP4,"Gonzalez et al., J Med Genet, 2022;Foulkes et al., Nat Rev Cancer, 2014",,2.82,
237651,ABCA4,kimi-k2.6,Pathogenic,Pathogenic,0.75,PM1;PM2;PP3;PP4,"Allikmets R, Singh N, Sun H, et al. A photoreceptor cell-specific ATP-binding transporter gene (ABCR) is mutated in recessive Stargardt macular dystrophy. Nat Genet. 1997;15(3):236-246;Rivera A, White K, Stöhr H, et al. A comprehensive survey of the ABCA4 gene by denaturing high-performance liquid chromatography. Am J Hum Genet. 2000;67(5):1339-1350;Zernant J, Schubert C, Im KM, et al. Analysis of the ABCA4 gene by next-generation sequencing. Invest Ophthalmol Vis Sci. 2011;52(11):8479-8487;Richards S, Aziz N, Bale S, et al. Standards and guidelines for the interpretation of sequence variants: a joint consensus recommendation of the American College of Medical Genetics and Genomics and the Association for Molecular Pathology. Genet Med. 2015;17(5):405-424",,15.7,
254689,VWF,deepseek-chat,Benign,Uncertain significance,0.6,PM2;PP3,"Richards et al., Genet Med, 2015",,2.36,
254689,VWF,kimi-k2.6,Benign,Uncertain significance,0.3,,"Richards S, Genet Med, 2015;Goodeve AC, Haemophilia, 2016",,3.9,
254689,VWF,deepseek-coder,Benign,Uncertain significance,0.6,PM2;BP4,"Richards et al., Genet Med, 2015",,2.47,
254693,VWF,deepseek-chat,Benign,Uncertain significance,0.6,PM2;BP4;BP7,"Richards et al., Genet Med, 2015",,2.97,
254693,VWF,deepseek-coder,Benign,Uncertain significance,0.7,PM2;BP4;BP7,"Richards et al., Genet Med, 2015",,2.88,
254694,VWF,deepseek-chat,Benign,Uncertain significance,0.6,PM2;PP3;PP4,"Richards S, et al. Standards and guidelines for the interpretation of sequence variants. Genet Med. 2015;17(5):405-424.",,2.89,
254694,VWF,deepseek-coder,Benign,Uncertain significance,0.6,PM2;PP3;BP4,"Goodeve, J Thromb Haemost, 2010;Nichols et al., Blood, 2008",,2.47,
254694,VWF,kimi-k2.6,Benign,Uncertain significance,0.3,,,,3.78,
254693,VWF,kimi-k2.6,Benign,Benign,0.95,BA1;BP4;BP7,"Richards S, et al., Genet Med, 2015; Oza V, et al., Hum Mutat, 2018; den Dunnen JT, et al., Hum Mutat, 2016",,5.83,
254761,CEP290,deepseek-chat,Benign,Uncertain significance,0.6,PM2;PP3,"Coppieters F, et al. CEP290-associated ciliopathies. Orphanet J Rare Dis, 2010;Drivas TG, et al. CEP290 and ciliopathies. Hum Mutat, 2015",,3.17,
257455,RUNX1,deepseek-chat,Likely benign,Uncertain significance,0.7,PM2;BP4;BP7,"Richards S, et al. Genet Med. 2015;17(5):405-424",,2.93,
254761,CEP290,deepseek-coder,Benign,Uncertain significance,0.6,PM2;PP3,"Coppieters F, et al. Hum Mutat, 2010;Drivas TG, et al. Am J Hum Genet, 2015",,3.13,
257455,RUNX1,deepseek-coder,Likely benign,Uncertain significance,0.7,PM2;BP4;BP7,"Richards S, et al. Genet Med. 2015;17(5):405-424",,2.72,
254761,CEP290,kimi-k2.6,Benign,Uncertain significance,0.3,PM2,"Zhang, Hum Mutat, 2006; Leitch, Am J Hum Genet, 2008; The CEP290-Related Disorders GeneReview, 2015; gnomAD database, accessed 2024",,7.22,
259744,DYSF,deepseek-coder,Pathogenic,Pathogenic,0.99,PVS1;PM2;PVS1_Strong,"Aoki M, et al. J Hum Genet, 2001;Liu J, et al. Nat Genet, 1998",,2.75,
259744,DYSF,deepseek-chat,Pathogenic,Pathogenic,0.99,PVS1;PM2;PVS1_Strong,"Liu J, et al. Nat Genet. 1998;20(1):37-42.;Bashir R, et al. Hum Mol Genet. 1998;7(3):425-431.",,3.33,
257455,RUNX1,kimi-k2.6,Likely benign,Benign,0.95,BP4;BP7,"Richards S, Genet Med, 2015;Tavtigian SV, Hum Mutat, 2018;Abou Tayoun AN, Genet Med, 2018",,6.48,
259744,DYSF,kimi-k2.6,Pathogenic,Pathogenic,0.95,PVS1;PM2_Supporting,"Bansal D, Medline Plus, 2003; Nguyen K, Hum Mutat, 2005; Aoki M, Neurology, 2001",,5.56,
260666,LDLR,deepseek-coder,Likely pathogenic,Pathogenic,0.95,PVS1;PM2_supporting,"Hobbs HH, et al. Hum Mutat, 1992;Leigh SE, et al. J Med Genet, 1993",,2.3,
260666,LDLR,deepseek-chat,Likely pathogenic,Pathogenic,0.98,PVS1;PM2_supporting;PVS1_strong,"Leigh et al., Hum Mutat, 2008, LDLR variant classification guidelines;Hobbs et al., Hum Mutat, 1992, LDLR mutations in FH",,2.86,
262988,BRCA1,deepseek-chat,Likely pathogenic,Uncertain significance,0.6,PM2;BP4,"Richards S, et al. Genet Med. 2015;17(5):405-424",,2.65,
262988,BRCA1,deepseek-coder,Likely pathogenic,Uncertain significance,0.6,PM2;BP4,"Richards S, et al. Genet Med, 2015",,1.97,
260666,LDLR,kimi-k2.6,Likely pathogenic,Pathogenic,0.95,PVS1;PM2_Supporting,"Richards S, Genet Med, 2015; Benn M, Curr Opin Lipidol, 2018; Goldstein JL, Familial Hypercholesterolemia, 2001",,6.67,
264572,CAPN3,deepseek-coder,Pathogenic,Uncertain significance,0.6,PM2;PP3;BP4,"Richards et al., Genet Med, 2015",,1.94,
264572,CAPN3,deepseek-chat,Pathogenic,Uncertain significance,0.6,PM2;PP3;PP4,"Richard et al., Am J Hum Genet, 1995;Kramerova et al., Biochim Biophys Acta, 2007",,2.43,
265377,DYSF,deepseek-chat,Pathogenic,Pathogenic,0.95,PVS1;PM2,"Aoki M, et al. J Hum Genet, 2001;Liu J, et al. Nat Genet, 1998",,2.19,
265377,DYSF,deepseek-coder,Pathogenic,Pathogenic,0.95,PVS1;PM2_supporting,"Aoki M, et al. J Hum Genet, 2001;Krahn M, et al. Hum Mutat, 2009",,2.31,
262988,BRCA1,kimi-k2.6,Likely pathogenic,Benign,0.95,BA1;BP4,"Richards S, Genet Med, 2015; Oza AM, Hum Mutat, 2018; Abou Tayoun AN, Genet Med, 2018",,7.21,
264572,CAPN3,kimi-k2.6,Pathogenic,Pathogenic,0.85,PS1;PM2;PP3,"Anderson LV, et al., Neuromuscul Disord, 1999; Richard I, et al., Nat Genet, 1995; Grosgogeat CA, et al., Hum Mutat, 2003; Fanin M, et al., Hum Mutat, 2009",,6.94,
265385,SGCA,deepseek-chat,Pathogenic,Uncertain significance,0.6,PM2;PP3,"Richards S, et al. Standards and guidelines for the interpretation of sequence variants. Genet Med. 2015;17(5):405-424.",,2.21,
265385,SGCA,deepseek-coder,Pathogenic,Uncertain significance,0.6,PM2;PP3,"Richards et al., Genet Med, 2015",,1.9,
265377,DYSF,kimi-k2.6,Pathogenic,Pathogenic,0.95,PVS1;PM2,"Davis et al., Nucleic Acids Res, 2016; Jagan et al., Hum Mutat, 2013",,5.72,
265385,SGCA,kimi-k2.6,Pathogenic,Uncertain significance,0.3,,"Richards S, Genet Med, 2015; ACMG/AMP Sequence Variant Interpretation Guidelines",,4.5,
265487,CEP290,deepseek-chat,Likely benign,Uncertain significance,0.6,PM2;PP3,"Coppieters F, et al. Hum Mutat, 2010;Drivas TG, et al. Am J Hum Genet, 2015",,2.77,
265487,CEP290,deepseek-coder,Likely benign,Uncertain significance,0.6,PM2;PP3,"Coppieters F, et al. Hum Mutat, 2010;Drivas TG, et al. Am J Hum Genet, 2015",,2.73,
265716,RYR1,deepseek-chat,Likely pathogenic,Pathogenic,0.95,PS1;PM1;PM2;PP3;PP5,"Robinson R, et al. Hum Mol Genet. 2006;15(20):3081-9.;Carpenter D, et al. Br J Anaesth. 2009;103(4):538-48.;Gonsalves SG, et al. Hum Mutat. 2013;34(12):1722-8.",,3.0,
265487,CEP290,kimi-k2.6,Likely benign,Uncertain significance,0.3,PM2,"Richards S, et al., Genet Med, 2015; The Human Gene Mutation Database (HGMD); gnomAD database (accessed 2024)",,5.5,
265716,RYR1,deepseek-coder,Likely pathogenic,Pathogenic,0.95,PS1;PM1;PM2;PP3;PP5,"Robinson R, et al. Mutations in RYR1 in malignant hyperthermia and central core disease. Hum Mutat. 2006;27(10):977-989.;Brandt A, et al. Identification of a novel mutation in the RYR1 gene in a malignant hyperthermia family. Anesthesiology. 1999;91(3):784-790.;Carpenter D, et al. The role of the RYR1 gene in malignant hyperthermia. Br J Anaesth. 2009;103(4):538-548.",,3.59,
266191,DYSF,deepseek-chat,Pathogenic,Pathogenic,0.85,PVS1_Moderate;PM2_Supporting;PP3;PP4,"Aartsma-Rus A, et al. Hum Mutat, 2009;Therrien C, et al. Hum Mutat, 2006;Krahn M, et al. Hum Mutat, 2009",,3.05,
266191,DYSF,deepseek-coder,Pathogenic,Pathogenic,0.78,PVS1_Moderate;PM2_Supporting;PP3;PP4_Moderate,"Aoki M, et al. Dysferlinopathy. In: GeneReviews. University of Washington, Seattle; 1993-2024.;Richards S, et al. Standards and guidelines for the interpretation of sequence variants. Genet Med. 2015;17(5):405-424.",,3.07,
266645,DYSF,deepseek-chat,Likely pathogenic,Uncertain significance,0.6,PM2;PP3,"Aoki M, et al. J Hum Genet. 2005;50(9):449-454;Krahn M, et al. Hum Mutat. 2009;30(2):255-263",,2.6,
266645,DYSF,deepseek-coder,Likely pathogenic,Uncertain significance,0.6,PM2_supporting;PP3_moderate,"Richards et al., Genet Med, 2015",,2.26,
266686,DYSF,deepseek-chat,Pathogenic,Uncertain significance,0.6,PM2;PP3;BP4,"Richards et al., Genet Med, 2015",,2.06,
266191,DYSF,kimi-k2.6,Pathogenic,Pathogenic,0.85,PVS1;PM2,"Richards S, Genet Med, 2015; ACMG/AMP sequence variant interpretation guidelines;Dowling JJ, Curr Opin Neurol, 2010; DYSF-related dysferlinopathy;Nguyen K, Hum Mutat, 2007; DYSF mutations in LGMD2B",,6.14,
265716,RYR1,kimi-k2.6,Likely pathogenic,Pathogenic,0.75,PS1;PM2;PP3,"Robinson RL, Hopkins PM, Deuter K, et al. Neuromuscular Disorders. 2003;13(9):740-747;Sambuughin N, Holley H, Muldoon S, et al. American Journal of Human Genetics. 2005;76(5):868-881;Groom L, Muldoon SM, Bayarsaikhan M, et al. Anesthesiology. 2011;115(5):935-941;Desetty R, et al. Human Mutation. 2008;29(2):417-425",,9.22,
266645,DYSF,kimi-k2.6,Likely pathogenic,Uncertain significance,0.3,,"Anderson LV, Davison K, 1999, Neuromuscul Disord (DYSF gene discovery);Aoki T et al., 2001, Neurology (DYSF mutations in LGMD2B);Richards S et al., 2015, Genet Med (ACMG/AMP guidelines)",,5.72,
266686,DYSF,deepseek-coder,Pathogenic,Uncertain significance,0.6,PM2;PP3;BP4,"Richards et al., Genet Med, 2015",,1.94,
266749,CAPN3,deepseek-chat,Likely pathogenic,Uncertain significance,0.6,PM2;PP3;BP4,"Richard et al., Am J Hum Genet, 1995;Kramerova et al., Biochim Biophys Acta, 2007",,2.43,
266749,CAPN3,deepseek-coder,Likely pathogenic,Uncertain significance,0.6,PM2;PP3,"Richard et al., Am J Hum Genet, 1995;Kramerova et al., Hum Mol Genet, 2000",,2.62,
266861,DYSF,deepseek-chat,Pathogenic,Uncertain significance,0.6,PM2;PP3;BP4,"Richards S, et al. Standards and guidelines for the interpretation of sequence variants. Genet Med. 2015;17(5):405-424.",,2.76,
266686,DYSF,kimi-k2.6,Pathogenic,Pathogenic,0.75,PM1;PM2;PP2;PP3;PP5,"Richards S, et al., Genet Med, 2015; den Dunnen JT, et al., Hum Mutat, 2016; Nguyen K, et al., Am J Hum Genet, 2007",,7.28,
266861,DYSF,deepseek-coder,Pathogenic,Uncertain significance,0.6,PM2;PP3;BP4,"Richards S, et al. Genet Med. 2015;17(5):405-424",,2.52,
266749,CAPN3,kimi-k2.6,Likely pathogenic,Pathogenic,0.75,PM1;PM2;PP3;PP4,"Richards S, Genet Med, 2015; Anderson LV, Neuromuscul Disord, 1999; Fanin M, Hum Mutat, 2004",,6.23,
266883,CAPN3,deepseek-chat,Likely pathogenic,Uncertain significance,0.6,PM2;PP3,"Richard et al., Am J Hum Genet, 1995;Kramerova et al., Biochim Biophys Acta, 2007",,2.43,
266883,CAPN3,deepseek-coder,Likely pathogenic,Uncertain significance,0.6,PM2;PP3;PP4,"Richard et al., Am J Hum Genet, 1995;Kramerova et al., Biochim Biophys Acta, 2007",,2.61,
266918,CAPN3,deepseek-chat,Pathogenic,Uncertain significance,0.6,PM2;PP3;BP4,"Richards et al., Genet Med, 2015",,2.34,
266918,CAPN3,deepseek-coder,Pathogenic,Uncertain significance,0.6,PM2;PP3;BP4,"Richards et al., Genet Med, 2015",,2.27,
267416,CAPN3,deepseek-chat,Pathogenic,Pathogenic,0.95,PVS1;PM2_supporting,"Richard et al., Am J Hum Genet, 1995;Kramerova et al., Hum Mol Genet, 2000",,2.3,
267416,CAPN3,deepseek-coder,Pathogenic,Pathogenic,0.99,PVS1;PM2_Supporting,"Richard et al., Am J Hum Genet, 1995;Kramerova et al., Biochim Biophys Acta, 2007",,2.39,
266861,DYSF,kimi-k2.6,Pathogenic,Pathogenic,0.75,PS1;PM2;PP3,"Nguyen et al., Am J Hum Genet, 2005; Aoki et al., Neurology, 2001; Krahn et al., Neuromuscul Disord, 2009",,10.41,
266883,CAPN3,kimi-k2.6,Likely pathogenic,Pathogenic,0.85,PS1;PM2;PP3;PP4,"Richard I, Cell, 1995; Bansal D, Neuromuscul Disord, 2004; Grosgogeat CA, J Med Genet, 2000; Sproul C, Hum Mutat, 2001; Fanin M, Neurology, 2009",,8.1,
266918,CAPN3,kimi-k2.6,Pathogenic,Pathogenic,0.75,PM1;PM2;PP3;PP4,"Richard I, et al., Nature, 1995; Groen EJ, et al., Hum Mutat, 2008; Fanin M, et al., Hum Mutat, 2009; Oates EC, et al., Neuromuscul Disord, 2018",,6.72,
267480,DYSF,deepseek-coder,Pathogenic,Uncertain significance,0.6,PM2;PP3,"Aartsma-Rus et al., Neuromuscular Disorders, 2016;Therrien et al., Human Mutation, 2006",,2.27,
267416,CAPN3,kimi-k2.6,Pathogenic,Pathogenic,0.95,PVS1;PM2_supporting,"Richards S, Genet Med, 2015;Oliveira AF, Hum Mutat, 2018;Spencer MJ, Neuromuscul Disord, 2002",,6.14,
267480,DYSF,deepseek-chat,Pathogenic,Uncertain significance,0.6,PM2;PP3;PP4,"Richards et al., Genet Med, 2015",,2.66,
267712,DYSF,deepseek-chat,Likely pathogenic,Pathogenic,0.95,PVS1;PM2_supporting,"Aoki M, et al. Dysferlinopathy. In: GeneReviews, 2004 (updated 2020).;Liu J, et al. Dysferlin, a novel skeletal muscle gene, is mutated in Miyoshi myopathy and limb girdle muscular dystrophy. Nat Genet, 1998.",,2.84,
267712,DYSF,deepseek-coder,Likely pathogenic,Pathogenic,0.95,PVS1;PM2_supporting,"Aoki M, et al. J Hum Genet, 2001;Krahn M, et al. Hum Mutat, 2009",,2.3,
268359,CAPN3,deepseek-chat,Pathogenic,Pathogenic,0.95,PVS1;PM2_supporting,"Richard et al., Am J Hum Genet, 1995;Kramerova et al., Hum Mol Genet, 2000",,2.22,
267712,DYSF,kimi-k2.6,Likely pathogenic,Pathogenic,0.95,PVS1;PM2,"Nguyen et al., Neuromuscul Disord, 2005;Aoki et al., Neurology, 2001;Landrum et al., Nucleic Acids Res, 2016 (ClinVar);Richards et al., Genet Med, 2015 (ACMG guidelines)",,5.52,
268359,CAPN3,deepseek-coder,Pathogenic,Pathogenic,0.95,PVS1;PM2_supporting,"Richard I, et al. Am J Hum Genet, 1995;Kramerova I, et al. Hum Mol Genet, 2004",,2.19,
268622,CAPN3,deepseek-chat,Likely pathogenic,Uncertain significance,0.6,PM2_supporting;PP3_moderate,"Richards et al., Genet Med, 2015",,2.36,
268622,CAPN3,deepseek-coder,Likely pathogenic,Uncertain significance,0.6,PM2;PP3,"Richards et al., Genet Med, 2015",,2.01,
268359,CAPN3,kimi-k2.6,Pathogenic,Pathogenic,0.95,PVS1;PM2_Supporting,"Richards S, Genet Med, 2015; Anderson LV, Neuromuscul Disord, 1999; Ollagnon E, Eur J Hum Genet, 2011",,5.59,
268708,DYSF,deepseek-chat,Pathogenic,Uncertain significance,0.6,PM2;PP3;BP4,"Aartsma-Rus A, et al. Hum Mutat, 2009;Therrien C, et al. Neuromuscul Disord, 2006",,2.46,
268708,DYSF,deepseek-coder,Pathogenic,Uncertain significance,0.6,PM2;PP3;BP4,"Richards S, et al. Genet Med. 2015;17(5):405-424.",,2.4,
268708,DYSF,kimi-k2.6,Pathogenic,Uncertain significance,0.3,,"Partridge TA, Curr Opin Neurol, 2010;Nguyen K, Hum Mutat, 2005;Richardson JA, Neurology, 2006",,5.35,
267480,DYSF,kimi-k2.6,Pathogenic,Pathogenic,0.75,PM1;PM2;PP2;PP3,"Nguyen K, Bassez G, Krahn M, et al. Phenotypic study in 40 patients with dysferlin gene mutations: High frequency of atypical phenotypes. Arch Neurol. 2007;64(8):1176-1182.;Klinge L, Dean A, Kress W, et al. Late onset Pompe disease: Dysferlin deficiency in a patient with a new mutation. Neuromuscul Disord. 2010;20(11):740-742.;Anderson LV, Davison K, Moss JA, et al. Dysferlin gene analysis for limb-girdle muscular dystrophy 2B (LGMD2B)/Miyoshi myopathy in the UK. Neuromuscul Disord. 2000;10(4-5):325-327.;Richards S, Aziz N, Bale S, et al. Standards and guidelines for the interpretation of sequence variants: a joint consensus recommendation of the American College of Medical Genetics and Genomics and the Association for Molecular Pathology. Genet Med. 2015;17(5):405-424.",,12.43,
268752,CAPN3,deepseek-chat,Pathogenic,Uncertain significance,0.6,PM2;PP3;PP4,"Richard et al., Am J Hum Genet, 1995;Kramerova et al., Biochim Biophys Acta, 2007",,2.56,
268752,CAPN3,deepseek-coder,Pathogenic,Uncertain significance,0.6,PM2;PP3;PP4,"Richard et al., Am J Hum Genet, 1995;Kramerova et al., Biochim Biophys Acta, 2007",,2.37,
268922,SGCA,kimi-k2.6,Pathogenic,Uncertain significance,0.3,,"Richards S, Genet Med, 2015",,2.93,
268922,SGCA,deepseek-chat,Pathogenic,Uncertain significance,0.6,PM2_supporting;PP3_moderate,"Richards et al., Genet Med, 2015",,2.32,
268922,SGCA,deepseek-coder,Pathogenic,Uncertain significance,0.6,PM2;PP3;BP4,"Richards et al., Genet Med, 2015;HGMD Professional 2024.1",,2.87,
268945,SGCA,deepseek-chat,Pathogenic,Pathogenic,0.75,PM2;PM3;PP3;PP4,"Richards et al., Genet Med, 2015",,2.05,
268945,SGCA,deepseek-coder,Pathogenic,Pathogenic,0.85,PM2;PM3;PP3;PP4,"Bonnemann CG, et al. Neurology. 1995;45:61-67;Piccolo F, et al. Am J Hum Genet. 1995;56:602-610",,2.5,
269044,CAPN3,deepseek-chat,Pathogenic,Pathogenic,0.95,PVS1;PM2_Supporting,"Richard I, et al. Am J Hum Genet, 1995;Kramerova I, et al. Hum Mol Genet, 2004",,2.58,
268945,SGCA,kimi-k2.6,Pathogenic,Pathogenic,0.75,PM1;PM2;PP3;PP4,"Bonnemann CG, et al., Neuromuscular Disorders, 2014; Maguire K, et al., Human Mutation, 2019; Richards S, et al., Genet Med, 2015",,6.58,
268752,CAPN3,kimi-k2.6,Pathogenic,Pathogenic,0.85,PS1;PM2;PP3,"Anderson LV, Davison K, Moss JA, et al. Characterization of monoclonal antibodies to calpain 3 identify calpain 3 in intercalated disks of human cardiac muscle. Neuromuscul Disord. 1998;8(8):553-561.;Fanin M, Nascimbeni AC, Angelini C. Muscle protein analysis in the detection of heterozygotes in calpainopathy. Eur J Hum Genet. 2009;17(8):1041-1049.;Bartoli M, Roudaut C, Bourg N, et al. Loss of calpain 3 proteolytic activity in LGMD2A patients: correlation with abnormal protein stability. Hum Mol Genet. 2003;12(11):1339-1345.",,11.41,
269044,CAPN3,deepseek-coder,Pathogenic,Pathogenic,0.95,PVS1;PM2;PVS1_Strong,"Richard I, et al. Am J Hum Genet, 1995;Kramerova I, et al. Hum Mol Genet, 2004;Gonzalez-Mera L, et al. J Med Genet, 2021",,2.87,
268622,CAPN3,kimi-k2.6,Likely pathogenic,Pathogenic,0.85,PS1;PM2;PP3;PP4,"Richard I, Broux O, Allamand V, et al. Mutations in the proteolytic enzyme calpain 3 cause limb-girdle muscular dystrophy type 2A. Cell. 1995;81(1):27-40;Anderson LV, Davison K, Moss JA, et al. Dysferlin and calpain 3 expression in neuromuscular disorders. Hum Pathol. 2001;32(8):873-879;Spencer MJ, Mellgren RL. Overexpression of a calpastatin transgene in mdx muscle reduces dystrophic pathology. Hum Mol Genet. 2002;11(21):2645-2655;Fanin M, Angelini C, Calpainopathy patients with mutations in CAPN3 exon 8. Neuromuscul Disord. 2002;12(7-8):557-561;Piluso G, Politano L, Aurino S, et al. Extensive scanning of the calpain-3 gene by denaturing high-performance liquid chromatography. Ann Hum Genet. 2005;69(Pt 3):349-363",,16.4,
269697,CAPN3,deepseek-chat,Likely pathogenic,Uncertain significance,0.6,PM2_supporting;PP3_moderate,"Richard et al., Am J Hum Genet, 1995;Kramerova et al., Biochim Biophys Acta, 2000",,2.57,
269697,CAPN3,deepseek-coder,Likely pathogenic,Uncertain significance,0.6,PM2_supporting;PP3_moderate,"Richards S, et al. Genet Med. 2015;17(5):405-424",,2.62,
269697,CAPN3,kimi-k2.6,Likely pathogenic,Uncertain significance,0.3,,"Richards S, Genet Med, 2015;Oates AE, Neuromuscul Disord, 2018",,4.53,
269044,CAPN3,kimi-k2.6,Pathogenic,Pathogenic,0.95,PVS1;PM2_Supporting,"Richards S, et al., Genet Med, 2015, PMID: 25741868;Oates EC, Jones KJ, et al., Neuromuscul Disord, 2018, PMID: 29429900;Spaans E, et al., Hum Mutat, 2015, PMID: 25688888",,8.12,
270262,SGCA,deepseek-chat,Likely pathogenic,Uncertain significance,0.6,PM2;PP3,"Richards et al., Genet Med, 2015",,2.56,
270262,SGCA,deepseek-coder,Likely pathogenic,Uncertain significance,0.6,PM2;PP3,"Richards et al., Genet Med, 2015",,2.24,
270262,SGCA,kimi-k2.6,Likely pathogenic,Pathogenic,0.75,PVS1;PM2;PP3,"Anderson LV, Davison K, Muscle Nerve, 1999; Fanin M et al., Neuromuscular Disorders, 2009; Richards S et al., Genet Med, 2015",,5.86,
270706,GAA,deepseek-coder,Likely pathogenic,Pathogenic,0.85,PM2;PM3;PP3;PP4,"Kroos M, et al. Hum Mutat. 2008;29(6):E13-E26.;Reuser AJ, et al. Hum Mutat. 2019;40(11):1954-1972.",,2.66,
270706,GAA,deepseek-chat,Likely pathogenic,Pathogenic,0.85,PM2;PM3;PP3;PP4,"Kroos M, et al. Hum Mutat. 2008;29(6):E13-E26.;Reuser AJJ, et al. Hum Mutat. 2019;40(11):1954-1972.",,2.77,
270980,DYSF,deepseek-chat,Likely pathogenic,Uncertain significance,0.6,PM2;PP3;BP4,"Aartsma-Rus et al., Neuromuscular Disorders, 2016;Therrien et al., Human Mutation, 2006",,2.21,
270980,DYSF,deepseek-coder,Likely pathogenic,Uncertain significance,0.6,PM2;PP3;BP4,N/A,,2.1,
271157,DYSF,deepseek-chat,Likely benign,Uncertain significance,0.6,PM2;PP3,"Richards et al., Genet Med, 2015",,2.44,
271157,DYSF,deepseek-coder,Likely benign,Uncertain significance,0.6,PM2;PP3,N/A,,2.37,
270706,GAA,kimi-k2.6,Likely pathogenic,Pathogenic,0.75,,"Kroos MA, et al. Hum Mutat. 1995;6(1):77-78;Montalvo AL, et al. Mol Genet Metab. 2006;88(4):364-368;Winchester B, et al. J Inherit Metab Dis. 2007;30(4):558-570",,6.5,
270980,DYSF,kimi-k2.6,Likely pathogenic,Pathogenic,0.85,PS1;PM2;PP3,"Nguyen et al., Neuromuscul Disord, 2007; Aoki et al., Neurology, 2001; Matsuda et al., Neurology, 2001; Klinge et al., J Med Genet, 2008",,6.22,
272245,DYSF,deepseek-chat,Likely benign,Uncertain significance,0.6,PM2;PP3,"Richards et al., Genet Med, 2015",,2.39,
272245,DYSF,deepseek-coder,Likely benign,Uncertain significance,0.6,PM2;PP3,"Richards et al., Genet Med, 2015",,2.44,
272245,DYSF,kimi-k2.6,Likely benign,Uncertain significance,0.3,,"Richards S, et al., Genet Med, 2015, PMID: 25741868",,4.21,
271157,DYSF,kimi-k2.6,Likely benign,Pathogenic,0.75,PM1;PM2;PP3;PP4,"Nguyen et al., Neuromuscular Disorders, 2005; Cagliani et al., Human Mutation, 2005; Aoki et al., Neurology, 2001; Partridge, Current Opinion in Neurology, 2007",,6.57,
272420,DYSF,deepseek-chat,Pathogenic,Uncertain significance,0.6,PM2;PP3,"Richards et al., Genet Med, 2015",,2.67,
272420,DYSF,deepseek-coder,Pathogenic,Uncertain significance,0.6,PM2;PP3;PP4,"Ankala A, et al. Hum Mutat. 2014;35(8):909-917;Therrien C, et al. Hum Mutat. 2006;27(12):1197-1204",,3.01,
272420,DYSF,kimi-k2.6,Pathogenic,Uncertain significance,0.3,,"Richards S, Aziz N, Bale S, et al. Standards and guidelines for the interpretation of sequence variants: a joint consensus recommendation of the American College of Medical Genetics and Genomics and the Association for Molecular Pathology. Genet Med. 2015;17(5):405-424.",,5.91,
272679,DYSF,deepseek-chat,Pathogenic,Pathogenic,0.99,PVS1;PM2;PVS1_Strong,"Aoki M, et al. Dysferlinopathy. In: GeneReviews. University of Washington, Seattle; 1993-2024.;Liu J, et al. Dysferlin, a novel skeletal muscle gene, is mutated in Miyoshi myopathy and limb girdle muscular dystrophy. Nat Genet. 1998;20(1):31-36.",,3.48,
272679,DYSF,deepseek-coder,Pathogenic,Pathogenic,0.98,PVS1;PM2;PVS1_Strong,"Aoki M, et al. DYSF mutations in Miyoshi myopathy and limb-girdle muscular dystrophy. Neurology, 2001.;Krahn M, et al. Analysis of the DYSF mutational spectrum in a large cohort of patients. Hum Mutat, 2009.",,3.5,
272742,GAA,deepseek-chat,Likely pathogenic,Pathogenic,0.99,PVS1;PM2_supporting,"Kroos M, et al. Hum Mutat, 2008;Reuser AJ, et al. Hum Mutat, 2019",,2.58,
272679,DYSF,kimi-k2.6,Pathogenic,Pathogenic,0.95,PVS1;PM2_Supporting,"Richards S, Genet Med, 2015; Ota V, Neuromuscul Disord, 2019; Nguyen K, Hum Mutat, 2005",,5.72,
272742,GAA,deepseek-coder,Likely pathogenic,Pathogenic,0.95,PVS1;PM2_supporting,"Kroos M, et al. Hum Mutat, 2008;Reuser AJ, et al. Hum Mutat, 2019",,2.58,
272768,FOXG1,deepseek-chat,Likely pathogenic,Pathogenic,0.95,PS2;PM2;PM5;PP2;PP3;PP4,"Kortüm F, et al. Eur J Hum Genet. 2011;19(2):135-142.;Ariani F, et al. J Med Genet. 2008;45(4):200-204.;Seltzer LE, et al. Am J Med Genet A. 2014;164A(1):114-122.",,3.34,
273067,DYSF,deepseek-chat,Pathogenic,Uncertain significance,0.6,PM2;PP3;PP4,"ClinVar, 2024;Aoki M, J Hum Genet, 2005",,2.67,
272768,FOXG1,deepseek-coder,Likely pathogenic,Pathogenic,0.9,PS2;PM2;PM5;PP2;PP3;PP4,"Kortüm F, et al. Eur J Hum Genet. 2011;19(2):135-142.;Seltzer LE, et al. Am J Med Genet A. 2014;164A(1):114-119.;Vegas N, et al. Eur J Med Genet. 2018;61(11):663-668.",,3.44,
272742,GAA,kimi-k2.6,Likely pathogenic,Pathogenic,0.95,PVS1;PM2,"Kroos et al., Am J Med Genet A, 2012;Witt et al., Genet Med, 2007;Richards et al., Genet Med, 2015",,7.61,
273067,DYSF,deepseek-coder,Pathogenic,Uncertain significance,0.6,PM2;PP3;PP4,"ClinVar, 2024;Aoki M, J Hum Genet, 2005",,2.58,
273335,ANO5,deepseek-coder,Likely pathogenic,Uncertain significance,0.6,PM2;PP3;BP4,"Bouquet et al., Neuromuscul Disord, 2012;Hicks et al., Hum Mutat, 2011",,2.33,
273335,ANO5,deepseek-chat,Likely pathogenic,Uncertain significance,0.6,PM2;PP3;BP4,"Griffiths et al., J Med Genet, 2010 (ANO5 phenotype);Bouquet et al., Neuromuscul Disord, 2012 (ANO5 variants)",,2.98,
273067,DYSF,kimi-k2.6,Pathogenic,Pathogenic,0.75,PM1;PM2;PP3;PP4,"Anderson LV, Davison K, Muscle Nerve, 1999; Nguyen K et al., Hum Mutat, 2005; Aoki M, Curr Neurol Neurosci Rep, 2012",,6.15,
272768,FOXG1,kimi-k2.6,Likely pathogenic,Pathogenic,0.85,PS1;PM2;PP2;PP3,"Kortüm F, et al. Am J Hum Genet. 2011;89(2):215-27;Mitter D, et al. Eur J Hum Genet. 2018;26(4):502-510;Brunetti-Pierri N, et al. Am J Med Genet A. 2018;176(4):992-1004",,8.03,
273598,GAA,deepseek-chat,Likely pathogenic,Uncertain significance,0.6,PM2;PP3;PP4,"Richards S, et al. Genet Med. 2015;17(5):405-424",,2.36,
273598,GAA,deepseek-coder,Likely pathogenic,Uncertain significance,0.6,PM2;PP3;PP4,"Richards S, et al. Genet Med. 2015;17(5):405-424",,2.48,
273881,CAPN3,deepseek-chat,Pathogenic,Uncertain significance,0.6,PM2_supporting;PP3_moderate,"Richard et al., Am J Hum Genet, 1995;Kramerova et al., Hum Mol Genet, 2004",,2.6,
273881,CAPN3,deepseek-coder,Pathogenic,Uncertain significance,0.6,PM2_supporting;PP3_moderate,"Richard et al., Am J Hum Genet, 1995;Kramerova et al., Hum Mol Genet, 2004",,2.6,
273335,ANO5,kimi-k2.6,Likely pathogenic,Pathogenic,0.75,PM1;PM2;PP2;PP3;PP5,"Sarkozy A, Eur J Hum Genet, 2013; Wang L, Neurology, 2012; Hicks D, Am J Hum Genet, 2011; Penttilä H, Neuromuscul Disord, 2013; Torella A, Hum Mutat, 2014",,7.88,
274031,SGCA,deepseek-chat,Likely pathogenic,Uncertain significance,0.6,PM2;PP3;PP4,"Thompson R, et al. Am J Hum Genet, 2020;Richards S, et al. Genet Med, 2015",,2.82,
273881,CAPN3,kimi-k2.6,Pathogenic,Pathogenic,0.85,PS1;PM2;PP3,"Richard I, Nature, 1995; Anderson LV, Neuromuscul Disord, 1999; Fanin M, Neurology, 2001; Grosgogeat CA, J Med Genet, 2008",,6.23,
274031,SGCA,deepseek-coder,Likely pathogenic,Uncertain significance,0.6,PM2;PP3,"Richards et al., Genet Med, 2015",,2.44,
274752,DYSF,deepseek-chat,Likely pathogenic,Uncertain significance,0.6,PM2_supporting;PP3_moderate,"Richards S, et al. Genet Med. 2015;17(5):405-424.",,2.52,
274752,DYSF,deepseek-coder,Likely pathogenic,Uncertain significance,0.6,PM2_supporting;PP3_moderate,"Richards et al., Genet Med, 2015",,2.49,
273598,GAA,kimi-k2.6,Likely pathogenic,Pathogenic,0.95,PVS1;PM2;PP3;PP4,"Kroos MA, et al. Hum Mutat. 1995;6(3):248-53;Gao K, et al. Mol Genet Metab. 2015;116(1-2):61-6;Montalvo AR, et al. Mol Genet Metab. 2004;82(3):258-63;ACMG. Genet Med. 2015;17(5):405-24",,10.95,
274752,DYSF,kimi-k2.6,Likely pathogenic,Uncertain significance,0.3,,"Anderson et al., Neurology, 2000, DYSF mutations in limb-girdle muscular dystrophy 2B;Fanin et al., Hum Mutat, 2009, DYSF mutations and dysferlinopathy;Richards et al., Genet Med, 2015, ACMG/AMP guidelines",,5.45,
274031,SGCA,kimi-k2.6,Likely pathogenic,Pathogenic,0.75,PVS1;PM2;PP3,"Krag et al., Neurology, 2001; Fanin et al., Hum Mutat, 2009; Richards et al., Genet Med, 2015 (ACMG guidelines)",,8.67,
277408,MYOC,deepseek-chat,Benign,Uncertain significance,0.6,PM2;BP4;BP7,"Richards et al., Genet Med, 2015;Silva et al., Hum Mutat, 2019",,2.68,
277408,MYOC,deepseek-coder,Benign,Uncertain significance,0.6,PM2;BP4;BP7,"Richards et al., Genet Med, 2015;Silva et al., Hum Mutat, 2014",,2.64,
277619,MYOC,deepseek-chat,Likely benign,Uncertain significance,0.6,PM2;BP4;BP7,"Richards et al., Genet Med, 2015",,3.0,
277408,MYOC,kimi-k2.6,Benign,Benign,0.95,BA1;BP4;BP7,"Richards S, Genet Med, 2015; ACMG/AMP sequence variant interpretation guidelines;Thorvaldsdottir B, Am J Hum Genet, 2015; gnomAD population data;Fautsch MP, Hum Mol Genet, 2004; MYOC glaucoma genetics",,6.66,
277619,MYOC,deepseek-coder,Likely benign,Uncertain significance,0.7,PM2;BP4;BP7,"Richards S, et al. Genet Med. 2015;17:405-424;Silva AL, et al. Hum Mutat. 2010;31:1075-1085",,2.74,
278492,MYOC,deepseek-chat,Benign,Uncertain significance,0.6,PM4;BP7,"Richards et al., Genet Med, 2015",,2.97,
278492,MYOC,deepseek-coder,Benign,Uncertain significance,0.6,PM4;BP7,"Richards et al., Genet Med, 2015",,2.33,
281153,RPE65,deepseek-chat,Likely benign,Uncertain significance,0.6,PM2;BP4,"Richards S, et al. Standards and guidelines for the interpretation of sequence variants. Genet Med. 2015;17(5):405-424.",,2.48,
281153,RPE65,deepseek-coder,Likely benign,Uncertain significance,0.6,PM2;BP4,"Richards S, et al. Standards and guidelines for the interpretation of sequence variants. Genet Med. 2015;17(5):405-424.",,2.56,
278492,MYOC,kimi-k2.6,Benign,Benign,0.95,BP4;BP7,"ACMG Standards and Guidelines for the Interpretation of Sequence Variants, Richards et al., Genet Med, 2015;Abouelhassan et al., Mol Vis, 2019 (MYOC variant spectrum)",,5.96,
281153,RPE65,kimi-k2.6,Likely benign,Uncertain significance,0.3,,"Richards S, et al., Genet Med, 2015, PMID:25741868",,3.81,
277619,MYOC,kimi-k2.6,Likely benign,Benign,0.95,BA1;BP4;BP7,"ACMG Standards and Guidelines for the Interpretation of Sequence Variants, Richards et al., Genet Med, 2015;Abouelhassan et al., Clin Genet, 2019 (MYOC variant classification guidelines)",,7.83,
281995,ABCA4,deepseek-chat,Likely benign,Uncertain significance,0.6,PM2;BP4;BP7,"Richards et al., Genet Med, 2015",,2.28,
281995,ABCA4,deepseek-coder,Likely benign,Uncertain significance,0.6,PM2;BP4;BP7,"Richards et al., Genet Med, 2015",,2.15,
281995,ABCA4,kimi-k2.6,Likely benign,Benign,0.95,BA1;BP7,"Richards S, et al., Genet Med, 2015;den Dunnen JT, et al., Hum Mutat, 2016",,4.25,
283265,ABCA4,deepseek-chat,Likely benign,Uncertain significance,0.6,PM2;BP4;BP7,"Richards et al., Genet Med, 2015;Silva et al., Hum Mutat, 2019",,2.61,
283265,ABCA4,kimi-k2.6,Likely benign,Uncertain significance,0.3,,,,3.31,
283265,ABCA4,deepseek-coder,Likely benign,Uncertain significance,0.7,PM2;BP4;BP7,"Richards et al., Genet Med, 2015;Silva et al., Hum Mutat, 2019",,2.77,
283422,ABCA4,deepseek-chat,Likely benign,Uncertain significance,0.6,PM2;BP4;BP7,"Richards et al., Genet Med, 2015",,2.23,
283422,ABCA4,deepseek-coder,Likely benign,Uncertain significance,0.6,PM2;BP4;BP7,"Richards et al., Genet Med, 2015;Silva et al., Hum Mutat, 2020",,2.71,
287899,DYSF,deepseek-chat,Benign,Uncertain significance,0.6,PM2;PP3;BP4,"ClinVar, 2024;HGMD, 2024",,2.48,
287899,DYSF,deepseek-coder,Benign,Uncertain significance,0.6,PM2;PP3;BP4,"Richards et al., Genet Med, 2015",,2.53,
283422,ABCA4,kimi-k2.6,Likely benign,Uncertain significance,0.3,,"Richards S, et al., Genet Med, 2015; ACMG/AMP sequence variant interpretation guidelines",,4.84,
313992,RAG1,deepseek-chat,Likely benign,Uncertain significance,0.6,PM2;PP3;PP4,"Notarangelo LD, et al. J Allergy Clin Immunol, 2016;Buckley RH, et al. Immunol Rev, 2004",,2.73,
313992,RAG1,deepseek-coder,Likely benign,Uncertain significance,0.6,PM2;PP3;PP4,Not applicable - no specific publication for this variant identified,,2.54,
318208,VWF,deepseek-chat,Likely benign,Uncertain significance,0.6,PVS1;PM4;BP7,"Richards et al., Genet Med, 2015",,2.21,
287899,DYSF,kimi-k2.6,Benign,Pathogenic,0.75,PM1;PM2;PP3;PP4,"Nguyen et al., Neuromuscular Disorders, 2007; Klinge et al., Journal of Medical Genetics, 2008; Aoki et al., Neurology, 2001",,6.19,
318208,VWF,kimi-k2.6,Likely benign,Uncertain significance,0.3,,"Richards S, et al., Genet Med, 2015",,3.59,
313992,RAG1,kimi-k2.6,Likely benign,Pathogenic,0.75,PS1;PM2;PP3,"Schwarz K, et al., Nat Genet, 1996; Villa A, et al., Cell, 1998; OMIM #179615; ClinVar RCV000001290.2",,5.49,
318208,VWF,deepseek-coder,Likely benign,Uncertain significance,0.7,PVS1;PM4;BP7,"Richards et al., Genet Med, 2015",,2.7,
318210,VWF,deepseek-chat,Likely benign,Uncertain significance,0.7,PVS1;PM4;BP7,"Richards S, et al. Genet Med. 2015;17(5):405-424",,2.79,
318210,VWF,deepseek-coder,Likely benign,Uncertain significance,0.7,PVS1;PM4;BP7,"Richards et al., Genet Med, 2015",,2.62,
331720,TCF4,deepseek-chat,Benign,Uncertain significance,0.6,PM2_Supporting;BP4,"Richards S, et al. Standards and guidelines for the interpretation of sequence variants. Genet Med. 2015;17(5):405-424.",,2.74,
331720,TCF4,deepseek-coder,Benign,Uncertain significance,0.6,PM2_Supporting;BP4,"Richards S, et al. Standards and guidelines for the interpretation of sequence variants. Genet Med. 2015;17(5):405-424.",,2.87,
340653,GATM,deepseek-chat,Likely benign,Uncertain significance,0.6,PM2;BP4,"Richards et al., Genet Med, 2015",,2.08,
340653,GATM,deepseek-coder,Likely benign,Uncertain significance,0.6,PM2;BP4,"Richards et al., Genet Med, 2015;Janssen et al., Hum Mutat, 2017",,2.65,
331720,TCF4,kimi-k2.6,Benign,Uncertain significance,0.3,,"Rajamani et al., Am J Med Genet A, 2018;Montermini et al., Cerebellum Ataxias, 2019",,5.45,
318210,VWF,kimi-k2.6,Likely benign,Benign,0.95,BP4;BP7,"Richards S, et al., Genet Med, 2015;Tavtigian SV, et al., Hum Mutat, 2018",,6.7,
340653,GATM,kimi-k2.6,Likely benign,Benign,0.85,BP1;BP4;BP7,"Richards S, Genet Med, 2015;Tavtigian SV, Hum Mutat, 2018",,4.61,
342009,TCF4,deepseek-chat,Benign,Uncertain significance,0.9,,"Richards S, et al. Standards and guidelines for the interpretation of sequence variants. Genet Med. 2015;17(5):405-424.",,2.47,
342009,TCF4,deepseek-coder,Benign,Uncertain significance,0.9,,"Richards S, et al. Standards and guidelines for the interpretation of sequence variants. Genet Med. 2015;17(5):405-424.",,2.11,
358487,GAA,deepseek-chat,Likely pathogenic,Pathogenic,0.95,PVS1;PM2_supporting,"Reuser AJJ, et al., Orphanet J Rare Dis, 2019;Kroos M, et al., Hum Mutat, 2008",,2.23,
358487,GAA,deepseek-coder,Likely pathogenic,Pathogenic,0.95,PVS1;PM2,"Reuser AJJ, et al., Orphanet J Rare Dis, 2019;Kroos M, et al., Hum Mutat, 2008",,2.12,
358488,GAA,deepseek-chat,Likely pathogenic,Pathogenic,0.95,PVS1;PM2_supporting,"Kroos M, et al. Hum Mutat, 2008;Reuser AJ, et al. Hum Mutat, 2019",,2.39,
342009,TCF4,kimi-k2.6,Benign,Uncertain significance,0.2,,"Richards S, Aziz N, Bale S, et al. Standards and guidelines for the interpretation of sequence variants: a joint consensus recommendation of the American College of Medical Genetics and Genomics and the Association for Molecular Pathology. Genet Med. 2015;17(5):405-424.",,5.9,
358488,GAA,deepseek-coder,Likely pathogenic,Pathogenic,0.95,PVS1;PM2_supporting,"Kroos M, et al. Hum Mutat, 2008;Reuser AJ, et al. Hum Mutat, 2019",,2.22,
358487,GAA,kimi-k2.6,Likely pathogenic,Pathogenic,0.95,PVS1;PM2_Supporting,"Kroos et al., Hum Mutat, 2012;Whitfield et al., Genet Med, 2017;Richards et al., Genet Med, 2015",,5.14,
358494,GAA,deepseek-chat,Likely pathogenic,Pathogenic,0.95,PVS1;PM2_supporting,"Kroos M, et al. Hum Mutat. 2008;29(6):E13-E26.;Reuser AJJ, et al. Hum Mutat. 2019;40(11):1954-1972.",,2.76,
358495,GAA,deepseek-chat,Likely pathogenic,Uncertain significance,0.6,PM2;PP3;PP4,"Richards et al., Genet Med, 2015",,2.2,
358494,GAA,deepseek-coder,Likely pathogenic,Pathogenic,0.95,PVS1;PM2_supporting,"Kroos M, et al. Hum Mutat. 2008;29(6):E223-E231.;Reuser AJJ, et al. Hum Mutat. 2019;40(11):1954-1972.",,2.91,
358488,GAA,kimi-k2.6,Likely pathogenic,Pathogenic,0.95,PVS1;PM2_Supporting,"ACMG Standards and Guidelines for the interpretation of sequence variants, Richards et al., Genet Med, 2015;Kroos et al., Am J Hum Genet, 1995 (GAA mutations in Pompe disease);Witt et al., Genet Med, 2007 (GAA variant classification)",,6.51,
358495,GAA,deepseek-coder,Likely pathogenic,Uncertain significance,0.6,PM2;PP3;PP4,"Richards et al., Genet Med, 2015",,2.2,
358503,GAA,deepseek-chat,Likely pathogenic,Pathogenic,0.95,PVS1;PM2_supporting,"Kroos M, et al. Hum Mutat, 2008;Reuser AJ, et al. Hum Mutat, 2019",,2.63,
358503,GAA,deepseek-coder,Likely pathogenic,Pathogenic,0.95,PVS1;PM2_supporting,"Kroos M, et al., Hum Mutat, 2008;Reuser AJ, et al., Hum Mutat, 2019",,2.45,
358494,GAA,kimi-k2.6,Likely pathogenic,Pathogenic,0.95,PVS1;PM2,"ACMG Standards and Guidelines for the interpretation of sequence variants, Richards et al., Genet Med, 2015;Kroos et al., Pompe disease mutation database at Erasmus MC University Medical Center Rotterdam, 2012;Witt et al., Glycogen storage disease type II (Pompe disease), Neuromuscul Disord, 2007",,8.99,
359705,PIK3R1,deepseek-coder,Pathogenic,Pathogenic,0.95,PVS1;PM2,"Deau MC, et al. J Clin Invest, 2014;Lucas CL, et al. Nat Immunol, 2014",,2.47,
359705,PIK3R1,deepseek-chat,Pathogenic,Pathogenic,0.95,PVS1;PM2_Supporting,"Lucas CL, et al. Nat Immunol, 2014;Deau MC, et al. J Clin Invest, 2014;Richards S, et al. Genet Med, 2015",,2.76,
358503,GAA,kimi-k2.6,Likely pathogenic,Pathogenic,0.95,PVS1;PM2_Supporting,"ACMG Standards and Guidelines for the Interpretation of Sequence Variants, Richards et al., Genet Med, 2015;Kroos et al., Am J Med Genet A, 2012 (GAA variant database);van der Ploeg et al., Am J Med Genet C Semin Med Genet, 2012 (Pompe disease pathophysiology)",,6.38,
360055,CEP290,deepseek-chat,Likely benign,Pathogenic,0.95,PVS1;PM2_Supporting,"den Hollander et al., Am J Hum Genet, 2006;Coppieters et al., Hum Mutat, 2010",,2.52,
360055,CEP290,deepseek-coder,Likely benign,Pathogenic,0.95,PVS1;PM2_supporting,"Coppieters F, et al. Hum Mutat. 2010;31(10):1097-1108.;Drivas TG, et al. Am J Hum Genet. 2015;96(5):794-807.",,3.2,
360286,GAA,deepseek-chat,Likely pathogenic,Pathogenic,0.99,PVS1;PM2;PP5,"Martins et al., Hum Mutat, 2013;Kroos et al., Hum Mutat, 2012;Reuser et al., Hum Mutat, 2019",,2.47,
358495,GAA,kimi-k2.6,Likely pathogenic,Pathogenic,0.85,PS1;PM2;PP3,"Kroos MA, et al. Hum Mutat. 1995;6(1):61-69;Van der Ploeg AT, Reuser AJ. Lancet. 2008;372(9646):1342-1353;Wisselaar HA, et al. Am J Hum Genet. 1993;52(2):347-354;Gao K, et al. Mol Genet Metab. 2015;114(3):462-468",,13.22,
360286,GAA,deepseek-coder,Likely pathogenic,Pathogenic,0.99,PVS1;PM2;PP5,"Martins E, et al. J Inherit Metab Dis, 2013;Kroos M, et al. Hum Mutat, 2008",,2.54,
360055,CEP290,kimi-k2.6,Likely benign,Pathogenic,0.95,PVS1;PM2_Supporting,"The Human Gene Mutation Database (HGMD);gnomAD Consortium, Nature, 2020;Davis et al., Genet Med, 2011;Travaglini et al., Am J Hum Genet, 2012",,7.5,
359705,PIK3R1,kimi-k2.6,Pathogenic,Pathogenic,0.95,PVS1;PM2,"Richards S, et al., Standards and guidelines for the interpretation of sequence variants: a joint consensus recommendation of the American College of Medical Genetics and Genomics and the Association for Molecular Pathology. Genet Med. 2015;17(5):405-24;Dyment DA, et al., Mutations in PIK3R1 cause SHORT syndrome. Am J Hum Genet. 2013;93(1):158-66;Thauvin-Robinet C, et al., PIK3R1 mutations in SHORT syndrome. Clin Genet. 2013;84(4):362-3",,10.22,
362629,HBA2,deepseek-coder,Pathogenic,Pathogenic,0.95,PVS1;PM2_Supporting,"Higgs DR, et al. The molecular basis of alpha-thalassemia. Cold Spring Harb Perspect Med. 2013;3(1):a011718.;Kattamis AC, et al. Molecular basis of alpha-thalassemia. Hemoglobin. 2020;44(1):1-12.",,2.62,
362629,HBA2,deepseek-chat,Pathogenic,Pathogenic,0.95,PVS1;PM2;PVS1_Strong,"Higgs DR, et al. The molecular basis of alpha thalassemia. Cold Spring Harb Perspect Med. 2013;3(1):a011718.;Kattamis AC, et al. Alpha-thalassemia. In: GeneReviews. University of Washington, Seattle; 2005. Updated 2023.",,3.73,
362728,LDLR,deepseek-chat,Likely pathogenic,Pathogenic,0.99,PVS1;PM2;PVS1_Strong,"Leigh et al., Hum Mutat, 2008;Stenson et al., Hum Genet, 2017",,2.35,
360286,GAA,kimi-k2.6,Likely pathogenic,Pathogenic,0.95,PVS1;PM2_Supporting,"Richards S, Genet Med, 2015, PMID: 25741868;Kroos MA, Hum Mutat, 2012, PMID: 22252923;Winchester B, J Inherit Metab Dis, 2010, PMID: 19946822",,9.25,
362629,HBA2,kimi-k2.6,Pathogenic,Pathogenic,0.95,PVS1;PM2_Supporting,"Harteveld CL, Higgs DR, 2010, Lancet;Galanello R, 2010, Orphanet J Rare Dis;ACMG Standards and Guidelines for the interpretation of sequence variants, 2015, Genet Med",,5.79,
362728,LDLR,deepseek-coder,Likely pathogenic,Pathogenic,0.99,PVS1;PM2;PVS1_Strong,"Hobbs HH, et al. Hum Mutat 1992;1:445-466;Leigh SE, et al. J Med Genet 1993;30:408-414",,2.84,
362728,LDLR,kimi-k2.6,Likely pathogenic,Pathogenic,0.95,PVS1;PM2,"Richards S, Genet Med, 2015; Benn M, Curr Opin Lipidol, 2012; Goldstein JL, Familial Hypercholesterolemia, 2001",,5.45,
362900,RUNX1,deepseek-chat,Likely pathogenic,Uncertain significance,0.6,PM2;PP3;PP4,"Song WJ, et al. Nat Genet. 1999;23(2):166-175;Michaud J, et al. Am J Hum Genet. 2002;71(5):1117-1132;Luo X, et al. Leukemia. 2015;29(6):1358-1365",,3.37,
362900,RUNX1,deepseek-coder,Likely pathogenic,Uncertain significance,0.6,PM2;PP3;PP4,"Song WJ, et al. Nat Genet. 1999;23(2):166-175;Liew E, et al. Br J Haematol. 2009;145(5):606-613",,3.13,
362901,RUNX1,deepseek-chat,Pathogenic,Uncertain significance,0.6,PM2;PP3;PP4,"Song WJ, et al. Nat Genet. 1999;23(2):166-175;Liew E, et al. Blood. 2010;116(2):e1-e7",,2.48,
362900,RUNX1,kimi-k2.6,Likely pathogenic,Pathogenic,0.75,PS1;PM2;PP2;PP3,"Owen et al., Blood, 2003; Song et al., Blood, 2006; Churpek et al., Blood, 2013; Latimer et al., Leukemia, 2016",,6.03,
362901,RUNX1,deepseek-coder,Pathogenic,Uncertain significance,0.6,PM2;PP3;PP4,"Song WJ, et al. Nat Genet. 1999;23(2):166-175;Liew E, et al. Blood. 2010;116(22):e1-e7",,2.69,
363510,TP53,deepseek-chat,Pathogenic,Pathogenic,0.95,PS1;PM2;PM5;PP3;PP5,"Kato et al., PNAS, 2003;Bouaoun et al., Hum Mutat, 2016;ClinVar submissions (multiple)",,2.62,
363510,TP53,deepseek-coder,Pathogenic,Pathogenic,0.95,PS1;PM2;PM5;PP3;PP5,"Olivier M, et al., Hum Mutat, 2003;Kato S, et al., Proc Natl Acad Sci USA, 2003;Bouaoun L, et al., Hum Mutat, 2016;ClinVar submissions for TP53 c.332T>G",,2.76,
362901,RUNX1,kimi-k2.6,Pathogenic,Pathogenic,0.75,PS1;PM1;PM2;PP2;PP3,"Owen et al., Blood, 2003; Michaud et al., Hum Mutat, 2003; Latysheva et al., Blood, 2021",,6.07,
363512,TP53,deepseek-chat,Pathogenic,Pathogenic,0.95,PS1;PM2;PM5;PP3;PP5,"Bouaoun L, et al. TP53 Variations in Human Cancers: New Lessons from the IARC TP53 Database and Genomics Data. Hum Mutat. 2016;37(9):865-876.;Kato S, et al. Understanding the function-structure and function-mutation relationships of p53 tumor suppressor protein by high-resolution missense mutation analysis. Proc Natl Acad Sci U S A. 2003;100(14):8424-8429.;Olivier M, et al. The IARC TP53 database: new online mutation analysis and recommendations to users. Hum Mutat. 2002;19(6):607-614.",,3.79,
368693,PIK3R1,deepseek-chat,Likely pathogenic,Pathogenic,0.85,PVS1;PM2;PP3,"Richards S, et al. Genet Med. 2015;17(5):405-424",,2.28,
363512,TP53,deepseek-coder,Pathogenic,Pathogenic,0.95,PS1;PM2;PM5;PP3;PP5,"Bouaoun L, et al. TP53 Variations in Human Cancers: New Lessons from the IARC TP53 Database and Genomics Data. Hum Mutat. 2016;37(9):865-876.;Kato S, et al. Understanding the function-structure and function-mutation relationships of p53 tumor suppressor protein by high-resolution missense mutation analysis. Proc Natl Acad Sci U S A. 2003;100(14):8424-8429.",,3.24,
363510,TP53,kimi-k2.6,Pathogenic,Pathogenic,0.95,PVS1;PS1;PM1;PM2;PP2;PP3,"Kleihues P, et al. Nucleic Acids Res. 1997; Soussi T, IARC TP53 Database. Hum Mutat. 2000; Bougeard G, et al. J Med Genet. 2015; Olivier M, et al. Hum Mutat. 2002; Kato S, et al. Proc Natl Acad Sci USA. 2003",,7.53,
368693,PIK3R1,deepseek-coder,Likely pathogenic,Pathogenic,0.85,PVS1;PM2;PP3,"Richards S, et al. Genet Med. 2015;17(5):405-424.",,2.51,
363512,TP53,kimi-k2.6,Pathogenic,Pathogenic,0.95,PVS1;PS1;PM1;PM2;PP2;PP3,"Kleiblova P, et al., J Clin Oncol, 2013; Bougeard G, et al., J Med Genet, 2015; Ribeiro RC, et al., J Clin Oncol, 2001; IARC TP53 Database, https://p53.iarc.fr/",,6.59,
372663,SGCG,deepseek-chat,Pathogenic,Pathogenic,0.95,PVS1;PM2_Supporting,"Noguchi S, et al. J Biol Chem, 1995;Bonnemann CG, et al. Nat Genet, 1995",,2.71,
372663,SGCG,deepseek-coder,Pathogenic,Pathogenic,0.95,PVS1;PM2_Supporting,"Noguchi S, et al., J Biol Chem, 1995;Bonnemann CG, et al., Nat Genet, 1995",,2.31,
368693,PIK3R1,kimi-k2.6,Likely pathogenic,Pathogenic,0.95,PVS1;PM2,"Richards S, et al., Genet Med, 2015;Olry A, et al., Hum Mutat, 2018;Conner DA, et al., Am J Hum Genet, 2017",,6.15,
379059,TCF4,deepseek-chat,Likely pathogenic,Pathogenic,0.9,PS2;PM2;PM5;PP2;PP3;PP4,"Amiel et al., Am J Hum Genet, 2007;Zweier et al., Am J Hum Genet, 2007;de Pontual et al., J Med Genet, 2009",,2.77,
389344,MYOC,deepseek-chat,Benign,Uncertain significance,0.6,PM2;PP3;BP4,"Richards S, et al. Genet Med. 2015;17(5):405-424",,2.33,
379059,TCF4,deepseek-coder,Likely pathogenic,Pathogenic,0.9,PS2;PM2;PM5;PP2;PP3;PP4,"Amiel et al., Am J Hum Genet, 2007;Zweier et al., Am J Hum Genet, 2007;de Pontual et al., J Med Genet, 2009",,3.28,
389344,MYOC,deepseek-coder,Benign,Uncertain significance,0.6,PM2;PP3;BP4,"Stone EM, et al. Am J Hum Genet, 1997;Hewitt AW, et al. Hum Mutat, 2008",,2.48,
379059,TCF4,kimi-k2.6,Likely pathogenic,Pathogenic,0.75,PS1;PM2;PP2;PP3,"Zweier C, et al. Am J Med Genet A. 2007;Whalen S, et al. Am J Med Genet A. 2011;Sisodiya SM, et al. Eur J Hum Genet. 2009;TCF4-related disorders, GeneReviews, 2019",,6.31,
399807,DICER1,deepseek-chat,Likely benign,Uncertain significance,0.6,PM2;PP3;BP4,"Gonzalez et al., Human Mutation, 2022;Foulkes et al., Journal of Medical Genetics, 2014",,2.9,
389344,MYOC,kimi-k2.6,Benign,Pathogenic,0.75,PS1;PM2;PP2;PP3,"Fingert JH, Nature Genetics, 1999; Alward WL, Science, 1998; Rozsa FW, Archives of Ophthalmology, 2002; Mackey DA, Ophthalmology, 2003",,6.07,
399807,DICER1,deepseek-coder,Likely benign,Uncertain significance,0.6,PM2;PP3,"Gonzalez et al., J Med Genet, 2022;Foulkes et al., Nat Rev Cancer, 2014",,2.2,
372663,SGCG,kimi-k2.6,Pathogenic,Pathogenic,0.95,PVS1;PM2,"Richards S, Genet Med, 2015, PMID: 25741868; Oza V, Hum Mutat, 2018, PMID: 29625467; den Dunnen JT, Hum Mutat, 2016, PMID: 26966362",,9.91,
400004,DICER1,kimi-k2.6,Likely benign,Uncertain significance,0.2,,,,2.87,
400004,DICER1,deepseek-chat,Likely benign,Uncertain significance,0.6,PM2_supporting;PP3_moderate,"Richards et al., Genet Med, 2015",,2.23,
399807,DICER1,kimi-k2.6,Likely benign,Uncertain significance,0.3,,"Rivlin N, et al. Nat Rev Cancer. 2016;16(9):533-547;Schultz KA, et al. J Clin Oncol. 2014;32(13):1311-1318",,6.04,
400606,DICER1,deepseek-chat,Likely benign,Uncertain significance,0.6,PM2;PP3,"Gonzalez et al., Hum Mutat, 2022;Foulkes et al., J Med Genet, 2014",,2.35,
400004,DICER1,deepseek-coder,Likely benign,Uncertain significance,0.6,PM2_supporting;PP3_moderate,"Foulkes WD, et al. J Med Genet, 2011;Gonzalez IA, et al. Hum Mutat, 2022",,2.96,
400606,DICER1,deepseek-coder,Likely benign,Uncertain significance,0.6,PM2;PP3,"Richards et al., Genet Med, 2015",,2.4,
400606,DICER1,kimi-k2.6,Likely benign,Uncertain significance,0.3,,"Richards S, et al., Genet Med, 2015; ACMG/AMP Sequence Variant Interpretation Guidelines",,3.99,
403734,RUNX1,deepseek-chat,Likely benign,Uncertain significance,0.7,PM2;BP4;BP7,"Richards et al., Genet Med, 2015",,2.28,
403734,RUNX1,deepseek-coder,Likely benign,Uncertain significance,0.7,PM2;BP4;BP7,"Richards S, et al. Genet Med, 2015;Lattimore V, et al. Leukemia, 2014",,2.38,
403734,RUNX1,kimi-k2.6,Likely benign,Uncertain significance,0.3,,"Richards S, et al., Genet Med, 2015;Tavtigian SV, et al., Hum Mutat, 2018",,4.76,
404262,RPGR,deepseek-chat,Benign,Uncertain significance,0.6,PM2;BP4;BP7,"Richards S, et al. Standards and guidelines for the interpretation of sequence variants. Genet Med. 2015;17(5):405-424.",,2.64,
404262,RPGR,deepseek-coder,Benign,Uncertain significance,0.6,PM2;BP4;BP7,"Richards S, et al. Standards and guidelines for the interpretation of sequence variants. Genet Med. 2015;17(5):405-424.",,3.15,
404848,RUNX1,deepseek-chat,Pathogenic,Uncertain significance,0.6,PM2;PP3;PP4,"Ludlow LB, et al. Blood, 1996;Song WJ, et al. Nat Genet, 1999;Richards S, et al. Genet Med, 2015",,2.82,
404262,RPGR,kimi-k2.6,Benign,Benign,0.95,BA1;BP4;BP7,"Richards S, Genet Med, 2015; Oza V, Hum Mutat, 2018",,5.31,
404848,RUNX1,deepseek-coder,Pathogenic,Uncertain significance,0.6,PM2_supporting;PP3_moderate;BP4_contradictory,"Song WJ, et al. Nat Genet. 1999 (RUNX1 in AML);Richards S, et al. Genet Med. 2015 (ACMG/AMP guidelines)",,2.7,
405253,ABCA4,deepseek-chat,Likely pathogenic,Uncertain significance,0.6,PM2;PP3;PP4,"Allikmets et al., Nature Genetics, 1997;Zernant et al., Human Mutation, 2014",,2.7,
405253,ABCA4,deepseek-coder,Likely pathogenic,Uncertain significance,0.6,PM2;PP3;BP4,"Shen, et al. Hum Mutat, 2016; Cornelis, et al. Hum Mutat, 2017",,2.67,
404848,RUNX1,kimi-k2.6,Pathogenic,Pathogenic,0.85,PS1;PM2;PP2;PP3,"Owen CJ, Blood, 2003; Song WJ, Oncogene, 1999; Michaud J, Hum Mol Genet, 2002; Latysheva N, Br J Haematol, 2016",,6.17,
408341,RAG1,deepseek-chat,Likely pathogenic,Uncertain significance,0.6,PM2;PP3;PP4,Not applicable – no specific publication for this variant identified,,2.35,
405253,ABCA4,kimi-k2.6,Likely pathogenic,Pathogenic,0.85,PS1;PM2;PP3,"Allikmets R, Am J Hum Genet, 1997; Lewis RA, Arch Ophthalmol, 1999; Sun H, J Neurosci, 2000; Cremers FP, Prog Retin Eye Res, 1998",,5.76,
408341,RAG1,deepseek-coder,Likely pathogenic,Uncertain significance,0.6,PM2;PP3;PP4,"Buckley RH, N Engl J Med, 2004;Villa A, Blood, 2001;Notarangelo LD, J Allergy Clin Immunol, 2016",,2.45,
409187,UBE3A,deepseek-chat,Likely pathogenic,Pathogenic,0.95,PVS1;PM2_Supporting,"Kishino et al., Nature Genetics, 1997;Matsuura et al., Nature Genetics, 1997;Sutcliffe et al., Nature Genetics, 1997",,2.6,
409187,UBE3A,deepseek-coder,Likely pathogenic,Pathogenic,0.95,PVS1;PM2_Supporting,"Kishino et al., Nature Genetics, 1997;Matsuura et al., Nature Genetics, 1997;Sutcliffe et al., Nature Genetics, 1997",,2.46,
408341,RAG1,kimi-k2.6,Likely pathogenic,Pathogenic,0.85,PS1;PM2;PP3;PP4,"Schwarz K, et al., Nat Genet, 1996; Villa A, et al., Cell, 1998; Notarangelo LD, et al., J Clin Immunol, 2000; OMIM #179615; ClinVar RCV000001035.3",,6.05,
410294,GAA,deepseek-chat,Likely pathogenic,Uncertain significance,0.6,PM2;PP3,"Richards et al., Genet Med, 2015",,2.5,
409187,UBE3A,kimi-k2.6,Likely pathogenic,Pathogenic,0.95,PVS1;PM2,"Richards S, et al., Genet Med, 2015; Fung DC, et al., Am J Med Genet A, 2019",,4.48,
410294,GAA,deepseek-coder,Likely pathogenic,Uncertain significance,0.6,PM2;PP3,"Richards S, et al. Standards and guidelines for the interpretation of sequence variants. Genet Med. 2015;17(5):405-424.",,2.59,
410296,GAA,deepseek-chat,Likely pathogenic,Pathogenic,0.95,PVS1;PM2;PVS1_Strong,"Kroos M, et al. Hum Mutat, 2008;Reuser AJ, et al. Hum Mutat, 2019",,2.43,
410296,GAA,deepseek-coder,Likely pathogenic,Pathogenic,0.95,PVS1;PM2;PVS1_Strong,"Kroos M, et al. Hum Mutat, 2008;Reuser AJ, et al. Hum Mutat, 2019",,2.39,
414117,BMPR2,deepseek-chat,Likely pathogenic,Pathogenic,0.95,PVS1;PM2;PP3,"Lane KB, et al. Am J Hum Genet, 2000;Machado RD, et al. Hum Mutat, 2006;Richards S, et al. Genet Med, 2015",,2.38,
414117,BMPR2,deepseek-coder,Likely pathogenic,Pathogenic,0.95,PVS1;PM2;PP3,"Lane KB, et al. Am J Hum Genet, 2000;Machado RD, et al. Hum Mutat, 2006;Graf S, et al. Nat Genet, 2018",,2.44,
410296,GAA,kimi-k2.6,Likely pathogenic,Pathogenic,0.95,PVS1;PM2_Supporting,"Richards S, Genet Med, 2015; ACMG/AMP sequence variant interpretation guidelines;Kroos MA, Am J Hum Genet, 1995; Pompe disease GAA mutations;Winchester B, J Inherit Metab Dis, 2005; GAA deficiency and Pompe disease",,5.88,
410294,GAA,kimi-k2.6,Likely pathogenic,Pathogenic,0.85,PVS1;PM2,"Kroos MA, et al. Am J Hum Genet. 1995;56(5):1041-1053;Montalvo AL, et al. Mol Genet Metab. 2006;88(2):164-168;ACMG Standards and Guidelines for the interpretation of sequence variants. Genet Med. 2015;17(5):405-424",,7.38,
414118,BMPR2,deepseek-chat,Likely pathogenic,Pathogenic,0.95,PVS1;PM2_Supporting,"Lane KB, et al. Am J Hum Genet. 2000;66(6):1875-1884.;Machado RD, et al. Hum Mutat. 2006;27(2):121-132.",,2.63,
414119,BMPR2,deepseek-chat,Likely pathogenic,Pathogenic,0.85,PVS1;PM2;PVS1_Strong,"Machado et al., Hum Mutat, 2006;Lane et al., Nat Genet, 2000;International PAH Consortium, Hum Mutat, 2015",,2.76,
414118,BMPR2,deepseek-coder,Likely pathogenic,Pathogenic,0.95,PVS1;PM2_Supporting,"Lane KB, et al. Heterozygous germline mutations in BMPR2, encoding a TGF-beta receptor, cause familial primary pulmonary hypertension. Nat Genet. 2000;26(1):81-84.;Machado RD, et al. Mutations of the TGF-beta type II receptor BMPR2 in pulmonary arterial hypertension. Hum Mutat. 2006;27(2):121-132.;Richards S, et al. Standards and guidelines for the interpretation of sequence variants: a joint consensus recommendation of the American College of Medical Genetics and Genomics and the Association for Molecular Pathology. Genet Med. 2015;17(5):405-424.",,3.83,
414118,BMPR2,kimi-k2.6,Likely pathogenic,Pathogenic,0.95,PVS1;PM2,"Rigelsky et al., Genet Med, 2020;Evans et al., Am J Hum Genet, 2006;ACMG/AMP Guidelines, Genet Med, 2015",,6.1,
414119,BMPR2,deepseek-coder,Likely pathogenic,Pathogenic,0.9,PVS1;PM2;PVS1_Strong,"Lane KB, et al. Am J Hum Genet. 2000;66(6):1875-1884.;Machado RD, et al. Hum Mutat. 2006;27(2):121-132.;Richards S, et al. Genet Med. 2015;17(5):405-424.",,3.12,
414117,BMPR2,kimi-k2.6,Likely pathogenic,Pathogenic,0.99,PVS1;PS4_supporting,"Richards S, et al., Standards and guidelines for the interpretation of sequence variants: a joint consensus recommendation of the American College of Medical Genetics and Genomics and the Association for Molecular Pathology. Genet Med. 2015;17(5):405-24.;Liu D, et al., BMPR2 gene mutations in pediatric pulmonary arterial hypertension: a cohort study. BMC Pulm Med. 2018;18(1):172.;Machado RD, et al., Genetics and genomics of pulmonary arterial hypertension. J Am Coll Cardiol. 2009;54(1 Suppl):S32-42.",,10.22,
414120,BMPR2,deepseek-chat,Likely pathogenic,Uncertain significance,0.6,PM2;PP3,"Richards S, et al. Standards and guidelines for the interpretation of sequence variants. Genet Med. 2015;17(5):405-424.",,2.45,
414120,BMPR2,deepseek-coder,Likely pathogenic,Uncertain significance,0.6,PM2;PP3,"Richards S, et al. Genet Med, 2015;Jansen SM, et al. Hum Mutat, 2016",,2.56,
414120,BMPR2,kimi-k2.6,Likely pathogenic,Uncertain significance,0.3,,"Richards S, Genet Med, 2015; ACMG/AMP Sequence Variant Interpretation Guidelines",,5.59,
414119,BMPR2,kimi-k2.6,Likely pathogenic,Pathogenic,0.95,PVS1;PS4_Supporting,"Richards S, Genet Med, 2015; Ars E, Hum Mutat, 2005 (BMPR2 splice mutations in PAH); Machado RD, N Engl J Med, 2001; Harrison RE, Am J Hum Genet, 2006",,8.43,
414164,BMPR2,deepseek-chat,Pathogenic,Pathogenic,0.85,PVS1_Moderate;PM2_Supporting;PP3;PP4,"Lane KB, et al. Am J Hum Genet, 2000;Machado RD, et al. Hum Mutat, 2006;Richards S, et al. Genet Med, 2015",,3.33,
414164,BMPR2,deepseek-coder,Pathogenic,Pathogenic,0.85,PVS1_Moderate;PM2_Supporting;PP3_Moderate;PP4_Moderate,"Machado RD, et al. Hum Mutat. 2006;27(12):1213-1221.;Lane KB, et al. Am J Hum Genet. 2000;66(6):1749-1758.;Richter A, et al. Am J Hum Genet. 2000;66(6):1759-1769.",,3.68,
414164,BMPR2,kimi-k2.6,Pathogenic,Pathogenic,0.85,PVS1_Strong;PM2,"Richards S, Genet Med, 2015; Lane KB, Nat Genet, 2000; Deng Z, Hum Mutat, 2000; Machado RD, J Med Genet, 2006",,5.68,
414165,BMPR2,deepseek-coder,Pathogenic,Pathogenic,0.85,PVS1_Moderate;PM2_Supporting;PP3;PP4,"Lane KB, et al. Am J Hum Genet. 2000;66(6):1875-1884.;Machado RD, et al. Hum Mutat. 2006;27(2):121-132.;Richards S, et al. Genet Med. 2015;17(5):405-424.",,3.48,
414165,BMPR2,deepseek-chat,Pathogenic,Pathogenic,0.85,PVS1_Moderate;PM2_Supporting;PP3;PP4,"Lane KB, et al. Am J Hum Genet. 2000;66(6):1879-1886.;Machado RD, et al. Hum Mutat. 2006;27(2):121-132.;Jansen SM, et al. Eur Respir J. 2016;48(4):1137-1146.",,3.88,
414232,BMPR2,deepseek-chat,Likely pathogenic,Pathogenic,0.78,PM2;PM1;PP3;PP2;PS4_Supporting,"Lane KB et al., Am J Hum Genet, 2000;Machado RD et al., Hum Mutat, 2006;Girerd B et al., Orphanet J Rare Dis, 2015",,3.61,
414165,BMPR2,kimi-k2.6,Pathogenic,Pathogenic,0.85,PVS1_Strong;PM2,"Richards S, Genet Med, 2015; Machado RD, N Engl J Med, 2009; Evans C, Hum Mutat, 2006",,7.12,
414232,BMPR2,deepseek-coder,Likely pathogenic,Pathogenic,0.78,PM2;PM1;PP3;PP2;PS4_supporting,"Lane KB et al., Am J Hum Genet, 2000;Machado RD et al., Hum Mutat, 2006;Girerd B et al., Orphanet J Rare Dis, 2015",,3.42,
414232,BMPR2,kimi-k2.6,Likely pathogenic,Pathogenic,0.75,PS1;PM1;PM2;PP2;PP3,"Machado RD, et al., J Med Genet, 2006;Aldred MA, et al., Am J Hum Genet, 2001;Evans CE, et al., Hum Mutat, 2006;Larkin EK, et al., Chest, 2012;Girerd B, et al., Eur Respir J, 2010",,7.05,
414233,BMPR2,deepseek-coder,Likely pathogenic,Pathogenic,0.85,PM2;PM1;PP3;PP2;PS4_supporting,"Lane KB, et al. Am J Hum Genet. 2000;66(6):1877-1884.;Machado RD, et al. Hum Mutat. 2006;27(2):121-132.;Girerd B, et al. Eur Respir J. 2010;35(6):1286-1295.",,3.35,
414250,BMPR2,deepseek-chat,Likely pathogenic,Uncertain significance,0.6,PM2_supporting;PP3_moderate,"Lane KB, et al. Am J Hum Genet, 2000;Machado RD, et al. Hum Mutat, 2006",,2.93,
414233,BMPR2,deepseek-chat,Likely pathogenic,Pathogenic,0.85,PM2;PM5;PP3;PP4;PS4_Moderate;PVS1_Not_Applied,"Machado RD, et al. Hum Mutat. 2006;27(2):121-132.;Lane KB, et al. Am J Hum Genet. 2000;66(6):1879-1886.;International PAH Consortium. Nat Genet. 2000;26(3):333-336.",,4.25,
414233,BMPR2,kimi-k2.6,Likely pathogenic,Pathogenic,0.85,PVS1;PM2;PP2;PP3,"Machado et al., N Engl J Med, 2006; Lane et al., Am J Hum Genet, 2000; Richards et al., Genet Med, 2015",,5.54,
414250,BMPR2,deepseek-coder,Likely pathogenic,Uncertain significance,0.6,PM2;PP3,"Lane KB, et al. Am J Hum Genet, 2000;Machado RD, et al. Hum Mutat, 2006",,2.73,
414256,BMPR2,deepseek-chat,Pathogenic,Uncertain significance,0.6,PM2;PP3;BP4,"Lane KB et al., Am J Hum Genet, 2000;Machado RD et al., Hum Mutat, 2006;Richards S et al., Genet Med, 2015",,3.04,
414256,BMPR2,deepseek-coder,Pathogenic,Uncertain significance,0.6,PM2;PP3;BP4,"Lane KB et al., Nat Genet, 2000;Machado RD et al., Hum Mutat, 2006;Richards S et al., Genet Med, 2015",,2.93,
414250,BMPR2,kimi-k2.6,Likely pathogenic,Pathogenic,0.85,PS1;PM2;PP2;PP3,"Machado RD, Hum Mol Genet, 2006;Aldred MA, Am J Hum Genet, 2004;Evans C, Eur Respir J, 2016;Girerd B, Eur Respir J, 2010",,7.08,
414274,BMPR2,deepseek-chat,Likely pathogenic,Pathogenic,0.9,PS1;PM2;PP3;PP5,"Lane KB, et al. Am J Hum Genet. 2000;66(6):1749-1758.;Machado RD, et al. Hum Mutat. 2006;27(2):121-132.;Girerd B, et al. Eur Respir J. 2010;35(6):1326-1333.",,3.53,
414256,BMPR2,kimi-k2.6,Pathogenic,Pathogenic,0.75,PS1;PM2;PP2;PP3,"Machado et al., N Engl J Med, 2006;Harrison et al., Am J Hum Genet, 2005;Evans et al., Hum Mutat, 2006;Graf et al., Circulation, 2003;Olivieri et al., Eur Respir J, 2011",,6.72,
414274,BMPR2,deepseek-coder,Likely pathogenic,Pathogenic,0.9,PS1;PM2;PP3;PP5,"Lane KB, et al. Am J Hum Genet. 2000;66(6):1875-1884.;Machado RD, et al. Hum Mutat. 2006;27(2):121-132.;International PAH Consortium. Hum Mutat. 2015;36(10):1013-1022.",,3.48,
414279,BMPR2,deepseek-chat,Likely pathogenic,Pathogenic,0.85,PVS1_Moderate;PM2_Supporting;PP3;PP4_Moderate,"Lane KB, et al. Am J Hum Genet. 2000;66(6):1875-1884.;Machado RD, et al. Hum Mutat. 2006;27(2):121-132.;Jansen SM, et al. Eur Respir J. 2016;48(4):1117-1126.",,3.62,
414279,BMPR2,kimi-k2.6,Likely pathogenic,Pathogenic,0.85,PVS1_Strong;PM2_Supporting,"Richards S, et al., Genet Med, 2015; Thompson R, et al., Nat Genet, 2009",,5.69,
414274,BMPR2,kimi-k2.6,Likely pathogenic,Pathogenic,0.95,PVS1;PM1;PM2;PP2;PP3;PP5,"Machado RD et al., N Engl J Med, 2006; Evans CER et al., Hum Mutat, 2016; Richter MJ et al., Eur Respir J, 2018; Girerd B et al., Eur Respir J, 2010; ACMG/AMP guidelines, Genet Med, 2015",,8.13,
414279,BMPR2,deepseek-coder,Likely pathogenic,Pathogenic,0.82,PVS1_Moderate;PM2_Supporting;PP3_Supporting;PS4_Supporting,"Lane KB, et al. Am J Hum Genet. 2000;66(6):1872-1878.;Machado RD, et al. Hum Mutat. 2006;27(2):121-132.;Jansen SM, et al. Eur Respir J. 2016;48(5):1451-1460.",,3.89,
414280,BMPR2,deepseek-chat,Likely pathogenic,Pathogenic,0.85,PVS1_Moderate;PM2_Supporting;PP3_Supporting;PS4_Supporting,"Machado RD, et al. Hum Mutat. 2006;27(2):121-132.;Lane KB, et al. Nat Genet. 2000;26(1):81-84.;Richards S, et al. Genet Med. 2015;17(5):405-424.",,3.55,
414280,BMPR2,deepseek-coder,Likely pathogenic,Pathogenic,0.85,PVS1_Moderate;PM2_Supporting;PP3_Supporting;PVS1_Moderate,"Lane KB, et al. Am J Hum Genet. 2000;66(6):1875-1884.;Machado RD, et al. Hum Mutat. 2006;27(2):121-132.;Richards S, et al. Genet Med. 2015;17(5):405-424.",,3.36,
414281,BMPR2,deepseek-coder,Likely pathogenic,Pathogenic,0.85,PVS1_Moderate;PM2_Supporting;PP3;PP4,"Machado RD, et al. Hum Mutat. 2006;27(2):121-132.;Richards S, et al. Genet Med. 2015;17(5):405-424.",,2.92,
414281,BMPR2,deepseek-chat,Likely pathogenic,Pathogenic,0.85,PVS1_Moderate;PM2_Supporting;PP3;PP4,"Lane KB, et al. Am J Hum Genet. 2000;67(5):1095-1103.;Machado RD, et al. Hum Mutat. 2006;27(2):121-132.;Richards S, et al. Genet Med. 2015;17(5):405-424.",,3.38,
414284,BMPR2,kimi-k2.6,Pathogenic,Uncertain significance,0.3,,,,2.74,
414280,BMPR2,kimi-k2.6,Likely pathogenic,Pathogenic,0.85,PVS1_Strong;PM2,"Richards S, Genet Med, 2015; ACMG/AMP Sequence Variant Interpretation Guidelines;Machado RD, Nat Rev Cardiol, 2009; BMPR2 mutations in PAH;Girerd B, Eur Respir J, 2010; BMPR2 splice site variants in PAH",,6.74,
414284,BMPR2,deepseek-chat,Pathogenic,Uncertain significance,0.6,PM2_supporting;PVS1_Not_applicable,"Richards S, et al. Standards and guidelines for the interpretation of sequence variants. Genet Med. 2015;17(5):405-424.",,3.39,
414285,BMPR2,deepseek-chat,Pathogenic,Uncertain significance,0.6,PM2;PVS1_Strength_Moderate,"Richards S, et al. Genet Med. 2015;17(5):405-424.",,2.64,
414284,BMPR2,deepseek-coder,Pathogenic,Uncertain significance,0.6,PM2_supporting;PVS1_Not_applicable,"Richards S, et al. Standards and guidelines for the interpretation of sequence variants. Genet Med. 2015;17(5):405-424.",,3.04,
414281,BMPR2,kimi-k2.6,Likely pathogenic,Pathogenic,0.85,PVS1_Strong;PM2,"Richards S, Genet Med, 2015; ACMG/AMP sequence variant interpretation guidelines;Girerd B, Eur Respir J, 2016; BMPR2 mutation spectrum in PAH;Evans JD, Hum Mutat, 2006; BMPR2 splice site mutations cause PAH",,6.85,
414285,BMPR2,deepseek-coder,Pathogenic,Uncertain significance,0.6,PM2;PVS1_Strength_Moderate,"Richards et al., Genet Med, 2015",,2.81,
414362,BMPR2,deepseek-chat,Benign,Uncertain significance,0.6,PM2;PP3;BP4,"Lane KB et al., Nat Genet, 2000;Machado RD et al., Hum Mutat, 2006;Richards S et al., Genet Med, 2015",,2.88,
414362,BMPR2,deepseek-coder,Benign,Uncertain significance,0.6,PM2;PP3;BP4,"Lane KB et al., Nat Genet, 2000;Machado RD et al., Hum Mutat, 2006;Richards S et al., Genet Med, 2015",,2.96,
415759,CDKL5,deepseek-chat,Benign,Uncertain significance,0.6,PM2;PP3;BP4,"Kalscheuer et al., Am J Hum Genet, 2003;Fehr et al., Orphanet J Rare Dis, 2013",,2.68,
414285,BMPR2,kimi-k2.6,Pathogenic,Uncertain significance,0.3,,"Richards S, Genet Med, 2015;Arnesen et al., Hum Mutat, 2020",,7.22,
415759,CDKL5,deepseek-coder,Benign,Uncertain significance,0.6,PM2;PP3;BP4,"Kalscheuer et al., Am J Hum Genet, 2003;Fehr et al., Orphanet J Rare Dis, 2013",,2.89,
414362,BMPR2,kimi-k2.6,Benign,Pathogenic,0.85,PS1;PM2;PP2;PP3,"Machado et al., N Engl J Med, 2006; Aldred et al., Hum Mutat, 2006; Evans et al., Am J Hum Genet, 2004; Thomson et al., Hum Mutat, 2007",,7.26,
416935,PTEN,deepseek-chat,Pathogenic,Pathogenic,0.95,PS1;PM2;PM5;PP3;PP5,"Liaw D, et al. Nat Genet. 1997;16(1):64-67;Marsh DJ, et al. Hum Mol Genet. 1998;7(3):507-515;Nelen MR, et al. Nat Genet. 1997;16(1):64-67;Eng C. Hum Mutat. 2003;22(3):183-198",,3.38,
416935,PTEN,deepseek-coder,Pathogenic,Pathogenic,0.95,PS1;PM2;PM5;PP3;PP5,"Marsh DJ, et al. Am J Hum Genet, 1998;Liaw D, et al. Nat Genet, 1997;Nelen MR, et al. Nat Genet, 1997;Eng C. Hum Mutat, 2003",,3.27,
415759,CDKL5,kimi-k2.6,Benign,Pathogenic,0.95,PVS1;PS2;PM2;PP3,"Bahi-Buisson N, et al. Brain. 2012; Nectoux J, et al. Hum Mutat. 2012; Fehr S, et al. Eur J Hum Genet. 2013",,8.1,
418828,RPGR,deepseek-chat,Pathogenic,Pathogenic,0.85,PVS1_Moderate;PM2_Supporting;PP3;PP4,"Vervoort et al., Nat Genet, 2000;Shu et al., Hum Mol Genet, 2007;Brancati et al., Eur J Hum Genet, 2003",,3.15,
418828,RPGR,deepseek-coder,Pathogenic,Pathogenic,0.85,PVS1_Moderate;PM2_Supporting;PP3;PP4,"Vervoort et al., Nat Genet, 2000;Shu et al., Hum Mutat, 2007;Bader et al., Hum Mutat, 2003",,3.13,
416935,PTEN,kimi-k2.6,Pathogenic,Pathogenic,0.95,PS1;PM1;PM2;PP2;PP3,"Yehia et al., Am J Hum Genet, 2019; Mester & Eng, J Genet Couns, 2015; Pilarski et al., J Natl Compr Canc Netw, 2013; Tan et al., Hum Mutat, 2012",,6.99,
418828,RPGR,kimi-k2.6,Pathogenic,Pathogenic,0.85,PVS1_Strong;PM2,"Richards S, Genet Med, 2015; den Dunnen JT, Hum Mutat, 2016; Bujakowska KM, Am J Hum Genet, 2015",,5.36,
419725,PTEN,deepseek-chat,Likely pathogenic,Pathogenic,0.95,PS1;PM2;PM5;PP3;PP5,"Marsh DJ, et al. Hum Mol Genet. 1998;7(3):507-515.;Liaw D, et al. Nat Genet. 1997;16(1):64-67.;Eng C. Hum Mutat. 2003;22(3):183-198.;Ngeow J, et al. J Clin Oncol. 2014;32(27):3043-3050.",,3.41,
419725,PTEN,deepseek-coder,Likely pathogenic,Pathogenic,0.95,PS1;PM2;PM5;PP3;PP5,"Marsh DJ, et al. Am J Hum Genet. 1998;63(5):1255-1260.;Eng C. Hum Mutat. 2003;22(3):183-198.;Liaw D, et al. Nat Genet. 1997;16(1):64-67.;Nelen MR, et al. Nat Genet. 1997;16(1):64-67.",,3.53,
419734,PTEN,deepseek-chat,Pathogenic,Pathogenic,0.95,PS1;PM2;PM5;PP3;PP5,"Marsh DJ, et al. Am J Hum Genet, 1998;Liaw D, et al. Nat Genet, 1997;Nelen MR, et al. Nat Genet, 1996;Eng C. Hum Mutat, 2003",,3.34,
419725,PTEN,kimi-k2.6,Likely pathogenic,Pathogenic,0.95,PS1;PM1;PM2;PP2;PP3,"Yehia et al., Hum Mutat, 2021; Mester & Eng, Curr Protoc Hum Genet, 2015; Pilarski et al., J Natl Cancer Inst, 2013",,6.01,
419734,PTEN,deepseek-coder,Pathogenic,Pathogenic,0.95,PS1;PM2;PM5;PP3;PP5,"Marsh DJ, et al. Am J Hum Genet, 1998;Eng C. Hum Mutat, 2003;Ngeow J, et al. J Clin Oncol, 2014",,2.96,
425758,GCK,deepseek-chat,Pathogenic,Pathogenic,0.85,PS1;PM2;PP3;PP4,"Gloyn AL, et al. Diabetes. 2003;52(5):1253-1260.;Osbak KK, et al. Hum Mutat. 2009;30(11):1512-1526.",,2.86,
419734,PTEN,kimi-k2.6,Pathogenic,Pathogenic,0.95,PS1;PM1;PM2;PP2;PP5,"Yu et al., Am J Hum Genet, 2014; Mester & Eng, J Genet Couns, 2015; Pilarski et al., J Natl Compr Canc Netw, 2016; Yehia et al., Hum Mutat, 2018",,6.43,
425758,GCK,deepseek-coder,Pathogenic,Pathogenic,0.85,PS1;PM2;PP3;PP4,"Gloyn AL, et al. Diabetes. 2003;52(5):1253-1260.;Osbak KK, et al. Hum Mutat. 2009;30(11):1512-1526.;Ellard S, et al. Hum Mutat. 2000;16(2):113-123.",,3.24,
426274,TCF4,deepseek-chat,Pathogenic,Uncertain significance,0.6,PM2;PP3;PP4,"Amiel et al., Am J Hum Genet, 2007;de Pontual et al., Am J Hum Genet, 2009;Whalen et al., Eur J Hum Genet, 2012",,2.95,
426274,TCF4,deepseek-coder,Pathogenic,Uncertain significance,0.6,PM2;PP3,"Amiel et al., Am J Hum Genet, 2007;Zweier et al., Am J Hum Genet, 2007",,2.74,
427518,BRCA1,deepseek-chat,Likely pathogenic,Uncertain significance,0.6,PM2;PP3;BP4,"Richards et al., Genet Med, 2015;ClinVar submission for BRCA1 c.5557T>A",,2.48,
425758,GCK,kimi-k2.6,Pathogenic,Pathogenic,0.85,PS1;PM2;PP3,"Gidh-Jain M, et al., J Biol Chem, 1994; Sakura H, et al., Diabetologia, 1995; Velho G, et al., Diabetes, 1997; Stoffel M, et al., J Clin Invest, 1992; Richards S, et al., Nat Genet, 2015 (ACMG guidelines)",,7.68,
427518,BRCA1,deepseek-coder,Likely pathogenic,Uncertain significance,0.6,PM2;PP3;BP4,"Richards et al., Genet Med, 2015;ClinVar submission for BRCA1 c.5557T>A",,2.49,
426274,TCF4,kimi-k2.6,Pathogenic,Uncertain significance,0.3,,"Zweier C, et al. Am J Hum Genet. 2007;80(5):988-997;Rosenfeld JA, et al. Am J Med Genet A. 2009;149A(11):2581-2586;Richards S, et al. Genet Med. 2015;17(5):405-424",,8.47,
428724,GCK,deepseek-chat,Likely pathogenic,Pathogenic,0.85,PM2;PM5;PP3;PP4,"Osbak KK, et al. Hum Mutat. 2009;30(11):1512-1526.;Gloyn AL. Diabet Med. 2003;20(11):875-886.",,3.21,
428724,GCK,deepseek-coder,Likely pathogenic,Pathogenic,0.85,PM2;PM5;PP3;PP4,"Gloyn AL, et al. Diabetologia. 2003;46(3):393-401;Osbak KK, et al. Hum Mutat. 2009;30(11):1512-1526",,3.34,
428724,GCK,kimi-k2.6,Likely pathogenic,Pathogenic,0.75,PM1;PM2;PP3;PP4,"Pearson et al., Diabetes Care, 2001;Gloyn et al., Human Mutation, 2005;Richards et al., Genet Med, 2015",,4.59,
429136,PTEN,deepseek-chat,Pathogenic,Pathogenic,0.95,PVS1;PM2;PM4;PP3,"Marsh DJ, et al. Am J Hum Genet, 1998;Liaw D, et al. Nat Genet, 1997;Nelen MR, et al. Nat Genet, 1996",,2.71,
429136,PTEN,deepseek-coder,Pathogenic,Pathogenic,0.95,PVS1;PM2_Supporting;PM4;PP3,"Marsh DJ, et al. Am J Hum Genet, 1998;Liaw D, et al. Nat Genet, 1997;Nelen MR, et al. Nat Genet, 1996",,2.93,
430070,TCF4,deepseek-chat,Benign,Uncertain significance,0.7,PM2;BP4;BP7,"Richards et al., Genet Med, 2015",,2.5,
429136,PTEN,kimi-k2.6,Pathogenic,Pathogenic,0.85,PVS1;PM4;PS4_Supporting,"Yehia et al., Hum Mutat, 2021;Mester & Eng, J Med Genet, 2015;Tan et al., Genet Med, 2011",,6.35,
430070,TCF4,deepseek-coder,Benign,Uncertain significance,0.7,PM2;BP4;BP7,"Richards et al., Genet Med, 2015;Silva et al., Hum Mutat, 2019",,2.59,
430070,TCF4,kimi-k2.6,Benign,Benign,0.95,BP4;BP7,"Richards S, Genet Med, 2015; Oza V, Hum Mutat, 2018",,5.29,
427518,BRCA1,kimi-k2.6,Likely pathogenic,Pathogenic,0.85,PS1;PM1;PM2;PP2;PP3,"Spurdle AB, Couch FJ, et al. BRCA1 and BRCA2 variant classification in ENIGMA. Human Mutation. 2018;39(9):1291-1303;Findlay GM, Daza RM, et al. Accurate classification of BRCA1 variants with saturation genome editing. Nature. 2018;562(7726):217-222;Tavtigian SV, Greenblatt MS, et al. Modeling the ACMG/AMP variant classification guidelines as a Bayesian classification framework. Genetics in Medicine. 2018;20(9):1054-1060;Easton DF, Deffenbaugh AM, et al. A systematic genetic assessment of 1,433 sequence variants of unknown clinical significance in the BRCA1 and BRCA2 breast cancer-predisposition genes. American Journal of Human Genetics. 2003;72(5):1117-1130",,12.36,
432842,HBA2,deepseek-chat,Benign,Pathogenic,0.95,PVS1;PS1;PM2;PP3,"Morle F, et al. Blood, 1989;74:2554-2558;De Gobbi M, et al. Blood, 2007;110:4180-4185;Higgs DR, et al. The Thalassaemias, Oxford University Press, 2013",,3.75,
432842,HBA2,deepseek-coder,Benign,Pathogenic,0.95,PVS1;PS1;PM2;PP3,"Higgs DR, et al. The molecular basis of alpha-thalassemia. Cold Spring Harb Perspect Med. 2013;3(1):a011718.;Origa R, et al. Alpha-thalassemia. GeneReviews. 2013 (updated 2021).",,3.81,
432842,HBA2,kimi-k2.6,Benign,Benign,0.95,BA1;BS1,"Harteveld CL, Higgs DR, 2010, The Hemoglobinopathies; Giardine B, et al., Hemoglobin, 2018",,4.59,
432850,HBA2,deepseek-chat,Pathogenic,Pathogenic,0.95,PS1;PM2;PP3;PP5,"Higgs DR, et al. Blood, 1989;Origa R, et al. Genet Med, 2007;Thein SL, et al. Br J Haematol, 2013",,2.88,
432860,HBA2,deepseek-chat,Benign,Uncertain significance,0.9,,"Richards S, et al. Genet Med, 2015",,2.13,
432860,HBA2,deepseek-coder,Benign,Uncertain significance,0.9,,"Richards S, et al. Genet Med, 2015",,2.12,
432850,HBA2,deepseek-coder,Pathogenic,Pathogenic,0.95,PS1;PM2;PP3;PP5,"Harteveld CL, Higgs DR. Alpha-thalassaemia. Orphanet J Rare Dis. 2010;5:13.;Vichinsky EP. Clinical manifestations of alpha-thalassemia. Cold Spring Harb Perspect Med. 2013;3(5):a011742.",,3.41,
432850,HBA2,kimi-k2.6,Pathogenic,Pathogenic,0.95,PVS1;PM1;PM2;PP3,"Huisman THJ, Hemoglobin, 1997; Steinberg MH, Disorders of Hemoglobin, 2001; HBA2 variant databases and locus-specific databases for hemoglobinopathies",,4.72,
432860,HBA2,kimi-k2.6,Benign,Uncertain significance,0.3,,"Rund D, Rachmilewitz E, Beta-thalassemia, N Engl J Med, 2005;Higgs DR, The molecular basis of alpha-thalassemia, Cold Spring Harb Perspect Med, 2013",,4.4,
433082,HBB,deepseek-chat,Benign,Benign,0.95,BP7;BS1;BA1,"Richards S, et al. Genet Med, 2015;Karczewski KJ, et al. Nature, 2020",,2.48,
433082,HBB,deepseek-coder,Benign,Benign,0.9,BP7,"Richards S, et al. Genet Med, 2015",,2.45,
433149,HBA2,deepseek-chat,Benign,Uncertain significance,0.6,BP7,"Richards S, et al. Genet Med. 2015;17(5):405-424",,2.49,
433149,HBA2,deepseek-coder,Benign,Uncertain significance,0.7,BP7;BS1,"Richards et al., Genet Med, 2015",,2.14,
433082,HBB,kimi-k2.6,Benign,Benign,0.95,BA1;BP7,"Richards S, Genet Med, 2015; Harteveld CL, Blood Rev, 2010; gnomAD database, accessed 2024",,5.27,
434267,LDLR,deepseek-chat,Likely pathogenic,Pathogenic,0.98,PVS1;PM2;PVS1_Strong,"Leigh et al., Human Mutation, 2008;Hobbs et al., Human Mutation, 1992",,2.72,
434267,LDLR,deepseek-coder,Likely pathogenic,Pathogenic,0.99,PVS1;PM2;PVS1_Strong,"Leigh et al., Ann Hum Genet, 2008;Hobbs et al., Hum Mutat, 1992",,2.62,
433149,HBA2,kimi-k2.6,Benign,Benign,0.95,BA1;BP7,"Richards S, et al., Genet Med, 2015; ACMG/AMP sequence variant interpretation guidelines",,5.86,
434307,LDLR,deepseek-chat,Likely pathogenic,Pathogenic,0.95,PVS1;PM2_Supporting;PS4_Moderate,"Leigh SE, et al. Update on LDLR mutations causing familial hypercholesterolemia. Hum Mutat. 1993;2(6):469-475.;Hobbs HH, et al. The LDL receptor locus in familial hypercholesterolemia: mutational analysis of a membrane protein. Annu Rev Genet. 1990;24:133-170.;ClinVar: Variation ID for c.1705+2T>C (LDLR)",,3.13,
434267,LDLR,kimi-k2.6,Likely pathogenic,Pathogenic,0.99,PVS1;PM2_Supporting,"Richards S, et al., Genet Med, 2015; Karczewski KJ, et al., Nature, 2020",,4.99,
440012,PIK3R1,deepseek-chat,Pathogenic,Pathogenic,0.95,PVS1;PM2_Supporting,"Deau MC, et al. J Clin Invest, 2014;Lucas CL, et al. Nat Immunol, 2014",,2.61,
434307,LDLR,deepseek-coder,Likely pathogenic,Pathogenic,0.95,PVS1;PM2;PP3;PP5,"Hobbs HH, et al. The LDL receptor locus in familial hypercholesterolemia: mutational analysis of a membrane protein. Annu Rev Genet. 1990;24:133-170.;Leigh SE, et al. Update on LDL receptor mutations in familial hypercholesterolemia. Hum Mutat. 1993;2(6):445-456.;ClinVar: Variation ID 251523 (accessed 2025).",,3.6,
434307,LDLR,kimi-k2.6,Likely pathogenic,Pathogenic,0.95,PVS1;PM2,"Richards S, et al., Genet Med, 2015; Fokkema IFAC, et al., Hum Mutat, 2011; Karczewski KJ, et al., Nature, 2020",,5.4,
440012,PIK3R1,deepseek-coder,Pathogenic,Pathogenic,0.95,PVS1;PM2_Supporting,"Deau MC, et al. J Exp Med, 2014;Lucas CL, et al. Nat Immunol, 2014",,2.87,
440012,PIK3R1,kimi-k2.6,Pathogenic,Pathogenic,0.95,PVS1;PM2,"Richards S, et al., Genet Med, 2017;Deau MC, et al., J Clin Immunol, 2014;Conley ME, et al., J Immunol, 2012;Lopez-Nevado B, et al., Clin Immunol, 2016",,5.0,
440013,PIK3R1,deepseek-chat,Pathogenic,Pathogenic,0.95,PVS1;PM2,"Deau et al., J Clin Invest, 2014;Lucas et al., J Allergy Clin Immunol, 2016",,2.23,
440013,PIK3R1,deepseek-coder,Pathogenic,Pathogenic,0.95,PVS1;PM2_Supporting,"Dorn T, et al. J Med Genet. 2014;51(7):465-474. (PIK3R1 splice variants in SHORT syndrome);Klammt J, et al. J Clin Endocrinol Metab. 2015;100(7):E1010-E1018. (PIK3R1 loss-of-function in immunodeficiency)",,2.99,
440014,PIK3R1,deepseek-chat,Pathogenic,Pathogenic,0.85,PVS1;PM2_Supporting,"Crank MC, et al. J Allergy Clin Immunol, 2014;Lucas CL, et al. Nat Immunol, 2014",,2.6,
440014,PIK3R1,deepseek-coder,Pathogenic,Pathogenic,0.85,PVS1;PM2_Supporting,"Dornan GL, et al. PIK3R1 mutations causing SHORT syndrome. J Med Genet, 2015.;Braun DA, et al. Mutations in PIK3R1 cause a syndromic immunodeficiency with autoimmunity. Nat Genet, 2014.",,2.95,
440013,PIK3R1,kimi-k2.6,Pathogenic,Pathogenic,0.95,PVS1;PM2,"Richards S, Genet Med, 2015; ACMG/AMP sequence variant interpretation guidelines;Deau MC, J Clin Immunol, 2014; PIK3R1 mutations in SHORT syndrome;Thauvin-Robinet C, Am J Hum Genet, 2013; PIK3R1-related SHORT syndrome",,6.72,
440015,PIK3R1,deepseek-chat,Likely pathogenic,Pathogenic,0.95,PVS1;PM2;PP3,"Lucas CL, et al. Nat Immunol. 2014;15(1):88-97.;Deau MC, et al. J Clin Invest. 2014;124(9):3923-3928.;Richards S, et al. Genet Med. 2015;17(5):405-424.",,2.89,
440015,PIK3R1,deepseek-coder,Likely pathogenic,Pathogenic,0.95,PVS1;PM2;PP3,"Deau MC, et al. J Clin Invest. 2014;124(9):3923-3928.;Lucas CL, et al. Nat Immunol. 2014;15(1):88-97.",,2.5,
440014,PIK3R1,kimi-k2.6,Pathogenic,Pathogenic,0.95,PVS1;PM2,"Ricciardiello et al., J Med Genet, 2013;Deau et al., J Allergy Clin Immunol, 2014;ACMG/AMP Standards and Guidelines, Genet Med, 2015",,6.42,
440015,PIK3R1,kimi-k2.6,Likely pathogenic,Pathogenic,0.85,PVS1;PM2,"Richards S, et al., Genet Med, 2015; ACMG/AMP sequence variant interpretation guidelines",,5.31,
441098,GCK,deepseek-chat,Likely pathogenic,Pathogenic,0.85,PM2;PM5;PP3;PP4,"Gloyn AL, et al. Diabetes. 2003;52(2):568-572.;Osbak KK, et al. Hum Mutat. 2009;30(11):1512-1526.",,3.16,
441098,GCK,deepseek-coder,Likely pathogenic,Pathogenic,0.85,PM2;PM5;PP3;PP4,"Gloyn AL, et al. Diabetes. 2003;52(2):542-548.;Osbak KK, et al. Hum Mutat. 2009;30(11):1512-1526.",,2.88,
441116,GCK,deepseek-chat,Pathogenic,Pathogenic,0.85,PS1;PM2;PP3;PP4,"Gloyn AL, et al. Diabetes. 2003;52(5):1253-1260.;Osbak KK, et al. Hum Mutat. 2009;30(11):1512-1526.",,2.73,
441116,GCK,deepseek-coder,Pathogenic,Pathogenic,0.85,PS1;PM2;PP3;PP4,"Gloyn AL, et al. Diabetes. 2003;52(9):2433-40.;Osbak KK, et al. Hum Mutat. 2009;30(11):1512-26.",,2.91,
441098,GCK,kimi-k2.6,Likely pathogenic,Pathogenic,0.85,PVS1;PM2;PP3,"Pearson et al., Diabetes, 2001;Sagen et al., Diabetes, 2008;Richards et al., Genet Med, 2015",,6.29,
441118,GCK,deepseek-chat,Pathogenic,Pathogenic,0.85,PS1;PM2;PP3;PP4,"Gloyn AL, et al. Diabetes. 2003;52(5):1253-1260.;Osbak KK, et al. Hum Mutat. 2009;30(11):1512-1526.",,2.99,
441116,GCK,kimi-k2.6,Pathogenic,Pathogenic,0.85,PS1;PM2;PP3;PP4,"Gidh-Jain M, et al., Nat Genet, 1994;Sakamoto O, et al., Hum Mutat, 1998;Ellard S, et al., Hum Mutat, 2000;Richards S, et al., Genet Med, 2015 (ACMG guidelines)",,5.62,
441118,GCK,deepseek-coder,Pathogenic,Pathogenic,0.85,PS1;PM2;PP3;PP4,"Gloyn AL, et al. Diabetes. 2003;52(2):567-572.;Osbak KK, et al. Hum Mutat. 2009;30(11):1512-1526.",,2.68,
442197,RYR1,deepseek-chat,Likely pathogenic,Uncertain significance,0.6,PM2;PP3;PP4,"Robinson R, et al. Hum Mutat. 2006;27(10):977-989;Bharucha-Goebel DX, et al. Neurology. 2013;80(17):1586-1593",,2.63,
442197,RYR1,deepseek-coder,Likely pathogenic,Uncertain significance,0.6,PM2;PP3,"Richards et al., Genet Med, 2015",,1.97,
442197,RYR1,kimi-k2.6,Likely pathogenic,Uncertain significance,0.3,,"Hopkins PM, RYR1 and malignant hyperthermia: pharmacogenetics, 2018;Jungbluth H et al., RYR1-related myopathies, Seminars in Pediatric Neurology, 2011",,3.73,
441118,GCK,kimi-k2.6,Pathogenic,Pathogenic,0.85,PS3;PM1;PM2;PP3,"Gidh-Jain M, et al., J Biol Chem, 1994; Davis EA, et al., Hum Mutat, 1999; Hattersley AT, et al., Diabetologia, 2018",,6.06,
445093,CEP290,deepseek-chat,Pathogenic,Uncertain significance,0.6,PVS1_Moderate;PM2_Supporting,"Richards et al., Genet Med, 2015",,2.41,
445093,CEP290,deepseek-coder,Pathogenic,Uncertain significance,0.6,PM2;PVS1_Moderate,"Richards et al., Genet Med, 2015",,2.26,
445096,CEP290,deepseek-chat,Pathogenic,Pathogenic,0.99,PVS1;PM2;PVS1_Strong,"den Hollander et al., Am J Hum Genet, 2006;Coppieters et al., Hum Mutat, 2010;Drivas et al., Genet Med, 2015",,2.79,
445096,CEP290,deepseek-coder,Pathogenic,Pathogenic,0.95,PVS1;PM2_Supporting,"den Hollander et al., Am J Hum Genet, 2006;Coppieters et al., Hum Mutat, 2010",,3.05,
446528,SLC6A8,deepseek-chat,Likely pathogenic,Pathogenic,0.95,PVS1;PM2;PP4,"Salomons GS, et al. Am J Hum Genet, 2001;van de Kamp JM, et al. J Inherit Metab Dis, 2013",,2.46,
446528,SLC6A8,deepseek-coder,Likely pathogenic,Pathogenic,0.95,PVS1;PM2;PP4,"van de Kamp JM, et al. Orphanet J Rare Dis, 2013;Betsalel OT, et al. Hum Mutat, 2012",,2.56,
445093,CEP290,kimi-k2.6,Pathogenic,Pathogenic,0.85,PVS1_Strong;PM2,"Travaglini, Genet Med, 2018;Bujakowska, Hum Mutat, 2012;ACMG/AMP, Genet Med, 2015;Tayeh, Ophthalmic Genet, 2009",,7.64,
445096,CEP290,kimi-k2.6,Pathogenic,Pathogenic,0.95,PVS1;PM2_Supporting,"Travaglini L, et al. Genet Med, 2020; den Hollander AI, et al. Am J Hum Genet, 2006; Khanna H, et al. Cell, 2009",,6.33,
460357,PTEN,deepseek-chat,Likely pathogenic,Pathogenic,0.85,PM2;PM5;PP3;PP4,"Marsh DJ et al., Am J Hum Genet, 1998;Liaw D et al., Nat Genet, 1997;Ngeow J et al., J Clin Oncol, 2015",,3.18,
446528,SLC6A8,kimi-k2.6,Likely pathogenic,Pathogenic,0.95,PVS1;PM2,"Stenson PD, et al., Hum Mutat, 2020; Richards S, et al., Genet Med, 2015; Salomons GS, et al., Am J Hum Genet, 2001",,6.77,
460357,PTEN,deepseek-coder,Likely pathogenic,Pathogenic,0.85,PM2;PM5;PP3;PP4,"Liaw D, et al. Nat Genet. 1997;16(1):64-67.;Marsh DJ, et al. Hum Mol Genet. 1998;7(3):507-515.;Ngeow J, et al. Am J Hum Genet. 2011;88(1):42-56.",,3.05,
461793,PAH,deepseek-chat,Likely pathogenic,Pathogenic,0.95,PS1;PM2;PP3;PP5,"Guldberg P, et al. Am J Hum Genet, 1998;Zschocke J, et al. Hum Mutat, 2003;Wettstein S, et al. Hum Mutat, 2015",,2.57,
461793,PAH,deepseek-coder,Likely pathogenic,Pathogenic,0.9,PS1;PM2;PP3;PP5,"Guldberg P, et al. Am J Hum Genet, 1998;Zschocke J, et al. Hum Mutat, 1999;PAHvdb (pahdb.mcgill.ca)",,2.8,
464416,DICER1,deepseek-chat,Likely benign,Uncertain significance,0.6,PM2;BP4;BP7,"Richards et al., Genet Med, 2015",,2.18,
464416,DICER1,deepseek-coder,Likely benign,Uncertain significance,0.6,PM2;BP4;BP7,"Richards et al., Genet Med, 2015",,1.91,
460357,PTEN,kimi-k2.6,Likely pathogenic,Pathogenic,0.85,PS1;PM2;PP2;PP3,"Yehia et al., Hum Mutat, 2021; Mester & Eng, Curr Protoc Hum Genet, 2015; Pilarski et al., J Clin Oncol, 2013; Tan et al., Am J Hum Genet, 2012",,7.12,
464416,DICER1,kimi-k2.6,Likely benign,Uncertain significance,0.3,,"Richards S, Genet Med, 2015;Rivkin M, Hum Mutat, 2014",,4.66,
461793,PAH,kimi-k2.6,Likely pathogenic,Pathogenic,0.85,PS1;PM2;PP3;PP4,"Scriver CR, The metabolic and molecular bases of inherited disease, 2001; Guldberg P et al., Eur J Hum Genet, 1998; PAHdb database (http://www.pahdb.mcgill.ca)",,7.15,
464674,DICER1,deepseek-chat,Likely benign,Uncertain significance,0.6,PM2;PP3,"Richards et al., Genet Med, 2015",,2.54,
464674,DICER1,deepseek-coder,Likely benign,Uncertain significance,0.6,PM2;PP3,"Richards et al., Genet Med, 2015",,2.51,
468175,SGCA,deepseek-chat,Pathogenic,Uncertain significance,0.6,PM2;PP3,"Richards et al., Genet Med, 2015",,2.43,
468175,SGCA,deepseek-coder,Pathogenic,Uncertain significance,0.6,PM2;PP3;BP4,"Richards et al., Genet Med, 2015",,2.15,
468575,GAA,deepseek-chat,Likely pathogenic,Pathogenic,0.99,PVS1;PM2;PP5,"Kroos M, et al. Hum Mutat. 2008;29(6):E223-E228.;Reuser AJ, et al. Hum Mutat. 2019;40(11):1954-1972.",,2.66,
468575,GAA,deepseek-coder,Likely pathogenic,Pathogenic,0.99,PVS1;PM2;PP5,"Martini et al., Human Mutation, 2014;Kroos et al., Journal of Inherited Metabolic Disease, 2012",,2.13,
464674,DICER1,kimi-k2.6,Likely benign,Uncertain significance,0.3,,"Richards S, et al., Standards and guidelines for the interpretation of sequence variants: a joint consensus recommendation of the American College of Medical Genetics and Genomics and the Association for Molecular Pathology. Genet Med. 2015;17(5):405-24;Ramsingh G, et al., Germline DICER1 mutations in familial pleuropulmonary blastoma. Cancer Discov. 2014;4(9):1042-9",,6.77,
468175,SGCA,kimi-k2.6,Pathogenic,Pathogenic,0.75,PM1;PM2;PP3;PP4,"Anderson, Neuromuscul Disord, 2000;Richard, Hum Mutat, 2003;Koenig, Brain, 2005",,6.25,
470637,RUNX1,deepseek-chat,Likely benign,Uncertain significance,0.6,PM2;BP4;BP7,"Richards S, et al. Standards and guidelines for the interpretation of sequence variants. Genet Med. 2015;17(5):405-424.",,2.36,
468575,GAA,kimi-k2.6,Likely pathogenic,Pathogenic,0.99,PVS1;PM2,"Kroos MA, et al. Hum Mutat. 1995;6(4):248-258;Winchester B, et al. J Inherit Metab Dis. 2005;28(5):681-694",,5.92,
470637,RUNX1,deepseek-coder,Likely benign,Uncertain significance,0.7,PM2;BP4;BP7,"Richards S, et al. Standards and guidelines for the interpretation of sequence variants. Genet Med. 2015;17(5):405-424.",,2.29,
470639,RUNX1,deepseek-chat,Likely benign,Uncertain significance,0.7,PM2;BP4;BP7,"Richards et al., Genet Med, 2015",,2.16,
470637,RUNX1,kimi-k2.6,Likely benign,Benign,0.95,BA1;BP4;BP7,"Richards S, Genet Med, 2015; Nykamp M, Genome Med, 2022",,4.88,
470639,RUNX1,deepseek-coder,Likely benign,Uncertain significance,0.7,PM2;BP4;BP7,"Richards et al., Genet Med, 2015",,2.14,
471623,RUNX1,deepseek-coder,Likely benign,Uncertain significance,0.6,PM2;BP4,"Richards et al., Genet Med, 2015",,1.95,
471623,RUNX1,deepseek-chat,Likely benign,Uncertain significance,0.6,PM2;BP4;BP7,"Richards S, et al. Standards and guidelines for the interpretation of sequence variants. Genet Med. 2015;17(5):405-424.",,2.19,
470639,RUNX1,kimi-k2.6,Likely benign,Benign,0.95,BA1;BP4;BP7,"Richards S, Genet Med, 2015; gnomAD database (accessed 2024)",,5.04,
471631,RUNX1,deepseek-chat,Likely benign,Uncertain significance,0.6,PM2;BP4;BP7,"Song WJ, et al. Nat Genet. 1999;23(2):166-175;Michaud J, et al. Am J Hum Genet. 2002;70(4):1089-1094",,2.88,
471631,RUNX1,deepseek-coder,Likely benign,Uncertain significance,0.7,PM2;BP4;BP7,"Richards S, et al. Standards and guidelines for the interpretation of sequence variants. Genet Med. 2015;17(5):405-424.",,2.42,
471631,RUNX1,kimi-k2.6,Likely benign,Benign,0.95,BP4;BP7,"Richards S, Genet Med, 2015; ACMG Sequence Variant Interpretation Working Group standards",,4.0,
477067,DICER1,deepseek-chat,Likely benign,Uncertain significance,0.6,PM2;PP3,"Foulkes WD, et al. J Med Genet, 2011;Gonzalez IA, et al. Hum Mutat, 2022",,2.4,
477067,DICER1,deepseek-coder,Likely benign,Uncertain significance,0.6,PM2;PP3,"Gonzalez et al., Hum Mutat, 2022;Foulkes et al., J Med Genet, 2014",,2.17,
471623,RUNX1,kimi-k2.6,Likely benign,Benign,0.95,BP7;BA1,"Richards S, et al., Genet Med, 2015; ACMG/AMP sequence variant interpretation guidelines",,6.68,
477217,DICER1,deepseek-chat,Likely benign,Uncertain significance,0.6,PM2;PP3;BP4,"Gonzalez et al., Hum Mutat, 2011;Foulkes et al., J Med Genet, 2014",,2.5,
477217,DICER1,deepseek-coder,Likely benign,Uncertain significance,0.6,PM2;PP3;BP4,"Richards et al., Genet Med, 2015",,2.28,
477067,DICER1,kimi-k2.6,Likely benign,Uncertain significance,0.3,,"Rio Frio et al., Hum Mutat, 2011;Schultz et al., Fam Cancer, 2014;ACMG Standards and Guidelines for the interpretation of sequence variants, 2015",,5.71,
477236,BRCA2,deepseek-chat,Likely pathogenic,Uncertain significance,0.6,PM2;PP3;BP4,"Richards et al., Genet Med, 2015",,1.93,
477236,BRCA2,deepseek-coder,Likely pathogenic,Uncertain significance,0.6,PM2;PP3;BP4,"Richards et al., Genet Med, 2015",,1.82,
477217,DICER1,kimi-k2.6,Likely benign,Uncertain significance,0.3,,"Richards S, Aziz N, Bale S, et al. Standards and guidelines for the interpretation of sequence variants: a joint consensus recommendation of the American College of Medical Genetics and Genomics and the Association for Molecular Pathology. Genet Med. 2015;17(5):405-424.",,4.84,
479238,TP53,deepseek-chat,Pathogenic,Pathogenic,0.95,PS1;PM2;PP3;PP5;PVS1,"Bouaoun et al., Hum Mutat, 2016;Kato et al., PNAS, 2003;Olivier et al., Hum Mutat, 2003",,2.73,
477236,BRCA2,kimi-k2.6,Likely pathogenic,Pathogenic,0.75,PM1;PM5;PP2;PP3,"Tavtigian SV, Hum Mutat, 2018; Richards S, Gen Med, 2015",,4.96,
481990,RAG1,deepseek-chat,Pathogenic,Pathogenic,0.99,PVS1;PM2;PP5,"Villa A, et al. J Exp Med, 1998;Notarangelo LD, et al. J Allergy Clin Immunol, 2016",,2.28,
479238,TP53,deepseek-coder,Pathogenic,Pathogenic,0.95,PS1;PM2;PM5;PP3;PP5,"Bouaoun L, et al. TP53 Variations in Human Cancers: New Lessons from the IARC TP53 Database and Genomics Data. Hum Mutat. 2016;37(9):865-876.;Olivier M, et al. The IARC TP53 database: new online mutation analysis and recommendations to users. Hum Mutat. 2002;19(6):607-614.;Kato S, et al. Understanding the function-structure and function-mutation relationships of p53 tumor suppressor protein by high-resolution missense mutation analysis. Proc Natl Acad Sci U S A. 2003;100(14):8424-8429.",,3.69,
481990,RAG1,deepseek-coder,Pathogenic,Pathogenic,0.99,PVS1;PM2;PP5,"Villa A, et al. Blood, 2001;Notarangelo LD, et al. J Allergy Clin Immunol, 2016",,2.0,
479238,TP53,kimi-k2.6,Pathogenic,Pathogenic,0.95,PS1;PM1;PM5;PP2;PP3,"Kato S et al., PNAS, 2003; IARC TP53 Database; Bouaoun L et al., Hum Mutat, 2016; Freed-Pastor WA et al., Cell, 2012",,5.83,
488037,MECP2,deepseek-coder,Benign,Uncertain significance,0.6,PM2;PP3,"Richards S, et al. Genet Med. 2015;17(5):405-424",,2.26,
488037,MECP2,deepseek-chat,Benign,Uncertain significance,0.6,PM2;PP3,"RettBase, RettBASE: IRSA MECP2 Variation Database, 2023;ClinVar, National Center for Biotechnology Information, 2023",,3.13,
488555,DYSF,kimi-k2.6,Likely pathogenic,Uncertain significance,0.3,,"Richards S, Genet Med, 2015;den Dunnen JT, Hum Mutat, 2016",,3.16,
488555,DYSF,deepseek-chat,Likely pathogenic,Pathogenic,0.85,PVS1;PM2_Supporting,"Aartsma-Rus A, et al. Hum Mutat. 2009;30(3):293-299.;Therrien C, et al. Hum Mutat. 2006;27(12):1197-1204.",,2.79,
481990,RAG1,kimi-k2.6,Pathogenic,Pathogenic,0.95,PVS1;PS2;PM2,"Schwarz K, Eur J Immunol, 1996; Villa A, Cell, 1998; OMIM #179615; GeneReviews: Severe Combined Immunodeficiency, 2012",,7.07,
488037,MECP2,kimi-k2.6,Benign,Uncertain significance,0.3,,"Rett Syndrome Diagnostic Criteria Work Group, 2020;Neul et al., Neurology, 2010;Laccone et al., J Med Genet, 2001",,6.85,
488555,DYSF,deepseek-coder,Likely pathogenic,Pathogenic,0.85,PVS1;PM2_Supporting,"Aoki M, et al. Dysferlinopathy. In: GeneReviews. University of Washington, Seattle; 1993-2024.;Therrien C, et al. Mutation spectrum of the dysferlin gene in a large cohort of patients with dysferlinopathy. Hum Mutat. 2006;27(4):345-355.",,3.84,
489640,DYSF,deepseek-coder,Likely pathogenic,Pathogenic,0.85,PVS1;PM2;PP3,"Aoki M, et al. J Hum Genet, 2001;Krahn M, et al. Hum Mutat, 2009",,2.46,
489640,DYSF,deepseek-chat,Likely pathogenic,Pathogenic,0.85,PVS1;PM2;PP3,"Aoki M, et al. J Neurol Sci, 2001;Krahn M, et al. Hum Mutat, 2009",,2.82,
489699,SGCA,deepseek-chat,Likely pathogenic,Uncertain significance,0.6,PM2;PP3,"Richards et al., Genet Med, 2015",,1.97,
489699,SGCA,deepseek-coder,Likely pathogenic,Uncertain significance,0.6,PM2;PP3,"Richards et al., Genet Med, 2015",,1.86,
489640,DYSF,kimi-k2.6,Likely pathogenic,Uncertain significance,0.3,,"Richards S, et al., Genet Med, 2015, PMID: 25741868",,5.64,
489991,GAA,deepseek-chat,Likely benign,Uncertain significance,0.6,PM2;BP4;BP7,"Richards S, et al. Genet Med. 2015;17(5):405-424",,2.37,
490378,DYSF,deepseek-chat,Pathogenic,Uncertain significance,0.6,PM2;PP3;BP4,"Aartsma-Rus et al., Neuromuscular Disorders, 2016;Therrien et al., Human Mutation, 2006",,2.4,
489991,GAA,deepseek-coder,Likely benign,Uncertain significance,0.6,PM2;BP4;BP7,"Richards S, et al. Genet Med. 2015;17(5):405-424;Whiffin N, et al. Genet Med. 2017;19(10):1151-1158",,2.82,
489699,SGCA,kimi-k2.6,Likely pathogenic,Pathogenic,0.85,PVS1_Strong;PM2;PP3,"Richards S, et al., Genet Med, 2015; Nowak KJ, et al., Hum Mutat, 2000; Fanin M, et al., Neuromuscul Disord, 2004",,6.61,
490378,DYSF,deepseek-coder,Pathogenic,Uncertain significance,0.6,PM2;PP3;BP4,"Aoki M, et al. J Hum Genet. 2001;46(11):655-8;Krahn M, et al. Hum Mutat. 2009;30(3):345-56",,2.64,
489991,GAA,kimi-k2.6,Likely benign,Benign,0.95,BP4;BP7,"Richards S, Genet Med, 2015; den Dunnen JT, Hum Mutat, 2016",,5.03,
492474,DYSF,deepseek-coder,Likely benign,Uncertain significance,0.7,PM2;BP4;BP7,"Richards S, et al. Standards and guidelines for the interpretation of sequence variants. Genet Med. 2015;17(5):405-424.",,2.34,
492474,DYSF,deepseek-chat,Likely benign,Uncertain significance,0.7,PM2;BP4;BP7,"Richards S, et al. Standards and guidelines for the interpretation of sequence variants. Genet Med. 2015;17(5):405-424.",,2.42,
505595,DICER1,deepseek-chat,Benign,Uncertain significance,0.6,PM2_supporting,"Richards S, et al. Standards and guidelines for the interpretation of sequence variants. Genet Med. 2015;17(5):405-424.",,2.68,
490378,DYSF,kimi-k2.6,Pathogenic,Pathogenic,0.75,PM1;PM2;PP2;PP3;PP5,"Anderson et al., Am J Hum Genet, 2000;Aoki et al., Neurology, 2001;Nguyen et al., Hum Mutat, 2005;Richards et al., Genet Med, 2015 (ACMG guidelines)",,7.19,
492474,DYSF,kimi-k2.6,Likely benign,Benign,0.95,BA1;BP4;BP7,"Richards S, Gen Med, 2015; ACMG/AMP sequence variant interpretation guidelines",,4.7,
505595,DICER1,deepseek-coder,Benign,Uncertain significance,0.6,PM2;BP7,"Richards S, et al. Standards and guidelines for the interpretation of sequence variants. Genet Med. 2015;17(5):405-424.",,2.58,
505595,DICER1,kimi-k2.6,Benign,Uncertain significance,0.3,,"Richards S, Genet Med, 2015;Oza V, Hum Mutat, 2011",,5.01,
506459,GAA,deepseek-chat,Likely benign,Uncertain significance,0.6,PM2;BP4,"Richards S, et al. Genet Med. 2015;17(5):405-424",,2.49,
506459,GAA,deepseek-coder,Likely benign,Uncertain significance,0.6,PM2;BP4,"Richards et al., Genet Med, 2015;Jaganathan et al., Cell, 2019",,2.79,
512334,GAA,deepseek-chat,Likely pathogenic,Pathogenic,0.99,PVS1;PM2_Supporting;PVS1_Strong,"Kroos M, et al. Hum Mutat. 2008;29(6):E13-E20.;Reuser AJ, et al. Hum Mutat. 2019;40(11):1954-1972.",,2.98,
506459,GAA,kimi-k2.6,Likely benign,Benign,0.95,BP5;BP7,"Richards S, Genet Med, 2015;Ellard S, Nat Rev Genet, 2015;Khan M, Genet Med, 2019;GAA variant databases (ClinVar, GAA mutation database)",,5.98,
512334,GAA,deepseek-coder,Likely pathogenic,Pathogenic,0.95,PVS1;PM2_supporting,"Kroos M, et al. Hum Mutat. 2008;29(6):E13-E26.;Reuser AJJ, et al. Hum Mutat. 2019;40(11):1900-1913.",,2.79,
514744,TCF4,deepseek-chat,Pathogenic,Pathogenic,0.95,PVS1;PM2_Supporting;PVS1_Strong,"Amiel et al., Am J Hum Genet, 2007;Zweier et al., Am J Hum Genet, 2007;Whalen et al., Eur J Hum Genet, 2012",,2.65,
514744,TCF4,deepseek-coder,Pathogenic,Pathogenic,0.95,PVS1;PM2_Supporting,"Amiel et al., Am J Hum Genet, 2007;Zweier et al., Am J Hum Genet, 2007",,2.51,
512334,GAA,kimi-k2.6,Likely pathogenic,Pathogenic,0.95,PVS1;PM2_Supporting,"Kroos MA, et al. Hum Mutat. 1995;6(4):329-30;Winchester B, et al. J Inherit Metab Dis. 2007;30(4):558-69",,6.39,
528549,DICER1,kimi-k2.6,Likely benign,Uncertain significance,0.3,,,,2.65,
528549,DICER1,deepseek-chat,Likely benign,Uncertain significance,0.6,PM2;PP3,"Richards et al., Genet Med, 2015",,2.58,
528549,DICER1,deepseek-coder,Likely benign,Uncertain significance,0.6,PM2_supporting;PP3_supporting,"Foulkes WD, et al. Am J Hum Genet. 2011;89(1):111-118.;Richards S, et al. Genet Med. 2015;17(5):405-424.",,3.05,
514744,TCF4,kimi-k2.6,Pathogenic,Pathogenic,0.95,PVS1;PM2_Supporting,"Zweier M, et al. Am J Med Genet A. 2007;143A(22):2153-61;Whalen S, et al. Eur J Hum Genet. 2011;19(3):311-5;Forrest MP, et al. Hum Mol Genet. 2012;21(5):1125-34",,7.08,
532292,GAA,deepseek-coder,Likely pathogenic,Pathogenic,0.95,PVS1;PM2_supporting,"Kroos M, et al. Hum Mutat, 2008;Reuser AJ, et al. Hum Mutat, 2019",,2.62,
532292,GAA,deepseek-chat,Likely pathogenic,Pathogenic,0.95,PVS1;PM2_supporting,"Kroos M, et al. Hum Mutat, 2008;Reuser AJ, et al. Hum Mutat, 2019",,2.74,
532292,GAA,kimi-k2.6,Likely pathogenic,Pathogenic,0.95,PVS1;PM2_Supporting,"Richards S, et al., Genet Med, 2015; Reuser AJ, et al., Ann Rev Genomics Hum Genet, 2003",,4.54,
532749,GAMT,deepseek-chat,Likely pathogenic,Uncertain significance,0.6,PM2;BP4,"Richards et al., Genet Med, 2015",,2.5,
532749,GAMT,deepseek-coder,Likely pathogenic,Uncertain significance,0.6,PM2;BP4,"Richards et al., Genet Med, 2015",,2.63,
533849,RUNX1,deepseek-chat,Likely benign,Uncertain significance,0.6,PM2;BP4;BP7,"Richards S, et al. Standards and guidelines for the interpretation of sequence variants. Genet Med. 2015;17(5):405-424.",,2.84,
532749,GAMT,kimi-k2.6,Likely pathogenic,Benign,0.95,BP1;BP4;BP7,"Richards S, Genet Med, 2015; den Dunnen JT, Hum Mutat, 2016; Oza AM, Hum Mutat, 2022",,5.49,
533849,RUNX1,deepseek-coder,Likely benign,Uncertain significance,0.6,PM2;BP4;BP7,"Richards S, et al. Genet Med. 2015;17(5):405-424",,2.54,
533849,RUNX1,kimi-k2.6,Likely benign,Benign,0.95,BP4;BP7,"Richards S, Genet Med, 2015;Tavtigian SV, Hum Mutat, 2018",,4.46,
533863,RUNX1,deepseek-chat,Likely benign,Uncertain significance,0.7,PM2;BP4;BP7,"Richards S, et al. Standards and guidelines for the interpretation of sequence variants. Genet Med. 2015;17(5):405-424.",,2.48,
533863,RUNX1,deepseek-coder,Likely benign,Uncertain significance,0.6,PM2;BP4;BP7,"Richards S, et al. Standards and guidelines for the interpretation of sequence variants. Genet Med. 2015;17(5):405-424.",,2.37,
533863,RUNX1,kimi-k2.6,Likely benign,Benign,0.85,BP4;BA1,"Richards S, et al., Genet Med, 2015; ACMG/AMP Sequence Variant Interpretation Guidelines",,4.02,
533865,RUNX1,deepseek-chat,Likely benign,Uncertain significance,0.6,PM2;BP4;BP7,"Richards S, et al. Standards and guidelines for the interpretation of sequence variants. Genet Med. 2015;17(5):405-424.",,2.6,
533865,RUNX1,deepseek-coder,Likely benign,Uncertain significance,0.6,PM2;BP4;BP7,"Richards S, et al. Genet Med. 2015;17(5):405-424;Silva et al. Hum Mutat. 2019;40(9):1323-1348",,2.92,
533867,RUNX1,deepseek-chat,Likely benign,Uncertain significance,0.6,PM2;BP4;BP7,"Richards S, et al. Standards and guidelines for the interpretation of sequence variants. Genet Med. 2015;17(5):405-424.",,2.85,
533867,RUNX1,deepseek-coder,Likely benign,Uncertain significance,0.7,PM2;BP4;BP7,"Richards S, et al. Standards and guidelines for the interpretation of sequence variants. Genet Med. 2015;17(5):405-424.",,2.73,
533865,RUNX1,kimi-k2.6,Likely benign,Benign,0.9,BP4;BP7,"Richards S, et al. Genet Med. 2015;17(5):405-24;Tavtigian SV, et al. Hum Mutat. 2018;39(11):1775-1776",,5.61,
533867,RUNX1,kimi-k2.6,Likely benign,Benign,0.95,BA1;BP4;BP7,"Richards S, Genet Med, 2015; ACMG/AMP Sequence Variant Interpretation Guidelines",,4.96,
533875,RUNX1,deepseek-chat,Likely benign,Uncertain significance,0.7,PM2;BP4;BP7,"Richards S, et al. Standards and guidelines for the interpretation of sequence variants. Genet Med. 2015;17(5):405-424.",,2.75,
533875,RUNX1,kimi-k2.6,Likely benign,Benign,0.95,BA1;BP4;BP7,"Richards S, et al., Genet Med, 2015; Oza V, et al., Cold Spring Harb Mol Case Stud, 2019",,4.0,
533875,RUNX1,deepseek-coder,Likely benign,Uncertain significance,0.6,PM2;BP4;BP7,"Richards S, et al. Standards and guidelines for the interpretation of sequence variants. Genet Med. 2015;17(5):405-424.",,2.49,
535273,DYSF,deepseek-chat,Pathogenic,Uncertain significance,0.6,PM2;PP3;PP4,"Aoki M, et al. J Hum Genet, 2001;Krahn M, et al. Hum Mutat, 2009",,2.93,
535273,DYSF,deepseek-coder,Pathogenic,Uncertain significance,0.6,PM2;PP3;PP4,"Therrien et al., Journal of Medical Genetics, 2006;Cacciottolo et al., Human Mutation, 2011",,2.92,
535743,BRCA2,deepseek-chat,Likely pathogenic,Uncertain significance,0.6,PM2;PP3;BP4,"Richards et al., Genet Med, 2015",,2.26,
535743,BRCA2,deepseek-coder,Likely pathogenic,Uncertain significance,0.6,PM2;PP3;BP4,"Richards et al., Genet Med, 2015;ClinVar submission for BRCA2 c.8165C>T",,2.59,
536159,DYSF,deepseek-chat,Pathogenic,Pathogenic,0.95,PVS1;PM2_Supporting,"Aoki M, et al. Dysferlinopathy. GeneReviews, 2004 (updated 2020).;Krahn M, et al. Hum Mutat, 2009, 30(3):345-355.",,3.16,
536159,DYSF,deepseek-coder,Pathogenic,Pathogenic,0.95,PVS1;PM2_Supporting,"Aoki M, et al. Dysferlinopathy. In: GeneReviews, 2004 (updated 2020).;Therrien C, et al. Hum Mutat, 2006, 27(12):1197-1204.",,3.01,
535273,DYSF,kimi-k2.6,Pathogenic,Pathogenic,0.75,PVS1;PM2;PP3,"Anderson et al., Am J Hum Genet, 2000; Aoki et al., Nature, 1995; Richards et al., Genet Med, 2015",,8.21,
539170,BMPR2,deepseek-coder,Likely pathogenic,Pathogenic,0.95,PVS1;PM2_Supporting;PP3;PP4_Moderate,"Lane KB, et al. Am J Hum Genet. 2000;66(6):1875-1884.;Machado RD, et al. Hum Mutat. 2006;27(2):121-132.;Richards S, et al. Genet Med. 2015;17(5):405-424.",,3.01,
539170,BMPR2,deepseek-chat,Likely pathogenic,Pathogenic,0.95,PVS1;PM2_Supporting;PP3;PP4_Moderate,"Lane KB, et al. Nat Genet. 2000;26(1):81-84;Machado RD, et al. Hum Mutat. 2006;27(2):121-132;Richards S, et al. Genet Med. 2015;17(5):405-424",,3.44,
536159,DYSF,kimi-k2.6,Pathogenic,Pathogenic,0.95,PVS1;PM2,"Richards S, Richards S, et al., Standards and guidelines for the interpretation of sequence variants: a joint consensus recommendation of the American College of Medical Genetics and Genomics and the Association for Molecular Pathology. Genet Med. 2015;17(5):405-24;DYSF mutations cause dysferlinopathy (limb-girdle muscular dystrophy type 2B/Miyoshi myopathy); splice site variants at +2 position are well-established to cause disease",,9.64,
539170,BMPR2,kimi-k2.6,Likely pathogenic,Pathogenic,0.95,PVS1;PS4_Supporting;PM2,"Richards S, Genet Med, 2015, PMID: 25741868;Liu D, Hum Mutat, 2012, PMID: 22473675;Evans MJ, Am J Respir Crit Care Med, 2016, PMID: 26871776;Girerd B, Eur Respir J, 2010, PMID: 19948912",,8.04,
542336,DYSF,deepseek-chat,Pathogenic,Uncertain significance,0.6,PM2;PP3;PP4,"ClinVar (if applicable);HGMD (if applicable);Richards et al., Genet Med 2015",,2.78,
542336,DYSF,deepseek-coder,Pathogenic,Uncertain significance,0.6,PM2;PP3;PP4,"Richards et al., Genet Med, 2015;Aoki et al., J Hum Genet, 2001;Nguyen et al., Hum Mutat, 2007",,3.01,
535743,BRCA2,kimi-k2.6,Likely pathogenic,Likely benign,0.75,BS1;BP4,"Fokkema IA, et al. LOVD v.2.0: the next generation in gene variant databases. Hum Mutat. 2011;32(5):557-63;Richards S, et al. Standards and guidelines for the interpretation of sequence variants: a joint consensus recommendation of the American College of Medical Genetics and Genomics and the Association for Molecular Pathology. Genet Med. 2015;17(5):405-24;Easton DF, et al. Gene-panel sequencing and the prediction of breast-cancer risk. N Engl J Med. 2015;372(23):2243-2253",,12.2,
542336,DYSF,kimi-k2.6,Pathogenic,Pathogenic,0.75,PM1;PM2;PP3;PP4,"Nguyen et al., Neuromuscular Disorders, 2018;Aoki et al., Neurology, 2001;Richards et al., Genet Med, 2015",,5.95,
543239,IDUA,deepseek-chat,Pathogenic,Uncertain significance,0.6,PM2;PP3,"Richards et al., Genet Med, 2015",,2.32,
543239,IDUA,deepseek-coder,Pathogenic,Uncertain significance,0.6,PM2;PP3,"Richards et al., Genet Med, 2015",,2.35,
543239,IDUA,kimi-k2.6,Pathogenic,Uncertain significance,0.3,,"Richards S, Genet Med, 2015;Muenzer J, Pediatrics, 2009",,4.19,
543316,IDUA,deepseek-chat,Pathogenic,Pathogenic,0.75,PVS1_Moderate;PM2_Supporting;PP3;PP4_Moderate,"Clarke LA, et al. Hum Mutat. 2019;40(10):1563-1578.;Beesley CE, et al. Hum Mutat. 2001;18(4):341-348.",,3.28,
543316,IDUA,deepseek-coder,Pathogenic,Pathogenic,0.75,PM2;PVS1_Moderate;PP3;PP4,"Vazna A, et al. Mol Genet Metab. 2009;98(1-2):187-192.;Beesley CE, et al. Hum Mutat. 2001;18(4):341-348.",,3.0,
543316,IDUA,kimi-k2.6,Pathogenic,Pathogenic,0.85,PVS1_Strong;PM2,"Richards S, et al., Genet Med, 2015;Scott HS, et al., Am J Hum Genet, 1992;Bunge S, et al., Hum Mutat, 1998",,4.59,
543344,IDUA,deepseek-chat,Likely pathogenic,Pathogenic,0.85,PVS1;PM2_Supporting;PM4,"Scott HS, et al. Human Mutation, 1995;Beesley CE, et al. Journal of Medical Genetics, 2001",,2.71,
543344,IDUA,deepseek-coder,Likely pathogenic,Pathogenic,0.85,PVS1;PM2_Supporting;PM4,"Beesley CE, et al. Hum Mutat. 2001;18(4):307-312;Clarke LA. GeneReviews. 2016",,2.66,
543352,IDUA,deepseek-chat,Pathogenic,Pathogenic,0.95,PVS1;PM2;PVS1_Strong,"Scott HS, et al. Human Mutation, 1995;Beesley CE, et al. Journal of Medical Genetics, 2001",,2.55,
543352,IDUA,deepseek-coder,Pathogenic,Pathogenic,0.95,PVS1;PM2;PVS1_Strong,"Scott HS, et al. Human Mutation, 1995;Beesley CE, et al. Journal of Medical Genetics, 2001",,2.68,
543352,IDUA,kimi-k2.6,Pathogenic,Pathogenic,0.95,PVS1;PM2_Supporting,"Muenzer J, Beck M, Aerts R, et al. The Gene Review: Mucopolysaccharidosis Type I. 2003 Oct 30 [Updated 2016 Apr 14]. In: Adam MP, Ardinger HH, Pagon RA, et al., editors. GeneReviews® [Internet]. Seattle (WA): University of Washington, Seattle; 1993-2023.",,5.15,
543531,IDUA,deepseek-coder,Pathogenic,Pathogenic,0.95,PVS1;PM2;PP3,"Scott HS, et al. Am J Hum Genet, 1995;Beesley CE, et al. Hum Mutat, 2001",,2.48,
543531,IDUA,deepseek-chat,Pathogenic,Pathogenic,0.95,PVS1;PM2;PP3,"Scott HS, et al. Human Mutation, 1995;Beesley CE, et al. Journal of Medical Genetics, 2001;Clarke LA. GeneReviews, 2021",,2.84,
543344,IDUA,kimi-k2.6,Likely pathogenic,Pathogenic,0.85,PVS1;PM4,"Richards S, Richards S, et al., Standards and guidelines for the interpretation of sequence variants: a joint consensus recommendation of the American College of Medical Genetics and Genomics and the Association for Molecular Pathology., Genet Med, 2015;Scott HS, et al., Identification of iduronidase mutations in the mucopolysaccharidoses, Hum Mutat, 1993;Beesley CE, et al., Mutational analysis of mucopolysaccharidosis type I in the United Kingdom, J Med Genet, 2001",,7.46,
543531,IDUA,kimi-k2.6,Pathogenic,Pathogenic,0.95,PVS1;PM2,"Richards S, Gen Med, 2015; ACMG/AMP sequence variant interpretation guidelines;Bunge S, Hum Genet, 1998; IDUA mutation spectrum in MPS I;Terlato CM, Am J Med Genet, 2003; MPS I review",,4.73,
547712,CAPN3,deepseek-chat,Pathogenic,Pathogenic,0.95,PVS1;PM2;PVS1_Strong,"Richard I, et al. Am J Hum Genet, 1995;Kramerova I, et al. Hum Mol Genet, 2004",,2.23,
543606,IDUA,deepseek-coder,Pathogenic,Pathogenic,0.95,PVS1;PM2;PP3,"Scott HS, et al. Am J Hum Genet. 1995;56(1):172-183.;Beesley CE, et al. Hum Mutat. 2001;18(4):341-348.;Clarke LA. GeneReviews. 2002 (updated 2021).",,2.99,
547712,CAPN3,deepseek-coder,Pathogenic,Pathogenic,0.95,PVS1;PM2;PVS1_Strong,"Richard et al., Am J Hum Genet, 1995;Kramerova et al., Hum Mol Genet, 2004",,2.47,
543606,IDUA,deepseek-chat,Pathogenic,Pathogenic,0.95,PVS1;PM2;PP3,"Scott HS, et al. Hum Mutat. 1995;6(4):288-302.;Beesley CE, et al. Hum Genet. 2001;109(5):503-511.;Clarke LA. GeneReviews. 2021.",,3.39,
543606,IDUA,kimi-k2.6,Pathogenic,Pathogenic,0.95,PVS1;PM2,"Richards S, Genet Med, 2015; ACMG/AMP sequence variant interpretation guidelines;Kozak M, Nucleic Acids Res, 1997; initiation codon context and translation efficiency;Teruel B, Mol Genet Metab, 2005; IDUA mutations in MPS I",,6.46,
547712,CAPN3,kimi-k2.6,Pathogenic,Pathogenic,0.95,PVS1;PM2_Supporting,"Richards S, Genet Med, 2015; Ollagnon E, Neuromuscul Disord, 2011; Fanin M, Hum Mutat, 2009",,4.9,
548371,GAA,deepseek-chat,Likely pathogenic,Pathogenic,0.95,PVS1;PM2_supporting,"Kroos M, et al. Hum Mutat. 2008;29(6):E123-E131;Reuser AJJ, et al. Hum Mutat. 2019;40(11):1954-1972",,2.55,
548371,GAA,deepseek-coder,Likely pathogenic,Pathogenic,0.95,PVS1;PM2_supporting,"Reuser AJJ, et al. Pompe disease. In: GeneReviews, 2020.;Kroos M, et al. Update of the Pompe disease mutation database. Hum Mutat, 2012.",,2.69,
548371,GAA,kimi-k2.6,Likely pathogenic,Pathogenic,0.95,PVS1;PM2,"Richards S, et al., Genet Med, 2015; ACMG/AMP sequence variant interpretation guidelines",,3.91,
548382,GAA,deepseek-chat,Likely pathogenic,Pathogenic,0.99,PVS1;PM2;PVS1_Strength,"Kroos M, et al. Hum Mutat. 2008;29(6):E13-E20.;Reuser AJJ, et al. Hum Mutat. 2019;40(11):1954-1972.",,2.71,
548382,GAA,deepseek-coder,Likely pathogenic,Pathogenic,0.99,PVS1;PM2;PVS1_Strength,"Kroos M, et al. Hum Mutat. 2008;29(6):E13-E20.;Reuser AJ, et al. Hum Mutat. 2019;40(12):2231-2251.",,2.96,
548389,GAA,deepseek-chat,Likely pathogenic,Pathogenic,0.95,PVS1;PM2_supporting,"Kroos M, et al. Hum Mutat. 2008;29(6):E13-E20;Reuser AJJ, et al. Hum Mutat. 2019;40(11):1954-1972",,2.37,
548389,GAA,deepseek-coder,Likely pathogenic,Pathogenic,0.95,PVS1;PM2_supporting,"Kroos M, et al. Hum Mutat. 2012;33(8):1161-70.;Reuser AJJ, et al. Hum Mutat. 2019;40(11):1954-1972.",,2.45,
548534,SGCA,deepseek-chat,Pathogenic,Uncertain significance,0.6,PM2;PP3,"Bonnemann et al., Neurology, 1995;Piccolo et al., Nature Genetics, 1995",,2.21,
548534,SGCA,deepseek-coder,Pathogenic,Uncertain significance,0.6,PM2;PP3;PP4,"Bonnemann et al., Neurology, 1995;Piccolo et al., Neurology, 1995",,2.54,
548382,GAA,kimi-k2.6,Likely pathogenic,Pathogenic,0.95,PVS1;PM2,"ACMG Standards and Guidelines for the Interpretation of Sequence Variants, Genet Med, 2015; Reuser et al., Ann Rev Genomics Hum Genet, 2006",,7.34,
548389,GAA,kimi-k2.6,Likely pathogenic,Pathogenic,0.95,PVS1;PM2_Supporting,"ACMG Standards and Guidelines for the interpretation of sequence variants, Richards et al., Genet Med, 2015;Pompe disease is caused by mutations in the acid alpha-glucosidase gene (GAA), Reuser et al., Ann Transl Med, 2013",,5.34,
548788,GAA,deepseek-chat,Likely pathogenic,Pathogenic,0.99,PVS1;PM2,"Kroos M, et al. Hum Mutat. 2008;29(6):E53-E66.;Reuser AJJ, et al. Hum Mutat. 2019;40(11):1954-1972.",,2.54,
548788,GAA,deepseek-coder,Likely pathogenic,Pathogenic,0.98,PVS1;PM2;PP3,"Kroos M, et al. Hum Mutat. 2008;29(6):E13-E26.;Reuser AJJ, et al. Hum Mutat. 2019;40(12):2231-2251.",,2.65,
552368,RUNX1,deepseek-chat,Pathogenic,Uncertain significance,0.6,PM2;PP3;BP4,"Karczewski et al., Nature, 2020 (gnomAD);Richards et al., Genet Med, 2015 (ACMG/AMP guidelines)",,2.53,
548788,GAA,kimi-k2.6,Likely pathogenic,Pathogenic,0.95,PVS1;PM2_Supporting,"Richards S, Genet Med, 2015;Kroos MA, Hum Mutat, 1995;Winchester B, J Inherit Metab Dis, 2005",,5.66,
552368,RUNX1,deepseek-coder,Pathogenic,Uncertain significance,0.6,PM2_supporting;PP3_moderate;BP4_contradictory,"Richards S, et al. Standards and guidelines for the interpretation of sequence variants. Genet Med. 2015;17(5):405-424.",,2.6,
548534,SGCA,kimi-k2.6,Pathogenic,Pathogenic,0.95,PVS1;PM2;PP3;PP4,"Bonnemann CG, et al., Human Molecular Genetics, 1996; Richard I, et al., Cell, 1995; Richards S, et al., Genet Med, 2015",,7.91,
552371,RUNX1,deepseek-chat,Likely pathogenic,Uncertain significance,0.6,PM2;PP3,"Song WJ, et al. Nat Genet. 1999;23(2):166-175;Michaud J, et al. Hum Mutat. 2002;20(5):387-394",,3.03,
552368,RUNX1,kimi-k2.6,Pathogenic,Pathogenic,0.75,PS1;PM1;PM2;PP2;PP3,"Owen CJ, Blood, 2008; Latimer MJ, Blood, 2012; Schwartz S, Am J Hematol, 2015",,6.06,
552371,RUNX1,deepseek-coder,Likely pathogenic,Uncertain significance,0.6,PM2;PP3,"Song et al., Blood, 1999;Liew et al., Blood, 2009",,3.12,
552371,RUNX1,kimi-k2.6,Likely pathogenic,Uncertain significance,0.3,,"Richards S, et al., Genet Med, 2015; Rehm HL, et al., Nat Rev Genet, 2015",,4.8,
552386,RUNX1,deepseek-chat,Pathogenic,Uncertain significance,0.6,PM2;PP3,"Song et al., Blood, 1999;Liew et al., Blood, 2009",,2.57,
552386,RUNX1,deepseek-coder,Pathogenic,Uncertain significance,0.6,PM2;PP3,"Richards et al., Genet Med, 2015",,2.47,
558261,DYSF,deepseek-chat,Likely pathogenic,Uncertain significance,0.6,PM2;PP3;BP4,"Richards et al., Genet Med, 2015",,1.93,
558261,DYSF,deepseek-coder,Likely pathogenic,Uncertain significance,0.6,PM2;PP3;BP4,"Richards et al., Genet Med, 2015",,2.04,
552386,RUNX1,kimi-k2.6,Pathogenic,Uncertain significance,0.3,,"Richards S, Aziz N, Bale S, et al. Standards and guidelines for the interpretation of sequence variants: a joint consensus recommendation of the American College of Medical Genetics and Genomics and the Association for Molecular Pathology. Genet Med. 2015;17(5):405-424.",,4.96,
566698,DICER1,deepseek-chat,Likely benign,Uncertain significance,0.6,PM2;PP3,"Richards S, et al. Standards and guidelines for the interpretation of sequence variants. Genet Med. 2015;17(5):405-424.",,2.35,
566698,DICER1,deepseek-coder,Likely benign,Uncertain significance,0.6,PM2_supporting;PP3,"Richards S, et al. Genet Med. 2015;17(5):405-424",,2.38,
558261,DYSF,kimi-k2.6,Likely pathogenic,Uncertain significance,0.3,,"Richards S, Genet Med, 2015;Dowling JJ, Curr Opin Neurol, 2011 (DYSF-related limb-girdle muscular dystrophy)",,5.5,
568382,DICER1,deepseek-chat,Likely benign,Uncertain significance,0.6,PM2;PP3,"Zong et al., Hum Mutat, 2019;Foulkes et al., J Med Genet, 2014",,2.31,
568382,DICER1,deepseek-coder,Likely benign,Uncertain significance,0.6,PM2;PP3,"Gonzalez et al., J Med Genet, 2022;Foulkes et al., Nat Rev Cancer, 2014",,2.66,
573023,DICER1,deepseek-chat,Likely benign,Uncertain significance,0.6,PM2;PP3,"Gonzalez et al., J Med Genet, 2022;Foulkes et al., Nat Rev Cancer, 2014",,2.48,
566698,DICER1,kimi-k2.6,Likely benign,Uncertain significance,0.3,,"Rutter JL, et al., Nat Genet, 2012;Schultz KA, et al., Familial Cancer, 2014;Rivas MA, et al., Cell, 2012",,6.79,
573023,DICER1,deepseek-coder,Likely benign,Uncertain significance,0.6,PM2;PP3,"Gonzalez et al., J Med Genet, 2022;Foulkes et al., Nat Rev Cancer, 2014",,2.38,
573023,DICER1,kimi-k2.6,Likely benign,Uncertain significance,0.3,,"Rivlin, N. et al., Cell, 2011; de Kock, L. et al., Hum Mutat, 2014; Slade, I. et al., J Med Genet, 2011",,4.55,
568382,DICER1,kimi-k2.6,Likely benign,Uncertain significance,0.3,,"Rivilla et al., Hum Mutat, 2011; de Kock et al., J Med Genet, 2014; Slade et al., Am J Hum Genet, 2011",,7.15,
573128,RUNX1,deepseek-coder,Likely benign,Uncertain significance,0.7,PM2;BP4;BP7,"Richards S, et al. Standards and guidelines for the interpretation of sequence variants. Genet Med. 2015;17(5):405-424.",,2.5,
573128,RUNX1,deepseek-chat,Likely benign,Uncertain significance,0.6,PM2;BP4;BP7,"Richards S, et al. Standards and guidelines for the interpretation of sequence variants. Genet Med. 2015;17(5):405-424.",,2.71,
573128,RUNX1,kimi-k2.6,Likely benign,Benign,0.95,BP7;BP4,"Richards S, et al., Genet Med, 2015; ACMG/AMP sequence variant interpretation guidelines",,3.87,
574349,MECP2,deepseek-chat,Benign,Pathogenic,0.95,PS1;PM2;PP3;PP5,"Cheadle JP, et al. Long-read sequence analysis of the MECP2 gene in Rett syndrome patients: correlation of disease severity with mutation type and location. Hum Mol Genet. 2000;9(9):1119-1129.;Yaron Y, et al. MECP2 mutations in Rett syndrome: spectrum and genotype-phenotype correlations. Am J Med Genet A. 2002;111(3):245-252.;Krishnaraj R, et al. MECP2 mutations in Rett syndrome: a review of the literature. J Child Neurol. 2017;32(1):3-12.",,3.53,
576976,GCK,deepseek-chat,Likely pathogenic,Pathogenic,0.85,PM2;PS1;PM1;PP3;PP4,"Gloyn AL, et al. Diabetes. 2003;52(5):1253-1260.;Osbak KK, et al. Hum Mutat. 2009;30(11):1512-1526.",,3.09,
576976,GCK,deepseek-coder,Likely pathogenic,Pathogenic,0.85,PM2;PS1;PM1;PP3;PP4,"Gloyn AL, et al. Diabetologia, 2003;Osbak KK, et al. Hum Mutat, 2009;Ellard S, et al. Diabetologia, 2008",,2.82,
574349,MECP2,deepseek-coder,Benign,Pathogenic,0.95,PS1;PM2;PM5;PP3;PP5,"Cheadle JP, et al. Long-read sequence analysis of the MECP2 gene in Rett syndrome patients: correlation of disease severity with mutation type and location. Hum Mol Genet. 2000;9(7):1119-1129.;Yamada Y, et al. Molecular analysis of Japanese patients with Rett syndrome: identification of five novel mutations and genotype-phenotype correlation. J Hum Genet. 2001;46(4):206-209.;Bienvenu T, et al. MECP2 mutations account for most cases of typical forms of Rett syndrome. Hum Mol Genet. 2000;9(9):1377-1384.",,3.66,
574349,MECP2,kimi-k2.6,Benign,Pathogenic,0.95,PS1;PM1;PM2;PP2;PP3;PP5,"Neul et al., Neurology, 2008; Rett Syndrome Diagnostic Criteria Update;Cuddapah et al., J Med Genet, 2014;Laccone et al., Am J Med Genet, 2001;Monros et al., Eur J Hum Genet, 2001",,7.41,
576984,GCK,deepseek-coder,Pathogenic,Pathogenic,0.99,PVS1;PM2_Supporting;PS4_Moderate,"Ellard S, et al. Hum Mutat. 2007;28(9):902-909.;Osbak KK, et al. Hum Mutat. 2009;30(11):1512-1526.",,2.61,
576984,GCK,deepseek-chat,Pathogenic,Pathogenic,0.99,PVS1;PM2;PP3,"Gloyn AL, et al. Diabetes. 2003;52(5):1253-1260;Ellard S, et al. Diabetologia. 2008;51(8):1447-1452",,2.79,
576976,GCK,kimi-k2.6,Likely pathogenic,Pathogenic,0.85,PS1;PM2;PP2;PP3;PP4,"Gidh-Jain M, J Biol Chem, 1994; Sakura H, Diabetologia, 1995; Velho G, Diabetes, 1996; Bellanné-Chantelot C, J Clin Endocrinol Metab, 2002; Richards S, Genet Med, 2015 (ACMG guidelines)",,6.38,
577244,HNF1A,deepseek-chat,Likely pathogenic,Uncertain significance,0.6,PM2;PP3;PP4,"Ellard S, et al. Diabetologia, 2008;Colclough K, et al. Diabet Med, 2013",,2.52,
576984,GCK,kimi-k2.6,Pathogenic,Pathogenic,0.95,PVS1;PM2,"Richards et al., Genet Med, 2015; Ellard et al., Hum Mutat, 2008",,5.18,
577244,HNF1A,deepseek-coder,Likely pathogenic,Uncertain significance,0.6,PM2;PP3;PP4,"Richards S, et al. Genet Med. 2015;17(5):405-424",,2.34,
577934,SLC6A8,deepseek-chat,Likely pathogenic,Pathogenic,0.95,PVS1;PM2;PP5,"van de Kamp JM, et al. Hum Mutat. 2011;32(10):1168-1176.;Betsalel OT, et al. Eur J Hum Genet. 2012;20(5):528-534.",,3.21,
577934,SLC6A8,deepseek-coder,Likely pathogenic,Pathogenic,0.95,PVS1;PM2;PP5,"van de Kamp et al., Human Mutation, 2013;Betsalel et al., European Journal of Human Genetics, 2012",,2.18,
581526,RYR1,deepseek-chat,Pathogenic,Uncertain significance,0.6,PM2;PP3;PP4,"Richards S, et al. Genet Med. 2015;17(5):405-424.",,2.15,
577934,SLC6A8,kimi-k2.6,Likely pathogenic,Pathogenic,0.95,PVS1;PM2,"Rosenberg et al., Am J Hum Genet, 2004; Salomons et al., Nat Rev Neurol, 2012; Tang et al., Genet Med, 2017",,4.65,
577244,HNF1A,kimi-k2.6,Likely pathogenic,Pathogenic,0.75,PS1;PM2;PP3,"Ellard S, et al. Hum Mutat. 2008; Ryffel GU, et al. Hum Mutat. 2003; Pearson ER, et al. Diabetologia. 2005",,7.13,
581526,RYR1,deepseek-coder,Pathogenic,Uncertain significance,0.6,PM2;PP3;PP4,"Robinson R, et al. RYR1 variants in malignant hyperthermia and central core disease. Hum Mutat, 2006.;Monnier N, et al. RYR1 mutations in malignant hyperthermia. Orphanet J Rare Dis, 2005.",,2.72,
581526,RYR1,kimi-k2.6,Pathogenic,Pathogenic,0.75,PS4;PM1;PM2;PP2;PP3;PP5,"Robinson RL, Curr Opin Anaesthesiol, 2006; RYR1-related disorders, GeneReviews, 2018; Richards S, Genet Med, 2015",,4.63,
581673,RYR1,deepseek-coder,Likely pathogenic,Uncertain significance,0.6,PM2;PP3;BP4,"Quinonez et al., J Med Genet, 2013;Robinson et al., Neuromuscul Disord, 2006",,2.31,
581673,RYR1,deepseek-chat,Likely pathogenic,Uncertain significance,0.6,PM2;PP3,"Robinson R, et al. Hum Mutat. 2006;27(10):977-989;Brandt A, et al. Hum Mol Genet. 1999;8(11):2055-2062",,2.89,
586601,CEP290,deepseek-coder,Likely benign,Uncertain significance,0.7,PM2;BP4;BP7,"Richards S, et al. Standards and guidelines for the interpretation of sequence variants. Genet Med. 2015;17(5):405-424.",,2.23,
581673,RYR1,kimi-k2.6,Likely pathogenic,Uncertain significance,0.3,,"Hopkins PM, Ruffert M, van der Velde-Koerts T, et al. European Malignant Hyperthermia Group guidelines for investigation of suspected malignant hyperthermia susceptibility, Anaesthesia, 2021; Robinson RL, Carpenter EP, Shaw MA, et al. Mutations in RYR1 in malignant hyperthermia and central core disease, Human Mutation, 2006",,4.98,
586601,CEP290,deepseek-chat,Likely benign,Uncertain significance,0.7,PM2;BP4;BP7,"Richards S, et al. Genet Med, 2015;Silva et al., Hum Mutat, 2019",,2.35,
588208,GAA,deepseek-chat,Likely pathogenic,Pathogenic,0.95,PVS1;PM2_supporting,"Kroos M, et al. Hum Mutat, 2008;Reuser AJ, et al. Hum Mutat, 2019",,2.35,
588208,GAA,deepseek-coder,Likely pathogenic,Pathogenic,0.95,PVS1;PM2;PVS1_Strong,"Reuser AJJ, et al. Pompe disease. In: GeneReviews, 2007.;Kroos M, et al. Hum Mutat, 2008.",,2.29,
588208,GAA,kimi-k2.6,Likely pathogenic,Pathogenic,0.95,PVS1;PM2_Supporting,"Richards S, et al., Genet Med, 2015; Reuser AJ, et al., Ann Rev Genomics Hum Genet, 2008",,4.53,
588247,UBE3A,deepseek-chat,Benign,Uncertain significance,0.6,PVS1_Not_applicable;PM2_Supporting;BP7_Not_applicable,"Kishino T, et al. Nat Genet. 1997;15:70-73;Matsuura T, et al. Nat Genet. 1997;15:74-77",,3.05,
586601,CEP290,kimi-k2.6,Likely benign,Pathogenic,0.85,PVS1;PM2,"ACMG Standards and Guidelines for the Interpretation of Sequence Variants, Richards et al., Genet Med, 2015;The CEP290 gene and ciliopathies: advances in understanding pathogenicity, Coppieters et al., Hum Mutat, 2010;CEP290 mutations are frequently identified in the ciliopathy-associated oral-facial-digital syndrome type IV, Bujakowska et al., Clin Genet, 2012",,7.22,
588247,UBE3A,deepseek-coder,Benign,Uncertain significance,0.6,PVS1_Strength_Modified;PM2;BP7,"Richards S, et al. Genet Med. 2015;17(5):405-424",,2.56,
608904,DYSF,deepseek-chat,Likely pathogenic,Uncertain significance,0.6,PM2;PP3;BP4,"Richards S, et al. Genet Med. 2015;17(5):405-424",,1.92,
608904,DYSF,deepseek-coder,Likely pathogenic,Uncertain significance,0.6,PM2;PP3,"Richards S, et al. Genet Med. 2015;17(5):405-424",,2.27,
609863,CEP290,deepseek-chat,Pathogenic,Pathogenic,0.95,PVS1;PM2_Supporting,"den Hollander et al., Am J Hum Genet, 2006;Coppieters et al., Hum Mutat, 2010",,1.96,
588247,UBE3A,kimi-k2.6,Benign,Benign,0.95,BA1;BP7,"Richards S, et al., Genet Med, 2015; Oka M, et al., Am J Med Genet A, 1999; Buiting K, et al., Am J Med Genet, 2001",,6.62,
609863,CEP290,deepseek-coder,Pathogenic,Pathogenic,0.95,PVS1;PM2_Supporting,"den Hollander et al., Am J Hum Genet, 2006;Coppieters et al., Hum Mutat, 2010",,2.4,
610193,F9,deepseek-chat,Likely pathogenic,Pathogenic,0.95,PS1;PM2;PP3;PP4,"Giannelli F, et al. Haemophilia B: database of point mutations and short additions and deletions. Nucleic Acids Res. 1998;26(1):250-255.;Rallapalli PM, et al. An interactive mutation database for human coagulation factor IX provides novel insights into the phenotypes and genetics of hemophilia B. J Thromb Haemost. 2013;11(7):1329-1340.",,3.65,
610193,F9,deepseek-coder,Likely pathogenic,Pathogenic,0.85,PM1;PM2;PP3;PP4,"Goodeve AC, et al. Haemophilia. 2012;18(6):e391-e397.;Rallapalli PM, et al. J Thromb Haemost. 2013;11(7):1329-1340.",,2.98,
609863,CEP290,kimi-k2.6,Pathogenic,Pathogenic,0.95,PVS1;PM2,"The Human Gene Mutation Database (HGMD); den Dunnen et al., Hum Mutat, 2016; Oates et al., Am J Hum Genet, 2012; The CEP290 gene is associated with autosomal recessive ciliopathies including Joubert syndrome type 5 (OMIM #610188) and Leber congenital amaurosis type 10 (OMIM #611755)",,6.49,
608904,DYSF,kimi-k2.6,Likely pathogenic,Pathogenic,0.75,,"Liu W, et al. Neuromuscul Disord. 2017;27(11):1043-1052;Nguyen K, et al. Hum Mutat. 2007;28(9):868-875;Aoki T, et al. Neurology. 2001;57(11):2038-2040;Richards S, et al. Genet Med. 2015;17(5):405-424",,8.05,
610193,F9,kimi-k2.6,Likely pathogenic,Pathogenic,0.95,PVS1;PM1;PM2;PP4,"Giannelli et al., Nucleic Acids Res, 1990;Thompson et al., Blood, 1990;Santacroce et al., Haemophilia, 2009;Soucek et al., Blood, 1990",,5.5,
610228,F8,deepseek-chat,Likely pathogenic,Pathogenic,0.75,PM2;PM1;PP3;PP4,"Richards et al., Genet Med, 2015;F8 variant databases (e.g., EAHAD, FVIII-variant DB)",,2.79,
610228,F8,kimi-k2.6,Likely pathogenic,Pathogenic,0.95,PS1;PM1;PM2;PP2;PP3;PP5,"Santoso S, J Throm Haemost, 2006; Oldenburg J, Hemophilia, 2001; Green PM, Nucleic Acids Res, 1990",,5.01,
610228,F8,deepseek-coder,Likely pathogenic,Pathogenic,0.85,PM2;PM5;PP3;PP4,"Richards et al., Standards and guidelines for the interpretation of sequence variants, Genet Med, 2015;Human Gene Mutation Database (HGMD) for F8 variants, 2024",,2.85,
611137,VWF,deepseek-chat,Likely pathogenic,Uncertain significance,0.6,PM2;PP3;PP4,"Goodeve AC, et al. J Thromb Haemost, 2010;Favaloro EJ, et al. Semin Thromb Hemost, 2017",,2.34,
611137,VWF,deepseek-coder,Likely pathogenic,Uncertain significance,0.6,PM2;PP3;PP4,"Goodeve AC, et al. J Thromb Haemost, 2011;Favaloro EJ, et al. Semin Thromb Hemost, 2017",,2.6,
613425,IL2RG,deepseek-chat,Likely pathogenic,Pathogenic,0.95,PVS1;PM2;PP3;PP4,"Noguchi M, et al. Cell, 1993;Puck JM. J Allergy Clin Immunol, 1996;Fischer A, et al. Clin Exp Immunol, 2015",,2.55,
611137,VWF,kimi-k2.6,Likely pathogenic,Pathogenic,0.75,PM1;PM2;PP3;PP4,"Goodeve AC, Haemophilia, 2015; VWF variant database (https://databases.lovd.nl/shared/genes/VWF); Castaman G, Blood, 2003",,4.99,
613425,IL2RG,deepseek-coder,Likely pathogenic,Pathogenic,0.95,PVS1;PM2;PP3;PP4,"Noguchi M, et al. Cell, 1993;Puck JM, et al. Hum Mol Genet, 1997;Kwan A, et al. J Allergy Clin Immunol, 2014",,2.89,
614159,MYOC,deepseek-chat,Likely pathogenic,Pathogenic,0.9,PS1;PM2;PP3;PP5,"Stone EM, et al. Science, 1997;Alward WL, et al. Ophthalmology, 1998;Fingert JH, et al. Hum Mol Genet, 1999",,2.28,
614159,MYOC,deepseek-coder,Likely pathogenic,Pathogenic,0.9,PS1;PM2;PP3;PP5,"Stone EM, et al. Science, 1997;Alward WL, et al. Ophthalmology, 1998;Fingert JH, et al. Am J Hum Genet, 1999",,2.62,
615301,SERPINC1,deepseek-chat,Pathogenic,Pathogenic,0.95,PVS1;PM2;PVS1_Strong,"Lane DA, et al. Thromb Haemost. 1997;78(1):197-211.;Whiteman T, et al. Hum Mutat. 2002;19(4):462-463.",,2.79,
615301,SERPINC1,deepseek-coder,Pathogenic,Pathogenic,0.99,PVS1;PM2;PVS1_Strong,"Bayston TA, et al. Thromb Haemost. 1999;82(2):306-312.;Lane DA, et al. Thromb Haemost. 1997;77(2):197-211.",,2.93,
615301,SERPINC1,kimi-k2.6,Pathogenic,Pathogenic,0.95,PVS1;PM2_Supporting,"Kazmi, Human Mutation, 2020;Maclean, Journal of Thrombosis and Haemostasis, 2017;Bockamp, American Journal of Hematology, 2020",,4.28,
614159,MYOC,kimi-k2.6,Likely pathogenic,Pathogenic,0.75,PS1;PM2;PP2;PP3,"Fingert JH, et al. Hum Mol Genet. 1999;8(6):1021-30;Stone EM, et al. N Engl J Med. 1997;336(15):1029-37;Mackey DA, et al. Ophthalmology. 2003;110(1):121-5;Souzeau E, et al. Ophthalmology. 2013;120(7):1518-25",,6.74,
615640,GP1BB,deepseek-chat,Likely pathogenic,Pathogenic,0.95,PVS1;PM2;PP5,"Kunishima S, et al. Mutations in the N-terminal region of the beta subunit of glycoprotein Ib cause Bernard-Soulier syndrome. Blood. 2002;100(4):1490-1492.;Lanza F, et al. Bernard-Soulier syndrome: a review of the molecular basis of the disease. Semin Thromb Hemost. 2000;26(1):31-38.",,3.03,
615640,GP1BB,deepseek-coder,Likely pathogenic,Pathogenic,0.95,PVS1;PM2;PP5,"Kunishima S, et al. Mutations in the N-terminal region of the beta subunit of glycoprotein Ib cause Bernard-Soulier syndrome. Blood, 1997.;Savoia A, et al. Spectrum of the mutations in Bernard-Soulier syndrome. Hum Mutat, 2014.",,2.66,
613425,IL2RG,kimi-k2.6,Likely pathogenic,Pathogenic,0.95,PVS1;PM2;PP3,"Buckley RH, Annu Rev Immunol, 2004;Noguchi M et al., Cell, 1993;Puck JM, Hum Mutat, 1997",,9.78,
615642,GP1BB,deepseek-chat,Likely pathogenic,Pathogenic,0.95,PVS1;PM2;PM4;PP3,"Kunishima S, et al. Mutations in the N-terminal region of the beta subunit of glycoprotein Ib cause Bernard-Soulier syndrome. Blood. 2002;100(4):1490-1492.;Lanza F, et al. Bernard-Soulier syndrome: a review. Orphanet J Rare Dis. 2006;1:46.",,3.44,
615642,GP1BB,deepseek-coder,Likely pathogenic,Pathogenic,0.95,PVS1;PM2;PM4;PP3,"Kunishima S, et al. Mutations in the N-terminal region of the beta subunit of glycoprotein Ib cause Bernard-Soulier syndrome. Blood, 1997;Lanza F, et al. Bernard-Soulier syndrome: a review. Orphanet J Rare Dis, 2006",,2.81,
615642,GP1BB,kimi-k2.6,Likely pathogenic,Pathogenic,0.95,PVS1;PM1;PM2_Supporting,"Berndt, Blood, 2018;Nurden, Orphanet J Rare Dis, 2011;Lanza, J Thromb Haemost, 2019",,5.64,
615663,F9,deepseek-chat,Likely pathogenic,Pathogenic,0.85,PM2;PM5;PP3;PP4,"Goodeve AC, et al. Haemophilia. 2015;21(4):e292-e300.;Rallapalli PM, et al. J Thromb Haemost. 2013;11(7):1329-1340.",,3.18,
615663,F9,deepseek-coder,Likely pathogenic,Pathogenic,0.85,PM2;PM5;PP3;PP4,"Giannelli F, et al. Nucleic Acids Res. 1998;26(1):222-225.;Rallapalli PM, et al. Hum Mutat. 2013;34(9):1181-1188.",,3.15,
615756,F9,deepseek-chat,Pathogenic,Pathogenic,0.98,PVS1;PM2;PP5,"Giannelli F, et al. Nucleic Acids Res. 1998;26(1):225-227;Rallapalli PM, et al. J Thromb Haemost. 2013;11(6):1185-1189;ClinVar submissions for F9 c.88+1G>A",,2.64,
615756,F9,deepseek-coder,Pathogenic,Pathogenic,0.99,PVS1;PM2;PP5,"Giannelli F, et al. Nucleic Acids Res, 1998;Rallapalli PM, et al. J Thromb Haemost, 2013;ClinVar submission (Variation ID: 10855)",,2.55,
615663,F9,kimi-k2.6,Likely pathogenic,Pathogenic,0.75,PM1;PM2;PP3;PP4,"Kavosi MS et al., J Thromb Haemost, 2020;Santacroce R et al., Haemophilia, 2009;den Dunnen JT et al., Hum Mutat, 2016",,6.71,
615640,GP1BB,kimi-k2.6,Likely pathogenic,Pathogenic,0.99,PVS1;PM2,"Roth GJ, Nieuwenhuis HK, Fournier DJ, et al. The platelet glycoprotein Ib-IX complex: insights into the glycoprotein Ib-IX complex from studies of Bernard-Soulier syndrome. Thromb Haemost. 1995;74:669-676;Andrews RK, Berndt MC. Bernard-Soulier syndrome: an update. Curr Opin Hematol. 2011;18:137-142;Kunishima S, Kamiya T, Saito H. Genetic abnormalities of Bernard-Soulier syndrome. Int J Hematol. 2002;76:319-327",,11.66,
618146,BRCA2,deepseek-chat,Pathogenic,Uncertain significance,0.6,PM2;PP3,"Richards et al., Genet Med, 2015",,1.81,
618146,BRCA2,deepseek-coder,Pathogenic,Uncertain significance,0.6,PM2;PP3;BP4,"Richards et al., Genet Med, 2015;ClinVar submission for BRCA2 c.7847C>T (multiple submitters)",,2.32,
615756,F9,kimi-k2.6,Pathogenic,Pathogenic,0.95,PVS1;PM2,"Kavack SM, Pagon RA, et al., GeneReviews, 1993-2023;Severe A/Haemophilia B mutation database, https://hadb.org.uk",,6.43,
619971,MYOC,deepseek-chat,Likely benign,Pathogenic,0.95,PS1;PM2;PP3;PP5,"Stone EM, et al. Science. 1997;275(5300):668-670;Adam MF, et al. Hum Mol Genet. 1997;6(12):2091-2097;Alward WL, et al. Arch Ophthalmol. 1998;116(12):1643-1646",,2.72,
619971,MYOC,deepseek-coder,Likely benign,Pathogenic,0.95,PS1;PM2;PP3;PP5,"Stone EM, et al. Science. 1997;275(5300):668-670;Alward WL, et al. Ophthalmology. 1998;105(11):2099-2104;Fingert JH, et al. Hum Mol Genet. 1999;8(5):899-905",,2.83,
618146,BRCA2,kimi-k2.6,Pathogenic,Pathogenic,0.75,PM1;PM2;PP2;PP3,"Richards S, Genet Med, 2015; BRCA2 gene-specific databases; ClinVar database",,6.45,
619973,MYOC,deepseek-chat,Likely benign,Uncertain significance,0.6,PM2;PP3;BP4,"Stone EM, et al. Science. 1997;275(5300):668-670;Kobayashi H, et al. Hum Mol Genet. 1997;6(11):1965-1967;Whigham AS, et al. Mol Vis. 2011;17:2457-2468",,3.44,
619973,MYOC,deepseek-coder,Likely benign,Uncertain significance,0.6,PM2;PP3;BP4,"Stone EM, et al. Science. 1997;275(5300):668-670;Kwon YH, et al. Am J Ophthalmol. 2009;147(6):1027-1034",,2.55,
623815,ABCA4,deepseek-chat,Pathogenic,Uncertain significance,0.6,PM2;PP3;BP4,"ClinVar, 2024;gnomAD, 2024",,1.89,
619971,MYOC,kimi-k2.6,Likely benign,Pathogenic,0.85,PS1;PM2;PP3;PP4,"Fingert JH, Nature Genetics, 1999; Alward WL, Science, 1998; Stone EM, NEJM, 1997; Mackey DA, Ophthalmology, 2003; Souzeau E, Human Mutation, 2005; Kitchle M, Archives of Ophthalmology, 2005; gnomAD database, accessed 2024",,7.0,
619973,MYOC,kimi-k2.6,Likely benign,Pathogenic,0.75,PS1;PM2;PP2;PP3,"Fingert JH, Nature, 1999; Alward WL, Science, 1998; Stone EM, NEJM, 1997; Mackey DA, Ophthalmology, 2003; Hewitt AW, Hum Mutat, 2008",,6.25,
623815,ABCA4,deepseek-coder,Pathogenic,Uncertain significance,0.6,PM2;PP3;PP4,"Sohocki et al., Hum Mutat, 2001;Allikmets et al., Nat Genet, 1997",,2.34,
623913,RPGR,deepseek-chat,Pathogenic,Pathogenic,0.95,PVS1;PM2;PVS1_Strong,"Vervoort et al., Nat Genet, 2000;Shu et al., Hum Mol Genet, 2007;Hosch et al., Invest Ophthalmol Vis Sci, 2005",,2.63,
623913,RPGR,deepseek-coder,Pathogenic,Pathogenic,0.99,PVS1;PM2;PVS1_Strong,"Vervoort et al., Nat Genet, 2000;Hosch et al., Hum Mutat, 2011",,2.32,
623815,ABCA4,kimi-k2.6,Pathogenic,Pathogenic,0.75,PM1;PM2;PP3;PP4,"Allikmets R, et al., Science, 1997; Lewis RA, et al., Am J Hum Genet, 1999; Sun H, et al., Nat Genet, 2000; Rivera A, et al., Hum Genet, 2000; Yatsenko AN, et al., Invest Ophthalmol Vis Sci, 2003; Maugeri A, et al., Hum Mutat, 1999",,6.67,
625915,IDUA,deepseek-chat,Pathogenic,Pathogenic,0.95,PVS1;PM2;PP5,"Scott HS, et al. Am J Hum Genet, 1995;Beesley CE, et al. Hum Mutat, 2001;ClinVar submissions (multiple)",,2.58,
623913,RPGR,kimi-k2.6,Pathogenic,Pathogenic,0.95,PVS1;PM2;PP4,"ACMG Standards and Guidelines for the Interpretation of Sequence Variants, Richards et al., Genet Med, 2015;RetNet: Summaries of Genes and Retinal Diseases, https://sph.uth.edu/retnet/sum-dis.htm",,4.82,
625915,IDUA,deepseek-coder,Pathogenic,Pathogenic,0.95,PVS1;PM2;PP5,"Scott HS, et al. Am J Hum Genet, 1995;Beesley CE, et al. Hum Mutat, 2001;ClinVar submissions",,2.37,
625915,IDUA,kimi-k2.6,Pathogenic,Pathogenic,0.95,PVS1;PM2_Supporting,"Richards S, et al., Genet Med, 2015; ACMG/AMP Sequence Variant Interpretation Guidelines",,4.54,
627128,SERPINC1,deepseek-coder,Pathogenic,Pathogenic,0.85,PVS1;PM2;PM4,"Bayston TA, et al., Thromb Haemost, 1999;Lane DA, et al., Hum Mutat, 1997",,2.27,
627128,SERPINC1,deepseek-chat,Pathogenic,Pathogenic,0.85,PVS1;PM2;PM4,"Bayston TA, et al. Thromb Haemost. 1999;82(2):306-312;Lane DA, et al. Hum Mutat. 1997;10(2):99-112",,3.15,
627412,ACTA1,deepseek-chat,Likely pathogenic,Pathogenic,0.9,PS1;PM2;PP3;PP5,"Nowak KJ, et al. Am J Hum Genet, 1999;Sparrow JC, et al. Hum Mutat, 2003;Clarkson E, et al. Neuromuscul Disord, 2004",,2.49,
627412,ACTA1,deepseek-coder,Likely pathogenic,Pathogenic,0.9,PS1;PM2;PP3;PP5,"Sparrow JC, et al. Hum Mutat, 2003;Nowak KJ, et al. Neuromuscul Disord, 1999;Clarke NF, et al. Ann Neurol, 2004",,2.54,
627412,ACTA1,kimi-k2.6,Likely pathogenic,Pathogenic,0.85,PS1;PM2;PP3,"Nowak KJ et al., Ann Neurol, 1999; Kaindl AM et al., Neuromuscul Disord, 2004; Laing NG et al., Acta Neuropathol, 2009",,4.25,
630460,DYSF,deepseek-coder,Pathogenic,Uncertain significance,0.6,PM2;PP3,"Richards et al., Genet Med, 2015",,1.94,
630460,DYSF,deepseek-chat,Pathogenic,Uncertain significance,0.6,PM2;PP3,"Richards et al., Genet Med, 2015",,2.04,
630460,DYSF,kimi-k2.6,Pathogenic,Uncertain significance,0.3,,,,3.21,
641418,CEP290,deepseek-chat,Pathogenic,Uncertain significance,0.6,PM2;PP3,"Coppieters F, et al. Hum Mutat, 2010;Drivas TG, et al. Am J Hum Genet, 2015",,2.79,
641418,CEP290,deepseek-coder,Pathogenic,Uncertain significance,0.6,PM2;PP3,"Coppieters F, et al. Hum Mutat, 2010;Drivas TG, et al. Am J Hum Genet, 2015",,2.44,
627128,SERPINC1,kimi-k2.6,Pathogenic,Pathogenic,0.95,PVS1;PM1;PM4,"Kuhl C, Rosenberg S, Biochemistry, 1994;Lane DA, Bayston T, Olds RJ, et al., Blood, 1992;Bock SC, Harris JF, Am J Hum Genet, 1994;Schreuder M, de Laat B, van Hylckama Vlieg A, et al., J Thromb Haemost, 2018",,9.08,
643172,CAPN3,deepseek-chat,Likely pathogenic,Uncertain significance,0.6,PM2;PP3,"Richard et al., Am J Hum Genet, 1995;Kramerova et al., Biochim Biophys Acta, 2007",,2.52,
643172,CAPN3,deepseek-coder,Likely pathogenic,Uncertain significance,0.6,PM2;PP3,"Richards et al., Genet Med, 2015",,2.35,
643186,CAPN3,deepseek-chat,Likely pathogenic,Uncertain significance,0.6,PM2;PP3,"Richards et al., Genet Med, 2015",,2.24,
643186,CAPN3,deepseek-coder,Likely pathogenic,Uncertain significance,0.6,PM2;PP3,"Richard et al., Am J Hum Genet, 1995;Fanin et al., Hum Mutat, 2004",,2.28,
643172,CAPN3,kimi-k2.6,Likely pathogenic,Pathogenic,0.75,PM1;PM2;PP3;PP4,"Anderson et al., Am J Hum Genet, 1999;Richard et al., Hum Mutat, 2015;Oates et al., Neuromuscul Disord, 2018",,5.66,
643186,CAPN3,kimi-k2.6,Likely pathogenic,Pathogenic,0.75,PM1;PM2;PP3;PP4,"Richard I, et al., Nature, 1995; Anderson LV, et al., Neuromuscul Disord, 1999; Fanin M, et al., Hum Mutat, 2009",,4.26,
641418,CEP290,kimi-k2.6,Pathogenic,Pathogenic,0.75,PM1;PM2;PP2;PP3,"Leitch CC, et al., Nat Genet, 2008; den Hollander AI, et al., Am J Hum Genet, 2006; The CEP290 gene is associated with Joubert syndrome, Meckel-Gruber syndrome, and Leber congenital amaurosis; population frequency data from gnomAD",,7.79,
646064,BRCA1,deepseek-chat,Likely pathogenic,Pathogenic,0.95,PVS1;PM2;PVS1_Strength;PS4,"Easton DF, et al. Am J Hum Genet, 2007;Rebbeck TR, et al. J Natl Cancer Inst, 2018;ClinVar submission (SCV000190123.5)",,2.76,
646064,BRCA1,deepseek-coder,Likely pathogenic,Pathogenic,0.95,PVS1;PM2;PVS1_Strength;PS4_Moderate,"Easton DF, et al. Am J Hum Genet. 2007;81(5):873-883;Rebbeck TR, et al. J Natl Cancer Inst. 2018;110(9):1010-1018;ClinVar submission (SCV000190123.5)",,3.45,
646178,SGCA,deepseek-chat,Likely pathogenic,Uncertain significance,0.6,PM2;PP3;BP4,"Bonnemann CG, et al. Neurology, 1995;Piccolo F, et al. Am J Hum Genet, 1995",,2.4,
646178,SGCA,deepseek-coder,Likely pathogenic,Uncertain significance,0.6,PM2;PP3;BP4,"Richards S, et al. Standards and guidelines for the interpretation of sequence variants. Genet Med. 2015;17(5):405-424.",,2.66,
646064,BRCA1,kimi-k2.6,Likely pathogenic,Pathogenic,0.95,PVS1;PS1;PM2;PP5,"Miki et al., Science, 1994; Ransburgh et al., Breast Cancer Res Treat, 2010; Findlay et al., Cell, 2018; ENIGMA consortium; ClinVar entry VCV000044901.26",,5.15,
646178,SGCA,kimi-k2.6,Likely pathogenic,Pathogenic,0.75,PM1;PM2;PP3;PP4,"Richards S, Genet Med, 2015; Nowak KJ, Hum Mutat, 2000; D'Angelo MG, Neuromuscul Disord, 2011",,4.36,
646880,GAA,deepseek-chat,Likely pathogenic,Pathogenic,0.99,PVS1;PM2_supporting,"Kroos M, et al. Hum Mutat. 2008;29(6):E13-E26.;Reuser AJ, et al. Hum Mutat. 2019;40(11):1900-1913.",,2.6,
646767,TP53,deepseek-chat,Pathogenic,Pathogenic,0.95,PS1;PM2;PM5;PP3;PP5,"Bouaoun L, et al. TP53 Variations in Human Cancers: New Lessons from the IARC TP53 Database and Genomics Data. Hum Mutat. 2016;37(9):865-876.;Kato S, et al. Understanding the function-structure and function-mutation relationships of p53 tumor suppressor protein by high-resolution missense mutation analysis. Proc Natl Acad Sci U S A. 2003;100(14):8424-8429.;Giacomelli AO, et al. Mutational processes shape the landscape of TP53 mutations in human cancer. Nat Genet. 2018;50(10):1381-1387.",,3.79,
646880,GAA,deepseek-coder,Likely pathogenic,Pathogenic,0.99,PVS1;PM2_supporting,"Kroos M, et al. Hum Mutat. 2008;29(6):E13-E26.;Reuser AJJ, et al. Hum Mutat. 2019;40(11):1954-1972.",,2.59,
646767,TP53,deepseek-coder,Pathogenic,Pathogenic,0.95,PS1;PM2;PM5;PP3;PP5,"Bouaoun L, et al. TP53 Variations in Human Cancers: New Lessons from the IARC TP53 Database and Genomics Data. Hum Mutat. 2016;37(9):865-876.;Kato S, et al. Understanding the function-structure and function-mutation relationships of p53 tumor suppressor protein by high-resolution missense mutation analysis. Proc Natl Acad Sci U S A. 2003;100(14):8424-8429.;Giacomelli AO, et al. Mutational processes shape the landscape of TP53 mutations in human cancer. Nat Genet. 2018;50(10):1381-1387.",,3.9,
646767,TP53,kimi-k2.6,Pathogenic,Pathogenic,0.95,PS3;PM1;PM2;PP2;PP3,"Kato S et al., PNAS, 2003; Joerger AC, Fersht AR, Annu Rev Biochem, 2008; Bouaoun L et al., Hum Mutat, 2016; Leroy B et al., Hum Mutat, 2018; Giacomelli F et al., Cell Rep, 2018",,6.69,
646880,GAA,kimi-k2.6,Likely pathogenic,Pathogenic,0.95,PVS1;PM2_Supporting,"Richards S, Genet Med, 2015; ACMG/AMP sequence variant interpretation guidelines;Kroos MA, Am J Hum Genet, 1995; GAA mutations in Pompe disease;Winchester B, J Inherit Metab Dis, 2006; Pompe disease review",,5.14,
646901,GAA,deepseek-chat,Likely pathogenic,Pathogenic,0.99,PVS1;PM2;PP5,"Kroos M, et al. Hum Mutat. 2008;29(6):E223-E228.;Reuser AJJ, et al. Hum Mutat. 2019;40(12):2230-2238.",,2.76,
646901,GAA,deepseek-coder,Likely pathogenic,Pathogenic,0.99,PVS1;PM2;PP3;PP5,"Kroos M, et al. Hum Mutat. 2008;29(6):E13-E20.;Reuser AJ, et al. Hum Mutat. 2019;40(11):1954-1972.",,2.9,
654152,SLC6A8,deepseek-chat,Likely pathogenic,Pathogenic,0.85,PVS1;PM2;PM1,"Salomons GS, et al. Am J Hum Genet. 2001;68(6):1497-1500.;van de Kamp JM, et al. J Inherit Metab Dis. 2013;36(3):427-434.",,2.84,
654965,F8,deepseek-chat,Likely pathogenic,Uncertain significance,0.6,PM2;PP3;PP4,"Richards et al., Genet Med, 2015",,2.12,
654152,SLC6A8,deepseek-coder,Likely pathogenic,Pathogenic,0.85,PVS1;PM2;PM1,"Salomons GS, et al. Am J Hum Genet. 2001;68(6):1497-1500.;van de Kamp JM, et al. J Inherit Metab Dis. 2013;36(2):299-307.",,2.85,
646901,GAA,kimi-k2.6,Likely pathogenic,Pathogenic,0.99,PVS1;PM2,"Richards S, et al., Standards and guidelines for the interpretation of sequence variants: a joint consensus recommendation of the American College of Medical Genetics and Genomics and the Association for Molecular Pathology. Genet Med. 2015;17(5):405-24.",,5.9,
654965,F8,deepseek-coder,Likely pathogenic,Uncertain significance,0.6,PM2;PP3;PP4,"Richards et al., Genet Med, 2015",,2.16,
654152,SLC6A8,kimi-k2.6,Likely pathogenic,Pathogenic,0.95,PVS1;PM2,"Strom et al., Am J Hum Genet, 1998;Rosenberg et al., Nat Genet, 2004;van de Kamp et al., J Inherit Metab Dis, 2014;ACMG Standards and Guidelines, 2015",,6.46,
681815,GAA,deepseek-chat,Likely pathogenic,Pathogenic,0.99,PVS1;PM2;PVS1_Strong,"Kroos M, et al. Hum Mutat, 2008;Reuser AJ, et al. Hum Mutat, 2019",,2.21,
681815,GAA,deepseek-coder,Likely pathogenic,Pathogenic,0.99,PVS1;PM2;PVS1_Strong,"Kroos M, et al. Hum Mutat, 2008;Reuser AJ, et al. Hum Mutat, 2019",,2.42,
684948,SLC9A6,deepseek-chat,Benign,Uncertain significance,0.6,PM2;BP4;BP7,"Richards S, et al. Standards and guidelines for the interpretation of sequence variants. Genet Med. 2015;17(5):405-424.",,2.38,
684948,SLC9A6,deepseek-coder,Benign,Uncertain significance,0.6,PM2;BP4;BP7,"Richards S, et al. Genet Med. 2015;17(5):405-424",,2.32,
654965,F8,kimi-k2.6,Likely pathogenic,Pathogenic,0.95,PVS1;PS3;PM1;PM2;PP4,"Santacroce R, et al., Haemophilia, 2009;Oldenburg J, et al., Haemophilia, 2014;Goodeve AC, et al., Hum Mutat, 2000;Bogdanova N, et al., J Thromb Haemost, 2012",,7.61,
684948,SLC9A6,kimi-k2.6,Benign,Benign,0.95,BA1,"Richards S, et al., Genet Med, 2015; ACMG/AMP Sequence Variant Interpretation Guidelines",,3.57,
681815,GAA,kimi-k2.6,Likely pathogenic,Pathogenic,0.95,PVS1;PM2_Supporting,"ACMG Standards and Guidelines for the Interpretation of Sequence Variants, Richards et al., Genet Med, 2015;Kroos et al., Genet Med, 2012;Witt et al., Eur J Hum Genet, 2008",,6.55,
685287,HBB,deepseek-coder,Benign,Uncertain significance,0.6,PM2_supporting;PVS1_modified,"Richards S, et al. Genet Med, 2015",,2.42,
685287,HBB,kimi-k2.6,Benign,Pathogenic,0.95,PVS1;PM2_supporting;PP4,"Santos CD, et al., Blood Cells Mol Dis, 2010;Thein SL, Best Pract Res Clin Haematol, 2018;ACMG/AMP Sequence Variant Interpretation Guidelines, 2015",,4.06,
685287,HBB,deepseek-chat,Benign,Uncertain significance,0.6,PVS1_Strength_Modified;PM2_Supporting,"Thein SL, Blood, 2013, 'The molecular basis of β-thalassemia';Orkin SH et al., Nature, 1982, 'Mutations in the β-globin gene affecting RNA splicing'",,3.0,
688058,CEP290,deepseek-chat,Benign,Uncertain significance,0.7,PM2;BP4;BP7,"Richards et al., Genet Med, 2015;Silva et al., Hum Mutat, 2019",,2.22,
688058,CEP290,deepseek-coder,Benign,Uncertain significance,0.7,PM2;BP4;BP7,"Richards et al., Genet Med, 2015",,2.08,
690005,HBB,deepseek-chat,Benign,Uncertain significance,0.2,PM2_supporting;PVS1_NA;PS1_NA,"Richards et al., Genet Med, 2015",,2.38,
690005,HBB,deepseek-coder,Benign,Uncertain significance,0.6,PM2;PVS1_Strength_Moderate,"Richards S, et al. Standards and guidelines for the interpretation of sequence variants. Genet Med. 2015;17(5):405-424.",,2.7,
688058,CEP290,kimi-k2.6,Benign,Benign,0.95,BA1;BP4;BP7,"Karczewski et al., Nature, 2020 (gnomAD); Richards et al., Genet Med, 2015 (ACMG/AMP guidelines)",,5.61,
731877,MYOC,deepseek-chat,Benign,Uncertain significance,0.6,PM2;BP4;BP7,"Richards et al., Genet Med, 2015",,2.33,
690005,HBB,kimi-k2.6,Benign,Pathogenic,0.99,PVS1;PM2;PP4,"Piel FB, Howes RE, et al., Lancet, 2013;Rees DC, Williams TN, Gladwin MT., Lancet, 2010;Bunn HF., N Engl J Med, 1997",,4.68,
731877,MYOC,deepseek-coder,Benign,Uncertain significance,0.6,PM2;BP4;BP7,"Richards S, et al. Genet Med. 2015;17(5):405-424",,2.45,
731877,MYOC,kimi-k2.6,Benign,Benign,0.95,BP7;BP4;BA1,"Richards S, et al., Genet Med, 2015;Frazer KA, et al., Nat Rev Genet, 2009;MacArthur DG, et al., Nature, 2012",,5.49,
773313,RUNX1,deepseek-chat,Likely benign,Uncertain significance,0.7,PM2;BP4;BP7,"Richards S, et al. Standards and guidelines for the interpretation of sequence variants. Genet Med. 2015;17(5):405-424.",,2.43,
773313,RUNX1,deepseek-coder,Likely benign,Uncertain significance,0.6,PM2;BP4;BP7,"Richards S, et al. Genet Med. 2015;17(5):405-424.",,2.6,
773315,RUNX1,deepseek-chat,Likely benign,Uncertain significance,0.75,PM2;BP4;BP7,"Richards S, et al. Standards and guidelines for the interpretation of sequence variants. Genet Med. 2015;17(5):405-424.",,2.38,
773315,RUNX1,kimi-k2.6,Likely benign,Uncertain significance,0.3,,,,3.37,
773316,RUNX1,deepseek-chat,Likely benign,Benign,0.9,BP4;BP7,"Richards S, et al. Standards and guidelines for the interpretation of sequence variants. Genet Med. 2015;17(5):405-424.",,2.37,
773315,RUNX1,deepseek-coder,Likely benign,Uncertain significance,0.6,PM2;BP4;BP7,"Richards S, et al. Standards and guidelines for the interpretation of sequence variants. Genet Med. 2015;17(5):405-424.",,2.97,
773313,RUNX1,kimi-k2.6,Likely benign,Uncertain significance,0.3,,"Richards S, et al., Genet Med, 2015; ACMG/AMP Sequence Variant Interpretation Guidelines",,6.32,
773316,RUNX1,deepseek-coder,Likely benign,Uncertain significance,0.7,PM2;BP4;BP7,"Richards S, et al. Standards and guidelines for the interpretation of sequence variants. Genet Med. 2015;17(5):405-424.;Silva et al. In silico splicing prediction tools. Hum Mutat. 2019.",,2.51,
773316,RUNX1,kimi-k2.6,Likely benign,Uncertain significance,0.3,,,,4.25,
773781,F9,deepseek-coder,Benign,Pathogenic,0.95,PVS1;PM2;PP3;PP4,"Giannelli F, et al. Nucleic Acids Res, 1998;Rallapalli PM, et al. Hum Mutat, 2013",,2.62,
775846,HBB,deepseek-chat,Likely benign,Uncertain significance,0.6,PM2;BP7,"Richards et al., Genet Med, 2015",,2.15,
773781,F9,deepseek-chat,Benign,Pathogenic,0.95,PVS1;PM2;PP3;PP4,"Giannelli F, et al. Haemophilia B: database of point mutations and short additions and deletions. Nucleic Acids Res. 1998;26(1):222-225.;Goodeve AC. Hemophilia B: molecular pathogenesis and mutation analysis. J Thromb Haemost. 2015;13(7):1184-1195.",,3.21,
775846,HBB,deepseek-coder,Likely benign,Uncertain significance,0.6,PM2_supporting;BP7_contradictory,"Richards S, et al. Genet Med. 2015;17(5):405-424",,2.26,
776038,DICER1,deepseek-chat,Likely benign,Uncertain significance,0.6,PM2;BP4,"Richards et al., Genet Med, 2015",,2.09,
775846,HBB,kimi-k2.6,Likely benign,Uncertain significance,0.3,,,,5.28,
776038,DICER1,deepseek-coder,Likely benign,Uncertain significance,0.6,PM2;BP4,"Richards S, et al. Genet Med. 2015;17(5):405-424",,2.56,
780779,ABCA4,deepseek-chat,Likely benign,Uncertain significance,0.6,PM2;BP4;BP7,"Richards S, et al. Genet Med. 2015;17(5):405-424",,2.03,
780779,ABCA4,kimi-k2.6,Likely benign,Benign,0.95,BP4;BP7,"Richards S, et al., Genet Med, 2015; ACMG/AMP sequence variant interpretation guidelines",,3.57,
780779,ABCA4,deepseek-coder,Likely benign,Uncertain significance,0.6,PM2;BP4;BP7,"Richards S, et al. Genet Med. 2015;17(5):405-424",,1.91,
776038,DICER1,kimi-k2.6,Likely benign,Uncertain significance,0.3,,"Richards S, et al., Genet Med, 2015, PMID:25741868",,5.91,
773781,F9,kimi-k2.6,Benign,Pathogenic,0.95,PVS1;PM2;PP4,"Giannelli F, Green PM, Sommer SS, et al. Haemophilia B: database of point mutations and short additions and deletions. Nucleic Acids Res. 1990;18(19):4053-4058.;Koehle TJ, Blais JD, Glader BE, et al. The mutation p.Met1? in the factor IX gene causes hemophilia B in a male newborn. J Thromb Haemost. 2005;3(8):1752-1754.;Santacroce R, D'Andrea G, D'Andrea M, et al. Identification of 12 novel mutations in the factor IX gene using SSCP. Thromb Haemost. 2000;84(6):1069-1072.",,9.78,
791280,CEP290,deepseek-chat,Pathogenic,Uncertain significance,0.6,PM2;PVS1_Moderate,"Richards S, et al. Genet Med. 2015;17(5):405-424",,2.59,
791280,CEP290,deepseek-coder,Pathogenic,Uncertain significance,0.6,PM2;PVS1_Moderate,"Richards S, et al. Genet Med, 2015;Drivas TG, et al. Hum Mutat, 2015",,2.52,
791285,CEP290,deepseek-chat,Likely pathogenic,Uncertain significance,0.6,PM2;PP3,"Richards et al., Genet Med, 2015",,2.15,
791285,CEP290,deepseek-coder,Likely pathogenic,Uncertain significance,0.6,PM2;PP3,"Richards et al., Genet Med, 2015",,1.87,
791285,CEP290,kimi-k2.6,Likely pathogenic,Uncertain significance,0.2,,"ACMG Standards and Guidelines for the interpretation of sequence variants, Richards et al., Genet Med, 2015",,4.94,
791280,CEP290,kimi-k2.6,Pathogenic,Pathogenic,0.85,PVS1_Strong;PM2,"Bujakowska KM, et al., Am J Hum Genet, 2011; Khanna H, et al., Nat Genet, 2009; Drivas MD, et al., Ophthalmic Genet, 2015",,6.67,
791925,RYR1,deepseek-chat,Likely pathogenic,Pathogenic,0.85,PS1;PM2;PP3;PP5,"Robinson R, et al. Hum Mutat. 2006;27(10):977-989;Brandom BW, et al. Anesthesiology. 2013;118(2):383-388;Gonsalves SG, et al. Hum Mutat. 2013;34(12):1722-1728",,2.99,
791925,RYR1,kimi-k2.6,Likely pathogenic,Uncertain significance,0.3,,no specific references available for this variant,,3.3,
791925,RYR1,deepseek-coder,Likely pathogenic,Pathogenic,0.9,PS1;PM2;PP3;PP5,"Robinson R, et al. Hum Mutat. 2006;27(10):977-989.;Brandom BW, et al. Anesthesiology. 2013;118(4):859-871.;ClinVar: RCV000020123.1",,3.09,
792790,CEP290,deepseek-chat,Pathogenic,Pathogenic,0.95,PVS1;PM2_Supporting,"den Hollander et al., Am J Hum Genet, 2006;Coppieters et al., Hum Mutat, 2010",,2.53,
792575,HBA2,deepseek-chat,Likely pathogenic,Pathogenic,0.95,PS1;PM2;PM3;PP3;PP4,"Higgs DR, et al. The molecular basis of alpha-thalassemia. Cold Spring Harb Perspect Med. 2013;3(1):a011718.;Origa R, et al. Alpha-thalassemia. GeneReviews. 2013 (updated 2021).",,3.27,
792790,CEP290,deepseek-coder,Pathogenic,Pathogenic,0.95,PVS1;PM2_Supporting,"den Hollander et al., Am J Hum Genet, 2006;Coppieters et al., Hum Mutat, 2010",,2.24,
792575,HBA2,deepseek-coder,Likely pathogenic,Pathogenic,0.95,PS1;PM2;PM3;PP3;PP5,"Bunn HF, et al. J Clin Invest. 1975;56(5):1131-1138;Moo-Penn WF, et al. Hemoglobin. 1976;1(1):47-59;Kohne E. Hemoglobin. 2011;35(3):229-236",,3.87,
792575,HBA2,kimi-k2.6,Likely pathogenic,Pathogenic,0.95,PVS1;PM1;PM2;PP3,"Huisman THJ, Blood Reviews, 1997;Galanello R, Orphanet Journal of Rare Diseases, 2010;Thompson AA, Hematology/Oncology Clinics of North America, 2018;ACMG Standards and Guidelines for the Interpretation of Sequence Variants, 2015",,7.56,
792790,CEP290,kimi-k2.6,Pathogenic,Pathogenic,0.95,PVS1;PM3,"The Human Gene Mutation Database (HGMD); den Dunnen et al., Hum Mutat, 2016; Forsythe et al., Genet Med, 2015",,5.92,
793218,GCK,deepseek-coder,Likely pathogenic,Pathogenic,0.85,PM2;PM5;PP3;PP4,"Gloyn AL, et al. Diabetes. 2003;52(5):1253-1260.;Osbak KK, et al. Hum Mutat. 2009;30(11):1512-1526.",,3.02,
793218,GCK,deepseek-chat,Likely pathogenic,Pathogenic,0.85,PM2;PM5;PP3;PP4,"Gloyn AL, et al. Diabetes. 2003;52(5):1253-1260;Osbak KK, et al. Hum Mutat. 2009;30(11):1512-1526",,3.57,
793218,GCK,kimi-k2.6,Likely pathogenic,Pathogenic,0.75,PM1;PM2;PP3;PP4,"Gloyn AL, et al., Human Mutation, 2005; Pearson ER, et al., Diabetes, 2001; Richards S, et al., Genet Med, 2015 (ACMG guidelines)",,5.59,
793230,GCK,kimi-k2.6,Pathogenic,Pathogenic,0.75,PS3;PM1;PM2;PP3,"Sagen et al., Human Mutation, 2008;Garcia-Herrero et al., Journal of Biological Chemistry, 2007;Richards et al., Genet Med, 2015",,5.04,
793230,GCK,deepseek-chat,Pathogenic,Pathogenic,0.85,PM2;PS1;PM1;PP3;PP4,"Gloyn AL, et al. Diabetes. 2003;52(9):2433-2440.;Osbak KK, et al. Hum Mutat. 2009;30(11):1512-1526.;Stenson PD, et al. Hum Genet. 2017;136(6):665-677.",,3.13,
793237,GCK,deepseek-chat,Pathogenic,Pathogenic,0.85,PS1;PM2;PP3;PP4,"Gloyn AL, et al. Diabetes. 2003;52(5):1250-1255.;Osbak KK, et al. Hum Mutat. 2009;30(11):1512-1526.",,3.0,
793230,GCK,deepseek-coder,Pathogenic,Pathogenic,0.85,PM2;PS1;PM1;PP3;PP4,"Gloyn AL, et al. Diabetes. 2003;52(9):2433-2440. (Functional studies of GCK mutations);Osbak KK, et al. Hum Mutat. 2009;30(11):1512-1526. (GCK mutation database and phenotype);Stenson PD, et al. Hum Genet. 2017;136(6):665-677. (In silico prediction tools)",,3.63,
794491,MYOC,deepseek-chat,Likely benign,Uncertain significance,0.6,PM4;BP7,"Richards et al., Genet Med, 2015",,2.31,
793237,GCK,deepseek-coder,Pathogenic,Pathogenic,0.85,PS1;PM2;PP3;PP4,"Osbak KK, et al. Hum Mutat. 2009;30(11):1512-1526.;Gloyn AL, et al. Diabetologia. 2003;46(6):793-800.",,2.67,
794491,MYOC,deepseek-coder,Likely benign,Uncertain significance,0.6,PM4;BP7,"Richards et al., Genet Med, 2015",,2.2,
793237,GCK,kimi-k2.6,Pathogenic,Pathogenic,0.85,PS3;PM1;PM2;PP3,"Sagen JV, et al., Diabetes, 2004;Gillespie KM, et al., Diabetologia, 1994;Matschinsky FM, et al., Diabetes, 2002",,5.84,
800273,F8,deepseek-chat,Benign,Uncertain significance,0.6,PM4;BP7,"Richards et al., Genet Med, 2015",,2.19,
800273,F8,deepseek-coder,Benign,Likely benign,0.85,BP4;BP7;PM2_supporting,"Richards et al., Genet Med, 2015",,2.13,
800273,F8,kimi-k2.6,Benign,Uncertain significance,0.3,,"Richards S, et al., Genet Med, 2015;den Dunnen JT, et al., Hum Mutat, 2016",,3.86,
800704,RPGR,deepseek-chat,Pathogenic,Pathogenic,0.95,PVS1;PM2;PP5,"Vervoort et al., Nature Genetics, 2000;Shu et al., Human Mutation, 2007;Bader et al., Human Mutation, 2003",,2.31,
794491,MYOC,kimi-k2.6,Likely benign,Benign,0.95,BA1;BP4;BP7,"ACMG Standards and Guidelines for the interpretation of sequence variants, Richards et al., Genet Med, 2015;Abouzeid et al., Ophthalmic Genet, 2012 (MYOC genotype-phenotype correlations);Frazer et al., Nat Rev Genet, 2009 (synonymous variant effects)",,6.2,
800704,RPGR,deepseek-coder,Pathogenic,Pathogenic,0.95,PVS1;PM2;PP5,"Vervoort et al., Nat Genet, 2000;Shu et al., Hum Mutat, 2007;Bader et al., Hum Mutat, 2003",,2.46,
800704,RPGR,kimi-k2.6,Pathogenic,Pathogenic,0.95,PVS1;PM2,"Richards S, Genet Med, 2015; Bujakowska KM, Am J Hum Genet, 2012; Sharon D, Adv Exp Med Biol, 2019",,4.86,
801035,BMPR2,deepseek-chat,Likely pathogenic,Pathogenic,0.85,PM2;PM5;PP3;PP4,"Lane KB et al., Am J Hum Genet, 2000;Machado RD et al., Hum Mutat, 2006;Girerd B et al., Orphanet J Rare Dis, 2015",,3.14,
801035,BMPR2,deepseek-coder,Likely pathogenic,Pathogenic,0.85,PM2;PM5;PP3;PP4,"Lane KB et al., Am J Hum Genet, 2000;Machado RD et al., Hum Mutat, 2006;Girerd B et al., Orphanet J Rare Dis, 2015",,2.95,
801237,BMPR2,deepseek-chat,Likely pathogenic,Pathogenic,0.9,PVS1;PM2_Supporting,"Lane KB, et al. Am J Hum Genet. 2000;66(6):1875-1884.;Machado RD, et al. Hum Mutat. 2006;27(2):121-132.;Kobayashi T, et al. Hum Mutat. 2004;24(2):155-162.",,2.86,
801035,BMPR2,kimi-k2.6,Likely pathogenic,Pathogenic,0.85,PS1;PM2;PP2;PP3,"Machado RD, et al., N Engl J Med, 2006;Harrison RE, et al., Am J Hum Genet, 2005;Evans JD, et al., Eur Respir Rev, 2014;Girerd B, et al., Eur Respir J, 2010",,5.85,
801237,BMPR2,deepseek-coder,Likely pathogenic,Pathogenic,0.9,PVS1;PM2_Supporting,"Lane KB et al., Am J Hum Genet, 2000;Machado RD et al., Hum Mutat, 2006;International PAH Consortium, Hum Mutat, 2015",,2.61,
801485,RPGR,deepseek-chat,Pathogenic,Pathogenic,0.95,PVS1;PM2;PVS1_Strong,"Vervoort et al., Nat Genet, 2000;Shu et al., Hum Mol Genet, 2007;Bader et al., Hum Mutat, 2003",,3.05,
801485,RPGR,deepseek-coder,Pathogenic,Pathogenic,0.95,PVS1;PM2;PVS1_Strong,"Vervoort et al., Nat Genet, 2000;Shu et al., Hum Mutat, 2007;Branham et al., Invest Ophthalmol Vis Sci, 2012",,2.57,
801490,RPGR,deepseek-chat,Pathogenic,Pathogenic,0.95,PVS1;PM2;PVS1_Strong,"Vervoort et al., Nature Genetics, 2000;Shu et al., Human Mutation, 2007;Branham et al., Investigative Ophthalmology & Visual Science, 2012",,2.79,
801490,RPGR,deepseek-coder,Pathogenic,Pathogenic,0.95,PVS1;PM2_Supporting,"Vervoort et al., Nature Genetics, 2000;Shu et al., Human Mutation, 2007",,2.23,
801237,BMPR2,kimi-k2.6,Likely pathogenic,Pathogenic,0.95,PVS1;PM2,"Richards S, Richards S, Aziz N, et al. Standards and guidelines for the interpretation of sequence variants: a joint consensus recommendation of the American College of Medical Genetics and Genomics and the Association for Molecular Pathology. Genet Med. 2015;17(5):405-424.;Girerd B, Montani D, Coulet F, et al. Clinical outcomes of pulmonary arterial hypertension in patients carrying an ACVRL1 (ALK1) or BMPR2 mutation. J Med Genet. 2010;47(3):177-182.;Evans JD, Girerd B, Montani D, et al. BMPR2 mutations and survival in pulmonary arterial hypertension: an individual participant data meta-analysis. Lancet Respir Med. 2016;4(2):129-137.",,8.32,
801490,RPGR,kimi-k2.6,Pathogenic,Pathogenic,0.95,PVS1;PM2,"Richards S, Genet Med, 2015;Ellingford JM, Eur J Hum Genet, 2016",,4.21,
801485,RPGR,kimi-k2.6,Pathogenic,Pathogenic,0.95,PVS1;PM2_Supporting,"ACMG Standards and Guidelines for the Interpretation of Sequence Variants, Richards et al., Genet Med, 2015;RetNet: Retinal Information Network, https://www.sph.uth.tmc.edu/Retnet/;OMIM Entry #312610 - RETINITIS PIGMENTOSA 3; RP3",,7.24,
801503,CEP290,deepseek-chat,Likely pathogenic,Pathogenic,0.95,PVS1;PM2_Supporting,"den Hollander et al., Am J Hum Genet, 2006;Coppieters et al., Hum Mutat, 2010",,2.16,
801503,CEP290,deepseek-coder,Likely pathogenic,Pathogenic,0.95,PVS1;PM2_Supporting,"Coppieters F, et al. Hum Mutat, 2010;Drivas TG, et al. Am J Hum Genet, 2015",,2.35,
802134,DYSF,deepseek-chat,Likely pathogenic,Uncertain significance,0.6,PM2;PP3,"Aartsma-Rus A, et al. Hum Mutat, 2006;Krahn M, et al. Hum Mutat, 2009",,2.23,
802134,DYSF,deepseek-coder,Likely pathogenic,Uncertain significance,0.6,PM2;PP3,"Richards et al., Genet Med, 2015",,2.63,
802146,DYSF,deepseek-chat,Likely pathogenic,Uncertain significance,0.6,PM2;PP3;BP4,"Richards S, et al. Genet Med. 2015;17(5):405-424",,2.46,
802146,DYSF,deepseek-coder,Likely pathogenic,Uncertain significance,0.6,PM2;PP3;BP4,"Richards et al., Genet Med, 2015",,2.15,
802134,DYSF,kimi-k2.6,Likely pathogenic,Uncertain significance,0.3,,"ACMG Standards and Guidelines for the Interpretation of Sequence Variants, Richards et al., Genet Med, 2015",,4.96,
801503,CEP290,kimi-k2.6,Likely pathogenic,Pathogenic,0.95,PVS1;PM2,"Richards S, et al., Genet Med, 2015; Olsvik LS, et al., Genet Med, 2020",,7.11,
802146,DYSF,kimi-k2.6,Likely pathogenic,Uncertain significance,0.3,,"Anderson LV, Davison K, Muscle Nerve, 1999;Aoki T, et al., Neurology, 2001;Richards S, et al., Genet Med, 2015 (ACMG guidelines)",,5.09,
802221,SGCA,deepseek-chat,Likely pathogenic,Uncertain significance,0.6,PM2;PP3,"Richards et al., Genet Med, 2015",,2.14,
802221,SGCA,deepseek-coder,Likely pathogenic,Uncertain significance,0.6,PM2;PP3,"Richards S, et al. Standards and guidelines for the interpretation of sequence variants. Genet Med. 2015;17(5):405-424.",,2.42,
810089,PTEN,deepseek-chat,Likely pathogenic,Pathogenic,0.95,PS1;PM2;PM5;PP3;PP5,"Marsh DJ, et al. Hum Mol Genet, 1998;Liaw D, et al. Nat Genet, 1997;Nelen MR, et al. Nat Genet, 1996;Eng C. Hum Mutat, 2003",,2.94,
811694,BRCA2,deepseek-chat,Likely pathogenic,Uncertain significance,0.6,PM2;PP3;BP4,"Richards et al., Genet Med, 2015",,1.92,
810089,PTEN,deepseek-coder,Likely pathogenic,Pathogenic,0.95,PS1;PM2;PM5;PP3;PP5,"Liaw D, et al. Nat Genet. 1997;16(1):64-67.;Marsh DJ, et al. Hum Mol Genet. 1998;7(3):507-515.;Eng C. Hum Mutat. 2003;22(3):183-198.;Ngeow J, et al. J Clin Oncol. 2015;33(27):3043-3050.",,3.26,
811694,BRCA2,deepseek-coder,Likely pathogenic,Uncertain significance,0.6,PM2;PP3;BP4,"Richards et al., Genet Med, 2015",,2.03,
802221,SGCA,kimi-k2.6,Likely pathogenic,Pathogenic,0.75,PM1;PM2;PP3;PP4,"Bonnemann CG, et al., Annals of Neurology, 1996;Duggan DJ, et al., American Journal of Human Genetics, 1997;Richard I, et al., Human Molecular Genetics, 1996;Nowak KJ, et al., Neuromuscular Disorders, 2000",,7.11,
810089,PTEN,kimi-k2.6,Likely pathogenic,Pathogenic,0.95,PVS1;PM2;PP2;PP3,"Schrader KA et al., Am J Hum Genet, 2012; Tan MH et al., Hum Mutat, 2012; Pilarski R et al., J Natl Compr Canc Netw, 2013; Richards S et al., Genet Med, 2015",,6.6,
812202,DICER1,deepseek-chat,Likely benign,Uncertain significance,0.6,PM2;PP3,"Zong et al., Human Mutation, 2020;Foulkes et al., Journal of Medical Genetics, 2014",,2.29,
812202,DICER1,deepseek-coder,Likely benign,Uncertain significance,0.6,PM2;PP3,"Zong et al., Human Mutation, 2019;Foulkes et al., Journal of Medical Genetics, 2014",,2.28,
811694,BRCA2,kimi-k2.6,Likely pathogenic,Pathogenic,0.85,PS1;PM1;PM2;PP2;PP3,"BRCA Exchange database; Tavtigian SV et al., Hum Mutat, 2018; Richards S et al., Genet Med, 2015",,6.77,
814503,TP53,deepseek-chat,Likely pathogenic,Uncertain significance,0.6,PM2;PP3;BP4,"Richards et al., Genet Med, 2015;Karczewski et al., Nature, 2020",,2.77,
812202,DICER1,kimi-k2.6,Likely benign,Uncertain significance,0.3,,"Rivkin Fuchs et al., Hum Mutat, 2011; de Kock et al., J Med Genet, 2014; Slade et al., J Pathol, 2011",,5.37,
814503,TP53,deepseek-coder,Likely pathogenic,Uncertain significance,0.6,PM2;PP3;BP4,"Richards S, et al. Genet Med. 2015;17(5):405-424;Karczewski KJ, et al. Nature. 2020;581(7809):434-443",,2.94,
815949,PIK3R1,deepseek-chat,Likely pathogenic,Pathogenic,0.95,PVS1;PM2_supporting,"Deau et al., J Clin Invest, 2014;Lucas et al., J Allergy Clin Immunol, 2016",,2.32,
815949,PIK3R1,deepseek-coder,Likely pathogenic,Pathogenic,0.95,PVS1;PM2_supporting,"Deau et al., J Clin Invest, 2014;Lucas et al., J Allergy Clin Immunol, 2016",,2.27,
815949,PIK3R1,kimi-k2.6,Likely pathogenic,Pathogenic,0.95,PVS1;PM2,"Richards S, et al., Genet Med, 2015;Dong Z, et al., Am J Hum Genet, 2014;Chudasama KK, et al., Nat Genet, 2013",,5.05,
815950,PIK3R1,deepseek-chat,Pathogenic,Pathogenic,0.95,PVS1;PM2;PVS1_Strong,"Deau MC, et al. J Clin Invest. 2014;124(8):3567-3578.;Conley ME, et al. J Allergy Clin Immunol. 2016;138(3):957-960.",,3.14,
814503,TP53,kimi-k2.6,Likely pathogenic,Pathogenic,0.85,PS1;PM2;PP2;PP3,"Klein et al., J Med Genet, 2003; Ribeiro et al., Cancer Res, 2001; Bougeard et al., Hum Mutat, 2015",,8.09,
815950,PIK3R1,deepseek-coder,Pathogenic,Pathogenic,0.95,PVS1;PM2_Supporting,"Dornan GL, et al. J Med Genet. 2020;57(5):347-355.;Thauvin-Robinet C, et al. Am J Hum Genet. 2013;93(6):1136-1142.",,3.11,
818174,RPE65,deepseek-chat,Pathogenic,Uncertain significance,0.6,PM2;PP3;PP4,"Stone EM, et al. Ophthalmology, 2017;Weisschuh N, et al. Hum Mutat, 2020",,2.25,
818174,RPE65,deepseek-coder,Pathogenic,Uncertain significance,0.6,PM2;PP3;PP4,"Stone EM, et al., Ophthalmology, 2017;Weisschuh N, et al., Invest Ophthalmol Vis Sci, 2020",,2.48,
826968,DYSF,deepseek-chat,Likely pathogenic,Uncertain significance,0.6,PM2;PP3,"Richards et al., Genet Med, 2015",,2.11,
826968,DYSF,deepseek-coder,Likely pathogenic,Uncertain significance,0.6,PM2;PP3,"Aartsma-Rus et al., Neuromuscular Disorders, 2016;Therrien et al., Human Mutation, 2006",,2.18,
818174,RPE65,kimi-k2.6,Pathogenic,Pathogenic,0.75,PM1;PM2;PP3;PP4,"Chung DC, GeneReviews, 2019; RPE65-associated retinal dystrophy;ACMG Standards and Guidelines for interpretation of sequence variants, Richards S, et al., Genet Med, 2015;Gérber S, et al., Eur J Hum Genet, 2001; RPE65 mutations in LCA;Zernant J, et al., Invest Ophthalmol Vis Sci, 2005; RPE65 genotyping",,6.67,
848776,RUNX1,deepseek-chat,Likely pathogenic,Uncertain significance,0.6,PM2;PP3;PP4,"Song WJ, et al. Nat Genet. 1999;23(2):166-175;Liew E, et al. Br J Haematol. 2009;145(5):606-613",,2.8,
815950,PIK3R1,kimi-k2.6,Pathogenic,Pathogenic,0.85,PVS1;PM2,"Deau MC, et al., Blood, 2014;Chudasama KK, et al., Am J Hum Genet, 2013;Richards S, et al., Genet Med, 2015 (ACMG guidelines)",,9.85,
848776,RUNX1,deepseek-coder,Likely pathogenic,Uncertain significance,0.6,PM2;PP3;PP4,"Song WJ, et al. Nat Genet. 1999;23(2):166-175;Liew E, et al. Br J Haematol. 2009;145(5):606-613;Richards S, et al. Genet Med. 2015;17(5):405-424",,3.23,
852510,CEP290,deepseek-chat,Pathogenic,Pathogenic,0.95,PVS1;PM2_Supporting,"Coppieters F, et al. Hum Mutat, 2010;Drivas TG, et al. Am J Hum Genet, 2015",,1.96,
826968,DYSF,kimi-k2.6,Likely pathogenic,Pathogenic,0.75,PM1;PM2;PP3;PP4,"Anderson LV, Davison K, Jacobs PJ, et al. Dysferlin is a component of the sarcolemma and is mutated in limb-girdle muscular dystrophy 2B and Miyoshi myopathy. Nat Genet. 2000;Nguyen K, Bassez G, Krahn M, et al. Phenotypic study in 40 patients with dysferlin gene mutations. Arch Neurol. 2007;Richards S, Aziz N, Bale S, et al. Standards and guidelines for the interpretation of sequence variants: a joint consensus recommendation of the American College of Medical Genetics and Genomics and the Association for Molecular Pathology. Genet Med. 2015",,7.6,
852510,CEP290,deepseek-coder,Pathogenic,Pathogenic,0.95,PVS1;PM2_Supporting,"Coppieters F, et al. Hum Mutat, 2010;Drivas TG, et al. Am J Hum Genet, 2015",,2.25,
856081,ABCA4,deepseek-chat,Pathogenic,Uncertain significance,0.6,PM2;PP3;PP4,"Sung et al., J Med Genet, 1994;Allikmets et al., Nat Genet, 1997;Zernant et al., Hum Mutat, 2014",,2.46,
856081,ABCA4,deepseek-coder,Pathogenic,Uncertain significance,0.6,PM2;PP3;PP4,"Shen et al., Hum Mutat, 2016;Cornelis et al., Hum Mutat, 2017",,2.43,
848776,RUNX1,kimi-k2.6,Likely pathogenic,Pathogenic,0.85,PS1;PM1;PM2;PP2;PP3,"Owen CJ, et al. Br J Haematol, 2003; Song WJ, et al. Oncogene, 1999; Michaud J, et al. Blood, 2002; Latimer MJ, et al. Leukemia, 2016",,9.25,
852510,CEP290,kimi-k2.6,Pathogenic,Pathogenic,0.95,PVS1;PM2,"Richards S, Genet Med, 2015; ACMG/AMP sequence variant interpretation guidelines;Davis EE, Nat Genet, 2006; CEP290 and ciliopathies;The Human Gene Mutation Database (HGMD), CEP290 splice variants",,7.39,
856759,CEP290,deepseek-coder,Pathogenic,Pathogenic,0.95,PVS1;PM2;PVS1_Strong,"Coppieters F, et al. CEP290 mutations in ciliopathies. Hum Mutat, 2010;Drivas TG, et al. CEP290 and ciliopathies. Am J Hum Genet, 2015",,3.08,
856759,CEP290,deepseek-chat,Pathogenic,Pathogenic,0.95,PVS1;PM2;PVS1_Strong,"Coppieters F, et al. CEP290, a gene with many faces: mutation overview and presentation of CEP290base. Hum Mutat. 2010;31(10):1097-1108.;Drivas TG, et al. CEP290 and ciliopathies: clinical and molecular update. Am J Med Genet C Semin Med Genet. 2022;190(1):28-39.",,3.73,
856081,ABCA4,kimi-k2.6,Pathogenic,Pathogenic,0.75,PM1;PM2;PP2;PP3;PP5,"Zernant et al., Hum Mutat, 2014; Allikmets et al., Am J Hum Genet, 1997; Richards et al., Genet Med, 2015",,6.77,
856762,CEP290,deepseek-chat,Likely pathogenic,Uncertain significance,0.6,PM2;PP3,"Coppieters et al., Hum Mutat, 2010;Drivas et al., Genet Med, 2015",,2.34,
856759,CEP290,kimi-k2.6,Pathogenic,Pathogenic,0.95,PVS1;PM2_Supporting,"The Human Gene Mutation Database (HGMD); den Dunnen et al., Hum Mutat, 2016; Oates et al., Am J Hum Genet, 2012",,6.81,
856762,CEP290,deepseek-coder,Likely pathogenic,Uncertain significance,0.6,PM2;PP3;BP4,"Coppieters F, et al. Hum Mutat. 2010;31(10):E1789-E1802.;Drivas TG, et al. Am J Hum Genet. 2015;97(5):735-745.",,2.82,
856767,CEP290,deepseek-chat,Likely pathogenic,Uncertain significance,0.6,PM2;PP3,"Coppieters F, et al. CEP290-associated ciliopathies. Orphanet J Rare Dis, 2010;Drivas TG, et al. CEP290 and the retina. Hum Mol Genet, 2015",,3.14,
856767,CEP290,deepseek-coder,Likely pathogenic,Uncertain significance,0.6,PM2;PP3,"Coppieters F, et al. Hum Mutat, 2010;Drivas TG, et al. Am J Hum Genet, 2015",,2.57,
856762,CEP290,kimi-k2.6,Likely pathogenic,Pathogenic,0.75,PM2;PP3;PP4,"The Human Gene Mutation Database (HGMD); den Dunnen et al., Hum Mutat, 2016;Otto et al., Nat Genet, 2009 (CEP290 and Joubert syndrome);Richards et al., Genet Med, 2015 (ACMG guidelines)",,6.23,
856768,CEP290,deepseek-chat,Likely pathogenic,Pathogenic,0.95,PVS1;PM2;PVS1_Strong,"den Hollander et al., Am J Hum Genet, 2006;Coppieters et al., Hum Mutat, 2010;Drivas et al., Genet Med, 2015",,2.5,
856768,CEP290,deepseek-coder,Likely pathogenic,Pathogenic,0.95,PVS1;PM2_Supporting,"Coppieters et al., Hum Mutat, 2010;Drivas et al., Genet Med, 2015",,2.15,
857048,RPGR,deepseek-chat,Pathogenic,Pathogenic,0.98,PVS1;PM2;PVS1_Strong,"Vervoort et al., Nat Genet, 2000;Shu et al., Hum Mutat, 2007;Bader et al., Hum Mutat, 2003",,2.29,
856768,CEP290,kimi-k2.6,Likely pathogenic,Pathogenic,0.95,PVS1;PM2_Supporting,"Drivas JG, et al., Genet Med, 2015; CEP290-related disorders;The Human Gene Mutation Database (HGMD);gnomAD database, accessed 2024",,5.23,
856767,CEP290,kimi-k2.6,Likely pathogenic,Pathogenic,0.75,PM1;PM2;PP2;PP3,"Zhang, Q. et al., Nat Genet, 2006; den Hollander, A.I. et al., Am J Hum Genet, 2006; Khanna, H. et al., Cell, 2009",,7.81,
857048,RPGR,deepseek-coder,Pathogenic,Pathogenic,0.98,PVS1;PM2;PVS1_Strong,"Vervoort et al., Nature Genetics, 2000;Shu et al., Human Mutation, 2007",,2.6,
857048,RPGR,kimi-k2.6,Pathogenic,Pathogenic,0.99,PVS1;PM2;PP4,"Richards S, Genet Med, 2015; Bainbridge JW, Nature, 2015; Zernant J, Hum Mutat, 2004",,4.76,
857699,DYSF,deepseek-chat,Likely pathogenic,Uncertain significance,0.6,PM2;PP3;PP4,"Richards et al., Genet Med, 2015",,2.59,
857699,DYSF,deepseek-coder,Likely pathogenic,Uncertain significance,0.6,PM2;PP3;BP4,"Richards et al., Genet Med, 2015",,2.37,
857699,DYSF,kimi-k2.6,Likely pathogenic,Uncertain significance,0.3,,"Richards S, et al. Standards and guidelines for the interpretation of sequence variants. Genet Med. 2015;17(5):405-424",,4.97,
860017,CEP290,deepseek-chat,Pathogenic,Pathogenic,0.95,PVS1;PM2;PVS1_Strong,"den Hollander et al., Am J Hum Genet, 2006;Coppieters et al., Hum Mutat, 2010",,2.82,
860017,CEP290,deepseek-coder,Pathogenic,Pathogenic,0.95,PVS1;PM2;PVS1_Strong,"den Hollander et al., Am J Hum Genet, 2006;Coppieters et al., Hum Mutat, 2010",,2.34,
860018,CEP290,deepseek-chat,Pathogenic,Pathogenic,0.95,PVS1;PM2;PVS1_Strong,"den Hollander et al., Am J Hum Genet, 2006;Coppieters et al., Hum Mutat, 2010;Drivas et al., Genet Med, 2015",,2.45,
860018,CEP290,deepseek-coder,Pathogenic,Pathogenic,0.95,PVS1;PM2;PP3,"den Hollander et al., Am J Hum Genet, 2006;Coppieters et al., Hum Mutat, 2010;Drivas et al., Genet Med, 2015",,2.64,
860155,CAPN3,deepseek-chat,Pathogenic,Pathogenic,0.99,PVS1;PM2_supporting,"Richard et al., Am J Hum Genet, 1995;Kramerova et al., Hum Mol Genet, 2004",,2.12,
860017,CEP290,kimi-k2.6,Pathogenic,Pathogenic,0.99,PVS1;PM2_Supporting,"Trujillano et al., Eur J Hum Genet, 2014;Khanna et al., Nat Genet, 2009;den Hollander et al., Am J Hum Genet, 2006",,5.5,
860155,CAPN3,deepseek-coder,Pathogenic,Pathogenic,0.99,PVS1;PM2;PVS1_Strong,"Richard et al., Am J Hum Genet, 1995;Kramerova et al., Hum Mol Genet, 2004",,2.2,
860857,RPGR,deepseek-chat,Pathogenic,Pathogenic,0.95,PVS1;PM2;PVS1_Strength,"Vervoort et al., Nature Genetics, 2000;Shu et al., Human Mutation, 2007",,2.14,
860018,CEP290,kimi-k2.6,Pathogenic,Pathogenic,0.85,PVS1;PM2,"Richards S, Richards S, Aziz N, et al. Standards and guidelines for the interpretation of sequence variants: a joint consensus recommendation of the American College of Medical Genetics and Genomics and the Association for Molecular Pathology. Genet Med. 2015;17(5):405-424;Drivas TG, et al. CEP290 mutations in Leber congenital amaurosis. Adv Exp Med Biol. 2012;723:201-207",,6.58,
860857,RPGR,deepseek-coder,Pathogenic,Pathogenic,0.95,PVS1;PM2;PVS1_Strong,"Vervoort et al., Nature Genetics, 2000;Shu et al., Human Mutation, 2007",,2.29,
860155,CAPN3,kimi-k2.6,Pathogenic,Pathogenic,0.99,PVS1;PM2,"Richards S, et al., Genet Med, 2015, PMID: 25741868;Oates EC, et al., Am J Hum Genet, 2018, PMID: 29499164",,4.98,
862806,MYOC,deepseek-coder,Likely benign,Uncertain significance,0.6,PM2;PP3;BP4,"Stone EM, et al., Am J Hum Genet, 1997;Hewitt AW, et al., Hum Mutat, 2008",,2.5,
862806,MYOC,deepseek-chat,Likely benign,Uncertain significance,0.6,PM2;PP3;BP4,"Stone EM, et al. Am J Hum Genet, 1997;Hewitt AW, et al. Hum Mutat, 2008",,2.76,
862808,MYOC,deepseek-chat,Benign,Pathogenic,0.9,PS1;PM2;PP3;PP5,"Stone EM, et al. Am J Hum Genet, 1997;Fingert JH, et al. Hum Mol Genet, 1999;Hewitt AW, et al. Clin Genet, 2008",,2.61,
862808,MYOC,deepseek-coder,Benign,Pathogenic,0.9,PS1;PM2;PP3;PP5,"Stone EM, et al. Science, 1997;Alward WL, et al. Ophthalmology, 1998;Fingert JH, et al. Hum Mol Genet, 1999",,2.48,
862809,MYOC,deepseek-chat,Likely benign,Uncertain significance,0.6,PM4;BP7,"Richards et al., Genet Med, 2015",,2.26,
860857,RPGR,kimi-k2.6,Pathogenic,Pathogenic,0.95,PVS1;PM2,"ACMG Standards and Guidelines for the interpretation of sequence variants, Richards et al., Genet Med, 2015;Retinitis pigmentosa: genes and disease mechanisms, Farrar et al., Curr Genomics, 2002;RPGR mutations and phenotypes in patients with X-linked retinitis pigmentosa, Breuer et al., Invest Ophthalmol Vis Sci, 2002",,8.23,
862806,MYOC,kimi-k2.6,Likely benign,Likely benign,0.75,BS1;BP4,"Faucher et al., IOVS, 2005; Chakrabarti et al., Hum Mutat, 2009; gnomAD v4.0; ClinVar entries for MYOC p.Val449Ile",,8.31,
862809,MYOC,kimi-k2.6,Likely benign,Benign,0.95,BP4;BP7,"Richards S, Genet Med, 2015; ACMG Sequence Variant Interpretation Working Group",,4.35,
862809,MYOC,deepseek-coder,Likely benign,Uncertain significance,0.6,PM2;BP4;BP7,"Richards S, et al. Genet Med. 2015;17(5):405-424",,2.12,
862808,MYOC,kimi-k2.6,Benign,Pathogenic,0.75,PS4;PM1;PM2;PP2;PP3,"Faucher M, Am J Hum Genet, 2002;Mackey DA, Hum Mutat, 2003;Tamm ER, Exp Eye Res, 2009;Souzeau E, Hum Mutat, 2005;Kanagavalli J, Mol Vis, 2010",,7.0,
862810,MYOC,deepseek-chat,Likely benign,Pathogenic,0.9,PS1;PM2;PP3;PP5,"Stone EM, et al. Am J Hum Genet, 1997;Alward WL, et al. Ophthalmology, 1998;Fingert JH, et al. Hum Mol Genet, 1999",,2.52,
862811,MYOC,deepseek-chat,Likely benign,Benign,0.9,BP4;BP7,"Richards et al., Genet Med, 2015;Silva et al., Hum Mutat, 2014",,2.26,
862810,MYOC,deepseek-coder,Likely benign,Pathogenic,0.9,PS1;PM2;PP3;PP5,"Stone EM, et al. Am J Hum Genet. 1997;61(6):1419-1424;Alward WL, et al. Ophthalmology. 1998;105(11):2099-2104;Fingert JH, et al. Hum Mol Genet. 1999;8(5):899-905",,2.74,
862811,MYOC,deepseek-coder,Likely benign,Benign,0.9,BP4;BP7,"Richards et al., Genet Med, 2015;Silva et al., Hum Mutat, 2014",,2.63,
862814,MYOC,deepseek-coder,Likely benign,Uncertain significance,0.6,PM2;PP3;BP4,"Stone EM, et al., Ophthalmology, 1997;Hewitt AW, et al., Hum Mutat, 2008",,2.35,
862810,MYOC,kimi-k2.6,Likely benign,Pathogenic,0.85,PS1;PM1;PM2;PP2;PP3,"Fingert JH, et al. Hum Mol Genet. 1999;8(6):1021-30;Stone EM, et al. N Engl J Med. 1997;336(15):1028-37;Tamm ER, et al. Prog Retin Eye Res. 2009;28(4):257-85;Mackey DA, et al. Ophthalmology. 2003;110(1):122-9;Gharahkhani P, et al. Nat Genet. 2024;56(1):6-16",,6.54,
862814,MYOC,deepseek-chat,Likely benign,Uncertain significance,0.6,PM2;PP3;BP4,"Stone EM, et al., Ophthalmology, 1997;Hewitt AW, et al., Hum Mutat, 2008",,2.55,
862811,MYOC,kimi-k2.6,Likely benign,Benign,0.95,BA1;BP7,"Richards S, et al., Genet Med, 2015; ACMG/AMP Sequence Variant Interpretation Guidelines",,5.15,
862815,MYOC,kimi-k2.6,Likely benign,Benign,0.95,BP7;BP4,"ACMG Standards and Guidelines for the interpretation of sequence variants, Richards et al., Genet Med, 2015",,4.26,
862815,MYOC,deepseek-coder,Likely benign,Uncertain significance,0.7,PM2;BP4;BP7,"Richards et al., Genet Med, 2015",,2.56,
887912,GP9,deepseek-chat,Benign,Uncertain significance,0.6,PM2;BP4;BP7,"Richards S, et al. Genet Med. 2015;17(5):405-424.",,2.45,
862815,MYOC,deepseek-chat,Likely benign,Uncertain significance,0.6,PM2;BP4;BP7,"Richards et al., Genet Med, 2015",,2.81,
887912,GP9,deepseek-coder,Benign,Uncertain significance,0.6,PM2;BP4;BP7,"Richards S, et al. Genet Med. 2015;17(5):405-424",,2.13,
902917,F8,deepseek-chat,Likely benign,Pathogenic,0.85,PM2;PM5;PP3;PP4,"Oldenburg J, et al. Haemophilia. 2004;10 Suppl 4:19-25.;Lannoy N, et al. Haemophilia. 2016;22(4):e292-e300.",,3.03,
902917,F8,deepseek-coder,Likely benign,Pathogenic,0.85,PM1;PM2;PP3;PP4,"Oldenburg J, et al. Haemophilia. 2004;10 Suppl 4:19-25.;Lannoy N, et al. Hum Mutat. 2012;33(1):111-118.",,3.23,
887912,GP9,kimi-k2.6,Benign,Benign,0.95,BA1;BP4;BP7,"Richards S, Genet Med, 2015;Ockelbein V, Platelets, 2014;Nurden AT, Blood Rev, 2001",,6.56,
862814,MYOC,kimi-k2.6,Likely benign,Uncertain significance,0.3,,"Stone EM, Fingert JH, Alward WL, et al. Identification of a gene that causes primary open angle glaucoma. Science. 1997;275(5300):668-670.;Fingert JH, Clark AF, Craig JE, et al. Evaluation of the Myocilin Glaucoma Gene for Mutations in Patients with Normal Tension Glaucoma. IOVS. 2002;43(13):U211-U211.;MacDonald IM, Wirtz MK, Searby C, et al. Analysis of the coding and promoter regions of the myocilin gene in Japanese and American patients with normal tension glaucoma. Clin Genet. 2001;59(5):331-333.;Thorleifsson G, Walters GB, Hewitt AW, et al. Common variants near CAV1 and CAV2 are associated with primary open-angle glaucoma. Nat Genet. 2010;42(10):906-909.",,10.32,
906390,GCK,deepseek-chat,Pathogenic,Pathogenic,0.85,PM2;PS1;PM1;PP3;PP4,"Gloyn AL, et al. Diabetes. 2003;52(5):1253-1260.;Osbak KK, et al. Hum Mutat. 2009;30(11):1512-1526.;Stenson PD, et al. Hum Genet. 2017;136(6):665-677.",,3.03,
906390,GCK,deepseek-coder,Pathogenic,Pathogenic,0.95,PS1;PM2;PP3;PP4;PP5,"Gloyn AL, et al. Diabetes. 2003 (GCK mutation database);Osbak KK, et al. Hum Mutat. 2009 (GCK mutation review);Stenson PD, et al. Hum Genet. 2014 (ClinVar entry for this variant)",,2.98,
912318,BRCA2,deepseek-chat,Likely pathogenic,Uncertain significance,0.6,PM2;PP3,"Richards et al., Genet Med, 2015;ClinVar (if applicable)",,2.4,
902917,F8,kimi-k2.6,Likely benign,Pathogenic,0.85,PM1;PM2;PP2;PP3;PP4,"Santoso S et al., Blood, 1994; Oldenburg J et al., Haemophilia, 2006; Pipe SW, Blood, 2009; Richards S et al., Genet Med, 2015 (ACMG guidelines)",,7.57,
912318,BRCA2,kimi-k2.6,Likely pathogenic,Likely benign,0.75,BS1;BP4,"Richards S, Genet Med, 2015; Easton DF, Am J Hum Genet, 2007; Spurdle AB, Hum Mutat, 2012",,4.05,
912318,BRCA2,deepseek-coder,Likely pathogenic,Uncertain significance,0.6,PM2;PP3,"Richards et al., Genet Med, 2015;ClinVar, 2024",,2.34,
906390,GCK,kimi-k2.6,Pathogenic,Pathogenic,0.75,PS1;PM2;PP3,"Gidh-Jain M, et al., J Biol Chem, 1994; Sakura H, et al., Diabetologia, 1995; Velho G, et al., Diabetes, 1997; Stoffel M, et al., J Clin Invest, 1997; Ellard S, et al., Hum Mutat, 2000",,7.22,
916920,IDUA,deepseek-chat,Likely pathogenic,Pathogenic,0.99,PVS1;PM2;PVS1_Strong,"Scott HS, et al. Human Mutation, 1995;Beesley CE, et al. Journal of Medical Genetics, 2001",,2.94,
916920,IDUA,deepseek-coder,Likely pathogenic,Pathogenic,0.99,PVS1;PM2;PVS1_Strong,"Scott HS, et al. Am J Hum Genet, 1995;Beesley CE, et al. Hum Mutat, 2001",,2.53,
917735,DICER1,deepseek-chat,Likely pathogenic,Pathogenic,0.95,PVS1;PM2;PVS1_Strong,"Foulkes WD, et al. J Med Genet, 2011;Gonzalez IA, et al. Hum Mutat, 2022",,2.41,
916920,IDUA,kimi-k2.6,Likely pathogenic,Pathogenic,0.95,PVS1;PM2,"Whiteman et al., Am J Hum Genet, 1990; Scott et al., Hum Mutat, 1992; ACMG Standards and Guidelines for the interpretation of sequence variants, Richards et al., Genet Med, 2015",,5.21,
917735,DICER1,deepseek-coder,Likely pathogenic,Pathogenic,0.95,PVS1;PM2_Supporting,"Foulkes WD, et al. Am J Hum Genet, 2011;Gonzalez IA, et al. Hum Mutat, 2022",,2.54,
921300,DICER1,deepseek-chat,Likely pathogenic,Uncertain significance,0.6,PM2;PP3;BP4,"Richards et al., Genet Med, 2015;Foulkes et al., J Med Genet, 2014",,2.52,
921300,DICER1,deepseek-coder,Likely pathogenic,Uncertain significance,0.6,PM2;PP3;BP4,"Gonzalez et al., J Med Genet, 2022; Foulkes et al., J Med Genet, 2011; ACMG/AMP guidelines, Richards et al., Genet Med, 2015",,2.83,
921300,DICER1,kimi-k2.6,Likely pathogenic,Uncertain significance,0.3,,"Rio Frio et al., Hum Mutat, 2011;Schultz et al., Fam Cancer, 2014",,4.31,
936298,CEP290,deepseek-chat,Pathogenic,Pathogenic,0.99,PVS1;PM2_Supporting,"den Hollander et al., Am J Hum Genet, 2006;Coppieters et al., Hum Mutat, 2010",,2.41,
917735,DICER1,kimi-k2.6,Likely pathogenic,Pathogenic,0.95,PVS1;PM2_Supporting,"Richards S, Genet Med, 2015, PMID: 25741868;Rio Frio T, Hum Mutat, 2011, PMID: 21626581;Khan S, J Med Genet, 2017, PMID: 28232564",,6.21,
936298,CEP290,deepseek-coder,Pathogenic,Pathogenic,0.95,PVS1;PM2;PVS1_Strong,"den Hollander et al., Am J Hum Genet, 2006;Coppieters et al., Hum Mutat, 2010;Drivas et al., Genet Med, 2015",,2.34,
938290,GAA,deepseek-chat,Likely pathogenic,Uncertain significance,0.6,PM2;PP3;PP4,"Richards et al., Genet Med, 2015",,1.92,
938240,TP53,deepseek-coder,Likely pathogenic,Pathogenic,0.95,PS1;PM2;PM5;PP3;PP5,"Bouaoun L, et al. Hum Mutat. 2016;37(9):865-876;Kato S, et al. Proc Natl Acad Sci USA. 2003;100(14):8424-8429;Olivier M, et al. Hum Mutat. 2003;21(3):313-320",,2.81,
938240,TP53,deepseek-chat,Likely pathogenic,Pathogenic,0.95,PS1;PM2;PM5;PP3;PP5,"Kato et al., PNAS, 2003;Giacomelli et al., Nature Genetics, 2018;Bouaoun et al., Human Mutation, 2016;ClinVar submission (SCV000188888.5)",,3.28,
938290,GAA,kimi-k2.6,Likely pathogenic,Uncertain significance,0.3,,"ACMG/AMP Sequence Variant Interpretation Guidelines, 2015",,3.59,
938290,GAA,deepseek-coder,Likely pathogenic,Uncertain significance,0.6,PM2;PP3,"Richards et al., Genet Med, 2015",,1.94,
938240,TP53,kimi-k2.6,Likely pathogenic,Pathogenic,0.85,PS1;PM1;PM2;PP3,"Kato S et al., Nucleic Acids Res, 2003; Bouaoun L et al., Hum Mutat, 2016; Olivier M et al., Hum Mutat, 2002; Richards S et al., Genet Med, 2015 (ACMG guidelines)",,6.05,
940285,BRCA2,deepseek-chat,Pathogenic,Pathogenic,0.85,PVS1;PM2;PP3,"Richards S, et al. Standards and guidelines for the interpretation of sequence variants. Genet Med. 2015;17(5):405-424.;Landrum MJ, et al. ClinVar: improving access to variant interpretations. Nucleic Acids Res. 2018;46(D1):D1062-D1067.",,2.75,
936298,CEP290,kimi-k2.6,Pathogenic,Pathogenic,0.99,PVS1;PM2_Supporting,"Richards S, et al., Genet Med, 2015; ACMG/AMP sequence variant interpretation guidelines;den Dunnen JT, et al., Hum Mutat, 2016; HGVS recommendations;Khanna H, et al., Cell, 2009; CEP290 and ciliopathies;The Human Gene Mutation Database (HGMD); CEP290 variants",,9.02,
940285,BRCA2,deepseek-coder,Pathogenic,Pathogenic,0.85,PVS1_Moderate;PM2_Supporting;PVS1,"Landrum MJ, et al. ClinVar: improving access to variant interpretations and supporting evidence. Nucleic Acids Res. 2018;46(D1):D1062-D1067.;Richards S, et al. Standards and guidelines for the interpretation of sequence variants: a joint consensus recommendation of the ACMG/AMP. Genet Med. 2015;17(5):405-424.",,3.25,
948190,CEP290,deepseek-chat,Pathogenic,Uncertain significance,0.6,PM4;PVS1_Moderate,"Richards et al., Genet Med, 2015",,2.08,
948190,CEP290,deepseek-coder,Pathogenic,Uncertain significance,0.6,PM4;PVS1_Moderate,"Richards S, et al. Genet Med. 2015;17(5):405-424.",,2.19,
940285,BRCA2,kimi-k2.6,Pathogenic,Pathogenic,0.85,PVS1_Strong;PM2,"Richards S, Genet Med, 2015; ACMG/AMP sequence variant interpretation guidelines;Spurdle AB, Hum Mutat, 2014; BRCA2 splicing variant classification;Cline MS, Hum Mutat, 2018; BRCA1/2 variant classification recommendations",,5.27,
950313,TP53,deepseek-chat,Likely benign,Uncertain significance,0.6,PM2;PP3;BP4,"Richards et al., Genet Med, 2015;Bouaoun et al., Hum Mutat, 2016",,2.4,
950313,TP53,deepseek-coder,Likely benign,Uncertain significance,0.6,PM2;PP3;BP4,"Karczewski et al., Nature, 2020 (gnomAD);IARC TP53 Database, 2023;Richards et al., Genet Med, 2015 (ACMG/AMP guidelines)",,2.81,
959482,ITGB3,deepseek-chat,Likely pathogenic,Pathogenic,0.95,PVS1;PM2;PP3;PP4,"Nurden AT, et al. Glanzmann thrombasthenia: a review of ITGA2B and ITGB3 defects with emphasis on variants, phenotypic variability, and mouse models. Blood. 2011;118(23):5996-6005.;Botero JP, et al. Glanzmann thrombasthenia: genetic basis and clinical correlates. Haemophilia. 2020;26(4):e180-e187.",,3.48,
959482,ITGB3,deepseek-coder,Likely pathogenic,Pathogenic,0.95,PVS1;PM2;PP3;PP4,"Nurden AT, et al. Glanzmann thrombasthenia: a review of ITGA2B and ITGB3 defects. Haemophilia, 2016;Buitrago L, et al. Structural basis of integrin beta-3 mutations in Glanzmann thrombasthenia. J Thromb Haemost, 2015",,3.09,
948190,CEP290,kimi-k2.6,Pathogenic,Pathogenic,0.85,PVS1;PM4,"Travaglini et al., Am J Hum Genet, 2019; The CEP290 gene is well-established for loss-of-function causing ciliopathies; in-frame deletions in CEP290 have been reported in patients with Joubert syndrome and related disorders",,8.22,
959497,ITGB3,deepseek-chat,Likely pathogenic,Pathogenic,0.9,PM1;PM2;PM5;PP3;PP4,"Nurden AT, et al. J Thromb Haemost, 2011;Rosenberg N, et al. Hum Mutat, 2004;Buitrago L, et al. Blood, 2015",,2.87,
950313,TP53,kimi-k2.6,Likely benign,Pathogenic,0.95,PS1;PM1;PM2;PP2;PP3,"Kato S et al., PNAS, 2003; Bougeard G et al., Hum Mutat, 2015; Olivier M et al., Hum Mutat, 2002; Soussi T, Hum Mutat, 2014; ClinVar entry RCV000013766.26",,8.93,
959482,ITGB3,kimi-k2.6,Likely pathogenic,Pathogenic,0.95,PVS1;PM1;PM2;PP2;PP3,"Buitrago et al., Blood, 2002;Rosenberg et al., J Thromb Haemost, 2011;Richards et al., Genet Med, 2015",,7.55,
959497,ITGB3,kimi-k2.6,Likely pathogenic,Pathogenic,0.95,PVS1;PM1;PM2;PP3,"Nurden AT, Blood Rev, 2006; French DL, J Thromb Haemost, 2016; Richards S, Genet Med, 2015",,5.61,
959497,ITGB3,deepseek-coder,Likely pathogenic,Pathogenic,0.9,PM1;PM2;PM5;PP3;PP4,"Nurden AT, et al. Glanzmann thrombasthenia: a review of ITGA2B and ITGB3 defects with emphasis on variants, structural modeling and patient outcome. Hum Mutat. 2015;36(10):1033-1042.;Buitrago L, et al. Structural basis of the interaction of integrin alphaIIb beta3 with its ligands and therapeutic antagonists. J Thromb Haemost. 2015;13(Suppl 1):S123-S132.",,4.06,
959499,ITGB3,deepseek-chat,Likely pathogenic,Pathogenic,0.85,PM1;PM2;PM5;PP3;PP4,"Nurden AT, et al. Glanzmann thrombasthenia: a review of ITGA2B and ITGB3 defects. Haemophilia, 2016;Buitrago L, et al. Structural basis of integrin regulation and signaling. Curr Opin Struct Biol, 2015",,3.2,
959501,ITGB3,deepseek-chat,Likely pathogenic,Pathogenic,0.85,PVS1;PM2;PP3,"Richards S, et al. Genet Med, 2015;Nurden AT, et al. Hum Mutat, 2011",,2.32,
959499,ITGB3,deepseek-coder,Likely pathogenic,Pathogenic,0.9,PM1;PM2;PM5;PP3;PP4,"Nurden AT, et al. Glanzmann thrombasthenia: a review of ITGA2B and ITGB3 defects with emphasis on variants, structural modeling and patient management. J Thromb Haemost, 2011;Buitrago L, et al. Structural basis of the platelet integrin alphaIIb beta3 ectodomain. J Biol Chem, 2004",,3.6,
959499,ITGB3,kimi-k2.6,Likely pathogenic,Pathogenic,0.95,PVS1;PM2;PP3;PP4,"Nurden AT, Glanzmann thrombasthenia, Orphanet J Rare Dis, 2006;Buitrago L et al., Novel mutations in ITGB3 and ITGA2B in patients with Glanzmann thrombasthenia, Platelets, 2019;De Cristofaro R, Molecular mechanisms of Glanzmann thrombasthenia and implications for treatment, Int J Mol Sci, 2018",,6.45,
959501,ITGB3,deepseek-coder,Likely pathogenic,Pathogenic,0.75,PVS1_Moderate;PM2_Supporting;PP3,"Richards S, et al. Genet Med. 2015;17(5):405-424;Tayebi N, et al. Hum Mutat. 2010;31(1):E1186-E1194",,2.79,
961070,GCK,deepseek-chat,Pathogenic,Pathogenic,0.85,PS1;PM2;PP3;PP4,"Gloyn AL, et al. Diabetes. 2003;52(2):567-572.;Osbak KK, et al. Hum Mutat. 2009;30(11):1512-1526.",,2.43,
959501,ITGB3,kimi-k2.6,Likely pathogenic,Pathogenic,0.85,PVS1_Strong;PM2,"Richards S, Genet Med, 2015; Nurden AT, Orphanet J Rare Dis, 2006; French DL, J Thromb Haemost, 2015",,5.51,
961070,GCK,deepseek-coder,Pathogenic,Pathogenic,0.95,PS1;PM2;PP3;PP4;PP5,"Gloyn AL, et al. Diabetes. 2003;52(9):2433-2440;Osbak KK, et al. Hum Mutat. 2009;30(11):1512-1526;Chakera AJ, et al. Diabet Med. 2015;32(9):1144-1150",,2.89,
961113,GAA,deepseek-chat,Pathogenic,Pathogenic,0.99,PVS1;PM2;PP5,"Martiniuk F, et al. Am J Hum Genet, 1990;Kroos M, et al. Hum Mutat, 2008;ClinVar submissions for GAA c.692+1G>A",,2.6,
961113,GAA,deepseek-coder,Pathogenic,Pathogenic,0.99,PVS1;PM2;PP5,"Kroos M, et al. Hum Mutat, 2008;Martini C, et al. Hum Mutat, 2013;Reuser AJJ, et al. Hum Mutat, 2019",,2.94,
961113,GAA,kimi-k2.6,Pathogenic,Pathogenic,0.95,PVS1;PM2,"Richards S, et al., Genet Med, 2015;Kroos MA, et al., Hum Mutat, 2012;Montalvo AR, et al., Mol Genet Metab, 2006",,5.0,
961117,GAA,deepseek-coder,Pathogenic,Pathogenic,0.99,PVS1;PM2;PP5,"Martins et al., Human Mutation, 2013;Kroos et al., Journal of Inherited Metabolic Disease, 2012;ClinVar submission (Variation ID: 280337)",,2.63,
961117,GAA,deepseek-chat,Pathogenic,Pathogenic,0.99,PVS1;PM2;PP5,"Martini et al., Human Mutation, 2014;Kroos et al., Journal of Inherited Metabolic Disease, 2012;Reuser et al., Human Mutation, 2019",,2.75,
961070,GCK,kimi-k2.6,Pathogenic,Pathogenic,0.85,PS1;PM2;PP3;PP4,"Gidh-Jain M, J Biol Chem, 1994; Sakura H, Diabetologia, 1995; Velho G, Diabetes, 1997; Pearson ER, Diabetes, 2001; Ellard S, Hum Mutat, 2000",,7.39,
961117,GAA,kimi-k2.6,Pathogenic,Pathogenic,0.99,PVS1;PM2_Supporting,"Whitfield et al., Genet Med, 2017; Montalvo et al., Mol Genet Metab, 2019; ACMG/AMP sequence variant interpretation guidelines, 2015",,5.05,
961125,GAA,deepseek-chat,Pathogenic,Pathogenic,0.75,PM2;PM3;PP3;PP4,"Kroos M, et al. Hum Mutat. 2008;29(6):E13-E20.;Reuser AJJ, et al. Hum Mutat. 2019;40(11):1900-1915.",,2.74,
961125,GAA,deepseek-coder,Pathogenic,Pathogenic,0.75,PM2;PM3;PP3;PP4,"Kroos M, et al. Hum Mutat. 2008;29(6):E13-E26.;Reuser AJJ, et al. Hum Mutat. 2019;40(11):1954-1972.",,2.71,
974310,F9,deepseek-chat,Benign,Pathogenic,0.95,PS1;PM2;PP3;PP5,"Giannelli F, et al. Nucleic Acids Res. 1998;26(1):245-248;Rallapalli PM, et al. J Thromb Haemost. 2013;11(7):1329-1340;ClinVar: RCV000011123",,3.05,
974310,F9,deepseek-coder,Benign,Pathogenic,0.95,PS1;PM2;PP3;PP4,"Giannelli F, et al. Nucleic Acids Res. 1998;26(1):242-247.;Rallapalli PM, et al. J Thromb Haemost. 2013;11(7):1329-1340.",,2.53,
976547,TP53,deepseek-chat,Pathogenic,Pathogenic,0.95,PS1;PM2;PM5;PP3;PP5,"Olivier M, et al. Hum Mutat, 2003;Kato S, et al. Proc Natl Acad Sci USA, 2003;Bouaoun L, et al. Hum Mutat, 2016;Cotton V, et al. Hum Mutat, 2021",,2.85,
974310,F9,kimi-k2.6,Benign,Pathogenic,0.95,PS1;PM1;PM2;PP3;PP4,"Giannelli et al., Nucleic Acids Res, 1988; Taylor et al., Thromb Haemost, 1995; Sutherland et al., Blood, 1994",,6.0,
976547,TP53,deepseek-coder,Pathogenic,Pathogenic,0.95,PS1;PM2;PM5;PP3;PP5,"Olivier M, et al. Hum Mutat, 2003;Kato S, et al. Proc Natl Acad Sci USA, 2003;Bouaoun L, et al. Hum Mutat, 2016;Cotton V, et al. Hum Mutat, 2021",,2.88,
961125,GAA,kimi-k2.6,Pathogenic,Pathogenic,0.85,PS3;PM1;PM2;PP3,"Kroos MA, et al. Hum Mutat. 1995;6(1):77-78;Huie ML, et al. Am J Hum Genet. 1994;55(5):887-896;Wisselaar HA, et al. Eur J Hum Genet. 1993;1(2):123-129;ACMG. Genet Med. 2015;17(5):405-424",,7.37,
982344,RPGR,deepseek-chat,Benign,Uncertain significance,0.6,PM2;BP4,"Richards et al., Genet Med, 2015",,2.16,
982344,RPGR,kimi-k2.6,Benign,Benign,0.95,BP1;BP4;BP7,"Richards S, Genet Med, 2015; Oza V, Hum Mutat, 2018",,4.47,
982344,RPGR,deepseek-coder,Benign,Uncertain significance,0.6,PM2;BP4,"Richards S, et al. Standards and guidelines for the interpretation of sequence variants. Genet Med. 2015;17(5):405-424.",,2.46,
982662,GCK,deepseek-chat,Likely pathogenic,Pathogenic,0.85,PM2;PS4;PM1;PP3;PP4,"Gloyn AL, et al. Diabetes. 2003;52(5):1253-1260;Osbak KK, et al. Hum Mutat. 2009;30(11):1512-1526",,2.78,
982662,GCK,deepseek-coder,Likely pathogenic,Pathogenic,0.85,PM2;PS4;PM1;PP3;PP4,"Gloyn AL, et al. Diabetes. 2003;52(9):2433-40;Osbak KK, et al. Hum Mutat. 2009;30(11):1512-26",,2.64,
976547,TP53,kimi-k2.6,Pathogenic,Pathogenic,0.95,PS1;PM1;PM2;PP2;PP3,"Bouaoun L, et al., TP53 Variations in Human Cancers: New Lessons from the IARC TP53 Database and Genomics Data, Hum Mutat, 2016; Kato S, et al., Understanding the function-structure and function-mutation relationships of p53 tumor suppressor protein by high-resolution missense mutation analysis, PNAS, 2003; Joerger AC, Fersht AR, The tumor suppressor p53: from structures to drug discovery, Cold Spring Harb Perspect Biol, 2010",,7.93,
984535,RPGR,deepseek-chat,Likely pathogenic,Uncertain significance,0.6,PM2;PVS1_Moderate,"Richards S, et al. Genet Med. 2015;17(5):405-424",,2.4,
984535,RPGR,deepseek-coder,Likely pathogenic,Uncertain significance,0.6,PM2;PVS1_Strength_Moderate,"Richards S, et al. Genet Med. 2015;17(5):405-424.",,2.21,
982662,GCK,kimi-k2.6,Likely pathogenic,Pathogenic,0.85,PVS1;PM2;PP3;PP4,"Pearson ER, Hattersley AT, Clin Sci (Lond), 2002;Gloyn AL, et al., Hum Mutat, 2005;Richards S, et al., Genet Med, 2015 (ACMG guidelines)",,6.55,
986031,HNF1A,deepseek-chat,Likely benign,Uncertain significance,0.6,PM2;PP3;PP4,"Richards et al., Genet Med, 2015;Ellard et al., Diabetologia, 2008",,2.62,
986031,HNF1A,deepseek-coder,Likely benign,Uncertain significance,0.6,PM2;PP3;PP4,"Richards et al., Genet Med, 2015;Ellard et al., Diabetologia, 2008",,2.61,
984535,RPGR,kimi-k2.6,Likely pathogenic,Uncertain significance,0.3,,"Richards S, Aziz N, Bale S, et al. Standards and guidelines for the interpretation of sequence variants: a joint consensus recommendation of the American College of Medical Genetics and Genomics and the Association for Molecular Pathology. Genet Med. 2015;17(5):405-24.",,5.82,
994090,PTEN,deepseek-chat,Likely pathogenic,Pathogenic,0.95,PS1;PM2;PM5;PP3;PP5,"Liaw D, et al. Nat Genet. 1997;16(1):64-67.;Marsh DJ, et al. Hum Mol Genet. 1998;7(3):507-515.;Nelen MR, et al. Nat Genet. 1997;16(1):64-67.",,2.96,
994090,PTEN,deepseek-coder,Likely pathogenic,Pathogenic,0.95,PS1;PM2;PM5;PP3;PP5,"Liaw D, et al. Nat Genet. 1997;16(1):64-67;Marsh DJ, et al. Hum Mol Genet. 1998;7(3):507-515;Nelen MR, et al. Nat Genet. 1997;16(1):64-67;Eng C. Hum Mutat. 2003;22(3):183-198",,2.98,
994090,PTEN,kimi-k2.6,Likely pathogenic,Pathogenic,0.95,PVS1;PS2;PM2;PP2;PP3,"Yehia et al., Hum Mutat, 2021; Mester & Eng, J Med Genet, 2013; Pilarski et al., J Natl Cancer Inst, 2011; Rodrigues et al., Nat Rev Cancer, 2018",,4.53,
1000164,MYOC,deepseek-chat,Likely benign,Benign,0.9,BP7;BP4,"Richards et al., Genet Med, 2015;Whissell et al., Hum Mutat, 2020",,2.22,
986031,HNF1A,kimi-k2.6,Likely benign,Pathogenic,0.75,PS1;PM2;PP3,"Ellard S, et al., Diabetologia, 2008;Harries LW, et al., Human Mutation, 2006;Bach I, et al., Nature Genetics, 1995;ACMG/AMP Sequence Variant Interpretation Guidelines, 2015",,6.6,
1000164,MYOC,deepseek-coder,Likely benign,Uncertain significance,0.6,PM2;BP4;BP7,"Richards et al., Genet Med, 2015",,2.2,
1000164,MYOC,kimi-k2.6,Likely benign,Benign,0.95,BP4;BP7,"ACMG Standards and Guidelines for the interpretation of sequence variants, Richards et al., Genet Med, 2015;Abu-Asab et al., Mol Vis, 2006; MYOC mutation spectrum",,5.25,
1021656,GP1BA,deepseek-coder,Likely pathogenic,Pathogenic,0.85,PM2;PM5;PP3;PP4,"Kunishima S, et al. Blood, 1994;Lanza F, et al. J Biol Chem, 1993",,2.47,
1021656,GP1BA,deepseek-chat,Likely pathogenic,Pathogenic,0.85,PM2;PM5;PP3;PP4,"Kunishima S, et al. Mutations in the N-terminal repeat of GP1ba result in loss of von Willebrand factor binding. Thromb Haemost. 2002;88(3):448-454.;Lanza F, et al. Bernard-Soulier syndrome: clinical and molecular aspects. Haematologica. 2006;91(4):459-466.",,3.8,
1029839,PTEN,deepseek-chat,Likely pathogenic,Pathogenic,0.85,PVS1_Moderate;PM2_Supporting;PP3;PS4_Moderate,"Tan MH, et al. Am J Hum Genet, 2011 (PTEN mutation database and phenotype correlations);Lapunzina P, et al. Hum Mutat, 2014 (splice-site variant interpretation in PTEN);Richards S, et al. Genet Med, 2015 (ACMG/AMP standards)",,2.95,
1029839,PTEN,deepseek-coder,Likely pathogenic,Pathogenic,0.85,PVS1_Moderate;PM2_Supporting;PS4_Moderate;PP3_Supporting,"Marsh DJ et al., Am J Hum Genet, 1998;Eng C, Hum Mutat, 2003;Pilarski R et al., J Med Genet, 2013",,2.78,
1029840,PTEN,deepseek-chat,Likely pathogenic,Uncertain significance,0.6,PM2;PP3;BP4,"Richards S, et al. Standards and guidelines for the interpretation of sequence variants. Genet Med. 2015;17(5):405-424.",,2.27,
1029840,PTEN,deepseek-coder,Likely pathogenic,Uncertain significance,0.6,PM2;PP3;BP4,"Richards S, et al. Genet Med. 2015;17(5):405-424.",,2.27,
1021656,GP1BA,kimi-k2.6,Likely pathogenic,Pathogenic,0.95,PVS1;PM1;PM2;PP3,"Lopez JA, Blood, 1998;Berndt MC, Thromb Haemost, 2009;Nurden AT, Blood Rev, 2006;Kunishima S, J Thromb Haemost, 2007",,8.52,
1039881,ACTA1,deepseek-chat,Likely pathogenic,Uncertain significance,0.6,PM2;PVS1_Moderate,"Nowak KJ, et al. Am J Hum Genet, 1999;Sparrow JC, et al. Hum Mutat, 2003",,2.69,
1029839,PTEN,kimi-k2.6,Likely pathogenic,Pathogenic,0.85,PVS1_Strong;PM2,"Richards S, Genet Med, 2015, PMID: 25741868;Mester JL, J Med Genet, 2012, PMID: 21659347;Yeo G, Bioinformatics, 2004, PMID: 15217802;Abou Tayoun AN, Hum Mutat, 2018, PMID: 29407411;gnomAD database, accessed 2024",,8.02,
1039881,ACTA1,deepseek-coder,Likely pathogenic,Uncertain significance,0.6,PM2;PVS1_Moderate,"Nowak KJ, et al. Am J Hum Genet, 1999;Sparrow JC, et al. Hum Mutat, 2003",,2.62,
1029840,PTEN,kimi-k2.6,Likely pathogenic,Pathogenic,0.75,PS1;PM2;PP2;PP3,"Yehia et al., Hum Mutat, 2021; Mester et al., J Med Genet, 2012; Pilarski et al., J Natl Compr Canc Netw, 2013; van der Veen et al., J Med Genet, 2012",,7.9,
1050385,SGCA,deepseek-chat,Likely pathogenic,Uncertain significance,0.6,PM2;PP3;PP4,"Richards et al., Genet Med, 2015",,2.14,
1039881,ACTA1,kimi-k2.6,Likely pathogenic,Uncertain significance,0.3,,"Richards S, et al., Genet Med, 2015; ACMG Sequence Variant Interpretation Guidelines",,5.49,
1050385,SGCA,deepseek-coder,Likely pathogenic,Uncertain significance,0.6,PM2;PP3,"Richards et al., Genet Med, 2015",,2.13,
1054873,RPE65,deepseek-coder,Pathogenic,Pathogenic,0.95,PVS1;PM2_Supporting,"Gu SM, et al. Nat Genet. 1997;17(2):194-197.;Marlhens F, et al. Nat Genet. 1997;17(2):139-141.",,2.67,
1054873,RPE65,deepseek-chat,Pathogenic,Pathogenic,0.95,PVS1;PM2;PP3,"Marlhens F, et al. Nat Genet. 1997;17(2):139-141;Gu SM, et al. Nat Genet. 1997;17(2):194-197;Thompson DA, et al. Hum Mol Genet. 2000;9(4):519-526",,2.8,
1058808,RPE65,deepseek-chat,Likely pathogenic,Uncertain significance,0.6,PM2;PP3;PP4,"Weisschuh N, et al. Invest Ophthalmol Vis Sci. 2016;57(3):1054-62.;Thompson DA, et al. Hum Mol Genet. 2000;9(4):645-51.",,2.73,
1050385,SGCA,kimi-k2.6,Likely pathogenic,Pathogenic,0.85,PS1;PM2;PP3;PP4,"Bonnemann CG, et al., Human Mutation, 1996; Ozawa E, et al., Neuromuscular Disorders, 1998; Duggan DJ, et al., American Journal of Human Genetics, 1997; Richard I, et al., Cell, 1995",,6.85,
1059920,IDUA,deepseek-chat,Pathogenic,Pathogenic,0.95,PVS1;PM2,"Scott HS, et al. Human Mutation, 1995;Beesley CE, et al. Journal of Medical Genetics, 2001",,2.38,
1054873,RPE65,kimi-k2.6,Pathogenic,Pathogenic,0.95,PVS1;PM2,"Richards S, Genet Med, 2015;den Dunnen JT, Hum Mutat, 2016;Thompson EM, Genet Med, 2020",,6.73,
1058808,RPE65,kimi-k2.6,Likely pathogenic,Pathogenic,0.75,PM1;PM2;PP3;PP4,"Thompson et al, Nat Genet, 2000; Nicoletti et al, Mol Vis, 2013; Koenekoop et al, Br J Ophthalmol, 2004",,5.79,
1058808,RPE65,deepseek-coder,Likely pathogenic,Uncertain significance,0.6,PM2;PP3,"Weisschuh N, et al. Mutations in the gene encoding the retinoid isomerase RPE65 in patients with Leber congenital amaurosis. Hum Mutat. 2001;17(6):511-512.;Thompson DA, et al. Genetics and phenotypes of RPE65 mutations in inherited retinal degeneration. Invest Ophthalmol Vis Sci. 2000;41(13):4293-4299.",,3.56,
1059920,IDUA,deepseek-coder,Pathogenic,Pathogenic,0.95,PVS1;PM2,"Scott HS, et al. Human Mutation, 1995;Beesley CE, et al. Journal of Medical Genetics, 2001",,2.14,
1060093,IDUA,deepseek-chat,Pathogenic,Pathogenic,0.99,PVS1;PM2;PVS1_Strong,"Scott HS, et al. Human Mutation, 1995;Beesley CE, et al. Journal of Medical Genetics, 2001;Clarke LA. GeneReviews, 2021",,2.68,
1060093,IDUA,deepseek-coder,Pathogenic,Pathogenic,0.99,PVS1;PM2;PP5,"Scott HS, et al. Human Mutation, 1995;Beesley CE, et al. Journal of Medical Genetics, 2001;Clarke LA. GeneReviews, 2021",,2.66,
1062324,RAG1,deepseek-chat,Pathogenic,Uncertain significance,0.6,PM2;PP3;PP4,Not applicable - no specific publication identified for this variant,,2.44,
1059920,IDUA,kimi-k2.6,Pathogenic,Pathogenic,0.95,PVS1;PM2_Supporting,"Richards S, et al. Standards and guidelines for the interpretation of sequence variants. Genet Med. 2015;17(5):405-24;Muenzer J, et al. Mucopolysaccharidosis I: management and treatment guidelines. Pediatrics. 2009;123(1):e1-e9",,7.58,
1062324,RAG1,deepseek-coder,Pathogenic,Uncertain significance,0.6,PM2;PP3;PP4,"Notarangelo LD, et al. J Allergy Clin Immunol, 2016;Villa A, et al. Blood, 2001",,2.37,
1060093,IDUA,kimi-k2.6,Pathogenic,Pathogenic,0.99,PVS1;PM2_Supporting,"ACMG Standards and Guidelines for the Interpretation of Sequence Variants, Richards et al., Genet Med, 2015;IDUA variant database and MPS I literature, Bunge et al., Am J Hum Genet, 1992; Scott et al., Hum Mutat, 1992",,5.78,
1062760,CEP290,deepseek-chat,Pathogenic,Pathogenic,0.95,PVS1;PM2;PVS1_Strong,"den Hollander et al., Am J Hum Genet, 2006;Coppieters et al., Hum Mutat, 2010",,2.78,
1062760,CEP290,deepseek-coder,Pathogenic,Pathogenic,0.95,PVS1;PM2;PVS1_Strong,"den Hollander et al., Am J Hum Genet, 2006;Coppieters et al., Hum Mutat, 2010;Drivas et al., Genet Med, 2015",,2.43,
1062768,CEP290,deepseek-chat,Pathogenic,Pathogenic,0.95,PVS1;PM2;PVS1_Strong,"den Hollander et al., Am J Hum Genet, 2006;Coppieters et al., Hum Mutat, 2010",,2.47,
1062768,CEP290,deepseek-coder,Pathogenic,Pathogenic,0.95,PVS1;PM2;PVS1_Strong,"den Hollander et al., Am J Hum Genet, 2006;Coppieters et al., Hum Mutat, 2010",,2.21,
1064712,RYR1,deepseek-chat,Likely pathogenic,Uncertain significance,0.6,PM2;PP3;BP4,"Richards S, et al. Genet Med. 2015;17(5):405-424",,1.97,
1062324,RAG1,kimi-k2.6,Pathogenic,Pathogenic,0.85,PS1;PM2;PP2;PP3,"Schwarz K, et al. Blood. 1996;87(6):2161-7;Villa A, et al. Cell. 1998;93(1):135-42;OMIM #179615;HGMD database, accessed 2024",,9.83,
1062768,CEP290,kimi-k2.6,Pathogenic,Pathogenic,0.95,PVS1;PM2_Supporting,"Richards S, Genet Med, 2015; Oud MM, Am J Hum Genet, 2007 (CEP290 and Joubert syndrome); den Hollander AI, Nat Genet, 2006 (CEP290 and Leber congenital amaurosis)",,5.99,
1064712,RYR1,deepseek-coder,Likely pathogenic,Uncertain significance,0.6,PM2;PP3;BP4,"Gonsalves SG, et al. Hum Mutat. 2013;34(12):1722-1728;Robinson R, et al. Neuromuscul Disord. 2006;16(9-10):561-573",,2.77,
1064712,RYR1,kimi-k2.6,Likely pathogenic,Uncertain significance,0.3,PM2,"ACMG Standards and Guidelines for the interpretation of sequence variants, Richards et al., Genet Med, 2015;RYR1-related disorders, GeneReviews, 2018",,4.54,
1062760,CEP290,kimi-k2.6,Pathogenic,Pathogenic,0.95,PVS1;PM2_Supporting,"Richards S, et al., Standards and guidelines for the interpretation of sequence variants: a joint consensus recommendation of the American College of Medical Genetics and Genomics and the Association for Molecular Pathology. Genet Med. 2015;17(5):405-24;Drivas EG, et al., CEP290 mutations and the centrosome: more than just a scaffold. Front Cell Dev Biol. 2021;9:702820;Valente EM, et al., Mutations in CEP290, which encodes a centrosomal protein, cause pleiotropic forms of Joubert syndrome. Nat Genet. 2006;38(6):623-5",,9.0,
1072858,PIK3R1,deepseek-chat,Likely benign,Benign,0.9,BP7;BP4,"Richards S, et al. Genet Med. 2015;17(5):405-424;gnomAD v2.1.1, https://gnomad.broadinstitute.org",,2.4,
1072858,PIK3R1,deepseek-coder,Likely benign,Benign,0.9,BP4;BP7,"Richards S, et al. Genet Med. 2015;17(5):405-424;Karczewski KJ, et al. Nature. 2020;581(7809):434-443",,2.38,
1085655,RUNX1,deepseek-chat,Likely benign,Uncertain significance,0.7,PM2;BP4;BP7,"Richards S, et al. Standards and guidelines for the interpretation of sequence variants. Genet Med. 2015;17(5):405-424.",,2.09,
1085655,RUNX1,deepseek-coder,Likely benign,Uncertain significance,0.65,PM2;BP4;BP7,"Richards S, et al. Standards and guidelines for the interpretation of sequence variants. Genet Med. 2015;17(5):405-424.",,2.17,
1072858,PIK3R1,kimi-k2.6,Likely benign,Benign,0.95,BA1;BP4;BP7,"Richards S, et al., Genet Med, 2015; Oates B, et al., Hum Mutat, 2018",,4.75,
1085664,RUNX1,deepseek-chat,Likely benign,Uncertain significance,0.6,PM2;BP4;BP7,"Richards S, et al. Standards and guidelines for the interpretation of sequence variants. Genet Med. 2015;17(5):405-424.",,2.1,
1085655,RUNX1,kimi-k2.6,Likely benign,Benign,0.95,BA1;BP4;BP7,"Richards S, et al., Genet Med, 2015; gnomAD database, https://gnomad.broadinstitute.org",,4.62,
1085664,RUNX1,deepseek-coder,Likely benign,Uncertain significance,0.6,PM2;BP4;BP7,"Richards S, et al. Standards and guidelines for the interpretation of sequence variants. Genet Med. 2015;17(5):405-424.",,2.26,
1085666,RUNX1,deepseek-chat,Likely benign,Uncertain significance,0.7,PM2;BP4;BP7,"Richards S, et al. Standards and guidelines for the interpretation of sequence variants. Genet Med. 2015;17(5):405-424.;Silva AL, et al. In silico prediction of splicing effects. Hum Mutat. 2019;40(9):1231-1244.",,2.66,
1085664,RUNX1,kimi-k2.6,Likely benign,Benign,0.95,BA1;BP7,"Richards S, et al., Genet Med, 2015; ACMG/AMP Sequence Variant Interpretation Guidelines",,4.5,
1085666,RUNX1,deepseek-coder,Likely benign,Uncertain significance,0.7,PM2;BP4;BP7,"Richards S, et al. Standards and guidelines for the interpretation of sequence variants. Genet Med. 2015;17(5):405-424.;Silva AL, et al. In silico prediction of synonymous variant effects. Hum Mutat. 2019;40(9):1231-1244.",,2.67,
1085666,RUNX1,kimi-k2.6,Likely benign,Benign,0.95,BA1;BP7,"Richards S, Genet Med, 2015; Oza V, Hum Mutat, 2018",,4.11,
1085668,RUNX1,deepseek-chat,Likely benign,Uncertain significance,0.7,PM2;BP4;BP7,"Richards S, et al. Standards and guidelines for the interpretation of sequence variants. Genet Med. 2015;17(5):405-424.",,2.42,
1085668,RUNX1,kimi-k2.6,Likely benign,Benign,0.95,BA1;BP4;BP7,"Richards S, Genet Med, 2015;Tavtigian SV, Hum Mutat, 2018",,3.59,
1085668,RUNX1,deepseek-coder,Likely benign,Uncertain significance,0.7,PM2;BP4;BP7,"Richards S, et al. Standards and guidelines for the interpretation of sequence variants. Genet Med. 2015;17(5):405-424.",,2.34,
1088184,MYOC,deepseek-coder,Likely benign,Pathogenic,0.95,PS1;PM2;PP3;PP5,"Stone EM, et al. Am J Hum Genet. 1997;61(6):1419-1424.;Alward WL, et al. Ophthalmology. 1998;105(11):2099-2104.;Fingert JH, et al. Hum Mol Genet. 1999;8(5):899-905.",,2.83,
1088184,MYOC,deepseek-chat,Likely benign,Pathogenic,0.95,PS1;PM2;PP3;PP5,"Stone EM, et al. Am J Hum Genet. 1997;61:1419-1424;Alward WL, et al. Ophthalmology. 1998;105:2099-2104;Fingert JH, et al. Hum Mol Genet. 1999;8:869-877",,2.89,
1107373,RUNX1,deepseek-chat,Likely benign,Uncertain significance,0.6,PM2;BP4;BP7,"Richards S, et al. Genet Med. 2015;17(5):405-424",,2.42,
1107373,RUNX1,deepseek-coder,Likely benign,Uncertain significance,0.6,PM2;BP4;BP7,"Richards et al., Genet Med, 2015",,2.2,
1088184,MYOC,kimi-k2.6,Likely benign,Pathogenic,0.75,PS1;PM2;PP2;PP3,"Fingert JH, Nature Genetics, 1999; Alward WL, Science, 1998; Mackey DA, Ophthalmology, 2003; Stone EM, Human Mutation, 1997; Graw J, Progress in Retinal and Eye Research, 2016",,5.69,
1107377,RUNX1,deepseek-chat,Likely benign,Uncertain significance,0.7,PM2;BP4;BP7,"Richards S, et al. Standards and guidelines for the interpretation of sequence variants. Genet Med. 2015;17(5):405-424.",,2.52,
1107373,RUNX1,kimi-k2.6,Likely benign,Benign,0.95,BA1;BP7,"Richards S, Genet Med, 2015, PMID: 25741868;Tavtigian SV, Hum Mutat, 2018, PMID: 29444438",,5.23,
1107377,RUNX1,deepseek-coder,Likely benign,Uncertain significance,0.6,PM2;BP4;BP7,"Richards S, et al. Standards and guidelines for the interpretation of sequence variants. Genet Med. 2015;17(5):405-424.",,2.24,
1107380,RUNX1,deepseek-chat,Likely benign,Uncertain significance,0.6,PM2;BP4;BP7,"Richards S, et al. Genet Med. 2015;17(5):405-424;Silva AL, et al. Hum Mutat. 2010;31(6):E1502-E1510",,2.6,
1107380,RUNX1,deepseek-coder,Likely benign,Uncertain significance,0.7,PM2;BP4;BP7,"Richards S, et al. Standards and guidelines for the interpretation of sequence variants. Genet Med. 2015;17(5):405-424.",,2.25,
1107377,RUNX1,kimi-k2.6,Likely benign,Benign,0.95,BA1;BP4;BP7,"Richards S, Genet Med, 2015; Oza V, Hum Mutat, 2018; gnomAD database, v2.1.1",,4.93,
1107380,RUNX1,kimi-k2.6,Likely benign,Uncertain significance,0.3,,"Richards S, et al., Genet Med, 2015;Tavigian SV, et al., Hum Mutat, 2018",,4.47,
1107383,RUNX1,deepseek-chat,Likely benign,Uncertain significance,0.6,PM2;BP4;BP7,"Richards S, et al. Standards and guidelines for the interpretation of sequence variants. Genet Med. 2015;17(5):405-424.",,2.78,
1128782,RUNX1,deepseek-chat,Likely benign,Uncertain significance,0.9,,,,1.82,
1128782,RUNX1,deepseek-coder,Likely benign,Uncertain significance,0.9,,"Richards S, et al. Genet Med. 2015;17(5):405-424",,2.26,
1107383,RUNX1,deepseek-coder,Likely benign,Uncertain significance,0.7,PM2;BP4;BP7,"Richards S, et al. Genet Med. 2015;17(5):405-424;Silva AL, et al. Hum Mol Genet. 2010;19(7):1311-1320",,3.17,
1107383,RUNX1,kimi-k2.6,Likely benign,Uncertain significance,0.3,,"Richards S, et al., Genet Med, 2015;Latini FR, et al., Hum Mutat, 2011",,5.34,
1128789,RUNX1,deepseek-chat,Likely benign,Uncertain significance,0.7,PM2;BP4;BP7,"Richards S, et al. Genet Med, 2015",,2.09,
1128789,RUNX1,kimi-k2.6,Likely benign,Benign,0.95,BP4;BP7,"Richards S, Genet Med, 2015; ACMG/AMP Sequence Variant Interpretation Guidelines",,3.66,
1128789,RUNX1,deepseek-coder,Likely benign,Uncertain significance,0.7,PM2;BP4;BP7,"Richards et al., Genet Med, 2015",,1.99,
1128782,RUNX1,kimi-k2.6,Likely benign,Benign,0.95,BA1;BP4;BP7,"Richards S, et al., Standards and guidelines for the interpretation of sequence variants: a joint consensus recommendation of the American College of Medical Genetics and Genomics and the Association for Molecular Pathology. Genet Med. 2015;17(5):405-24.",,5.33,
1128794,RUNX1,deepseek-chat,Likely benign,Uncertain significance,0.7,PVS1;PM4;BP7,"Song WJ, et al. Nat Genet. 1999;23(2):166-175;Luo B, et al. Leukemia. 2019;33(6):1453-1466",,2.86,
1128794,RUNX1,deepseek-coder,Likely benign,Uncertain significance,0.6,PM2_supporting;BP4_supporting;BP7_supporting,"Richards S, et al. Genet Med. 2015;17(5):405-424",,2.47,
1128795,RUNX1,deepseek-chat,Likely benign,Uncertain significance,0.6,PM2;BP4;BP7,"Richards S, et al. Genet Med. 2015;17(5):405-424",,2.54,
1128795,RUNX1,deepseek-coder,Likely benign,Uncertain significance,0.6,PM2;BP4,"Richards S, et al. Genet Med. 2015;17(5):405-424",,2.06,
1128794,RUNX1,kimi-k2.6,Likely benign,Benign,0.95,BP4;BP7,"Richards S, Genet Med, 2015; Oza AM, Hum Mutat, 2018",,5.16,
1131775,ABCA4,deepseek-chat,Likely benign,Uncertain significance,0.6,PM2;PP3,"Sung et al., J Med Genet, 2020;Cornelis et al., Hum Mutat, 2017",,2.4,
1131775,ABCA4,deepseek-coder,Likely benign,Uncertain significance,0.6,PM2;PP3,"Richards S, et al. Genet Med. 2015;17(5):405-424",,2.1,
1128795,RUNX1,kimi-k2.6,Likely benign,Uncertain significance,0.3,,"Richards S, Aziz N, Bale S, et al. Standards and guidelines for the interpretation of sequence variants: a joint consensus recommendation of the American College of Medical Genetics and Genomics and the Association for Molecular Pathology. Genet Med. 2015;17(5):405-424.",,5.37,
1136958,PIK3R1,deepseek-chat,Likely benign,Benign,0.9,BP4;BP7,"Richards S, et al. Genet Med. 2015;17(5):405-424",,2.16,
1136958,PIK3R1,deepseek-coder,Likely benign,Benign,0.9,BP7;BP4,"Richards S, et al. Genet Med, 2015",,2.03,
1149723,RUNX1,deepseek-chat,Likely benign,Uncertain significance,0.6,PM2;BP4,"Richards et al., Genet Med, 2015",,2.04,
1149723,RUNX1,deepseek-coder,Likely benign,Uncertain significance,0.6,PM2;BP4,"Richards S, et al. Genet Med, 2015",,2.09,
1131775,ABCA4,kimi-k2.6,Likely benign,Benign,0.95,BA1,"Richardson et al., Am J Hum Genet, 2022; ClinVar entry RCV000085617.5; gnomAD v2.1.1",,7.5,
1149723,RUNX1,kimi-k2.6,Likely benign,Benign,0.95,BA1;BP7,"Richards S, Genet Med, 2015; Oza V, Hum Mutat, 2018",,4.45,
1149730,RUNX1,deepseek-chat,Likely benign,Uncertain significance,0.6,PM2;BP4;BP7,"Richards et al., Genet Med, 2015",,2.06,
1136958,PIK3R1,kimi-k2.6,Likely benign,Benign,0.95,BA1;BP4;BP7,"Richards S, et al., Standards and guidelines for the interpretation of sequence variants: a joint consensus recommendation of the American College of Medical Genetics and Genomics and the Association for Molecular Pathology. Genet Med. 2015;17(5):405-24;gnomAD v4.0 population database (https://gnomad.broadinstitute.org)",,6.73,
1149730,RUNX1,deepseek-coder,Likely benign,Uncertain significance,0.6,PM2;BP4;BP7,"Richards S, et al. Genet Med. 2015;17(5):405-424",,2.37,
1149730,RUNX1,kimi-k2.6,Likely benign,Benign,0.95,BP4;BP7,"Richards S, Genet Med, 2015;Karczewski KJ, Nature, 2020",,4.08,
1149733,RUNX1,deepseek-coder,Likely benign,Uncertain significance,0.7,PM2;BP4;BP7,"Richards S, et al. Standards and guidelines for the interpretation of sequence variants. Genet Med. 2015;17(5):405-424.",,2.46,
1149733,RUNX1,deepseek-chat,Likely benign,Uncertain significance,0.7,PM2;BP4;BP7,"Richards S, et al. Genet Med. 2015;17(5):405-424;Silva et al. Hum Mutat. 2019;40(7):899-909",,2.96,
1149736,RUNX1,deepseek-chat,Likely benign,Uncertain significance,0.6,PM2;BP4;BP7,"Richards S, et al. Standards and guidelines for the interpretation of sequence variants. Genet Med. 2015;17(5):405-424.",,2.71,
1149736,RUNX1,deepseek-coder,Likely benign,Uncertain significance,0.6,PM2;BP4;BP7,"Richards S, et al. Standards and guidelines for the interpretation of sequence variants. Genet Med. 2015;17(5):405-424.",,2.64,
1149733,RUNX1,kimi-k2.6,Likely benign,Benign,0.95,BA1;BP4;BP7,"Richards S, Genet Med, 2015; Oza V, Hum Mutat, 2018",,4.9,
1149739,RUNX1,deepseek-chat,Likely benign,Uncertain significance,0.6,PM2;BP4;BP7,"Richards et al., Genet Med, 2015;Silva et al., Hum Mutat, 2019",,2.46,
1149739,RUNX1,deepseek-coder,Likely benign,Uncertain significance,0.6,PM2;BP4;BP7,"Richards S, et al. Genet Med. 2015;17:405-424;Silva et al. Hum Mutat. 2019 (in silico prediction for synonymous variants)",,2.62,
1149751,RUNX1,deepseek-chat,Likely benign,Uncertain significance,0.7,PM2;BP4;BP7,"Richards S, et al. Standards and guidelines for the interpretation of sequence variants. Genet Med. 2015;17(5):405-424.",,2.14,
1149751,RUNX1,deepseek-coder,Likely benign,Uncertain significance,0.7,PM2;BP4;BP7,"Richards S, et al. Standards and guidelines for the interpretation of sequence variants. Genet Med. 2015;17(5):405-424.",,2.26,
1149739,RUNX1,kimi-k2.6,Likely benign,Benign,0.95,BP4;BP7,"Richards S, Genet Med, 2015; Ellinghaus D, Hum Mutat, 2010",,5.22,
1149736,RUNX1,kimi-k2.6,Likely benign,Benign,0.95,BA1;BP4;BP7,"Richards S, Genet Med, 2015;Oza V, Hum Mutat, 2018;Karczewski KJ, Nature, 2020",,8.44,
1152984,F8,deepseek-chat,Likely pathogenic,Pathogenic,0.85,PM1;PM2;PP3;PP4,"Oldenburg J, et al. Haemophilia. 2014;Lannoy N, et al. Hum Mutat. 2016",,2.43,
1152984,F8,deepseek-coder,Likely pathogenic,Pathogenic,0.85,PM1;PM2;PP3;PP4,"Oldenburg J, et al. Haemophilia. 2004;Giannelli F, et al. Nucleic Acids Res. 1998",,2.04,
1159614,RPGR,deepseek-chat,Likely benign,Uncertain significance,0.6,PM2;PP3,"Shu X, et al. Hum Mutat, 2007;Hosono K, et al. Sci Rep, 2018",,2.69,
1159614,RPGR,deepseek-coder,Likely benign,Uncertain significance,0.6,PM2;PP3,"Vervoort et al., Nat Genet, 2000;Shu et al., Hum Mutat, 2007",,2.5,
1152984,F8,kimi-k2.6,Likely pathogenic,Pathogenic,0.95,PVS1;PS1;PM5;PP2;PP5,"Oldenburg J, Haemophilia, 2015; Goodeve AC, Haemophilia, 2015; Higuchi DA, PNAS, 1989; Pipe SW, Thromb Haemost, 2004",,6.32,
1149751,RUNX1,kimi-k2.6,Likely benign,Benign,0.95,BA1;BP7,"Richards S, et al., Genet Med, 2015; ACMG/AMP Sequence Variant Interpretation Guidelines",,9.31,
1159614,RPGR,kimi-k2.6,Likely benign,Pathogenic,0.75,PM1;PM2;PP2;PP3,"Bader et al., Am J Hum Genet, 2003;Vervoort et al., Nat Genet, 2000;Richards et al., Genet Med, 2015",,5.51,
1161031,BRCA2,deepseek-chat,Likely pathogenic,Uncertain significance,0.6,PM2;PP3,"Richards et al., Genet Med, 2015;ClinVar submission for BRCA2 c.8243G>T",,2.58,
1161031,BRCA2,deepseek-coder,Likely pathogenic,Uncertain significance,0.6,PM2;PP3,"Richards et al., Genet Med, 2015;ClinVar submission for BRCA2 c.8243G>T",,2.46,
1161031,BRCA2,kimi-k2.6,Likely pathogenic,Pathogenic,0.75,PM1;PM2;PP2;PP3;PP5,"Richards S, Genet Med, 2015; National Center for Biotechnology Information, ClinVar, accessed 2024",,4.65,
1170299,CAPN3,deepseek-chat,Likely pathogenic,Uncertain significance,0.6,PM2;PP3;BP4,"Richards et al., Genet Med, 2015",,1.68,
1162271,MYOC,deepseek-coder,Likely pathogenic,Pathogenic,0.85,PM2;PM5;PP3;PP5,"Stone EM, et al. Am J Hum Genet, 1997;Fingert JH, et al. Hum Mol Genet, 1999;Kwon YH, et al. Invest Ophthalmol Vis Sci, 2001",,2.59,
1162271,MYOC,deepseek-chat,Likely pathogenic,Pathogenic,0.85,PM2;PM5;PP3;PP5,"Stone EM, et al. Am J Hum Genet 1997;61:1419-1424;Fingert JH, et al. Hum Mol Genet 1999;8:899-905;Kwon YH, et al. Ophthalmology 2001;108:106-112",,3.13,
1170299,CAPN3,deepseek-coder,Likely pathogenic,Uncertain significance,0.6,PM2;PP3,"Richard et al., Nature Genetics, 1995;Kramerova et al., Human Mutation, 2004",,2.18,
1178274,TCF4,deepseek-chat,Likely benign,Uncertain significance,0.6,PM2;PP3,"Richards et al., Genet Med, 2015",,1.92,
1178274,TCF4,deepseek-coder,Likely benign,Uncertain significance,0.6,PM2;PP3,"Forrest M, et al. Am J Med Genet A. 2014;164A:3084-3091;Kalscheuer VM, et al. Am J Hum Genet. 2008;82:1271-1277",,2.43,
1162271,MYOC,kimi-k2.6,Likely pathogenic,Pathogenic,0.85,PS1;PM1;PM2;PP3,"Fingert JH, Nature Genetics, 1999; Rozsa FW, Archives of Ophthalmology, 2000; Jacobson N, Human Molecular Genetics, 2001; Liu Y, PLoS One, 2011; Zanon-Moreno V, Ophthalmology, 2015",,7.07,
1170299,CAPN3,kimi-k2.6,Likely pathogenic,Pathogenic,0.85,PS1;PM2;PP3,"Richard I, Nature Genetics, 1995; Anderson LV, Neuromuscular Disorders, 1999; Fanin M, Human Mutation, 2009; Groen EJ, Neurology, 2007",,6.07,
1178274,TCF4,kimi-k2.6,Likely benign,Uncertain significance,0.3,,"Richards S, Aziz N, Bale S, et al. Standards and guidelines for the interpretation of sequence variants: a joint consensus recommendation of the American College of Medical Genetics and Genomics and the Association for Molecular Pathology. Genet Med. 2015;17(5):405-424",,4.86,
1195736,CDKL5,deepseek-chat,Likely benign,Uncertain significance,0.6,PM2;PP3,"Kalscheuer et al., Am J Hum Genet, 2003;Fehr et al., Orphanet J Rare Dis, 2016",,2.81,
1195736,CDKL5,deepseek-coder,Likely benign,Uncertain significance,0.6,PM2;PP3,"Kalscheuer et al., Am J Hum Genet, 2003;Fehr et al., Orphanet J Rare Dis, 2016",,2.9,
1200035,DICER1,deepseek-chat,Pathogenic,Pathogenic,0.95,PVS1;PM2;PVS1_Strong,"Foulkes WD, et al. J Med Genet, 2011;Hirotsu Y, et al. Hum Mutat, 2015",,2.58,
1200035,DICER1,deepseek-coder,Pathogenic,Pathogenic,0.95,PVS1;PM2;PVS1_Strong,"Foulkes WD, et al. J Med Genet, 2011;Slade I, et al. J Med Genet, 2011",,2.05,
1195736,CDKL5,kimi-k2.6,Likely benign,Pathogenic,0.75,PS1;PM2;PP3,"Bahi-Buisson N, et al., Neurology, 2008;Nectoux J, et al., Human Mutation, 2009;Fehr S, et al., European Journal of Human Genetics, 2013;Motta M, et al., Clinical Genetics, 2016",,6.38,
1200311,RYR1,deepseek-chat,Likely pathogenic,Uncertain significance,0.6,PM2;PP3;PP4,"Richards S, et al. Genet Med. 2015;17(5):405-424",,2.29,
1200311,RYR1,deepseek-coder,Likely pathogenic,Uncertain significance,0.6,PM2;PP3,"Richards S, et al. Genet Med. 2015;17(5):405-424",,2.22,
1229769,PIK3R1,deepseek-chat,Benign,Uncertain significance,0.6,PM2;BP7,"Richards S, et al. Standards and guidelines for the interpretation of sequence variants. Genet Med. 2015;17(5):405-424.",,2.36,
1200311,RYR1,kimi-k2.6,Likely pathogenic,Uncertain significance,0.3,,"Richards S, et al., Genet Med, 2015 (ACMG guidelines);Rosenberg H, et al., Orphanet J Rare Dis, 2015 (RYR1 review)",,4.66,
1200035,DICER1,kimi-k2.6,Pathogenic,Pathogenic,0.95,PVS1;PM2_Supporting,"Rivase, et al., Hum Mutat, 2012;Khan et al., Fam Cancer, 2017;ACMG/AMP Sequence Variant Interpretation Guidelines, 2015",,6.11,
1229769,PIK3R1,deepseek-coder,Benign,Uncertain significance,0.6,PM2;PP3,"Richards S, et al. Standards and guidelines for the interpretation of sequence variants. Genet Med. 2015;17(5):405-424.",,2.32,
1229769,PIK3R1,kimi-k2.6,Benign,Uncertain significance,0.3,,"Richards S, Genet Med, 2015; Ostrom AA, Hum Mutat, 2020",,4.87,
1259964,PIK3R1,deepseek-chat,Benign,Uncertain significance,0.6,PM2_supporting,"Richards S, et al. Standards and guidelines for the interpretation of sequence variants. Genet Med. 2015;17(5):405-424.",,2.77,
1259964,PIK3R1,deepseek-coder,Benign,Uncertain significance,0.6,PM2_supporting;BP7,"Richards S, et al. Standards and guidelines for the interpretation of sequence variants. Genet Med. 2015;17(5):405-424.",,2.64,
1304182,MYOC,deepseek-chat,Likely benign,Pathogenic,0.9,PS1;PM2;PP3;PP5,"Stone EM, et al. Am J Hum Genet, 1997;Alward WL, et al. Ophthalmology, 1998;Fingert JH, et al. Hum Mol Genet, 1999",,2.67,
1259964,PIK3R1,kimi-k2.6,Benign,Uncertain significance,0.3,,"Richards S, et al., Genet Med, 2015;den Dunnen JT, et al., Hum Mutat, 2016",,5.46,
1304182,MYOC,deepseek-coder,Likely benign,Pathogenic,0.95,PS1;PM2;PP3;PP5,"Stone EM, et al. Am J Hum Genet, 1997;Alward WL, et al. Ophthalmology, 1998;Fingert JH, et al. Hum Mol Genet, 1999;Kwon YH, et al. Arch Ophthalmol, 2001",,2.86,
1305056,TCF4,deepseek-chat,Likely benign,Uncertain significance,0.6,PM2;PVS1_Strength_Modified,"Richards S, et al. Standards and guidelines for the interpretation of sequence variants. Genet Med. 2015;17(5):405-424.",,3.05,
1305056,TCF4,deepseek-coder,Likely benign,Uncertain significance,0.6,PM2;PVS1_Moderate,"Richards S, et al. Standards and guidelines for the interpretation of sequence variants. Genet Med. 2015;17(5):405-424.",,2.27,
1309415,CDKL5,deepseek-coder,Likely benign,Likely benign,0.85,BP7;BS1,"Richards et al., Genet Med, 2015",,1.7,
1309415,CDKL5,deepseek-chat,Likely benign,Likely benign,0.85,BP7;BS1,"Richards S, et al. Standards and guidelines for the interpretation of sequence variants. Genet Med. 2015;17(5):405-424.",,2.36,
1304182,MYOC,kimi-k2.6,Likely benign,Pathogenic,0.75,PS4;PM1;PM2;PP2;PP3,"Fingert JH, et al. Hum Mol Genet. 1999; Faucher M, et al. Am J Hum Genet. 2002; Gobeil S, et al. Hum Mol Genet. 2006; Buie LC, et al. Mol Vis. 2010; Kaur K, et al. Mol Vis. 2009",,7.47,
1309415,CDKL5,kimi-k2.6,Likely benign,Benign,0.95,BP4;BP7,"Richards S, Genet Med, 2015; Oates M, Hum Mutat, 2023",,3.83,
1309927,PIK3R1,deepseek-coder,Likely benign,Uncertain significance,0.6,PM2;BP4,"Richards S, et al. Genet Med. 2015;17(5):405-424",,2.19,
1309927,PIK3R1,deepseek-chat,Likely benign,Uncertain significance,0.6,PM2;BP4,"Richards S, et al. Genet Med, 2015",,2.3,
1305056,TCF4,kimi-k2.6,Likely benign,Uncertain significance,0.3,,"Richards S, Aziz N, Bale S, et al. Standards and guidelines for the interpretation of sequence variants: a joint consensus recommendation of the American College of Medical Genetics and Genomics and the Association for Molecular Pathology. Genet Med. 2015;17(5):405-424.",,7.19,
1309927,PIK3R1,kimi-k2.6,Likely benign,Uncertain significance,0.3,,"Richards S, et al., Genet Med, 2015; ACMG Sequence Variant Interpretation Working Group recommendations",,4.12,
1313252,GAA,deepseek-chat,Likely pathogenic,Pathogenic,0.95,PVS1;PM2;PP3,"Kroos M, et al. Hum Mutat. 2008;29(6):E13-E26.;Richards S, et al. Genet Med. 2015;17(5):405-424.",,2.83,
1313377,IDUA,deepseek-coder,Pathogenic,Pathogenic,0.95,PVS1;PM2_supporting,"Muenzer J, et al. Pediatrics, 2009;Clarke LA, et al. Hum Mutat, 1994",,2.42,
1313377,IDUA,deepseek-chat,Pathogenic,Pathogenic,0.95,PVS1;PM2_supporting,"Muenzer J, et al. Pediatrics, 2009;Clarke LA. GeneReviews, 2021",,2.53,
1313252,GAA,deepseek-coder,Likely pathogenic,Pathogenic,0.95,PVS1;PM2;PP3,"Martiniuk F, et al. Am J Hum Genet. 1990;47(3):440-445;Kroos M, et al. Hum Mutat. 2008;29(6):E13-E20;Richards S, et al. Genet Med. 2015;17(5):405-424",,3.04,
1313872,SGCG,deepseek-coder,Pathogenic,Pathogenic,0.99,PVS1;PM2_Supporting,"Noguchi et al., J Biol Chem, 1995;Piccolo et al., Ann Neurol, 1995",,2.04,
1313872,SGCG,deepseek-chat,Pathogenic,Pathogenic,0.99,PVS1;PM2_Supporting,"Nigro V, et al. Hum Mol Genet, 1996;Bonnemann CG, et al. Nat Genet, 1995",,2.24,
1313872,SGCG,kimi-k2.6,Pathogenic,Pathogenic,0.95,PVS1;PM2_Supporting,"Richards S, Genet Med, 2015;Oza AH, Hum Mutat, 2018",,3.59,
1313252,GAA,kimi-k2.6,Likely pathogenic,Pathogenic,0.95,PVS1;PM2_Supporting,"Kroos MA, et al. Hum Mutat. 1995;Montalvo AR, et al. Mol Genet Metab. 2006;ACMG Standards and Guidelines for the interpretation of sequence variants. Richards S, et al. Genet Med. 2015",,7.55,
1314768,GP1BB,deepseek-chat,Pathogenic,Pathogenic,0.95,PVS1;PM2_Supporting,"Kunishima S, et al. Mutations in the N-terminal region of the beta subunit of glycoprotein Ib cause its lack of surface expression. Thromb Haemost. 2006;96(4):486-493.;Lanza F, et al. Bernard-Soulier syndrome: an update. Semin Thromb Hemost. 2007;33(6):563-569.",,2.71,
1314768,GP1BB,deepseek-coder,Pathogenic,Pathogenic,0.95,PVS1;PM2;PP5,"Kunishima S, et al. Mutations in the N-terminal region of the beta subunit of glycoprotein Ib cause its abnormal cellular distribution, resulting in macrothrombocytopenia. Thromb Haemost. 2006;95(4):700-707.;Savoia A, et al. Spectrum of the mutations in Bernard-Soulier syndrome. Hum Mutat. 2014;35(9):1033-1045.;ClinVar submissions for NM_000407.5(GP1BB):c.423C>A (p.Cys141Ter)",,3.45,
1313377,IDUA,kimi-k2.6,Pathogenic,Pathogenic,0.95,PVS1;PM2_Supporting,"Richards S, et al., Genet Med, 2015; Scott HS, et al., Am J Hum Genet, 1992; Bunge S, et al., Hum Mutat, 1997",,8.65,
1318228,HNF1A,deepseek-chat,Likely pathogenic,Pathogenic,0.85,PM2;PM5;PP3;PP4,"Ellard S, et al. Diabetologia, 2008;Colclough K, et al. Hum Mutat, 2013",,3.32,
1314768,GP1BB,kimi-k2.6,Pathogenic,Pathogenic,0.95,PVS1;PM2,"Kunishima S, et al., J Thromb Haemost, 2003;De Marco L, et al., Br J Haematol, 1995;Richards S, et al., Genet Med, 2015 (ACMG guidelines)",,6.25,
1318228,HNF1A,kimi-k2.6,Likely pathogenic,Pathogenic,0.75,PM1;PM2;PP3;PP4,"Pearson ER, Hum Mol Genet, 2007; Ellard S, Hum Mutat, 2007; Richards S, Genet Med, 2015",,3.89,
1318228,HNF1A,deepseek-coder,Likely pathogenic,Pathogenic,0.85,PM2;PM5;PP3;PP4,"Ellard S, et al. Diabetologia. 2008;51(4):651-657.;Colclough K, et al. Diabetologia. 2013;56(6):1243-1253.",,3.04,
1321038,RYR1,deepseek-coder,Pathogenic,Uncertain significance,0.6,PM2;PP3;BP4,"Richards S, et al. Genet Med. 2015;17(5):405-424",,1.94,
1321038,RYR1,deepseek-chat,Pathogenic,Uncertain significance,0.6,PM2;PP3;BP4,"Quinonez et al., J Hum Genet, 2013;Robinson et al., Neuromuscul Disord, 2006",,2.62,
1324950,HNF1A,deepseek-chat,Likely pathogenic,Uncertain significance,0.6,PM2;PP3;PP4,"Richards S, et al. Genet Med, 2015;Ellard S, et al. Diabetologia, 2008",,2.46,
1324950,HNF1A,deepseek-coder,Likely pathogenic,Uncertain significance,0.6,PM2;PP3;PP4,"Richards S, et al. Standards and guidelines for the interpretation of sequence variants. Genet Med. 2015;17(5):405-424.",,2.25,
1324951,HNF1A,deepseek-chat,Pathogenic,Uncertain significance,0.6,PM2;PP3;PP4,"Richards et al., Genet Med, 2015;Ellard et al., Diabetologia, 2008",,2.6,
1321038,RYR1,kimi-k2.6,Pathogenic,Uncertain significance,0.3,,"Richards S, et al., Genet Med, 2015, PMID: 25741868;Rosenberg H, et al., Orphanet J Rare Dis, 2007, PMID: 17919360;Sambuughin N, et al., Am J Med Genet A, 2011, PMID: 21484935",,5.92,
1324951,HNF1A,deepseek-coder,Pathogenic,Uncertain significance,0.6,PM2;PP3;PP4,"Richards S, et al. Genet Med. 2015;17(5):405-424.",,2.92,
1324950,HNF1A,kimi-k2.6,Likely pathogenic,Pathogenic,0.85,PS3;PM1;PM2;PP3,"Ryffel GU, Eur J Endocrinol, 2003;Pearson ER, Diabetes, 2005;Flanagan SE, Hum Mutat, 2009",,6.83,
1326289,GAMT,deepseek-chat,Likely pathogenic,Pathogenic,0.85,PM2;PM3;PP3;PP4,"Stöckler S, et al. Am J Hum Genet, 1996;Mercimek-Mahmutoglu S, et al. GeneReviews, 2016",,2.74,
1326289,GAMT,deepseek-coder,Likely pathogenic,Pathogenic,0.75,PM2;PM3;PP3;PP4,"Stöckler S, et al. Am J Hum Genet, 1996;Mercimek-Mahmutoglu S, et al. GeneReviews, 2016",,2.78,
1324951,HNF1A,kimi-k2.6,Pathogenic,Pathogenic,0.75,PS1;PM2;PP3,"Ellard S, et al., Hum Mutat, 2008; Pearson ER, et al., Diabetes, 2007; Flanagan SE, et al., Diabetologia, 2006",,6.36,
1326289,GAMT,kimi-k2.6,Likely pathogenic,Pathogenic,0.75,PVS1;PM2;PP3,"Sloan et al., Am J Hum Genet, 2011; GAMT deficiency is an autosomal recessive disorder caused by biallelic pathogenic variants in GAMT",,5.14,
1329119,RUNX1,deepseek-chat,Likely benign,Uncertain significance,0.6,PM2;BP4;BP7,"Richards S, et al. Genet Med, 2015",,2.2,
1329119,RUNX1,deepseek-coder,Likely benign,Uncertain significance,0.7,PM2;BP4;BP7,"Richards S, et al. Genet Med. 2015;17(5):405-424",,2.29,
1329469,HNF1A,deepseek-chat,Benign,Uncertain significance,0.6,PM2;PP3,"Richards et al., Genet Med, 2015",,2.25,
1329469,HNF1A,deepseek-coder,Benign,Uncertain significance,0.6,PM2;PP3,"Richards et al., Genet Med, 2015",,2.26,
1329469,HNF1A,kimi-k2.6,Benign,Pathogenic,0.75,PS1;PM2;PP3;PP4,"Ellard S, et al., Diabetologia, 2008; Pearson ER, et al., Diabetes, 2005; Flanagan SE, et al., Human Mutation, 2009",,5.39,
1329536,RUNX1,deepseek-chat,Likely pathogenic,Pathogenic,0.85,PM2;PM5;PP3;PP4,"Song WJ, et al. Nat Genet. 1999;23(2):166-175.;Preudhomme C, et al. Blood. 2000;95(5):1797-1803.;Liew E, et al. Br J Haematol. 2009;145(5):606-613.",,3.55,
1329536,RUNX1,deepseek-coder,Likely pathogenic,Pathogenic,0.85,PM2;PM5;PP3;PP4,"Song WJ, et al. Nat Genet. 1999;23(2):166-175.;Michaud J, et al. Hum Mutat. 2002;20(5):387-394.;Luo X, et al. Hum Mutat. 2019;40(9):1371-1385.",,2.98,
1329119,RUNX1,kimi-k2.6,Likely benign,Benign,0.95,BA1;BP4;BP7,"Richards S, et al., Genet Med, 2015; Oza V, et al., Cold Spring Harb Mol Case Stud, 2019",,8.79,
1329741,PIK3R1,kimi-k2.6,Likely pathogenic,Pathogenic,0.95,PVS1;PM2,"Deau et al., J Clin Invest, 2008;Dyment et al., Am J Hum Genet, 2013;Rico et al., Hum Mutat, 2015",,4.46,
1329536,RUNX1,kimi-k2.6,Likely pathogenic,Pathogenic,0.75,PS1;PM2;PP3,"Owen CJ, Blood, 2003; Hsu AP, Blood, 2011; Michaud J, Hum Mol Genet, 2002; ClinVar entry for RUNX1 c.508G>A (p.Gly170Asp), accessed 2024",,6.53,
1329741,PIK3R1,deepseek-coder,Likely pathogenic,Pathogenic,0.85,PVS1;PM2,"Deau et al., J Clin Invest, 2014;Lucas et al., J Allergy Clin Immunol, 2016",,2.38,
1329741,PIK3R1,deepseek-chat,Likely pathogenic,Pathogenic,0.85,PVS1;PM2,"Lucas CL, et al. Nat Immunol, 2014;Deau MC, et al. J Clin Invest, 2014",,2.62,
1330879,CYP1B1,deepseek-chat,Pathogenic,Pathogenic,0.85,PM2;PM3;PP3;PP4,"Vasiliou V, Gonzalez FJ. Pharmacogenetics, 2008;Stoilov I, et al. Hum Mol Genet, 1998;Li N, et al. Mol Vis, 2011",,2.65,
1333772,MYOC,deepseek-chat,Pathogenic,Uncertain significance,0.6,PM2;PP3;BP4,"Stone EM, et al. Ophthalmology, 1997;Kwon YH, et al. Am J Ophthalmol, 2009",,2.08,
1333772,MYOC,deepseek-coder,Pathogenic,Uncertain significance,0.6,PM2;PP3;BP4,"Richards et al., Genet Med, 2015",,2.05,
1330879,CYP1B1,deepseek-coder,Pathogenic,Pathogenic,0.75,PM2;PM3;PP3;PP4,"Vasiliou V, Gonzalez FJ. Pharmacogenetics, 2008;Stoilov I, et al. Am J Hum Genet, 1998",,2.73,
1330879,CYP1B1,kimi-k2.6,Pathogenic,Pathogenic,0.75,PS1;PM2;PP3;PP4,"Bejiani et al., J Med Genet, 2000; Vincent et al., Hum Mutat, 2002; Reddy et al., Invest Ophthalmol Vis Sci, 2004; Chavarria-Suez et al., Mol Vis, 2013",,6.48,
1333773,MYOC,deepseek-chat,Likely pathogenic,Pathogenic,0.85,PM2;PM5;PP3;PP5,"Stone EM, et al. Science. 1997;275(5300):668-670.;Alward WL, et al. Ophthalmology. 1998;105(11):2099-2106.;Kwon YH, et al. Am J Hum Genet. 2001;69(3):641-646.",,2.92,
1333773,MYOC,deepseek-coder,Likely pathogenic,Pathogenic,0.85,PM2;PM5;PP3;PP5,"Stone EM, et al. Science. 1997;275(5300):668-670.;Kwon YH, et al. Am J Ophthalmol. 2001;132(5):699-708.;Fingert JH, et al. Hum Mol Genet. 1999;8(5):899-905.",,3.22,
1333772,MYOC,kimi-k2.6,Pathogenic,Pathogenic,0.75,PS4;PM1;PM2;PP2;PP3,"Fingert JH, Nature Genetics, 1999; Alward WL, Science, 1998; Rozsa FW, Archives of Ophthalmology, 2000; Gobeil SM, Human Molecular Genetics, 2012; Zilberman L, IOVS, 2019",,6.08,
1333778,MYOC,deepseek-chat,Pathogenic,Pathogenic,0.95,PS1;PM2;PP3;PP5,"Stone EM, et al. Am J Hum Genet. 1997;61(6):1419-1424;Alward WL, et al. Ophthalmology. 1998;105(11):2099-2104;Fingert JH, et al. Hum Mol Genet. 1999;8(5):869-877",,2.81,
1333778,MYOC,kimi-k2.6,Pathogenic,Pathogenic,0.75,PS4;PM1;PM2;PP2;PP3,"Fingert JH, Nature Genetics, 1999; Alward WL, Science, 1998; Stone EM, NEJM, 1997; Mackey DA, Ophthalmology, 2003; Rozsa FW, Archives of Ophthalmology, 2006",,5.21,
1333778,MYOC,deepseek-coder,Pathogenic,Pathogenic,0.9,PS1;PM2;PP3;PP5,"Stone EM, et al. Science. 1997;275(5300):668-670;Alward WL, et al. Ophthalmology. 1998;105(11):2099-2104;Fingert JH, et al. Hum Mol Genet. 1999;8(5):899-905",,2.72,
1333779,MYOC,deepseek-chat,Pathogenic,Uncertain significance,0.6,PM2;PP3;BP4,"Stone EM, et al. Am J Hum Genet, 1997;Kwon YH, et al. Surv Ophthalmol, 2009",,2.5,
1333779,MYOC,deepseek-coder,Pathogenic,Uncertain significance,0.6,PM2;PP3;BP4,"Stone EM, et al. Science, 1997;Hewitt AW, et al. Hum Mutat, 2008",,2.5,
1334603,HNF1A,deepseek-chat,Benign,Uncertain significance,0.6,PM2;PP3;BP4,"Richards et al., Genet Med, 2015",,1.95,
1333773,MYOC,kimi-k2.6,Likely pathogenic,Pathogenic,0.85,PS4;PM1;PM2;PP2;PP3,"Fingert JH, et al. Am J Hum Genet. 1999;Stone EM, et al. N Engl J Med. 1997;Tamm ER, et al. Prog Retin Eye Res. 2009;Mackey DA, et al. Ophthalmology. 2003;Souzeau E, et al. Ophthalmology. 2012",,8.71,
1334603,HNF1A,deepseek-coder,Benign,Uncertain significance,0.6,PM2;PP3;PP4,"Richards S, et al. Standards and guidelines for the interpretation of sequence variants. Genet Med. 2015;17(5):405-424.",,2.33,
1333779,MYOC,kimi-k2.6,Pathogenic,Pathogenic,0.85,PS1;PM1;PM2;PP2;PP3,"Fingert JH, et al., IOVS, 2006; Alward WL, Science, 1998; Stone EM, et al., NEJM, 1997; Rozsa FW, et al., Am J Hum Genet, 2002; Liu Y, Vollrath D, Hum Mol Genet, 2004",,6.32,
1334609,MYOC,deepseek-coder,Likely pathogenic,Pathogenic,0.95,PVS1;PM2;PP3;PP5,"Stone EM, et al. Science, 1997;Fingert JH, et al. Hum Mol Genet, 1999;Hewitt AW, et al. Clin Genet, 2008",,2.93,
1334603,HNF1A,kimi-k2.6,Benign,Pathogenic,0.75,PS1;PM2;PP3,"Ryffel GU, Eur J Endocrinol, 2003; Pearson ER, Diabetes, 2005; Flanagan SE, Diabetologia, 2006; Richards S, Genet Med, 2015",,5.82,
1334609,MYOC,deepseek-chat,Likely pathogenic,Pathogenic,0.95,PVS1;PM2;PP3;PP5,"Stone EM, et al. Science. 1997;275(5300):668-670;Fingert JH, et al. Hum Mol Genet. 1999;8(5):899-905;Kwon YH, et al. Am J Ophthalmol. 2001;132(5):708-715",,3.83,
1334610,MYOC,deepseek-chat,Likely pathogenic,Pathogenic,0.9,PS1;PM2;PP3;PP5,"Stone EM, et al., Science, 1997;Alward WL, et al., Ophthalmology, 1998;Fingert JH, et al., Hum Mol Genet, 1999",,2.47,
1334610,MYOC,deepseek-coder,Likely pathogenic,Pathogenic,0.9,PS1;PM2;PP3;PP5,"Stone EM, et al. Science, 1997;Adam MF, et al. Nat Genet, 1997;Kubota R, et al. Hum Mol Genet, 1997;Fingert JH, et al. Hum Mol Genet, 1999",,2.71,
1334611,MYOC,deepseek-chat,Likely pathogenic,Pathogenic,0.95,PS1;PM2;PP3;PP5,"Stone EM, et al. Science, 1997;Adam MF, et al. Nat Genet, 1997;Fingert JH, et al. Hum Mol Genet, 1999;Kwon YH, et al. Am J Ophthalmol, 2001",,2.53,
1334611,MYOC,deepseek-coder,Likely pathogenic,Pathogenic,0.9,PS1;PM2;PP3;PP5,"Stone EM, et al. Science. 1997;275(5300):668-670;Adam MF, et al. Hum Mol Genet. 1997;6(12):2091-2097;Kwon YH, et al. Am J Ophthalmol. 2001;132(5):789-791",,2.62,
1334609,MYOC,kimi-k2.6,Likely pathogenic,Pathogenic,0.75,PVS1;PM1;PM2;PP4,"Fingert JH, Nature Genetics, 1999;Stone EM, Nature Genetics, 1997;Tamm ER, Progress in Retinal and Eye Research, 2009;Hewitt AW, Human Mutation, 2008;Souzeau E, Human Mutation, 2015",,7.32,
1334613,MYOC,deepseek-chat,Likely pathogenic,Pathogenic,0.9,PS1;PM2;PP3;PP5,"Stone EM, et al. Am J Hum Genet. 1997;61:1419-1424;Alward WL, et al. Ophthalmology. 1998;105:2099-2104;Fingert JH, et al. Hum Mol Genet. 1999;8:899-905",,2.7,
1334610,MYOC,kimi-k2.6,Likely pathogenic,Pathogenic,0.85,PS1;PM2;PP3;PP4,"Fingert JH, et al. Hum Mol Genet. 1999; Faucher M, et al. Hum Mol Genet. 2002; Gobeil S, et al. Hum Mol Genet. 2004; Kanagavalli J, et al. Mol Vis. 2010; Souzeau E, et al. Invest Ophthalmol Vis Sci. 2012",,8.08,
1334613,MYOC,deepseek-coder,Likely pathogenic,Pathogenic,0.9,PS1;PM2;PP3;PP5,"Stone EM, et al. Am J Hum Genet. 1997;61:1419-1424;Alward WL, et al. Ophthalmology. 1998;105:2099-2104;Fingert JH, et al. Hum Mol Genet. 1999;8:869-877",,2.71,
1342524,GP9,deepseek-coder,Likely pathogenic,Uncertain significance,0.6,PM2;PP3,N/A,,1.95,
1334611,MYOC,kimi-k2.6,Likely pathogenic,Pathogenic,0.85,PS4;PM1;PM2;PP3,"Fingert JH, Nature, 1999;Stone EM, NEJM, 1997;Mackey DA, Ophthalmology, 2003;Souzeau E, Hum Mutat, 2005;Thorleifsson G, Nature, 2010;Kwon YH, Surv Ophthalmol, 2009",,7.52,
1342524,GP9,deepseek-chat,Likely pathogenic,Uncertain significance,0.6,PM2;PP3;PP4,N/A - no specific publication identified for this variant,,2.49,
1334613,MYOC,kimi-k2.6,Likely pathogenic,Pathogenic,0.75,PS1;PM1;PM2;PP2;PP3,"Fingert JH, Nature Genetics, 1999; Alward WL, Science, 1998; Stone EM, NEJM, 1997; Mackey DA, Ophthalmology, 2003; Rozsa FW, Molecular Vision, 2002",,5.8,
1342524,GP9,kimi-k2.6,Likely pathogenic,Pathogenic,0.85,PVS1;PM2;PP3;PP4,"Kunishima et al., Blood, 1994; Berndt et al., Thromb Haemost, 1998; Nurden et al., Semin Hematol, 2006",,4.98,
1343994,DYSF,deepseek-coder,Likely pathogenic,Pathogenic,0.95,PVS1;PM2_supporting,"Aoki M, et al. J Hum Genet, 2001;Krahn M, et al. Hum Mutat, 2009",,2.28,
1343994,DYSF,deepseek-chat,Likely pathogenic,Pathogenic,0.95,PVS1;PM2_Supporting,"Aoki M, et al. DYSF-related myopathies. In: GeneReviews, 2020.;Krahn M, et al. Hum Mutat, 2009, 30(3):E633-E645.",,2.82,
1346086,MYOC,deepseek-chat,Pathogenic,Pathogenic,0.85,PM2;PM5;PP3;PP5,"Stone EM, et al. Am J Hum Genet, 1997;Fingert JH, et al. Hum Mol Genet, 1999;Hewitt AW, et al. Clin Genet, 2008",,2.92,
1346086,MYOC,deepseek-coder,Pathogenic,Pathogenic,0.85,PM2;PS3;PM1;PP3;PP5,"Stone EM, et al. Science. 1997;275:668-670;Fingert JH, et al. Hum Mol Genet. 1999;8:899-905;Gobeil S, et al. Mol Vis. 2004;10:933-942",,2.86,
1388781,HNF1A,deepseek-chat,Benign,Uncertain significance,0.6,PM2;PP3;PP4,"Richards S, et al. Genet Med. 2015;17(5):405-424",,2.13,
1343994,DYSF,kimi-k2.6,Likely pathogenic,Pathogenic,0.95,PVS1;PM2_Supporting,"Richards S, Gen Med, 2015; ACMG/AMP sequence variant interpretation guidelines;Aoki M, Neurology, 2001; DYSF mutations in dysferlinopathy;Nguyen K, Hum Mutat, 2007; DYSF mutation spectrum",,6.87,
1388781,HNF1A,deepseek-coder,Benign,Uncertain significance,0.6,PM2;PP3;PP4,"Richards S, et al. Genet Med. 2015;17(5):405-424",,2.59,
1393623,ABCA4,deepseek-chat,Pathogenic,Pathogenic,0.99,PVS1;PM2;PVS1_Strong,"Allikmets et al., Nature Genetics, 1997;Zernant et al., Human Mutation, 2014",,2.45,
1393623,ABCA4,deepseek-coder,Pathogenic,Pathogenic,0.99,PVS1;PM2;PVS1_Strong,"Allikmets et al., Nature Genetics, 1997;Zernant et al., Human Mutation, 2014",,2.5,
1346086,MYOC,kimi-k2.6,Pathogenic,Pathogenic,0.85,PS1;PM1;PM2;PP2;PP3,"Fingert JH, et al. Hum Mol Genet. 1999;8(6):1021-32;Stone EM, et al. Science. 1997;275(5300):668-70;Tamm ER, et al. Prog Retin Eye Res. 2009;28(4):257-85;Mackey DA, et al. J Med Genet. 2003;40(8):629-33;Hewitt AW, et al. Ophthalmology. 2008;115(3):423-7",,8.77,
1393623,ABCA4,kimi-k2.6,Pathogenic,Pathogenic,0.99,PVS1;PM2_Supporting,"Richards S, Genet Med, 2015; Olszewska A, Surv Ophthalmol, 2019",,5.71,
1399203,PIK3R1,deepseek-chat,Likely pathogenic,Pathogenic,0.95,PVS1;PM2;PVS1_Strong,"Lucas CL, et al. Nat Immunol, 2014;Deau MC, et al. J Clin Invest, 2014;Elkaim E, et al. J Allergy Clin Immunol, 2016",,2.58,
1399203,PIK3R1,deepseek-coder,Likely pathogenic,Pathogenic,0.95,PVS1;PM2;PVS1_Strength,"Deau MC, et al. J Clin Invest, 2014;Lucas CL, et al. Nat Immunol, 2014",,2.45,
1399203,PIK3R1,kimi-k2.6,Likely pathogenic,Pathogenic,0.95,PVS1;PM2_Supporting,"Richards S, Genet Med, 2015;Oetting WS, Genet Med, 2018",,4.8,
1399594,GAMT,deepseek-coder,Likely pathogenic,Pathogenic,0.85,PM2;PM3;PP3;PP4,"Stöckler S, et al. Am J Hum Genet, 1996;Mercimek-Mahmutoglu S, et al. GeneReviews, 2016",,2.51,
1399594,GAMT,deepseek-chat,Likely pathogenic,Pathogenic,0.85,PM2;PM5;PP3;PP4,"Stöckler S, et al. Am J Hum Genet, 1996;Mercimek-Mahmutoglu S, et al. Orphanet J Rare Dis, 2014",,3.03,
1388781,HNF1A,kimi-k2.6,Benign,Pathogenic,0.85,PS1;PM1;PM2;PP2;PP3,"Ryffel GU, Eur J Endocrinol, 2005; Harries LW, Diabetologia, 2006; Flannick J, Nat Genet, 2016",,11.03,
1400374,DYSF,deepseek-chat,Pathogenic,Pathogenic,0.95,PVS1;PM2;PVS1_Strong,"Aoki M, et al. Dysferlinopathy. In: GeneReviews, 2004 (updated 2020).;Liu J, et al. Dysferlin, a novel skeletal muscle gene, is mutated in Miyoshi myopathy and limb girdle muscular dystrophy. Nat Genet. 1998;20(1):31-36.",,2.9,
1400374,DYSF,deepseek-coder,Pathogenic,Pathogenic,0.95,PVS1;PM2_supporting,"Bashir R, et al. Nat Genet. 1998;20(1):37-42;Liu J, et al. Nat Genet. 1998;20(1):31-36;Krahn M, et al. Hum Mutat. 2009;30(2):255-263",,2.96,
1400374,DYSF,kimi-k2.6,Pathogenic,Pathogenic,0.95,PVS1;PM2_Supporting,"Anderson LV et al., Neuromuscul Disord, 2001; Aoki T et al., Neurology, 2001; Piccolo F et al., Am J Hum Genet, 2000",,5.39,
1399594,GAMT,kimi-k2.6,Likely pathogenic,Pathogenic,0.75,,"Stockler-Ipsiroglu et al., Neurology, 2013; Salomons et al., J Inherit Metab Dis, 2001; Richards et al., Genet Med, 2015",,6.96,
1404879,CEP290,deepseek-chat,Likely pathogenic,Pathogenic,0.95,PVS1;PM2_supporting,"den Hollander et al., American Journal of Human Genetics, 2006;Coppieters et al., Human Mutation, 2010",,2.7,
1404879,CEP290,deepseek-coder,Likely pathogenic,Pathogenic,0.95,PVS1;PM2;PVS1_Strong,"Coppieters F, et al. CEP290 mutations in ciliopathies. Hum Mutat. 2010;31(10):1097-1108.;Drivas TG, et al. CEP290 and the retina. Prog Retin Eye Res. 2019;72:100758.",,2.99,
1406411,RUNX1,deepseek-chat,Likely benign,Uncertain significance,0.6,PM2;BP4;BP7,"Richards S, et al. Standards and guidelines for the interpretation of sequence variants. Genet Med. 2015;17(5):405-424.",,2.43,
1406411,RUNX1,deepseek-coder,Likely benign,Uncertain significance,0.7,PM2_supporting;BP4;BP7,"Richards S, et al. Standards and guidelines for the interpretation of sequence variants. Genet Med. 2015;17(5):405-424.",,2.35,
1417311,PAH,deepseek-chat,Likely pathogenic,Pathogenic,0.85,PM2;PM5;PP3;PP4,"Blau N, et al. Phenylketonuria. Lancet. 2010;376(9750):1417-27.;Guldberg P, et al. Mutational spectrum of phenylalanine hydroxylase deficiency in Denmark. Hum Mutat. 1998;11(2):108-16.",,3.03,
1406411,RUNX1,kimi-k2.6,Likely benign,Benign,0.95,BA1;BP4;BP7,"Richards S, Genet Med, 2015; Oza V, Hum Mutat, 2018 (RUNX1 variant classification)",,4.95,
1417311,PAH,deepseek-coder,Likely pathogenic,Pathogenic,0.85,PM2;PM5;PP3;PP4,"Guldberg P, et al. Am J Hum Genet, 1998;Blau N, et al. Hum Mutat, 2014",,2.68,
1430156,PTEN,deepseek-chat,Likely pathogenic,Uncertain significance,0.6,PM2;PP3;BP4,N/A,,1.89,
1417311,PAH,kimi-k2.6,Likely pathogenic,Pathogenic,0.85,PS3;PM1;PM2;PP4,"Fitzpatrick, PNAS, 2010; Bresters, Hum Mutat, 2009; PAHvdb database; Guldberg, Eur J Hum Genet, 1998",,6.43,
1430156,PTEN,deepseek-coder,Likely pathogenic,Uncertain significance,0.6,PM2;PP3;BP4,N/A - no specific publication identified for this variant,,2.28,
1435924,GCK,deepseek-chat,Pathogenic,Pathogenic,0.85,PM2;PS1;PM1;PP3;PP4,"Gloyn AL, et al. Diabetes. 2003;52(5):1253-1260.;Osbak KK, et al. Hum Mutat. 2009;30(11):1512-1526.",,2.56,
1435924,GCK,deepseek-coder,Pathogenic,Pathogenic,0.85,PM2;PS1;PM1;PP3;PP4,"Osbak et al., Human Mutation, 2009;Gloyn et al., Diabetologia, 2003;Ellard et al., Human Mutation, 2008",,2.57,
1404879,CEP290,kimi-k2.6,Likely pathogenic,Pathogenic,0.95,PVS1;PM2_Supporting,"Richards S, et al., Standards and guidelines for the interpretation of sequence variants: a joint consensus recommendation of the American College of Medical Genetics and Genomics and the Association for Molecular Pathology. Genet Med. 2015;17(5):405-24;Drivas JG, et al., CEP290 mutations in the pathogenesis of Joubert syndrome. Adv Exp Med Biol. 2012;729:51-60;The Human Gene Mutation Database (HGMD) and ClinVar database for CEP290 loss-of-function variants",,12.58,
1448876,RUNX1,deepseek-chat,Likely pathogenic,Uncertain significance,0.6,PM2_supporting;PP3_moderate,"Song WJ, et al. Nat Genet. 1999;23(2):166-175.;Richards S, et al. Genet Med. 2015;17(5):405-424.",,2.98,
1448876,RUNX1,kimi-k2.6,Likely pathogenic,Pathogenic,0.75,PS1;PM1;PM2;PP2;PP3,"Owen et al., Blood, 2003; Latysheva et al., Hum Mutat, 2020; Kanagal-Shamanna et al., Am J Hematol, 2015",,5.24,
1448876,RUNX1,deepseek-coder,Likely pathogenic,Uncertain significance,0.6,PM2;PP3;PP4,"Song WJ, et al. Nat Genet. 1999;23(2):166-175;Liew E, et al. Blood. 2009;113(10):2224-2233",,2.81,
1435924,GCK,kimi-k2.6,Pathogenic,Pathogenic,0.75,PS1;PM2;PP3,"Gidh-Jain M et al., J Biol Chem, 1994; Sakura H et al., Diabetologia, 1995; Stoffel M et al., Diabetes, 1994; Richards S et al., Genet Med, 2015 (ACMG guidelines)",,7.74,
1430156,PTEN,kimi-k2.6,Likely pathogenic,Pathogenic,0.85,PS1;PM2;PP2;PP3,"Yehia L, Keiser SR, Chen S, et al. A rare PTEN mutation identified in a patient with PTEN hamartoma tumor syndrome. Endocrinol Diabetes Metab Case Rep. 2019;2019:19-0116. doi:10.1530/EDM-19-0116; Pilarski R, Burt R, Kohlman W, et al. Cowden syndrome and the PTEN hamartoma tumor syndrome: systematic review and revised diagnostic criteria. J Natl Cancer Inst. 2013;105(21):1607-1616; Mester JL, Ghosh R, Pesaran T, et al. Variant classification in genes with high rates of synonymous single nucleotide variants: PTEN and Lynch syndrome genes. Genet Med. 2013;15(9):691-694",,11.66,
1485990,RUNX1,deepseek-chat,Likely pathogenic,Uncertain significance,0.6,PM2_supporting;PP3_moderate,"Song WJ, et al. Nat Genet. 1999;23(2):166-175;Luo X, et al. Hum Mutat. 2019;40(9):1379-1390",,2.94,
1485990,RUNX1,kimi-k2.6,Likely pathogenic,Uncertain significance,0.3,,"Richards S, Genet Med, 2015; NCBI ClinVar; gnomAD; OMIM #601399",,5.33,
1485990,RUNX1,deepseek-coder,Likely pathogenic,Uncertain significance,0.6,PM2_supporting;PP3_moderate,"Song WJ, et al. Nat Genet. 1999;23(2):166-175;Luo X, et al. Hum Mutat. 2019;40(9):1371-1383",,2.64,
1494138,GAA,deepseek-chat,Likely pathogenic,Pathogenic,0.95,PVS1;PM2;PP5,"Kroos M, et al. Hum Mutat. 2008;29(6):E13-E26.;Reuser AJJ, et al. Hum Mutat. 2019;40(11):1954-1972.",,2.81,
1499447,PIK3R1,deepseek-chat,Likely benign,Uncertain significance,0.5,,"Richards S, et al. Standards and guidelines for the interpretation of sequence variants. Genet Med. 2015.",,2.17,
1494138,GAA,deepseek-coder,Likely pathogenic,Pathogenic,0.95,PVS1;PM2_Supporting,"Kroos M, et al. Hum Mutat. 2008;29(6):E13-E26.;Reuser AJ, et al. Hum Mutat. 2019;40(12):2231-2251.",,2.55,
1499447,PIK3R1,deepseek-coder,Likely benign,Uncertain significance,0.5,,"Richards S, et al. Standards and guidelines for the interpretation of sequence variants. Genet Med. 2015.",,2.22,
1494138,GAA,kimi-k2.6,Likely pathogenic,Pathogenic,0.99,PVS1;PM2_Supporting,"Richards S, Genet Med, 2015; ACMG/AMP sequence variant interpretation guidelines;Kroos MA, Hum Mutat, 1995; GAA splicing mutations in Pompe disease;Winchester B, Eur J Hum Genet, 2008; Pompe disease overview",,6.28,
1509024,RUNX1,kimi-k2.6,Pathogenic,Uncertain significance,0.3,,,,3.25,
1509024,RUNX1,deepseek-chat,Pathogenic,Uncertain significance,0.6,PM2;PP3;PP4,"Amos-Landgraf et al., Blood, 2011;Song et al., Leukemia, 1999",,2.58,
1499447,PIK3R1,kimi-k2.6,Likely benign,Benign,0.95,BP4;BP7,"Richards S, Genet Med, 2015; Ellingford JM, Hum Mutat, 2015",,5.06,
1509024,RUNX1,deepseek-coder,Pathogenic,Uncertain significance,0.6,PM2_supporting;PP3_moderate,"Song WJ, et al. Nat Genet. 1999;23(2):166-175;Liew E, et al. Blood. 2010;116(20):4204-4214",,2.74,
1517498,IDUA,deepseek-coder,Likely pathogenic,Uncertain significance,0.6,PM2;PP3,"Richards S, et al. Standards and guidelines for the interpretation of sequence variants. Genet Med. 2015;17(5):405-424.",,2.11,
1517498,IDUA,deepseek-chat,Likely pathogenic,Uncertain significance,0.6,PM2;PP3;PP4,"Muenzer J, et al. Pediatrics, 2009;Clarke LA, et al. Hum Mutat, 2019",,2.75,
1519412,SERPINC1,deepseek-chat,Likely pathogenic,Pathogenic,0.95,PVS1;PM2,"Lane DA, et al. Thromb Haemost. 1997;78(1):197-211.;Whiteman T, et al. Hum Mutat. 2002;19(4):462-3.",,2.52,
1519412,SERPINC1,deepseek-coder,Likely pathogenic,Pathogenic,0.95,PVS1;PM2,"Lane DA, et al. Thromb Haemost. 1997;78(1):197-211.;Kearney JA, et al. Hum Mutat. 2011;32(6):654-660.",,2.6,
1517498,IDUA,kimi-k2.6,Likely pathogenic,Pathogenic,0.95,PVS1;PM2;PP2;PP3;PP5,"Scott et al., Am J Hum Genet, 1992; Bunge et al., Hum Mutat, 1997; Beesley et al., Hum Mutat, 2001; Mullen et al., Genet Med, 2019",,6.53,
1525315,PIK3R1,deepseek-chat,Likely benign,Uncertain significance,0.7,PM2;BP4;BP7,"Richards et al., Genet Med, 2015;Silva et al., Hum Mutat, 2019",,2.59,
1525315,PIK3R1,deepseek-coder,Likely benign,Uncertain significance,0.7,PM2;BP4;BP7,"Richards et al., Genet Med, 2015",,2.42,
1519412,SERPINC1,kimi-k2.6,Likely pathogenic,Pathogenic,0.95,PVS1;PM2,"Khan S, Vajpayee N, J Assoc Physicians India, 2017;Andersson H, Alm R, Goolsby D, et al., J Thromb Haemost, 2009;Richards S, Aziz N, Bale S, et al., Genet Med, 2015",,5.05,
1537234,IL2RG,deepseek-chat,Likely benign,Uncertain significance,0.6,PM2;PP3,"Richards et al., Genet Med, 2015",,2.17,
1541901,RUNX1,deepseek-chat,Likely benign,Uncertain significance,0.6,PM2;BP4;BP7,"Richards S, et al. Standards and guidelines for the interpretation of sequence variants. Genet Med. 2015;17(5):405-424.",,2.05,
1525315,PIK3R1,kimi-k2.6,Likely benign,Benign,0.85,BA1;BP4;BP7,"ACMG Standards and Guidelines for the interpretation of sequence variants, Richards et al., Genet Med, 2015;gnomAD v2.1.1 and v3.1.2 population frequency data",,5.47,
1537234,IL2RG,deepseek-coder,Likely benign,Uncertain significance,0.6,PM2;PP3,"Fischer A, et al. Severe combined immunodeficiencies (SCID). Clin Exp Immunol, 2000;Puck JM, et al. The IL2RG gene and X-linked severe combined immunodeficiency. Curr Opin Pediatr, 1996",,2.86,
1537234,IL2RG,kimi-k2.6,Likely benign,Pathogenic,0.85,PS1;PM2;PP3;PP4,"Noguchi et al., Cell, 1993; Puck et al., Hum Mutat, 1993; Somatic Cell and Molecular Genetics, 1993; Clinical Immunology, 2000",,5.68,
1541901,RUNX1,deepseek-coder,Likely benign,Uncertain significance,0.7,PM2;BP4;BP7,"Richards S, et al. Standards and guidelines for the interpretation of sequence variants. Genet Med. 2015;17(5):405-424.",,2.57,
1552569,RUNX1,deepseek-coder,Likely benign,Uncertain significance,0.7,PM2;BP4;BP7,"Richards et al., Genet Med, 2015;Silva et al., Hum Mutat, 2019",,2.52,
1552569,RUNX1,deepseek-chat,Likely benign,Uncertain significance,0.6,PM2;BP4;BP7,"Richards S, et al. Standards and guidelines for the interpretation of sequence variants. Genet Med. 2015;17(5):405-424.",,2.89,
1556529,RUNX1,deepseek-chat,Likely benign,Uncertain significance,0.7,PM2;BP4;BP7,"Richards S, et al. Genet Med. 2015;17(5):405-424",,2.66,
1552569,RUNX1,kimi-k2.6,Likely benign,Benign,0.95,BP4;BP7,"Richards S, Genet Med, 2015; ACMG/AMP Sequence Variant Interpretation Guidelines",,4.55,
1556529,RUNX1,deepseek-coder,Likely benign,Uncertain significance,0.6,PM2;BP4,"Richards et al., Genet Med, 2015",,2.03,
1559927,MECP2,deepseek-chat,Benign,Uncertain significance,0.6,PM2;PP3;BP4,"RettBase, RettBASE MECP2 variant database, 2024;Krishnaraj et al., Human Mutation, 2017",,2.58,
1541901,RUNX1,kimi-k2.6,Likely benign,Uncertain significance,0.3,,"Richards S, et al., Genet Med, 2015, PMID: 25741868;Brnich SE, et al., Hum Mutat, 2020, PMID: 31697889",,9.14,
1559927,MECP2,deepseek-coder,Benign,Pathogenic,0.95,PS1;PM2;PM5;PP3;PP5,"Cheadle JP, et al. Hum Mol Genet, 2000;Laccone F, et al. Hum Mutat, 2004;Yaron Y, et al. Prenat Diagn, 2002",,2.77,
1559927,MECP2,kimi-k2.6,Benign,Pathogenic,0.95,PS1;PM1;PM2;PP2;PP3,"Neul et al., Neurology, 2008; RettBASE database; MECP2 Variation Database; Archer et al., Eur J Hum Genet, 2006",,5.92,
1556529,RUNX1,kimi-k2.6,Likely benign,Benign,0.95,BP4;BP7,"Richards S, Genet Med, 2015; Nykamp M, bioRxiv, 2016",,7.94,
1561652,RUNX1,kimi-k2.6,Likely benign,Benign,0.95,BA1;BP4;BP7,"Richards S, et al., Genet Med, 2015; Oza V, et al., Hum Mutat, 2019",,4.93,
1561652,RUNX1,deepseek-coder,Likely benign,Uncertain significance,0.6,PM2;BP4;BP7,"Richards S, et al. Genet Med. 2015;17(5):405-424;Silva AL, et al. Hum Mol Genet. 2003;12(8):851-859",,2.84,
1561652,RUNX1,deepseek-chat,Likely benign,Uncertain significance,0.6,PM2;BP4;BP7,"Richards S, et al. Genet Med. 2015;17(5):405-424;Silva J, et al. Hum Mutat. 2019;40(9):1375-1389",,3.08,
1565982,RUNX1,deepseek-chat,Likely benign,Uncertain significance,0.6,PM2;BP4,"Richards S, et al. Genet Med. 2015;17(5):405-424",,2.01,
1565982,RUNX1,deepseek-coder,Likely benign,Uncertain significance,0.6,PM2;BP4,"Richards S, et al. Genet Med, 2015",,2.08,
1581636,RUNX1,deepseek-chat,Likely benign,Uncertain significance,0.6,PM2;BP4;BP7,"Richards S, et al. Standards and guidelines for the interpretation of sequence variants. Genet Med. 2015;17(5):405-424.",,2.57,
1581636,RUNX1,deepseek-coder,Likely benign,Uncertain significance,0.6,PM2;BP4;BP7,"Richards S, et al. Standards and guidelines for the interpretation of sequence variants. Genet Med. 2015;17(5):405-424.",,2.49,
1565982,RUNX1,kimi-k2.6,Likely benign,Benign,0.85,BP4;BP7,"Richards S, Genet Med, 2015; Oza V, Hum Mutat, 2019 (RUNX1 variant curation guidelines)",,5.85,
1586277,RUNX1,deepseek-chat,Likely benign,Uncertain significance,0.7,PM2;BP4;BP7,"Richards et al., Genet Med, 2015;Silva et al., Hum Mutat, 2019",,2.28,
1581636,RUNX1,kimi-k2.6,Likely benign,Uncertain significance,0.3,,"Richards S, Genet Med, 2015; ACMG/AMP Sequence Variant Interpretation Guidelines",,5.02,
1586277,RUNX1,deepseek-coder,Likely benign,Uncertain significance,0.7,PM2;BP4;BP7,"Richards S, et al. Standards and guidelines for the interpretation of sequence variants. Genet Med. 2015;17(5):405-424.",,2.47,
1611095,RUNX1,deepseek-chat,Likely benign,Uncertain significance,0.6,PM2;BP4,"Richards S, et al. Standards and guidelines for the interpretation of sequence variants. Genet Med. 2015;17(5):405-424.",,2.39,
1611095,RUNX1,deepseek-coder,Likely benign,Uncertain significance,0.6,PM2;BP4,"Richards S, et al. Standards and guidelines for the interpretation of sequence variants. Genet Med. 2015;17(5):405-424.",,2.4,
1620217,PIK3R1,deepseek-chat,Likely benign,Uncertain significance,0.6,PM2;PP3,"Richards S, et al. Genet Med. 2015;17(5):405-424",,2.37,
1620217,PIK3R1,deepseek-coder,Likely benign,Uncertain significance,0.6,PM2;PP3,"Richards S, et al. Standards and guidelines for the interpretation of sequence variants. Genet Med. 2015;17(5):405-424.",,2.21,
1586277,RUNX1,kimi-k2.6,Likely benign,Benign,0.95,BP4;BP7,"Richards S, Genet Med, 2015;Karczewski KJ, Nature, 2020;Carter H, Nat Genet, 2013",,8.17,
1611095,RUNX1,kimi-k2.6,Likely benign,Benign,0.95,BP4;BP7,"Richards S, Richards S, Aziz N, et al. Standards and guidelines for the interpretation of sequence variants: a joint consensus recommendation of the American College of Medical Genetics and Genomics and the Association for Molecular Pathology. Genet Med. 2015;17(5):405-424. doi:10.1038/gim.2015.30",,6.59,
1622521,PIK3R1,deepseek-coder,Likely benign,Likely benign,0.85,BP7;BS1,"Richards S, et al. Genet Med. 2015;17(5):405-424.",,1.92,
1622521,PIK3R1,deepseek-chat,Likely benign,Uncertain significance,0.6,,"Richards S, et al. Genet Med. 2015;17(5):405-424",,2.62,
1623169,RUNX1,deepseek-chat,Likely benign,Uncertain significance,0.7,PM2;BP4;BP7,"Richards S, et al. Standards and guidelines for the interpretation of sequence variants. Genet Med. 2015;17(5):405-424.",,2.49,
1623169,RUNX1,deepseek-coder,Likely benign,Uncertain significance,0.6,PM2;BP4;BP7,"Richards S, et al. Standards and guidelines for the interpretation of sequence variants. Genet Med. 2015;17(5):405-424.",,2.62,
1622521,PIK3R1,kimi-k2.6,Likely benign,Benign,0.85,BP4;BP7,"Richards S, Genet Med, 2015;Tavtigian SV, Hum Mutat, 2020",,6.27,
1620217,PIK3R1,kimi-k2.6,Likely benign,Uncertain significance,0.3,,"Richards S, et al., Genet Med, 2015;Tavtigian SV, et al., Hum Mutat, 2018",,8.94,
1623169,RUNX1,kimi-k2.6,Likely benign,Benign,0.95,BP4;BP7,"Richards S, Genet Med, 2015; Nykamp M, bioRxiv, 2017; Abou Tayoun A, Hum Mutat, 2018",,5.35,
1642425,RUNX1,deepseek-chat,Likely benign,Uncertain significance,0.6,PM2;PVS1_Strength_Modified,"Song WJ, et al. Nat Genet. 1999 (RUNX1-related disorders);Richards S, et al. Genet Med. 2015 (ACMG/AMP guidelines)",,2.77,
1642425,RUNX1,deepseek-coder,Likely benign,Uncertain significance,0.6,PM2;PVS1_Strength_Moderate,"Richards et al., Genet Med, 2015",,2.75,
1642425,RUNX1,kimi-k2.6,Likely benign,Uncertain significance,0.3,,"Richards S, et al., Standards and guidelines for the interpretation of sequence variants: a joint consensus recommendation of the American College of Medical Genetics and Genomics and the Association for Molecular Pathology., Genet Med, 2015;Tavtigian SV, et al., Modeling the ACMG/AMP variant classification guidelines as a Bayesian classification framework., Genet Med, 2018",,6.35,
1652603,CDKL5,deepseek-chat,Likely benign,Uncertain significance,0.6,PM2;PP3;PP4,"Kalscheuer et al., Am J Hum Genet, 2003;Fehr et al., Orphanet J Rare Dis, 2013;Hector et al., Hum Mutat, 2016",,2.93,
1652603,CDKL5,deepseek-coder,Likely benign,Uncertain significance,0.6,PM2;PP3,"Kalscheuer et al., Am J Hum Genet, 2003;Fehr et al., Orphanet J Rare Dis, 2013",,2.7,
1664605,RUNX1,deepseek-chat,Likely benign,Uncertain significance,0.7,PM2;BP4;BP7,"Richards S, et al. Genet Med, 2015",,2.28,
1664605,RUNX1,deepseek-coder,Likely benign,Uncertain significance,0.7,BP7;PVS1_Strength_Moderate,"Richards S, et al. Standards and guidelines for the interpretation of sequence variants. Genet Med. 2015;17(5):405-424.",,2.7,
1664605,RUNX1,kimi-k2.6,Likely benign,Benign,0.95,BP4;BP7,"Richards S, Genet Med, 2015;Karczewski KJ, Nature, 2020;GnomAD database, accessed 2024",,4.68,
1668310,HNF1A,deepseek-chat,Likely pathogenic,Uncertain significance,0.6,PM2;PP3;PP4,"Richards et al., Genet Med, 2015;Ellard et al., Diabetologia, 2008",,2.23,
1668310,HNF1A,deepseek-coder,Likely pathogenic,Uncertain significance,0.6,PM2;PP3;PP4,"Richards et al., Genet Med, 2015;Ellard et al., Diabetologia, 2008",,2.47,
1652603,CDKL5,kimi-k2.6,Likely benign,Pathogenic,0.95,PVS1;PS1;PM2;PP2;PP3,"Fehr et al., Am J Hum Genet, 2013; Moseley et al., J Med Genet, 2012; Demarest et al., Neurology, 2015; Olson et al., Genet Med, 2019",,8.37,
1668316,HNF1A,deepseek-coder,Likely pathogenic,Uncertain significance,0.6,PM2;PP3;PP4,"Richards S, et al. Genet Med. 2015;17(5):405-424",,2.32,
1668316,HNF1A,deepseek-chat,Likely pathogenic,Uncertain significance,0.6,PM2;PP3;PP4,"Richards S, et al. Genet Med, 2015;Ellard S, et al. Diabetologia, 2008",,2.63,
1668310,HNF1A,kimi-k2.6,Likely pathogenic,Pathogenic,0.85,PS1;PM1;PM2;PP3,"Ryffel GU, Eur J Endocrinol, 2005; Pearson ER, Diabetes, 2007; Flanagan SE, Diabetologia, 2006",,5.47,
1671468,GCK,deepseek-chat,Pathogenic,Pathogenic,0.99,PVS1;PM2;PP3,"Gloyn AL, et al. Diabetes. 2003;52(2):568-572.;Osbak KK, et al. Hum Mutat. 2009;30(11):1512-1526.;Ellard S, et al. Diabetologia. 2008;51(4):546-553.",,3.16,
1671468,GCK,deepseek-coder,Pathogenic,Pathogenic,0.99,PVS1;PM2;PP3,"Gloyn AL, et al. Diabetes. 2003;52(5):1253-1260.;Osbak KK, et al. Hum Mutat. 2009;30(11):1512-1526.",,2.49,
1668316,HNF1A,kimi-k2.6,Likely pathogenic,Pathogenic,0.75,PS1;PM1;PM2;PP2;PP3,"Ryffel GU, Eur J Endocrinol, 2003; Pearson ER, Diabetes, 2005; Frayling AT, Hum Mutat, 2001",,5.64,
1676320,RUNX1,deepseek-chat,Likely pathogenic,Uncertain significance,0.55,PM2_supporting;PP3_moderate,"Song WJ, et al. Nat Genet. 1999 (RUNX1 in FPD/AML);Michaud J, et al. Hum Mutat. 2002 (RUNX1 mutation spectrum);Rentzsch P, et al. Nucleic Acids Res. 2019 (CADD)",,2.83,
1676320,RUNX1,deepseek-coder,Likely pathogenic,Uncertain significance,0.6,PM2;PP3,"Song et al., Blood, 1999;Michaud et al., Am J Hum Genet, 2002;Luo et al., Hum Mutat, 2019",,2.25,
1671468,GCK,kimi-k2.6,Pathogenic,Pathogenic,0.99,PVS1;PM2_Supporting,"Richards S, Genet Med, 2015; Osbak KK, Hum Mutat, 2009; Gloyn AL, Diabetes, 2005",,6.63,
1676962,MYOC,deepseek-coder,Likely benign,Uncertain significance,0.6,PM2;PP3,"Stone EM, et al. Am J Hum Genet, 1997;Hewitt AW, et al. Clin Genet, 2008",,2.27,
1676962,MYOC,deepseek-chat,Likely benign,Uncertain significance,0.6,PM2;PP3;BP4,"Stone EM, et al. Am J Hum Genet, 1997;Hewitt AW, et al. Hum Mutat, 2008",,2.47,
1676320,RUNX1,kimi-k2.6,Likely pathogenic,Pathogenic,0.85,PS1;PM2;PP2;PP3,"Owen CJ, Blood, 2008;Bluteau D, Blood, 2011;Churpek JE, J Med Genet, 2013;Kanagal-Shamanna R, Am J Hematol, 2015",,7.27,
1678899,MYOC,deepseek-chat,Pathogenic,Pathogenic,0.95,PS1;PM2;PP3;PP5,"Stone EM, et al. Science, 1997;Adam MF, et al. Nat Genet, 1997;Fingert JH, et al. Hum Mol Genet, 1999;Kwon YH, et al. Am J Ophthalmol, 2001",,2.93,
1678899,MYOC,deepseek-coder,Pathogenic,Pathogenic,0.9,PS1;PM2;PP3;PP5,"Stone EM, et al. Am J Hum Genet, 1997;Alward WL, et al. Ophthalmology, 1998;Fingert JH, et al. Hum Mol Genet, 1999;Kwon YH, et al. Arch Ophthalmol, 2001",,3.13,
1676962,MYOC,kimi-k2.6,Likely benign,Likely benign,0.75,BS1;BP4,"Faucher et al., Am J Hum Genet, 2004;Souzeau et al., Hum Mutat, 2015;MacGregor et al., Invest Ophthalmol Vis Sci, 2010;Kanagavijayan et al., PLoS One, 2018",,7.48,
1678899,MYOC,kimi-k2.6,Pathogenic,Pathogenic,0.85,PS1;PM2;PP2;PP3,"Fingert JH, et al. Am J Ophthalmol, 1999; Faucher M, et al. Hum Mol Genet, 2002; Shimizu S, et al. Am J Ophthalmol, 2000; Alward WL, et al. Science, 1998",,5.81,
1678902,MYOC,deepseek-chat,Likely pathogenic,Pathogenic,0.85,PM2;PM5;PP3;PP5,"Stone EM, et al. Am J Hum Genet. 1997;61(6):1419-1424. (MYOC mutations in juvenile open-angle glaucoma);Fingert JH, et al. Hum Mol Genet. 1999;8(5):899-905. (MYOC mutation spectrum);Kwon YH, et al. Ophthalmology. 2001;108(1):106-112. (p.Arg272Ser pathogenic)",,3.46,
1678902,MYOC,deepseek-coder,Likely pathogenic,Pathogenic,0.85,PM2;PM5;PP3;PP5,"Stone EM, et al. Am J Hum Genet. 1997;61(6):1419-1424. (MYOC mutations in juvenile open-angle glaucoma);Alward WL, et al. Ophthalmology. 1998;105(11):2099-2104. (MYOC mutation spectrum);Kwon YH, et al. Arch Ophthalmol. 2001;119(9):1349-1355. (MYOC p.Arg272Ser pathogenic)",,3.65,
1678903,MYOC,deepseek-coder,Likely pathogenic,Pathogenic,0.9,PS1;PM2;PP3;PP5,"Stone EM, et al. Science, 1997;Fingert JH, et al. Hum Mol Genet, 1999;Hewitt AW, et al. Clin Genet, 2008",,2.42,
1678903,MYOC,deepseek-chat,Likely pathogenic,Pathogenic,0.9,PS1;PM2;PP3;PP5,"Stone EM, et al. Am J Hum Genet, 1997;Alward WL, et al. Ophthalmology, 1998;Fingert JH, et al. Hum Mol Genet, 1999",,2.98,
1678906,MYOC,deepseek-chat,Likely pathogenic,Uncertain significance,0.6,PM2;PP3;BP4,"Stone EM, et al., Am J Hum Genet, 1997;Kwon HS, et al., Invest Ophthalmol Vis Sci, 2009",,2.47,
1678903,MYOC,kimi-k2.6,Likely pathogenic,Pathogenic,0.85,PS1;PM2;PP2;PP3,"Fingert JH, Nature Genetics, 1999; Alward WL, Science, 1998; Stone EM, Human Molecular Genetics, 1997; Mackey DA, Ophthalmology, 2003; Rozsa FW, Archives of Ophthalmology, 2006",,6.49,
1678906,MYOC,deepseek-coder,Likely pathogenic,Uncertain significance,0.6,PM2;PP3;BP4,"Stone EM, et al. Am J Hum Genet, 1997;Kwon HS, et al. Invest Ophthalmol Vis Sci, 2009",,2.54,
1678902,MYOC,kimi-k2.6,Likely pathogenic,Pathogenic,0.85,PS1;PM2;PP2;PP3,"Fingert JH, et al. Hum Mol Genet. 1999;8(6):1021-30;Stone EM, et al. N Engl J Med. 1997;336(15):1029-37;Alward WL, et al. Science. 1998;275(5300):668-70;Mackey DA, et al. Ophthalmology. 1999;106(8):1567-72;Liu Y, et al. Am J Hum Genet. 1998;63(6):1843-8",,10.98,
1678907,MYOC,deepseek-chat,Likely pathogenic,Pathogenic,0.9,PS1;PM2;PP3;PP5,"Stone EM, et al. Am J Hum Genet, 1997;Alward WL, et al. Ophthalmology, 1998;Fingert JH, et al. Hum Mol Genet, 1999;Kwon YH, et al. Arch Ophthalmol, 2001",,2.59,
1678907,MYOC,deepseek-coder,Likely pathogenic,Pathogenic,0.85,PS1;PM2;PP3;PP5,"Stone EM, et al. Am J Hum Genet. 1997;61(6):1419-1424;Alward WL, et al. Ophthalmology. 1998;105(11):2099-2104;Fingert JH, et al. Hum Mol Genet. 1999;8(5):899-905",,2.6,
1678906,MYOC,kimi-k2.6,Likely pathogenic,Pathogenic,0.75,PS4;PM1;PM2;PP2;PP3,"Fingert JH, Nature, 1999; Stone EM, NEJM, 1997; Mackey DA, Ophthalmology, 2003; Souzeau E, Hum Mutat, 2005; Richards S, Genet Med, 2015 (ACMG guidelines)",,7.58,
1678908,MYOC,deepseek-coder,Likely pathogenic,Pathogenic,0.9,PS1;PM2;PP3;PP5,"Stone EM, et al. Science. 1997;275(5300):668-670;Alward WL, et al. Ophthalmology. 1998;105(11):2099-2104;Fingert JH, et al. Hum Mol Genet. 1999;8(5):899-905",,2.6,
1678908,MYOC,deepseek-chat,Likely pathogenic,Pathogenic,0.9,PS1;PM2;PP3;PP5,"Stone EM, et al. Science. 1997;275(5300):668-670;Alward WL, et al. Hum Mol Genet. 1998;7(7):1113-1118;Fingert JH, et al. Am J Hum Genet. 1999;64(5):1371-1377",,2.63,
1678907,MYOC,kimi-k2.6,Likely pathogenic,Pathogenic,0.75,PS1;PM2;PP2;PP3,"Fingert JH, et al. Am J Hum Genet. 1999;Stone EM, et al. Science. 1997;Mackey DA, et al. Ophthalmology. 2003;Souzeau E, et al. Hum Mutat. 2005;Takada G, et al. J Glaucoma. 2001",,7.05,
1678909,MYOC,deepseek-chat,Likely pathogenic,Pathogenic,0.95,PVS1;PM2;PM4;PP3;PP5,"Stone EM, et al. Science, 1997;Adam MF, et al. Nat Genet, 1997;Kubota R, et al. Hum Mol Genet, 1997;Fingert JH, et al. Am J Hum Genet, 1999;Hewitt AW, et al. Clin Genet, 2008",,2.86,
1678908,MYOC,kimi-k2.6,Likely pathogenic,Pathogenic,0.85,PS1;PM1;PM2;PP3,"Fingert JH, et al., Am J Hum Genet, 1999; Alward WL, et al., Science, 1998; Stone EM, et al., N Engl J Med, 1997; Kwon YH, et al., Hum Mol Genet, 1999",,6.2,
1678909,MYOC,deepseek-coder,Likely pathogenic,Pathogenic,0.95,PVS1;PM2;PM4;PP3,"Stone EM, et al. Science, 1997;Adam MF, et al. Nat Genet, 1997;Kubota R, et al. Hum Mol Genet, 1997;Fingert JH, et al. Am J Hum Genet, 1999",,2.5,
1679237,HNF1A,deepseek-chat,Pathogenic,Pathogenic,0.95,PVS1;PM2;PP3;PP4,"Ellard S, et al. Diabetologia, 2008;Colclough K, et al. Hum Mutat, 2013",,2.79,
1679237,HNF1A,deepseek-coder,Pathogenic,Pathogenic,0.95,PVS1;PM2;PP3;PP4,"Ellard S, et al. Diabetologia, 2008;Colclough K, et al. Hum Mutat, 2013",,2.7,
1679255,HNF1A,deepseek-chat,Likely benign,Pathogenic,0.99,PVS1;PM2;PP5,"Ellard S, et al. Diabetologia, 2008;Colclough K, et al. Hum Mutat, 2013;ClinGen HNF1A Variant Curation Expert Panel, 2020",,3.02,
1678909,MYOC,kimi-k2.6,Likely pathogenic,Uncertain significance,0.3,,"Stone EM, Fingert JH, Alward WL, et al. Identification of a gene that causes primary open-angle glaucoma. Science. 1997;275(5300):668-670;Thorleifsson G, Walters GB, Hewitt AW, et al. Common variants near CAV1 and CAV2 are associated with primary open-angle glaucoma. Nat Genet. 2010;42(10):906-909",,7.48,
1679255,HNF1A,deepseek-coder,Likely benign,Pathogenic,0.99,PVS1;PM2;PP5,"Ellard S, et al. Diabetologia, 2008;Colclough K, et al. Hum Mutat, 2013",,2.47,
1679237,HNF1A,kimi-k2.6,Pathogenic,Pathogenic,0.95,PVS1;PM2,"Richards S, Genet Med, 2015; Ellard S, Hum Mutat, 2013",,7.05,
1679256,GAA,deepseek-chat,Likely pathogenic,Pathogenic,0.95,PVS1;PM2_Supporting,"Martiniuk F, et al. Am J Hum Genet. 1990;47(3):440-445;Kroos M, et al. Hum Mutat. 2008;29(6):E13-E26",,2.57,
1679255,HNF1A,kimi-k2.6,Likely benign,Pathogenic,0.99,PVS1;PM2_Supporting,"Richards S, Genet Med, 2015; Ellard S, Hum Mutat, 2013; Stanescu DE, Diabetes, 2012",,6.19,
1679256,GAA,deepseek-coder,Likely pathogenic,Pathogenic,0.95,PVS1;PM2_Supporting,"Kroos M, et al. Hum Mutat. 2008;29(6):E223-E231;Reuser AJJ, et al. Hum Mutat. 2019;40(11):1954-1972",,2.65,
1685087,RUNX1,deepseek-chat,Likely benign,Uncertain significance,0.75,PM2;BP4;BP7,"Richards S, et al. Standards and guidelines for the interpretation of sequence variants. Genet Med. 2015;17(5):405-424.",,2.18,
1685087,RUNX1,kimi-k2.6,Likely benign,Uncertain significance,0.3,,"Richards S, Genet Med, 2015;Tavtigian SV, Hum Mutat, 2018",,3.88,
1685087,RUNX1,deepseek-coder,Likely benign,Uncertain significance,0.6,PM2;BP4;BP7,"Richards S, et al. Standards and guidelines for the interpretation of sequence variants. Genet Med. 2015;17(5):405-424.",,2.67,
1685981,GAA,deepseek-chat,Likely pathogenic,Uncertain significance,0.6,PM2;PP3;PP4,"Richards et al., Genet Med, 2015",,2.18,
1685981,GAA,deepseek-coder,Likely pathogenic,Uncertain significance,0.6,PM2;PP3;PP4,"Richards et al., Genet Med, 2015",,2.14,
1692395,HNF1A,deepseek-chat,Likely pathogenic,Uncertain significance,0.6,PM2;PP3;PP4,"Richards S, et al. Genet Med. 2015;17(5):405-424.",,2.24,
1692395,HNF1A,deepseek-coder,Likely pathogenic,Uncertain significance,0.6,PM2;PP3;PP4,"Richards S, et al. Genet Med. 2015;17(5):405-424",,2.39,
1679256,GAA,kimi-k2.6,Likely pathogenic,Pathogenic,0.95,PVS1;PM2_Supporting,"Richards S, Genet Med, 2015; ACMG/AMP sequence variant interpretation guidelines;Kroos MA, Hum Mutat, 2012; GAA variant database and Pompe disease mutation spectrum;Montalvo AR, Hum Mutat, 2006; Splice site mutations in GAA causing Pompe disease",,9.49,
1685981,GAA,kimi-k2.6,Likely pathogenic,Uncertain significance,0.3,,"Richards S, Genet Med, 2015;Kroos MA, Hum Mutat, 1995;Winchester B, J Inherit Metab Dis, 2005",,5.83,
1693067,GCK,deepseek-coder,Pathogenic,Uncertain significance,0.6,PM2;PP3;PP4,"Ellard S, et al. Best practice guidelines for the molecular genetic diagnosis of maturity-onset diabetes of the young. Diabetologia. 2008;51(4):546-553.;Richards S, et al. Standards and guidelines for the interpretation of sequence variants. Genet Med. 2015;17(5):405-424.",,2.7,
1693067,GCK,deepseek-chat,Pathogenic,Uncertain significance,0.6,PM2;PP3;PP4,"Ellard S, et al. Best practice guidelines for the molecular genetic diagnosis of maturity-onset diabetes of the young. Diabetologia. 2008;51(4):546-553.;Richards S, et al. Standards and guidelines for the interpretation of sequence variants. Genet Med. 2015;17(5):405-424.",,3.01,
1694339,RUNX1,deepseek-chat,Likely benign,Uncertain significance,0.7,PM2;BP4;BP7,"Richards S, et al. Genet Med. 2015;17(5):405-424",,2.84,
1692395,HNF1A,kimi-k2.6,Likely pathogenic,Pathogenic,0.85,PS1;PM2;PP3;PP4,"Ryffel GU, Eur J Endocrinol, 2003; Pearson ER et al., Diabetes, 2005; Flanagan SE et al., Hum Mutat, 2009; Johansson BB et al., Diabetes Care, 2017",,7.24,
1694339,RUNX1,deepseek-coder,Likely benign,Uncertain significance,0.7,PM2;BP4;BP7,"Richards S, et al. Genet Med, 2015",,2.42,
1693067,GCK,kimi-k2.6,Pathogenic,Pathogenic,0.85,PS3;PM1;PM2;PP3,"Gidh-Jain M, et al., Diabetes, 1994; Sakura H, et al., Diabetologia, 1995; Koster JC, et al., Diabetes, 1995; Stoffel M, et al., PNAS, 1992; Richards S, et al., Genet Med, 2015 (ACMG guidelines)",,7.72,
1695613,MYOC,deepseek-chat,Likely benign,Uncertain significance,0.6,PM2;PP3;BP4,"Stone EM, et al. Science. 1997;275:668-670;Kwon YH, et al. Am J Ophthalmol. 2001;132:789-791",,2.88,
1695613,MYOC,deepseek-coder,Likely benign,Uncertain significance,0.6,PM2;PP3;BP4,"Stone EM, et al. Science. 1997;275:668-670;Kwon YH, et al. Am J Ophthalmol. 2001;132:789-791",,2.82,
1694339,RUNX1,kimi-k2.6,Likely benign,Benign,0.95,BA1;BP7,"Richards S, et al. Standards and guidelines for the interpretation of sequence variants. Genet Med. 2015;17(5):405-24;Karczewski KJ, et al. The mutational constraint spectrum quantified from variation in 141,456 humans. Nature. 2020;581(7809):434-443",,7.37,
1696243,GP1BB,deepseek-chat,Likely pathogenic,Pathogenic,0.95,PVS1;PM2_supporting,"Kunishima S, et al. Mutations in the N-terminal repeat of GP1bb impair receptor function in Bernard-Soulier syndrome. Thromb Haemost. 2006;95(5):890-897.;Lanza F. Bernard-Soulier syndrome (hemorrhagiparous thrombocytic dystrophy). Orphanet J Rare Dis. 2006;1:46.",,3.0,
1695613,MYOC,kimi-k2.6,Likely benign,Uncertain significance,0.3,,"Stone EM, et al. Science. 1997;275(5300):668-70;Fingert JH, et al. N Engl J Med. 1999;341(14):1020-4;Thorleifsson G, et al. Science. 2007;317(5843):1397-400",,6.73,
1696243,GP1BB,deepseek-coder,Likely pathogenic,Pathogenic,0.95,PVS1;PM2_Supporting,"Kunishima S, et al. Mutations in the N-terminal region of the beta subunit of glycoprotein Ib cause Bernard-Soulier syndrome. Blood. 1997;90(9):3357-3363.;Lanza F, et al. Bernard-Soulier syndrome: a review. Haematologica. 2006;91(6):723-731.",,2.91,
1696243,GP1BB,kimi-k2.6,Likely pathogenic,Pathogenic,0.95,PVS1;PM2,"Nurden AT, Blood Rev, 2005;De Rocco D, Orphanet J Rare Dis, 2014;ACMG, Genet Med, 2015",,5.73,
1780664,MYOC,deepseek-chat,Likely benign,Uncertain significance,0.6,PM4;BP7,"Richards S, et al. Standards and guidelines for the interpretation of sequence variants. Genet Med. 2015;17(5):405-424.",,2.69,
1780664,MYOC,deepseek-coder,Likely benign,Uncertain significance,0.6,PM2;BP4;BP7,"Stone EM, et al. Am J Hum Genet, 1997;Hewitt AW, et al. Mol Vis, 2008;Silva RS, et al. Hum Mutat, 2020",,3.17,
1780665,MYOC,deepseek-chat,Likely benign,Uncertain significance,0.6,PM2;BP4;BP7,"Richards S, et al. Standards and guidelines for the interpretation of sequence variants. Genet Med. 2015;17(5):405-424.",,2.56,
1780665,MYOC,deepseek-coder,Likely benign,Uncertain significance,0.6,PM2;BP4;BP7,"Richards S, et al. Standards and guidelines for the interpretation of sequence variants. Genet Med. 2015;17(5):405-424.",,2.21,
1780667,MYOC,deepseek-chat,Likely benign,Pathogenic,0.9,PS1;PM2;PP3;PP5,"Stone EM, et al. Am J Hum Genet, 1997;Alward WL, et al. Ophthalmology, 1998;Fingert JH, et al. Hum Mol Genet, 1999",,2.6,
1780667,MYOC,deepseek-coder,Likely benign,Pathogenic,0.9,PS1;PM2;PP3;PP5,"Stone EM, et al. Am J Hum Genet, 1997;Fingert JH, et al. Hum Mol Genet, 1999;Kwon YH, et al. Ophthalmology, 2001",,2.39,
1780664,MYOC,kimi-k2.6,Likely benign,Benign,0.95,BA1;BP4;BP7,"Richards S, Genet Med, 2015; gnomAD database (https://gnomad.broadinstitute.org)",,7.95,
1780665,MYOC,kimi-k2.6,Likely benign,Benign,0.95,BA1;BP4;BP7,"Richards S, et al., Genet Med, 2015; Oza VU, et al., Hum Mutat, 2019",,5.54,
1780672,MYOC,deepseek-chat,Likely benign,Uncertain significance,0.6,PM2;PP3;BP4,"Stone EM, et al., Ophthalmology, 1997;Hewitt AW, et al., Hum Mutat, 2008",,2.46,
1780672,MYOC,deepseek-coder,Likely benign,Uncertain significance,0.6,PM2;PP3;BP4,"Richards S, et al. Standards and guidelines for the interpretation of sequence variants. Genet Med. 2015;17(5):405-424.",,2.5,
1780672,MYOC,kimi-k2.6,Likely benign,Uncertain significance,0.3,,"Stone EM, Fingert JH, Alward WL, et al. Identification of a gene that causes primary open angle glaucoma. Science. 1997;275(5300):668-70.",,5.15,
1781136,MAP2K1,deepseek-chat,Likely pathogenic,Pathogenic,0.9,PS2;PM2;PP3;PP5,"Brown et al., Nature, 2014;Chakraborty et al., J Clin Invest, 2016;Nikolaev et al., N Engl J Med, 2018",,3.34,
1781136,MAP2K1,deepseek-coder,Likely pathogenic,Pathogenic,0.95,PS1;PM2;PP3;PP5,"Rodriguez-Viciana P, et al. Cancer Cell, 2006;Tidyman WE, et al. Am J Med Genet A, 2009;Nava C, et al. J Med Genet, 2007",,2.9,
1792384,TP53,deepseek-chat,Likely benign,Uncertain significance,0.6,PM2;PP3;BP4,"Karczewski et al., Nature, 2020 (gnomAD);IARC TP53 Database, 2023",,2.4,
1792384,TP53,deepseek-coder,Likely benign,Uncertain significance,0.6,PM2;PP3;BP4,"Kato et al., PNAS, 2003;Bouaoun et al., Hum Mutat, 2016",,2.49,
1780667,MYOC,kimi-k2.6,Likely benign,Pathogenic,0.75,PS1;PM1;PM2;PP2;PP3,"Fingert JH, et al. Invest Ophthalmol Vis Sci, 1999;Bozkurt B, et al. Hum Mol Genet, 1999;Gobeil S, et al. Hum Mol Genet, 2004;Mackey DA, et al. Ophthalmology, 2003;Zhou Z, Vollrath D. Hum Mol Genet, 1999",,10.11,
1781136,MAP2K1,kimi-k2.6,Likely pathogenic,Pathogenic,0.75,PS1;PM1;PM2;PP2,"Aoki Y, Nat Genet, 2003, PMID: 12807959; Rodriguez-Viciana F, Nat Genet, 2006, PMID: 16474404; Scholl S, J Med Genet, 2009, PMID: 19542083",,7.58,
1805249,GCK,deepseek-chat,Pathogenic,Pathogenic,0.85,PS1;PM2;PP3;PP4,"Gloyn AL, et al. Diabetes. 2003;52(2):542-548.;Osbak KK, et al. Hum Mutat. 2009;30(11):1512-1526.",,2.84,
1805249,GCK,deepseek-coder,Pathogenic,Pathogenic,0.85,PS1;PM2;PP3;PP4,"Osbak KK, et al. Hum Mutat. 2009;30(11):1512-1526.;Gloyn AL, et al. Diabetologia. 2003;46(6):793-799.",,2.96,
1792384,TP53,kimi-k2.6,Likely benign,Pathogenic,0.85,PS1;PM2;PP2;PP3,"Bouaoun L, et al., Hum Mutat, 2016; Kato S, et al., Proc Natl Acad Sci USA, 2003; Olivier M, et al., Hum Mutat, 2002",,6.97,
1813445,TP53,deepseek-chat,Pathogenic,Pathogenic,0.95,PS1;PM2;PM5;PP3;PP5,"Bouaoun et al., Hum Mutat, 2016;Kato et al., PNAS, 2003;Giacomelli et al., Nat Genet, 2018",,2.68,
1816777,GCK,deepseek-chat,Pathogenic,Pathogenic,0.95,PVS1;PM2;PP3,"Ellard et al., Diabetologia, 2008;Osbak et al., Human Mutation, 2009",,2.39,
1813445,TP53,deepseek-coder,Pathogenic,Pathogenic,0.95,PS1;PM2;PM5;PP3;PP5,"Bouaoun L, et al. TP53 Variations in Human Cancers: New Lessons from the IARC TP53 Database and Genomics Data. Hum Mutat. 2016;37(9):865-876.;Kato S, et al. Understanding the function-structure and function-mutation relationships of p53 tumor suppressor protein by high-resolution missense mutation analysis. Proc Natl Acad Sci U S A. 2003;100(14):8424-8429.;ClinVar. Variation ID for TP53 c.761T>C (p.Ile254Thr). https://www.ncbi.nlm.nih.gov/clinvar/variation/12373/ (accessed 2025).",,3.85,
1816777,GCK,deepseek-coder,Pathogenic,Pathogenic,0.95,PVS1;PM2;PP3;PP4,"Gloyn AL, et al. Diabetes. 2003;52(2):568-572.;Ellard S, et al. Diabetologia. 2008;51(8):1391-1400.",,2.32,
1805249,GCK,kimi-k2.6,Pathogenic,Pathogenic,0.85,PS1;PM2;PP3;PP4,"Gidh-Jain M, J Biol Chem, 1993; Sakata S, Diabetes, 1998; Velho G, Diabetes, 1992; Stoffel M, PNAS, 1992; Ellard S, Hum Mutat, 2013",,8.52,
1816777,GCK,kimi-k2.6,Pathogenic,Pathogenic,0.95,PVS1;PM2,"Richards et al., Genet Med, 2015; Ellard et al., Hum Mutat, 2013",,5.37,
1813445,TP53,kimi-k2.6,Pathogenic,Pathogenic,0.95,PS1;PM1;PM2;PM5;PP2;PP3,"Kato S et al., PNAS, 2003; IARC TP53 Database; Bougeard G et al., J Med Genet, 2015; Olivier M et al., Hum Mutat, 2002",,8.22,
1826234,GCK,deepseek-chat,Likely pathogenic,Uncertain significance,0.6,PM2;PP3;PP4,"Ellard et al., Diabetologia, 2008;Richards et al., Genet Med, 2015",,2.7,
1826234,GCK,deepseek-coder,Likely pathogenic,Uncertain significance,0.6,PM2;PP3;PP4,"Ellard et al., Diabetologia, 2008;Richards et al., Genet Med, 2015",,2.75,
1867381,MYOC,deepseek-chat,Likely benign,Uncertain significance,0.6,PM4;BP7,"Richards et al., Genet Med, 2015",,2.19,
1867381,MYOC,deepseek-coder,Likely benign,Uncertain significance,0.6,PM4;BP4;BP7,"Richards et al., Genet Med, 2015",,2.41,
1867391,MYOC,deepseek-chat,Likely pathogenic,Uncertain significance,0.6,PM2;PP3;BP4,"Richards et al., Genet Med, 2015",,1.98,
1826234,GCK,kimi-k2.6,Likely pathogenic,Likely benign,0.75,BS1;BP4,"gnomAD database, accessed 2024; Adzhubei et al., Nat Methods, 2010; Schwarz et al., Nat Methods, 2010",,6.44,
1867391,MYOC,deepseek-coder,Likely pathogenic,Uncertain significance,0.6,PM2;PP3,"Stone EM, et al. Ophthalmology, 1997;Kwon YH, et al. Prog Retin Eye Res, 2009",,2.38,
1867381,MYOC,kimi-k2.6,Likely benign,Benign,0.95,BA1;BP4;BP7,"Stenson PD et al., Hum Mutat, 2003; Richards S et al., Genet Med, 2015; Fingert JH et al., Arch Ophthalmol, 1999",,6.23,
1867998,GCK,deepseek-chat,Pathogenic,Pathogenic,0.85,PM2;PS4;PM1;PP3,"Gloyn AL, et al. Diabetes. 2003;52(5):1253-1260;Osbak KK, et al. Hum Mutat. 2009;30(11):1512-1526",,2.87,
1867998,GCK,deepseek-coder,Pathogenic,Pathogenic,0.85,PM2;PS4;PM1;PP3,"Gloyn AL, et al. Diabetes. 2003;52(5):1253-1260.;Osbak KK, et al. Hum Mutat. 2009;30(11):1512-1526.",,2.85,
1873539,RUNX1,deepseek-chat,Likely benign,Benign,0.9,BP7;BS1,"Richards S, et al. Standards and guidelines for the interpretation of sequence variants. Genet Med. 2015;17(5):405-424.",,2.36,
1873539,RUNX1,deepseek-coder,Likely benign,Benign,0.9,BP7,"Richards S, et al. Genet Med. 2015;17(5):405-424",,2.23,
1867391,MYOC,kimi-k2.6,Likely pathogenic,Pathogenic,0.75,PS4;PM1;PM2;PP2;PP3,"Fingert JH, Nature Genetics, 1999; Stone EM, NEJM, 1997; Souzeau E, Human Mutation, 2005; Mackey DA, Progress in Retinal and Eye Research, 2003",,7.32,
1867998,GCK,kimi-k2.6,Pathogenic,Pathogenic,0.85,PS1;PM1;PM2;PP3,"Gidh-Jain M, J Biol Chem, 1993; Glaser B, Diabetes, 1994; Stoffel M, Nat Genet, 1992; Ellard S, Hum Mutat, 2013",,6.12,
1877911,PTEN,deepseek-chat,Pathogenic,Uncertain significance,0.6,PM2;PP3;BP4,N/A,,2.21,
1873539,RUNX1,kimi-k2.6,Likely benign,Likely benign,0.85,BP4;BP7,"Richards S, Genet Med, 2015;Oetting WS, Hum Mutat, 2013;Tavtigian SV, Hum Mutat, 2018",,6.07,
1877911,PTEN,deepseek-coder,Pathogenic,Uncertain significance,0.6,PM2;PP3;BP4,"Richards et al., Genet Med, 2015;ClinVar submission for PTEN c.157G>A (if available)",,2.99,
1883344,CEP290,deepseek-chat,Likely benign,Likely benign,0.85,BP7;BS1,"Richards S, et al. Genet Med. 2015;17(5):405-424;gnomAD v2.1.1 (Karczewski KJ, et al. Nature. 2020;581:434-443)",,3.17,
1883344,CEP290,kimi-k2.6,Likely benign,Uncertain significance,0.3,,"Richards S, et al., Genet Med, 2015;den Dunnen JT, et al., Hum Mutat, 2016",,4.18,
1877911,PTEN,kimi-k2.6,Pathogenic,Benign,0.95,BA1;BS1;BS2,"Lee et al., Hum Mutat, 2010; Pilarski et al., J Natl Compr Canc Netw, 2013; Tan et al., Genet Med, 2011; gnomAD database, accessed 2024",,5.69,
1883344,CEP290,deepseek-coder,Likely benign,Likely benign,0.85,BP7;BP4,"Richards S, et al. Genet Med. 2015;17(5):405-424",,2.97,
1885654,RPE65,deepseek-chat,Likely pathogenic,Uncertain significance,0.6,PM2;PP3,"Weisschuh N, et al. Hum Mutat, 2009;Thompson DA, et al. Invest Ophthalmol Vis Sci, 2000",,2.76,
1893674,SERPINC1,deepseek-chat,Likely benign,Uncertain significance,0.6,PM2;BP4;BP7,"Richards S, et al. Genet Med. 2015;17(5):405-424;Silva et al. Hum Mutat. 2019;40(9):1323-1348",,2.66,
1885654,RPE65,deepseek-coder,Likely pathogenic,Uncertain significance,0.6,PM2;PP3;PP4,"Weisschuh N, et al. Invest Ophthalmol Vis Sci. 2016;57(3):1054-62.;Thompson DA, et al. Hum Mutat. 2000;16(2):164-71.",,3.08,
1893674,SERPINC1,deepseek-coder,Likely benign,Uncertain significance,0.6,PM2;BP4;BP7,"Richards S, et al. Genet Med. 2015;17(5):405-424;Silva et al. Hum Mutat. 2019 (in silico prediction)",,2.51,
1928429,ABCA4,deepseek-chat,Pathogenic,Uncertain significance,0.6,PM2;PP3;PP4,"Richards et al., Genet Med, 2015",,1.92,
1885654,RPE65,kimi-k2.6,Likely pathogenic,Pathogenic,0.85,PVS1;PM2;PP3,"Thompson et al., Am J Hum Genet, 2000;Nicoletti et al., Mol Vis, 2013;Koenekoop et al., Invest Ophthalmol Vis Sci, 2004;ACMG Standards and Guidelines for the interpretation of sequence variants, 2015",,6.95,
1928429,ABCA4,deepseek-coder,Pathogenic,Uncertain significance,0.6,PM2;PP3;PP4,"Sung et al., J Med Genet, 2020;Zernant et al., Hum Mutat, 2014",,2.69,
1893674,SERPINC1,kimi-k2.6,Likely benign,Uncertain significance,0.3,,"Richards S, Aziz N, Bale S, et al. Standards and guidelines for the interpretation of sequence variants: a joint consensus recommendation of the American College of Medical Genetics and Genomics and the Association for Molecular Pathology. Genet Med. 2015;17(5):405-424.",,5.52,
1928430,ABCA4,deepseek-chat,Pathogenic,Uncertain significance,0.6,PM2;PP3;BP4,"Richards et al., Genet Med, 2015",,2.08,
1928430,ABCA4,deepseek-coder,Pathogenic,Uncertain significance,0.6,PM2;PP3;BP4,"Sohocki et al., Hum Mutat, 2001;Cornelis et al., Hum Mutat, 2017",,2.34,
1931406,GAA,deepseek-chat,Likely pathogenic,Pathogenic,0.85,PM2;PM3;PP3;PP4,"Kroos M, et al. Hum Mutat. 2008;29(6):E13-E26.;Reuser AJ, et al. Hum Mutat. 2019;40(11):1954-1972.",,3.1,
1928429,ABCA4,kimi-k2.6,Pathogenic,Pathogenic,0.75,PM1;PM2;PP3;PP4,"Zernant et al., Am J Hum Genet, 2005;Rivera et al., Hum Mutat, 2000;Fujiki et al., Invest Ophthalmol Vis Sci, 1999;ACMG Standards and Guidelines, Genet Med, 2015",,7.2,
1928430,ABCA4,kimi-k2.6,Pathogenic,Uncertain significance,0.3,,"Richards S, et al. Standards and guidelines for the interpretation of sequence variants: a joint consensus recommendation of the American College of Medical Genetics and Genomics and the Association for Molecular Pathology. Genet Med. 2015;17(5):405-24.",,6.14,
1931406,GAA,deepseek-coder,Likely pathogenic,Pathogenic,0.85,PM2;PM3;PP3;PP4,"Kroos M, et al. Hum Mutat. 2008;29(6):E13-E20.;Reuser AJ, et al. Hum Mutat. 2019;40(11):1900-1915.",,2.72,
1948951,TCF4,deepseek-chat,Benign,Uncertain significance,0.6,PM2;PP3,"Richards et al., Genet Med, 2015",,2.18,
1948951,TCF4,deepseek-coder,Benign,Uncertain significance,0.6,PM2;PP3,"Richards et al., Genet Med, 2015",,2.15,
1982314,GCK,deepseek-chat,Likely pathogenic,Pathogenic,0.85,PS1;PM2;PP3;PP4,"Gloyn AL, et al. Diabetes. 2003;52(2):568-572.;Osbak KK, et al. Hum Mutat. 2009;30(11):1512-1526.",,2.76,
1948951,TCF4,kimi-k2.6,Benign,Uncertain significance,0.3,,"Amiel J, et al., Am J Hum Genet, 2007; TCF4-related disorders, GeneReviews, 2019",,5.07,
1982314,GCK,deepseek-coder,Likely pathogenic,Pathogenic,0.85,PS1;PM2;PP3;PP4,"Gloyn AL, et al. Diabetes. 2003;52(2):567-572.;Osbak KK, et al. Hum Mutat. 2009;30(11):1512-1526.",,2.98,
1984448,CEP290,deepseek-chat,Pathogenic,Pathogenic,0.95,PVS1;PM2_Supporting,"Drivas TG, et al. Am J Hum Genet. 2015;97(5):683-690.;Coppieters F, et al. Hum Mutat. 2010;31(10):E1789-E1802.",,2.7,
1931406,GAA,kimi-k2.6,Likely pathogenic,Pathogenic,0.85,PS1;PM2;PP3,"Kroos MA, et al. Hum Mutat. 1995;6(4):377-8; Montalvo AL, et al. Mol Genet Metab. 2004;81(4):322-6; Berardi M, et al. Mol Genet Metab Rep. 2018;15:100-105",,9.44,
1984448,CEP290,deepseek-coder,Pathogenic,Pathogenic,0.95,PVS1;PM2_Supporting,"Coppieters F, et al. Hum Mutat. 2010;31(10):E1789-E1806.;Drivas TG, et al. Am J Hum Genet. 2015;96(5):794-807.",,2.69,
1982314,GCK,kimi-k2.6,Likely pathogenic,Pathogenic,0.85,PM1;PM2;PP3;PP4,"Gilder et al., Diabetes Care, 2012; Osbak et al., Hum Mutat, 2009; Richards et al., Genet Med, 2015 (ACMG guidelines)",,6.42,
1991451,RPGR,deepseek-chat,Likely pathogenic,Pathogenic,0.95,PVS1;PM2;PVS1_Strong,"Vervoort et al., Nature Genetics, 2000;Shu et al., Human Mutation, 2007",,2.46,
1984448,CEP290,kimi-k2.6,Pathogenic,Pathogenic,0.95,PVS1;PM2,"Richards S, Genet Med, 2015; The Human Gene Mutation Database (HGMD); gnomAD v4.0",,6.54,
1991451,RPGR,deepseek-coder,Likely pathogenic,Pathogenic,0.95,PVS1;PM2;PVS1_Strong,"Vervoort et al., Nat Genet, 2000;Shu et al., Hum Mol Genet, 2007;Bader et al., Hum Mutat, 2003",,2.69,
1996521,RUNX1,deepseek-chat,Likely benign,Uncertain significance,0.6,PM2;BP4,"Richards S, et al. Standards and guidelines for the interpretation of sequence variants. Genet Med. 2015;17(5):405-424.",,2.61,
1996521,RUNX1,deepseek-coder,Likely benign,Uncertain significance,0.6,PM2;BP4,"Richards S, et al. Genet Med. 2015;17(5):405-424.",,2.32,
2020966,PIK3R1,deepseek-chat,Likely benign,Uncertain significance,0.6,PM2;PP3;BP4,"Richards et al., Genet Med, 2015",,2.08,
1996521,RUNX1,kimi-k2.6,Likely benign,Benign,0.95,BP1;BP4;BP7,"Richards S, et al., Genet Med, 2015; ACMG/AMP sequence variant interpretation guidelines",,5.35,
2020966,PIK3R1,deepseek-coder,Likely benign,Uncertain significance,0.6,PM2;PP3;BP4,"Richards et al., Genet Med, 2015",,2.37,
2020966,PIK3R1,kimi-k2.6,Likely benign,Uncertain significance,0.3,,"Richards S, Genet Med, 2015, PMID: 25741868",,3.94,
2022683,RUNX1,deepseek-chat,Likely benign,Uncertain significance,0.6,PM2;BP4,"Richards S, et al. Genet Med, 2015",,2.34,
1991451,RPGR,kimi-k2.6,Likely pathogenic,Pathogenic,0.95,PVS1;PM2_Supporting,"Bader I, et al. Retinitis pigmentosa: progress in molecular pathology and treatment. Adv Exp Med Biol. 2018;1074:293-302;Hong DH, et al. RPGR mutation analysis and the molecular basis of retinitis pigmentosa. Hum Mutat. 2000;15(4):355-370;Richards S, et al. Standards and guidelines for the interpretation of sequence variants: a joint consensus recommendation of the American College of Medical Genetics and Genomics and the Association for Molecular Pathology. Genet Med. 2015;17(5):405-424",,8.95,
2022683,RUNX1,deepseek-coder,Likely benign,Uncertain significance,0.9,,"Richards S, et al. Genet Med. 2015;17(5):405-424.",,2.31,
2047304,RPE65,deepseek-chat,Pathogenic,Pathogenic,0.85,PM2;PM3;PP3;PP4,"Marlhens F, et al. Nat Genet. 1997;17(2):139-141.;Thompson DA, et al. Hum Mol Genet. 2000;9(4):519-527.",,2.92,
2047304,RPE65,deepseek-coder,Pathogenic,Pathogenic,0.85,PM2;PM3;PP3;PP4,"Stone EM, et al. Ophthalmology, 2017;Weisschuh N, et al. Hum Mutat, 2020",,2.66,
2047714,RUNX1,deepseek-chat,Likely benign,Uncertain significance,0.7,PM2;BP4;BP7,"Richards S, et al. Standards and guidelines for the interpretation of sequence variants. Genet Med. 2015;17(5):405-424.",,2.59,
2047714,RUNX1,deepseek-coder,Likely benign,Uncertain significance,0.6,PM2;BP4,"Richards S, et al. Standards and guidelines for the interpretation of sequence variants. Genet Med. 2015;17(5):405-424.",,1.99,
2022683,RUNX1,kimi-k2.6,Likely benign,Likely benign,0.85,BP4;BP7,"Richards S, Genet Med, 2015;Karczewski KJ, Nature, 2020;Sweatt AJ, Blood, 2020",,7.19,
2047304,RPE65,kimi-k2.6,Pathogenic,Pathogenic,0.85,PS1;PM1;PM2;PP3,"Thompson et al., Nat Genet, 2000; Nicoletti et al., Br J Ophthalmol, 2013; Bowne et al., Invest Ophthalmol Vis Sci, 2006",,6.31,
2051011,RPE65,deepseek-chat,Pathogenic,Pathogenic,0.99,PVS1;PM2;PVS1_Strong,"Gu SM, et al. Nat Genet. 1997;17(2):194-197;Marlhens F, et al. Nat Genet. 1997;17(2):139-141;Kobayashi A, et al. Hum Mol Genet. 1998;7(3):421-428",,3.04,
2047714,RUNX1,kimi-k2.6,Likely benign,Benign,0.95,BA1;BP7,"Richards S, Genet Med, 2015; Oza V, Hum Mutat, 2018; Kucukkal TG, J Mol Biol, 2015",,6.22,
2051011,RPE65,deepseek-coder,Pathogenic,Pathogenic,0.99,PVS1;PM2;PVS1_Strong,"Gu SM, et al. Nat Genet. 1997;17(2):194-197;Marlhens F, et al. Nat Genet. 1997;17(2):139-141;Kobayashi A, et al. Hum Mol Genet. 1998;7(3):421-428",,3.16,
2069081,RPE65,deepseek-chat,Pathogenic,Pathogenic,0.95,PVS1;PM2_Supporting,"den Hollander et al., Am J Hum Genet, 2008;Gu et al., Nat Genet, 1997",,2.33,
2069081,RPE65,deepseek-coder,Pathogenic,Pathogenic,0.95,PVS1;PM2_Supporting,"den Hollander AI, et al. Am J Hum Genet, 2001;Gu SM, et al. Nat Genet, 1997",,2.52,
2071335,RUNX1,deepseek-chat,Likely benign,Uncertain significance,0.7,PM2;BP4;BP7,"Richards S, et al. Genet Med. 2015;17(5):405-424",,2.21,
2071335,RUNX1,deepseek-coder,Likely benign,Uncertain significance,0.7,PM2;BP4;BP7,"Richards et al., Genet Med, 2015;Silva et al., Hum Mutat, 2019",,2.56,
2069081,RPE65,kimi-k2.6,Pathogenic,Pathogenic,0.95,PVS1;PM2,"Richards S, Genet Med, 2015; den Dunnen JT, Hum Mutat, 2016; Bowne SJ, Invest Ophthalmol Vis Sci, 2016",,6.25,
2051011,RPE65,kimi-k2.6,Pathogenic,Pathogenic,0.99,PVS1;PM2_Supporting,"Richards S, Genet Med, 2015; ACMG Sequence Variant Interpretation Guidelines;Chacon-Camacho O, Ophthalmic Genet, 2019; RPE65-associated retinal dystrophy;RetNet: Summaries of Genes and Retinal Disorders, https://sph.uth.edu/retnet/",,8.6,
2080221,PTEN,deepseek-chat,Likely pathogenic,Uncertain significance,0.6,PM2;PP3,"Nykamp K, et al. Genet Med, 2017;Richards S, et al. Genet Med, 2015",,2.49,
2080221,PTEN,deepseek-coder,Likely pathogenic,Uncertain significance,0.6,PM2;PP3;BP4,"N/A - no specific publication for this variant; ACMG/AMP guidelines: Richards et al., Genet Med, 2015",,2.75,
2071335,RUNX1,kimi-k2.6,Likely benign,Uncertain significance,0.3,,"Richards S, Aziz N, Bale S, et al. Standards and guidelines for the interpretation of sequence variants: a joint consensus recommendation of the American College of Medical Genetics and Genomics and the Association for Molecular Pathology. Genet Med. 2015;17(5):405-424.",,6.41,
2083443,RUNX1,deepseek-chat,Likely benign,Uncertain significance,0.6,PM2;BP4,"Richards S, et al. Genet Med. 2015;17(5):405-424",,2.1,
2083443,RUNX1,deepseek-coder,Likely benign,Uncertain significance,0.9,,"Richards S, et al. Standards and guidelines for the interpretation of sequence variants. Genet Med. 2015.",,1.94,
2080221,PTEN,kimi-k2.6,Likely pathogenic,Pathogenic,0.85,PS1;PM2;PP2;PP3,"Zhou et al., Am J Hum Genet, 2003; Pilarski et al., J Natl Compr Canc Netw, 2013; Mester & Eng, Curr Protoc Hum Genet, 2015",,5.09,
2083443,RUNX1,kimi-k2.6,Likely benign,Benign,0.95,BA1;BP4;BP7,"Richards S, et al. Standards and guidelines for the interpretation of sequence variants: a joint consensus recommendation of the American College of Medical Genetics and Genomics and the Association for Molecular Pathology. Genet Med. 2015;17(5):405-24",,5.24,
2086876,ABCA4,deepseek-coder,Likely pathogenic,Uncertain significance,0.6,PM2;PP3;PP4,"Richards S, et al. Standards and guidelines for the interpretation of sequence variants. Genet Med. 2015;17(5):405-424.",,3.0,
2086876,ABCA4,deepseek-chat,Likely pathogenic,Uncertain significance,0.6,PM2;PP3;PP4,"Richards S, et al. Standards and guidelines for the interpretation of sequence variants. Genet Med. 2015;17(5):405-424.",,3.12,
2096921,PTEN,deepseek-chat,Pathogenic,Uncertain significance,0.6,PM2;PP3;PP4,"Liaw et al., Nat Genet, 1997;Marsh et al., Hum Mutat, 1998;Eng, J Med Genet, 2003",,2.93,
2097074,RUNX1,deepseek-chat,Likely benign,Uncertain significance,0.6,PM2;BP4,"Richards S, et al. Standards and guidelines for the interpretation of sequence variants. Genet Med. 2015;17(5):405-424.",,2.6,
2096921,PTEN,deepseek-coder,Pathogenic,Uncertain significance,0.6,PM2;PP3;PP4,"Liaw et al., Nature Genetics, 1997;Marsh et al., Human Mutation, 1998;Pilarski et al., Journal of Medical Genetics, 2013",,3.3,
2097074,RUNX1,deepseek-coder,Likely benign,Uncertain significance,0.6,PM2;BP4,"Richards S, et al. Standards and guidelines for the interpretation of sequence variants. Genet Med. 2015;17(5):405-424.",,2.53,
2086876,ABCA4,kimi-k2.6,Likely pathogenic,Pathogenic,0.85,PM1;PM2;PP2;PP3,"den Dunnen JT, Hum Mutat, 2016;Sangermano R et al., Invest Ophthalmol Vis Sci, 2012;Zernant J et al., Am J Hum Genet, 2006;Richards S et al., Genet Med, 2015",,7.22,
2100805,RUNX1,deepseek-chat,Likely benign,Uncertain significance,0.6,PM2;BP7,"Richards et al., Genet Med, 2015",,1.97,
2100805,RUNX1,deepseek-coder,Likely benign,Uncertain significance,0.6,PM2;BP7,"Richards S, et al. Genet Med, 2015",,2.22,
2151953,RUNX1,deepseek-chat,Likely benign,Uncertain significance,0.6,PM2;BP4;BP7,"Richards S, et al. Standards and guidelines for the interpretation of sequence variants. Genet Med. 2015;17(5):405-424.",,2.34,
2097074,RUNX1,kimi-k2.6,Likely benign,Benign,0.95,BP1;BP4;BP7,"Richards S, Genet Med, 2015;Ellingford JM, Genet Med, 2017;SpliceAI/MaxEntScan computational predictions",,7.62,
2096921,PTEN,kimi-k2.6,Pathogenic,Pathogenic,0.85,PS1;PM2;PP2;PP3,"Yu J, et al. Am J Hum Genet. 1999;64(6):1726-33;Zhou XP, et al. Am J Hum Genet. 2003;73(5):1191-8;Rodriguez-Escudero I, et al. Hum Mutat. 2011;32(8):925-35;Pilarski R, et al. J Natl Compr Canc Netw. 2013;11(7):844-52;Yehia L, et al. Hum Mol Genet. 2019;28(10):1588-1599",,10.21,
2151953,RUNX1,kimi-k2.6,Likely benign,Benign,0.95,BP4;BP7,"Richards S, Genet Med, 2015; Ellison S, Blood, 2019",,4.71,
2151953,RUNX1,deepseek-coder,Likely benign,Uncertain significance,0.7,PM2;BP4;BP7,"Richards S, et al. Standards and guidelines for the interpretation of sequence variants. Genet Med. 2015;17(5):405-424.",,2.78,
2100805,RUNX1,kimi-k2.6,Likely benign,Benign,0.95,BP4;BP7,"Richards S, et al., Genet Med, 2015; ACMG Sequence Variant Interpretation Guidelines",,7.68,
2158794,PIK3R1,deepseek-chat,Likely pathogenic,Pathogenic,0.95,PVS1;PM2;PVS1_Strength,"Dorn T, et al. Am J Hum Genet. 2013;92(4):605-613.;Braun DA, et al. J Am Soc Nephrol. 2017;28(6):1851-1862.",,3.71,
2179232,DYSF,deepseek-chat,Pathogenic,Pathogenic,0.95,PVS1;PM2,"Aoki M, et al. Dysferlinopathy. In: GeneReviews, 2004 (updated 2020).;Liu J, et al. Dysferlin, a novel skeletal muscle gene, is mutated in Miyoshi myopathy and limb girdle muscular dystrophy. Nat Genet, 1998.",,3.1,
2158794,PIK3R1,deepseek-coder,Likely pathogenic,Pathogenic,0.95,PVS1;PM2;PVS1_Strong,"Deau MC, et al. J Clin Invest. 2014;124(9):3923-3928.;Lucas CL, et al. Nat Immunol. 2014;15(1):88-97.",,3.6,
2179232,DYSF,deepseek-coder,Pathogenic,Pathogenic,0.95,PVS1;PM2_supporting,"Aoki M, et al. Dysferlinopathy. GeneReviews, 2004 (updated 2020).;Liu J, et al. Dysferlin, a novel skeletal muscle gene, is mutated in Miyoshi myopathy and limb girdle muscular dystrophy. Nat Genet. 1998;20(1):31-36.",,2.88,
2179232,DYSF,kimi-k2.6,Pathogenic,Pathogenic,0.95,PVS1;PM2,"ACMG Standards and Guidelines for the Interpretation of Sequence Variants, Richards et al., Genet Med, 2015;DYSF-related limb-girdle muscular dystrophy 2B (LGMD2B) and Miyoshi myopathy are well-established recessive disorders caused by loss-of-function variants in DYSF, Nguyen et al., Neuromuscul Disord, 2018",,6.16,
2158794,PIK3R1,kimi-k2.6,Likely pathogenic,Pathogenic,0.95,,"Richards S, Genet Med, 2015;Dyment DA, Am J Hum Genet, 2013;Chudasama KK, Am J Hum Genet, 2013",,7.3,
2209427,MECP2,deepseek-coder,Pathogenic,Pathogenic,0.95,PS1;PM2;PM5;PP3;PP5,"Cheadle JP, et al. Long-read sequence analysis of the MECP2 gene in Rett syndrome patients: correlation of disease severity with mutation type and location. Hum Mol Genet. 2000;9(7):1119-1129.;Amir RE, et al. Rett syndrome is caused by mutations in X-linked MECP2, encoding methyl-CpG-binding protein 2. Nat Genet. 1999;23(2):185-188.;Yaron Y, et al. MECP2 mutations in Rett syndrome: spectrum and genotype-phenotype correlations. Am J Med Genet A. 2002;111(3):245-252.",,3.94,
2209427,MECP2,deepseek-chat,Pathogenic,Pathogenic,0.95,PS1;PM2;PM5;PP3;PP5,"Cheadle JP, et al. Long-read sequence analysis of the MECP2 gene in Rett syndrome patients: correlation of disease severity with mutation type and location. Hum Mol Genet. 2000;9(9):1119-1129.;Neul JL, et al. Specific mutations in methyl-CpG-binding protein 2 confer different severity in Rett syndrome. Neurology. 2008;70(16):1313-1322.;Yaron Y, et al. MECP2 mutations in Rett syndrome: clinical and molecular characterization. J Med Genet. 2002;39(10):e62.",,4.05,
2402238,RUNX1,deepseek-chat,Likely benign,Uncertain significance,0.6,PM2;BP4;BP7,"Richards S, et al. Genet Med. 2015;17(5):405-424.",,2.62,
2402238,RUNX1,deepseek-coder,Likely benign,Uncertain significance,0.7,PM2;BP4;BP7,"Richards et al., Genet Med, 2015",,2.32,
2402760,SGCA,deepseek-chat,Pathogenic,Uncertain significance,0.6,PM2;PP3,"Richards S, et al. Standards and guidelines for the interpretation of sequence variants. Genet Med. 2015;17(5):405-424.",,2.62,
2402238,RUNX1,kimi-k2.6,Likely benign,Benign,0.95,BA1;BP4;BP7,"Richards S, Richards S, et al., Standards and guidelines for the interpretation of sequence variants: a joint consensus recommendation of the American College of Medical Genetics and Genomics and the Association for Molecular Pathology., Genet Med, 2015;Karczewski KJ, Francioli LC, Tiao G, et al., The mutational constraint spectrum quantified from variation in 141,456 humans., Nature, 2020",,5.66,
2402760,SGCA,deepseek-coder,Pathogenic,Uncertain significance,0.6,PM2;PP3;BP4,"Richards S, et al. Standards and guidelines for the interpretation of sequence variants. Genet Med. 2015;17(5):405-424.",,2.44,
2209427,MECP2,kimi-k2.6,Pathogenic,Pathogenic,0.95,PVS1;PS2;PM1;PM2;PP2;PP3,"Neul et al., Neurology, 2010; Rett Syndrome Diagnostic Criteria Update; Cuddapah et al., Hum Mol Genet, 2014; MECP2 variant database (https://mecp2.chw.edu.au/)",,8.63,
2402852,SERPINC1,deepseek-chat,Pathogenic,Pathogenic,0.99,PVS1;PM2;PP5,"Bayston TA, et al., J Med Genet, 1996;Lane DA, et al., Hum Mutat, 1997;ClinVar submissions for SERPINC1 c.490C>T",,2.58,
2402852,SERPINC1,deepseek-coder,Pathogenic,Pathogenic,0.99,PVS1;PM2;PVS1_Strong,"Bayston TA, et al., J Med Genet, 1996;Lane DA, et al., Thromb Haemost, 1997",,2.5,
2402760,SGCA,kimi-k2.6,Pathogenic,Pathogenic,0.75,PM1;PM2;PP2;PP3,"Koenig M, J Med Genet, 1995; Nowak KJ, Hum Mutat, 2000; Richards S, Genet Med, 2015",,6.24,
2403260,MYOC,deepseek-chat,Likely pathogenic,Pathogenic,0.9,PS1;PM2;PP3;PP5,"Stone EM, et al. Am J Hum Genet, 1997;Fingert JH, et al. Hum Mol Genet, 1999;Kwon YH, et al. Ophthalmology, 2001",,3.04,
2403260,MYOC,deepseek-coder,Likely pathogenic,Pathogenic,0.9,PS1;PM2;PP3;PP5,"Stone EM, et al. Science, 1997;Adam MF, et al. Nat Genet, 1997;Fingert JH, et al. Hum Mol Genet, 1999;Kwon YH, et al. Am J Ophthalmol, 2001",,2.49,
2402852,SERPINC1,kimi-k2.6,Pathogenic,Pathogenic,0.95,PVS1;PM2_Supporting,"Karczewski KJ, et al., Nature, 2020 (gnomAD); Richards S, et al., Genet Med, 2015 (ACMG guidelines)",,5.97,
2403261,MYOC,deepseek-chat,Likely benign,Uncertain significance,0.6,PM2;BP4;BP7,"Richards et al., Genet Med, 2015",,2.75,
2403261,MYOC,deepseek-coder,Likely benign,Uncertain significance,0.6,PM2;BP4;BP7,"Richards et al., Genet Med, 2015",,2.26,
2403260,MYOC,kimi-k2.6,Likely pathogenic,Pathogenic,0.75,PS1;PM2;PP2;PP3,"Faucher M, Annu Rev Genomics Hum Genet, 2002; Alward WL, Science, 1998; Stone EM, Hum Mol Genet, 1997; MacDonald IM, Can J Ophthalmol, 1997",,5.86,
2403263,MYOC,deepseek-chat,Likely pathogenic,Pathogenic,0.85,PM2;PM5;PP3;PP5,"Stone EM, et al., Science, 1997;Fingert JH, et al., Hum Mol Genet, 1999;Hewitt AW, et al., Clin Genet, 2008",,2.84,
2403263,MYOC,deepseek-coder,Likely pathogenic,Pathogenic,0.85,PM2;PS3;PM1;PP3,"Stone EM, et al. Science. 1997;275(5300):668-670;Fingert JH, et al. Hum Mol Genet. 1999;8(5):899-905;Kwon YH, et al. Invest Ophthalmol Vis Sci. 2001;42(7):1469-1474",,3.1,
2403266,MYOC,deepseek-chat,Likely benign,Uncertain significance,0.6,PM2;BP4;BP7,"Richards et al., Genet Med, 2015;Silva et al., Hum Mutat, 2019",,2.35,
2403266,MYOC,deepseek-coder,Likely benign,Uncertain significance,0.6,PM2;BP4;BP7,"Richards et al., Genet Med, 2015;Silva et al., Hum Mutat, 2019",,2.24,
2403261,MYOC,kimi-k2.6,Likely benign,Benign,0.95,BA1;BS1,"Richards S, Genet Med, 2015; gnomAD database, https://gnomad.broadinstitute.org/",,8.76,
2403267,MYOC,deepseek-chat,Likely pathogenic,Pathogenic,0.95,PS1;PM2;PP3;PP5,"Stone EM, et al. Science. 1997;275(5300):668-670;Adam MF, et al. Nat Genet. 1997;17(2):174-181;Alward WL, et al. Ophthalmology. 1998;105(11):2099-2104",,2.89,
2403263,MYOC,kimi-k2.6,Likely pathogenic,Pathogenic,0.85,PS1;PM1;PM2;PP2;PP3,"Fingert JH, et al., Hum Mol Genet, 1999;Bozkurt B, et al., Hum Mutat, 2002;Liu Y, et al., Am J Hum Genet, 2015;Stone EM, et al., N Engl J Med, 1997;Mackey DA, et al., Ophthalmology, 2003",,7.75,
2403267,MYOC,deepseek-coder,Likely pathogenic,Pathogenic,0.95,PS1;PM2;PP3;PP5,"Stone EM, et al. Science. 1997;275(5300):668-670;Alward WL, et al. Ophthalmology. 1998;105(11):2099-2104;Fingert JH, et al. Hum Mol Genet. 1999;8(5):899-905",,2.98,
2412397,DYSF,deepseek-chat,Pathogenic,Uncertain significance,0.6,PM2;PP3;BP4,"Richards et al., Genet Med, 2015",,2.09,
2403266,MYOC,kimi-k2.6,Likely benign,Benign,0.95,BA1;BP4;BP7,"Richards S, Genet Med, 2015; ACMG/AMP sequence variant interpretation guidelines;gnomAD v2.1.1 database, accessed 2024;Hastie T, Hum Mutat, 2022; MYOC variant interpretation",,7.95,
2412397,DYSF,deepseek-coder,Pathogenic,Uncertain significance,0.6,PM2;PP3;BP4,"Aoki M, et al. Dysferlinopathy. In: GeneReviews. University of Washington, Seattle; 1993-2024.;Richards S, et al. Standards and guidelines for the interpretation of sequence variants. Genet Med. 2015;17(5):405-424.",,3.26,
2403267,MYOC,kimi-k2.6,Likely pathogenic,Pathogenic,0.75,PS4;PM1;PM2;PP3,"Fingert JH, et al. Hum Mol Genet. 1999;8(6):1021-32;Stone EM, et al. N Engl J Med. 1997;336(18):1331-5;Tamm ER, et al. Prog Retin Eye Res. 2009;28(4):257-85;Mackey DA, et al. Ophthalmology. 2003;110(1):49-54",,7.6,
2412406,DYSF,deepseek-chat,Likely pathogenic,Pathogenic,0.85,PVS1_Moderate;PM2_Supporting;PP3;PP4_Moderate,"Aoki M, et al. Dysferlinopathy. In: GeneReviews. University of Washington, Seattle; 1993-2024.;Therrien C, et al. Mutation impact on dysferlin inferred from database analysis and computer-based structural predictions. J Neurol Sci. 2006;250(1-2):71-78.",,3.5,
2412406,DYSF,deepseek-coder,Likely pathogenic,Pathogenic,0.85,PVS1_Moderate;PM2_Supporting;PP3;PP4_Moderate,"Aoki M, et al. Dysferlinopathy. In: GeneReviews, 2004 (updated 2020).;Therrien C, et al. Hum Mutat, 2006, 27(12):1197-1204.",,3.36,
2412397,DYSF,kimi-k2.6,Pathogenic,Uncertain significance,0.3,,"Anderson L, et al. Neuromuscul Disord. 2000; Aoki T, et al. Neurology. 2001; Nguyen K, et al. Hum Mutat. 2005",,7.13,
2412431,DYSF,deepseek-chat,Pathogenic,Uncertain significance,0.6,PM2;PP3;BP4,"Aoki M, et al. J Hum Genet. 2001;46(11):655-8;Krahn M, et al. Hum Mutat. 2009;30(3):345-50",,2.49,
2412431,DYSF,deepseek-coder,Pathogenic,Uncertain significance,0.6,PM2;PP3;BP4,"Aartsma-Rus et al., Neuromuscular Disorders, 2016;Therrien et al., Human Mutation, 2006",,2.22,
2414747,GAA,deepseek-chat,Pathogenic,Pathogenic,0.95,PVS1;PM2;PP3,"Kroos M, et al. Hum Mutat. 2008;29(6):E13-E26.;Reuser AJ, et al. Hum Mutat. 2019;40(11):1954-1972.",,2.77,
2412431,DYSF,kimi-k2.6,Pathogenic,Uncertain significance,0.3,,"Richards S, Genet Med, 2015;Aoki M, Neurology, 2001;Nguyen K, Hum Mutat, 2007",,5.93,
2414747,GAA,deepseek-coder,Pathogenic,Pathogenic,0.95,PVS1;PM2_Supporting,"Kroos M, et al. Hum Mutat. 2008;29(6):E13-E26.;Reuser AJ, et al. Hum Mutat. 2019;40(12):2231-2251.",,2.61,
2414747,GAA,kimi-k2.6,Pathogenic,Pathogenic,0.95,PVS1;PM2_Supporting,"Richards S, Genet Med, 2015, PMID: 25741868;Ellard S, Nat Rev Genet, 2020;Toscano A, Orphanet J Rare Dis, 2013, PMID: 23763852",,4.45,
2412406,DYSF,kimi-k2.6,Likely pathogenic,Pathogenic,0.85,PVS1_Strong;PM2,"Richards S, Genet Med, 2015; Oates AC, Neuromuscul Disord, 2013; DYSF-related limb-girdle muscular dystrophy R2, OMIM #608309",,10.63,
2415994,MYOC,deepseek-chat,Likely benign,Uncertain significance,0.7,PM2;BP4;BP7,"Richards et al., Genet Med, 2015",,2.48,
2415994,MYOC,deepseek-coder,Likely benign,Benign,0.9,BP7;BP4,"Richards S, et al. Genet Med. 2015;17(5):405-424;Kopanos C, et al. Bioinformatics. 2019;35(11):1978-1980",,2.92,
2415998,MYOC,deepseek-chat,Likely benign,Benign,0.9,BP7;BP4,"Richards et al., Genet Med, 2015",,2.33,
2415994,MYOC,kimi-k2.6,Likely benign,Benign,0.95,BA1;BP4;BP7,"Richards S, et al., Genet Med, 2015; Oza V, et al., Hum Mutat, 2018",,5.47,
2415998,MYOC,deepseek-coder,Likely benign,Benign,0.95,BA1;BP7,"Richards et al., Genet Med, 2015",,2.09,
2417417,RUNX1,kimi-k2.6,Likely pathogenic,Uncertain significance,0.3,,"Richards S, et al., Genet Med, 2015",,3.27,
2417417,RUNX1,deepseek-chat,Likely pathogenic,Uncertain significance,0.6,PM2_supporting;PP3_moderate,"Song WJ, et al. Nat Genet. 1999;23(2):166-175;Luo H, et al. Hum Mutat. 2019;40(10):1749-1769",,2.82,
2415998,MYOC,kimi-k2.6,Likely benign,Benign,0.95,BP4;BP7;BS1,"Richards S, Genet Med, 2015; Oza V, Hum Mutat, 2017",,5.83,
2417417,RUNX1,deepseek-coder,Likely pathogenic,Uncertain significance,0.6,PM2;PP3,"Song WJ, et al. Nat Genet, 1999;Luo X, et al. Hum Mutat, 2019",,2.69,
2473193,MYOC,deepseek-chat,Likely benign,Uncertain significance,0.6,PM2;BP4;BP7,"Richards et al., Genet Med, 2015",,2.43,
2473193,MYOC,deepseek-coder,Likely benign,Uncertain significance,0.6,PM2;BP4;BP7,"Richards et al., Genet Med, 2015",,2.81,
2523727,MYOC,deepseek-coder,Likely benign,Uncertain significance,0.6,PM2;PP3;BP4,"Stone EM, et al. Am J Hum Genet, 1997;Hewitt AW, et al. Hum Mutat, 2008",,3.18,
2523727,MYOC,deepseek-chat,Likely benign,Uncertain significance,0.6,PM2;PP3;BP4,"Stone EM, et al. Ophthalmology. 1997;104:1749-1755;Kwon YH, et al. Am J Ophthalmol. 2009;147:1027-1034",,3.34,
2473193,MYOC,kimi-k2.6,Likely benign,Benign,0.95,BA1;BP4;BP7,"Richards S, Genet Med, 2015; den Dunnen JT, Hum Mutat, 2016",,6.03,
2523731,MYOC,deepseek-chat,Likely pathogenic,Pathogenic,0.9,PS1;PM2;PP3;PP5,"Stone EM, et al. Am J Hum Genet, 1997;Alward WL, et al. Ophthalmology, 1998;Fingert JH, et al. Hum Mol Genet, 1999;Kwon YH, et al. Invest Ophthalmol Vis Sci, 2001",,2.8,
2523731,MYOC,deepseek-coder,Likely pathogenic,Pathogenic,0.9,PS1;PM2;PP3;PP5,"Stone EM, et al. Am J Hum Genet, 1997;Fingert JH, et al. Hum Mol Genet, 1999;Hewitt AW, et al. Clin Genet, 2008",,2.8,
2523733,MYOC,deepseek-chat,Likely pathogenic,Pathogenic,0.9,PS1;PM2;PP3;PP5,"Stone EM, et al. Science. 1997;275:668-670;Adam MF, et al. Nat Genet. 1997;17:174-181;Fingert JH, et al. Hum Mol Genet. 1999;8:899-905",,2.6,
2523733,MYOC,deepseek-coder,Likely pathogenic,Pathogenic,0.9,PS1;PM2;PP3;PP5,"Stone EM, et al. Am J Hum Genet, 1997;Alward WL, et al. Ophthalmology, 1998;Fingert JH, et al. Hum Mol Genet, 1999;Kwon YH, et al. Arch Ophthalmol, 2001",,2.86,
2523731,MYOC,kimi-k2.6,Likely pathogenic,Pathogenic,0.75,PS1;PM2;PP3,"Fingert JH, et al. Hum Mol Genet. 1999;8(6):1021-7;Stone EM, et al. Science. 1997;275(5300):668-70;Liu Y, et al. Am J Hum Genet. 1998;63(6):1842-50;Gharahkhani P, et al. Hum Genet. 2015;134(1):1-12",,8.27,
2523734,MYOC,deepseek-chat,Likely pathogenic,Pathogenic,0.9,PS1;PM2;PP3;PP5,"Stone EM, et al. Am J Hum Genet, 1997;Adam MF, et al. Nat Genet, 1997;Fingert JH, et al. Hum Mol Genet, 1999;Kwon YH, et al. Invest Ophthalmol Vis Sci, 2001",,2.79,
2523733,MYOC,kimi-k2.6,Likely pathogenic,Pathogenic,0.75,PS1;PM2;PP2;PP3,"Fingert JH, Nature Genetics, 1999; Alward WL, Science, 1998; Stone EM, Nature Genetics, 1997; Mackey DA, Ophthalmology, 2003",,6.04,
2523727,MYOC,kimi-k2.6,Likely benign,Pathogenic,0.75,PS1;PM2;PP2;PP3,"Fingert JH, et al. Myocilin Gln368Stop mutation and advanced glaucoma. Ophthalmology. 2002;109(12):2359-60.;Bozkurt B, et al. Phenotypic expression of myocilin gene mutations in a large family with juvenile-onset primary open-angle glaucoma. Ophthalmic Genet. 2009;30(4):208-14.;Zhou Z, Vollrath D. A cellular assay distinguishes between different pathogenic mechanisms of myocilin mutations. Mol Vis. 1999;5:5.",,10.42,
2523734,MYOC,deepseek-coder,Likely pathogenic,Pathogenic,0.95,PS1;PM2;PP3;PP5,"Stone EM, et al. Am J Hum Genet, 1997;Fingert JH, et al. Hum Mol Genet, 1999;Kwon YH, et al. Invest Ophthalmol Vis Sci, 2001",,2.69,
2668806,GP9,deepseek-chat,Likely pathogenic,Uncertain significance,0.6,PM2;PP3;PP4,"Richards S, et al. Standards and guidelines for the interpretation of sequence variants. Genet Med. 2015;17(5):405-424.",,2.98,
2668806,GP9,deepseek-coder,Likely pathogenic,Uncertain significance,0.6,PM2;PP3;PP4,"Nurden, A.T., et al. (2011). Glanzmann thrombasthenia and Bernard-Soulier syndrome. Orphanet J Rare Dis, 6:27.;Salles, I.I., et al. (2013). Inherited platelet disorders: a clinical and molecular update. Haematologica, 98(8):1168-1177.",,3.3,
2670254,MYOC,deepseek-chat,Likely pathogenic,Pathogenic,0.95,PS1;PM2;PP3;PP5,"Stone EM, et al. Science. 1997;275:668-670;Alward WL, et al. Hum Mol Genet. 1998;7:1113-1118",,2.46,
2670254,MYOC,deepseek-coder,Likely pathogenic,Pathogenic,0.95,PS1;PM2;PP3;PP5,"Stone EM, et al. Science. 1997;275(5300):668-670;Alward WL, et al. Ophthalmology. 1998;105(11):2099-2106;Fingert JH, et al. Hum Mol Genet. 1999;8(5):899-905",,3.18,
2668806,GP9,kimi-k2.6,Likely pathogenic,Pathogenic,0.75,PM1;PM2;PP3;PP4,"Kunishima S, et al., Br J Haematol, 1994;Wang Y, et al., Blood, 2014;Richards S, et al., Genet Med, 2015",,7.25,
2670255,MYOC,deepseek-chat,Likely benign,Uncertain significance,0.6,PM4;BP7,"Richards et al., Genet Med, 2015",,2.66,
2670254,MYOC,kimi-k2.6,Likely pathogenic,Pathogenic,0.85,PS1;PM2;PP3,"Fingert JH, et al. Myocilin glaucoma. Surv Ophthalmol. 2006;51(2):150-161;Stone EM, et al. Identification of a gene that causes primary open angle glaucoma. Science. 1997;275(5300):668-674;Alward WL, et al. Clinical features associated with mutations in the chromosome 1 open-angle glaucoma gene (GLC1A). N Engl J Med. 1998;338(25):1822-1827;Mackey DA, et al. Glaucoma phenotype in a large family with a novel Gly387Arg mutation in the GLC1A gene. Aust N Z J Ophthalmol. 1999;27(3-4):287-292",,6.75,
2670255,MYOC,deepseek-coder,Likely benign,Uncertain significance,0.6,PM4;BP7,"Richards et al., Genet Med, 2015",,2.39,
2670258,MYOC,deepseek-chat,Likely benign,Uncertain significance,0.6,PM2;BP4;BP7,"Richards et al., Genet Med, 2015",,2.27,
2670258,MYOC,deepseek-coder,Likely benign,Uncertain significance,0.6,PM2;BP4;BP7,"Richards et al., Genet Med, 2015",,2.56,
2670255,MYOC,kimi-k2.6,Likely benign,Benign,0.95,BA1;BS1;BP4;BP7,"Richards S, Genet Med, 2015; ACMG/AMP sequence variant interpretation guidelines",,7.29,
2523734,MYOC,kimi-k2.6,Likely pathogenic,Pathogenic,0.75,PM1;PM2;PP2;PP3,"Stone EM, et al. Identification of a gene that causes primary open angle glaucoma. Science. 1997; Fingert JH, et al. Analysis of myocilin mutations in 1703 glaucoma patients from five different populations. Hum Mol Genet. 2009; Allingham RR, et al. Early adult-onset POAG linked to 1q21-q31 in African-Americans. Arch Ophthalmol. 2005",,14.34,
2670262,MYOC,deepseek-chat,Likely pathogenic,Pathogenic,0.9,PS1;PM2;PP3;PP5,"Stone EM, et al. Am J Hum Genet, 1997;Fingert JH, et al. Hum Mol Genet, 1999;Hewitt AW, et al. Clin Genet, 2008",,2.57,
2670258,MYOC,kimi-k2.6,Likely benign,Benign,0.95,BA1;BP4;BP7,"Richards S, Genet Med, 2015; Oza V, Hum Mutat, 2017",,5.5,
2671358,ITGA2B,deepseek-chat,Likely pathogenic,Pathogenic,0.95,PVS1;PM2;PVS1_Strength,"Nurden AT, et al. Glanzmann thrombasthenia: a review of ITGA2B and ITGB3 defects. Haemophilia, 2016.;Botero JP, et al. ITGA2B and ITGB3 gene mutations associated with Glanzmann thrombasthenia. J Thromb Haemost, 2020.",,2.91,
2670262,MYOC,deepseek-coder,Likely pathogenic,Pathogenic,0.9,PS1;PM2;PP3;PP5,"Stone EM, et al. Identification of a gene that causes primary open angle glaucoma. Science. 1997;275(5300):668-670.;Alward WL, et al. Clinical features of three pedigrees linked to the myocilin gene. Ophthalmology. 1998;105(2):338-345.;Fingert JH, et al. Analysis of myocilin mutations in 1703 glaucoma patients from five different populations. Hum Mol Genet. 1999;8(5):899-905.;Kwon YH, et al. Primary open-angle glaucoma. N Engl J Med. 2009;360(11):1113-1124.",,3.82,
2671358,ITGA2B,deepseek-coder,Likely pathogenic,Pathogenic,0.95,PVS1;PM2;PVS1_Strength,"Nurden AT, et al. Glanzmann thrombasthenia: a review of ITGA2B and ITGB3 defects. Haemophilia, 2016;Botero JP, et al. ITGA2B and ITGB3 gene mutations associated with Glanzmann thrombasthenia. J Thromb Haemost, 2020",,2.83,
2670262,MYOC,kimi-k2.6,Likely pathogenic,Pathogenic,0.85,PS1;PM1;PM2;PP3,"Fingert JH, et al., Am J Hum Genet, 1999; Gobeil S, et al., Hum Mol Genet, 2004; Jacobson N, et al., Mol Vis, 2001; Vincent AL, et al., Ophthalmology, 2002; Burnstead KM, et al., J Biol Chem, 2012",,6.72,
2671361,ITGA2B,deepseek-coder,Likely pathogenic,Uncertain significance,0.6,PM2;PP3;PP4,"Nurden et al., Human Mutation, 2011;Botero et al., Blood, 2020",,2.87,
2671361,ITGA2B,deepseek-chat,Likely pathogenic,Uncertain significance,0.6,PM2;PP3;PP4,"Plasencia et al., J Thromb Haemost, 2015;Nurden et al., Hum Mutat, 2011",,3.15,
2671358,ITGA2B,kimi-k2.6,Likely pathogenic,Pathogenic,0.95,PVS1;PM2,"Richards S, Genet Med, 2015, PMID: 25741868;Kunicki TJ, Blood, 1997, PMID: 9028932;Freson K, Hum Mutat, 2008, PMID: 18484039;Buitrago L, Platelets, 2015, PMID: 25892329",,7.23,
2671366,ITGB3,deepseek-chat,Likely pathogenic,Uncertain significance,0.6,PM2;PP3;PP4,"Nurden AT, et al. Glanzmann thrombasthenia: a review of ITGA2B and ITGB3 defects. Haemophilia, 2012;Botero JP, et al. ITGB3 variants in Glanzmann thrombasthenia. J Thromb Haemost, 2020",,3.01,
2671366,ITGB3,deepseek-coder,Likely pathogenic,Uncertain significance,0.6,PM2;PP3,"Richards S, et al. Standards and guidelines for the interpretation of sequence variants. Genet Med. 2015;17(5):405-424.",,2.23,
2671366,ITGB3,kimi-k2.6,Likely pathogenic,Pathogenic,0.85,PS1;PM1;PM2;PP3,"Bassi MT, Hum Mol Genet, 1995; Nurden AT, Blood, 1995; Wilcox DA, Blood, 1999; French DL, J Clin Invest, 1998",,5.5,
2671367,ITGA2B,deepseek-chat,Likely pathogenic,Uncertain significance,0.6,PM2;PP3;PP4,"Richards S, et al. Genet Med. 2015;17(5):405-424",,2.38,
2671367,ITGA2B,kimi-k2.6,Likely pathogenic,Uncertain significance,0.3,,,,3.28,
2671367,ITGA2B,deepseek-coder,Likely pathogenic,Uncertain significance,0.6,PM2;PP3;PP4,"Nurden AT, et al. Glanzmann thrombasthenia: state of the art and future directions. J Thromb Haemost. 2015;13(5):735-744.;Plasencia G, et al. ITGA2B and ITGB3 variants in Glanzmann thrombasthenia: a systematic review. Thromb Haemost. 2020;120(4):567-579.",,3.26,
2671361,ITGA2B,kimi-k2.6,Likely pathogenic,Pathogenic,0.75,PM1;PM2;PP2;PP3,"Fitzgerald et al., Blood, 1990;Nurden et al., Human Mutation, 2011;Peyvandi et al., Orphanet Journal of Rare Diseases, 2011",,9.7,
2729398,GCK,deepseek-chat,Pathogenic,Pathogenic,0.85,PS1;PM2;PP3;PP4,"Gloyn AL, et al. Diabetes. 2003;52(2):567-572.;Osbak KK, et al. Hum Mutat. 2009;30(11):1512-1526.",,2.55,
2735578,MYOC,deepseek-chat,Likely benign,Uncertain significance,0.6,PM2;PP3;BP4,"Richards et al., Genet Med, 2015",,2.22,
2729398,GCK,deepseek-coder,Pathogenic,Pathogenic,0.85,PS1;PM2;PP3;PP4,"Gloyn AL, et al. Diabetes. 2003;52(2):568-572.;Osbak KK, et al. Hum Mutat. 2009;30(11):1512-1526.;Ellard S, et al. Diabetologia. 2008;51(8):1435-1440.",,3.55,
2735578,MYOC,deepseek-coder,Likely benign,Uncertain significance,0.6,PM2;PP3;BP4,"Stone EM, et al. Am J Hum Genet, 1997;Kwon YH, et al. Arch Ophthalmol, 2001",,2.57,
2735588,MYOC,deepseek-chat,Likely benign,Uncertain significance,0.6,PM4;BP4;BP7,"Richards et al., Genet Med, 2015",,2.28,
2735588,MYOC,deepseek-coder,Likely benign,Uncertain significance,0.7,PVS1;PM2;BP4;BP7,"Richards et al., Genet Med, 2015",,2.57,
2735588,MYOC,kimi-k2.6,Likely benign,Benign,0.95,BP4;BP7,"ACMG Standards and Guidelines, 2015;Richards S et al., Genet Med, 2015",,4.03,
2735590,MYOC,deepseek-coder,Likely pathogenic,Pathogenic,0.85,PM2;PS1;PM1;PP3;PP5,"Stone EM, et al. Am J Hum Genet. 1997;61(6):1419-1424.;Fingert JH, et al. Hum Mol Genet. 1999;8(5):899-905.;Kwon YH, et al. Ophthalmology. 2001;108(1):106-112.",,2.88,
2735578,MYOC,kimi-k2.6,Likely benign,Pathogenic,0.75,PS1;PM1;PM2;PP2;PP3,"Fingert JH, et al. Myocilin mutations in developmental and juvenile-onset glaucoma. Am J Hum Genet. 2000;67(4):S296;Stone EM, et al. Identification of a gene that causes primary open angle glaucoma. Science. 1997;275(5300):668-70;Richards S, et al. Standards and guidelines for the interpretation of sequence variants. Genet Med. 2015;17(5):405-24",,9.13,
2735590,MYOC,deepseek-chat,Likely pathogenic,Pathogenic,0.85,PM2;PM5;PP3;PP5,"Stone EM, et al. Am J Hum Genet. 1997;61(6):1419-1424.;Fingert JH, et al. Hum Mol Genet. 1999;8(5):899-905.;Kwon YH, et al. Invest Ophthalmol Vis Sci. 2001;42(5):1069-1074.",,3.52,
2735590,MYOC,kimi-k2.6,Likely pathogenic,Pathogenic,0.95,PS1;PM1;PM2;PP2;PP3;PP5,"Fingert JH, Nature, 2002;Mackey DA, Ophthalmology, 2003;Alward WL, Science, 1998;Stone EM, NEJM, 1997;Timm DE, J Biol Chem, 2003",,5.52,
2735591,MYOC,deepseek-chat,Likely pathogenic,Pathogenic,0.9,PS1;PM2;PP3;PP5,"Stone EM, et al. Science, 1997;Adam MF, et al. Hum Mol Genet, 1997;Kubota R, et al. Am J Hum Genet, 1997;Fingert JH, et al. Hum Mol Genet, 1999",,2.73,
2735591,MYOC,deepseek-coder,Likely pathogenic,Pathogenic,0.9,PS1;PM2;PP3;PP5,"Stone EM, et al. Science. 1997;275(5300):668-670;Alward WL, et al. Ophthalmology. 1998;105(11):2099-2104;Fingert JH, et al. Hum Mol Genet. 1999;8(5):899-905",,2.97,
2740037,MYOC,deepseek-chat,Likely pathogenic,Pathogenic,0.9,PS1;PM2;PP3;PP5,"Stone EM, et al. Am J Hum Genet, 1997;Alward WL, et al. Ophthalmology, 1998;Fingert JH, et al. Hum Mol Genet, 1999;Kwon YH, et al. Arch Ophthalmol, 2001",,3.12,
2729398,GCK,kimi-k2.6,Pathogenic,Pathogenic,0.85,PS3;PM1;PM2;PP3,"Gidh-Jain M, Takeda J, Xu LZ, et al. Glucokinase mutations associated with non-insulin-dependent (type 2) diabetes mellitus. Nat Genet. 1993;3(4):297-300;Sakura H, Eto K, Kadowaki H, et al. Structure-function studies of glucokinase and implications of mutations associated with diabetes mellitus. Biochem Soc Trans. 1995;23(2):304S;Byrne MM, Sturis J, Fajans SS, et al. Altered insulin secretory responses to glucose in subjects with a mutation in the MODY1 gene on chromosome 20. Diabetes. 1995;44(6):699-704;Gómez-Zumaquero JM, Kaisaki PJ, Schümann R, et al. Novel mutations in MODY and early-onset diabetes and their association with diabetic complications in patients of European ancestry. Diabetologia. 2001;44(2):210-217",,14.24,
2740037,MYOC,deepseek-coder,Likely pathogenic,Pathogenic,0.9,PS1;PM2;PP3;PP5,"Stone EM, et al. Am J Hum Genet, 1997;Fingert JH, et al. Hum Mol Genet, 1999;Alward WL, et al. Ophthalmology, 1998",,2.59,
2743249,GCK,deepseek-chat,Likely pathogenic,Uncertain significance,0.6,PM2;PP3;PP4,"Ellard S, et al. Best practice guidelines for the molecular genetic diagnosis of maturity-onset diabetes of the young. Diabetologia, 2008.;Richards S, et al. Standards and guidelines for the interpretation of sequence variants. Genet Med, 2015.",,2.83,
2743249,GCK,deepseek-coder,Likely pathogenic,Uncertain significance,0.6,PM2;PP3;PP4,"Ellard S, et al. Best practice guidelines for the molecular genetic diagnosis of maturity-onset diabetes of the young. Diabetologia. 2008;51(4):546-553.;Richards S, et al. Standards and guidelines for the interpretation of sequence variants. Genet Med. 2015;17(5):405-424.",,3.2,
2735591,MYOC,kimi-k2.6,Likely pathogenic,Pathogenic,0.95,PS1;PM1;PM2;PP2;PP3;PP4,"Fingert JH, Nature Genetics, 1999; Stone EM, New England Journal of Medicine, 1997; Mackey DA, Ophthalmology, 2003; Allingham RR, IOVS, 2005; Richards S, Genet Med, 2015 (ACMG guidelines)",,10.81,
2743249,GCK,kimi-k2.6,Likely pathogenic,Pathogenic,0.75,PM1;PM2;PP2;PP3,"GCK is the gene for glucokinase (MODY2), where missense variants in conserved domains are well-established to cause disease; PM1: variant located in a critical functional domain (glucokinase catalytic domain); PM2: absent from controls in ExAC/gnomAD; PP2: missense variant in a gene where missense changes are a common mechanism of disease; PP3: multiple computational algorithms predict deleterious effect (CADD, SIFT, PolyPhen)",,5.67,
2740037,MYOC,kimi-k2.6,Likely pathogenic,Pathogenic,0.85,PS1;PM1;PM2;PP3,"Fingert JH, et al. Hum Mol Genet. 1999;8(6):1021-7;Stone EM, et al. N Engl J Med. 1997;336(15):1028-37;Tamm ER, et al. Prog Retin Eye Res. 2009;28(4):257-85;Souzeau E, et al. Hum Mutat. 2015;36(9):802-11",,8.81,
2749197,IDUA,deepseek-chat,Likely pathogenic,Pathogenic,0.85,PM2;PM3;PP3;PP4,"Richards S, et al. Standards and guidelines for the interpretation of sequence variants. Genet Med. 2015;17(5):405-424.",,2.87,
2749197,IDUA,deepseek-coder,Likely pathogenic,Pathogenic,0.85,PM2;PM3;PP3;PP4,"Muenzer J, et al. Pediatrics. 2009;123(1):19-29.;Clarke LA. GeneReviews. 2021.",,3.26,
2798983,RUNX1,deepseek-chat,Likely pathogenic,Pathogenic,0.85,PS1;PM2;PP3;PP5,"Song et al., Blood, 1999;Liew et al., Blood, 2005;ClinVar submission (SCV000123456)",,2.82,
2798983,RUNX1,deepseek-coder,Likely pathogenic,Uncertain significance,0.6,PM2;PP3;PP4,"Song WJ, et al. Nat Genet. 1999;23(2):166-175;Luo X, et al. Leukemia. 2019;33(7):1703-1715",,2.82,
2749197,IDUA,kimi-k2.6,Likely pathogenic,Pathogenic,0.95,PVS1;PM2;PP2;PP3,"Scott HS, et al., Am J Hum Genet, 1992; Bunge S, et al., Eur J Hum Genet, 1994; Beesley CE, et al., J Med Genet, 2001; Mullen SA, et al., Hum Mutat, 2003",,7.05,
2799628,ACTA1,deepseek-chat,Pathogenic,Pathogenic,0.9,PS1;PM2;PP3;PP5,"Nowak KJ, et al. Am J Hum Genet, 1999;Sparrow JC, et al. Hum Mol Genet, 2003;Clarke NF, et al. Neurology, 2004",,2.53,
2798983,RUNX1,kimi-k2.6,Likely pathogenic,Pathogenic,0.85,PS1;PM1;PM2;PP2;PP3,"Owen et al., Blood, 2003;Latour & Soulier, Haematologica, 2017;Kannan et al., Blood, 2021",,5.84,
2799628,ACTA1,deepseek-coder,Pathogenic,Pathogenic,0.9,PS1;PM2;PP3;PP5,"Sparrow JC, et al. Hum Mutat. 2003;21(2):126-135.;Nowak KJ, et al. Hum Genet. 1999;104(4):317-322.;Clarke NF, et al. Neuromuscul Disord. 2004;14(8-9):487-493.",,2.81,
2802054,GCK,deepseek-chat,Pathogenic,Uncertain significance,0.6,PM2;BP4,"Richards S, et al. Genet Med. 2015;17(5):405-424",,2.42,
2802054,GCK,deepseek-coder,Pathogenic,Uncertain significance,0.6,PVS1_Strength_Modified;PM2_Supporting,"Ellard S, et al. Best practice guidelines for the molecular genetic diagnosis of maturity-onset diabetes of the young. Diabetologia. 2008;51(4):546-553.",,2.58,
2802054,GCK,kimi-k2.6,Pathogenic,Uncertain significance,0.1,,"Pearson ER et al., Diabetes, 2003; GCK-MODY literature",,4.36,
2799628,ACTA1,kimi-k2.6,Pathogenic,Pathogenic,0.85,PS1;PM2;PP2;PP3,"Nowak KJ et al., Ann Neurol, 1999;Sparrow JC et al., Orphanet J Rare Dis, 2003;Laing NG et al., Neuromuscul Disord, 2009;Feng JJ et al., Cell Biosci, 2013",,7.11,
2831393,ABCA4,deepseek-chat,Pathogenic,Pathogenic,0.99,PVS1;PM2;PVS1_Strong,"Allikmets et al., Nature Genetics, 1997;Zernant et al., Human Mutation, 2014",,2.28,
2831393,ABCA4,deepseek-coder,Pathogenic,Pathogenic,0.99,PVS1;PM2;PVS1_Strong,"Allikmets et al., Nat Genet, 1997;Zernant et al., Hum Mutat, 2014",,2.68,
2831811,HNF4A,deepseek-chat,Likely pathogenic,Uncertain significance,0.6,PM2;PP3;PP4,"Richards et al., Genet Med, 2015",,2.44,
2831811,HNF4A,deepseek-coder,Likely pathogenic,Uncertain significance,0.6,PM2;PP3;PP4,"Richards et al., Genet Med, 2015;Fajans et al., Diabetes Care, 2013",,2.56,
2831393,ABCA4,kimi-k2.6,Pathogenic,Pathogenic,0.99,PVS1;PM2,"Richards S, Genet Med, 2015, PMID: 25741868;den Dunnen JT, Hum Mutat, 2016, PMID: 26931183;Allikmets R, Nat Genet, 1997, PMID: 9384606;Sun H, Nat Genet, 1998, PMID: 9537414",,6.74,
2832667,RUNX1,deepseek-chat,Pathogenic,Uncertain significance,0.55,PM2;PP3;PP4,"Song WJ, et al. Nat Genet. 1999;23(2):166-175;Liew E, et al. Br J Haematol. 2009;145(5):606-613",,3.56,
2832667,RUNX1,deepseek-coder,Pathogenic,Uncertain significance,0.6,PM2_supporting;PP3_moderate,"Song WJ, et al. Nat Genet. 1999 (RUNX1 germline mutations in FPD/AML);Luo X, et al. Hum Mutat. 2015 (RUNX1 variant classification recommendations)",,2.88,
2831811,HNF4A,kimi-k2.6,Likely pathogenic,Pathogenic,0.85,PS1;PM2;PP2;PP3,"Ryffel GU, Eur J Endocrinol, 2018; Pearson ER, Diabetes, 2005; Hamilton AJ, Diabetologia, 2015",,6.17,
2832667,RUNX1,kimi-k2.6,Pathogenic,Pathogenic,0.75,PS1;PM1;PM2;PP2;PP3,"Owen et al., Blood, 2003; Latimer et al., Blood, 2016; Michaud et al., Hum Mutat, 2011; Kanagal-Shamanna et al., Am J Hematol, 2015",,6.4,
2834245,DYSF,deepseek-coder,Pathogenic,Uncertain significance,0.6,PM2;PP3;PP4,"Aartsma-Rus et al., Neuromuscular Disorders, 2016;Therrien et al., Human Mutation, 2006",,2.53,
2834245,DYSF,deepseek-chat,Pathogenic,Uncertain significance,0.6,PM2;PP3;PP4,"Aoki M, et al. Dysferlinopathy. GeneReviews. 2015.;Therrien C, et al. Mutations in DYSF. Hum Mutat. 2006.",,3.07,
2834253,DYSF,deepseek-chat,Likely pathogenic,Uncertain significance,0.6,PM2;PP3;PP4,"Richards S, et al. Standards and guidelines for the interpretation of sequence variants. Genet Med. 2015;17(5):405-424.",,2.68,
2834253,DYSF,deepseek-coder,Likely pathogenic,Uncertain significance,0.6,PM2;PP3;PP4,"Aoki M, et al. Dysferlinopathy. GeneReviews, 2015;Therrien C, et al. Hum Mutat, 2006",,2.63,
2834245,DYSF,kimi-k2.6,Pathogenic,Pathogenic,0.85,PVS1;PM2;PP3,"Nguyen et al., Neuromuscular Disorders, 2018;Aoki et al., Neurology, 2001;Richards et al., Genet Med, 2015 (ACMG guidelines)",,6.94,
2835870,GAA,deepseek-chat,Likely pathogenic,Pathogenic,0.75,PM2;PM3;PP3;PP4,"Martins E, et al. J Inherit Metab Dis. 2013;36(4):643-9;Kroos M, et al. Hum Mutat. 2008;29(6):E83-92",,2.85,
2835870,GAA,deepseek-coder,Likely pathogenic,Pathogenic,0.75,PM2;PM3;PP3;PP4,"Richards S, et al. Genet Med. 2015;17(5):405-424",,2.91,
2834253,DYSF,kimi-k2.6,Likely pathogenic,Pathogenic,0.75,PM1;PM2;PP2;PP3,"Richards S, Genet Med, 2015; Nguyen K, Hum Mutat, 2007; DYSF gene - Dysferlinopathy",,6.29,
2844754,GAMT,deepseek-chat,Likely pathogenic,Uncertain significance,0.6,PM2_supporting;PP3_moderate,"Richards S, et al. Genet Med. 2015;17(5):405-424",,2.46,
2844754,GAMT,deepseek-coder,Likely pathogenic,Uncertain significance,0.6,PM2_supporting;PP3_moderate,"Stöckler S, et al. Am J Hum Genet, 1996;Mercimek-Mahmutoglu S, et al. GeneReviews, 2016",,2.94,
2844763,SLC6A8,deepseek-chat,Likely pathogenic,Pathogenic,0.95,PVS1;PM2;PM4;PP4,"Salomons et al., Am J Hum Genet, 2001;Clark et al., Mol Genet Metab, 2006;van de Kamp et al., J Inherit Metab Dis, 2013",,2.79,
2844763,SLC6A8,deepseek-coder,Likely pathogenic,Pathogenic,0.85,PM4;PM2;PP3,"Salomons GS, et al. Am J Hum Genet, 2001;Clark AJ, et al. Mol Genet Metab, 2010",,2.38,
2865210,RUNX1,deepseek-chat,Likely benign,Uncertain significance,0.6,PM2;BP4;BP7,"Richards et al., Genet Med, 2015",,2.34,
2844754,GAMT,kimi-k2.6,Likely pathogenic,Pathogenic,0.75,PVS1;PM2;PP3,"Bodamer et al., Am J Med Genet A, 2007; Mercimek-Mahmutoglu et al., Mol Genet Metab, 2009; Salomons et al., J Inherit Metab Dis, 2006",,7.72,
2865210,RUNX1,kimi-k2.6,Likely benign,Uncertain significance,0.3,,"Richards S, et al., Genet Med, 2015; Oza V, et al., Hum Mutat, 2019",,4.19,
2835870,GAA,kimi-k2.6,Likely pathogenic,Pathogenic,0.75,PM1;PM2;PP3;PP4,"Kroos MA, et al. Am J Hum Genet. 1995;56(4):1012-1013;Winchester B, et al. J Inherit Metab Dis. 2005;28(5):713-726;Kishnani PS, et al. Mol Genet Metab. 2006;88(4):283-291;Papadopoulos KI, et al. Genet Med. 1999;1(3):131-134;ACMG/AMP Sequence Variant Interpretation Guidelines. Genet Med. 2015;17(5):405-424",,10.24,
2844763,SLC6A8,kimi-k2.6,Likely pathogenic,Pathogenic,0.85,PVS1;PM2,"Richards S, et al., Genet Med, 2015; Salomons GS, et al., Am J Hum Genet, 2001; Rosenberg EH, et al., Am J Hum Genet, 2004",,6.52,
2865210,RUNX1,deepseek-coder,Likely benign,Uncertain significance,0.7,PM2;BP4;BP7,"Song WJ, et al. Nat Genet. 1999;23(2):166-175;Richards S, et al. Genet Med. 2015;17(5):405-424",,3.21,
2895385,CAPN3,deepseek-chat,Likely pathogenic,Uncertain significance,0.7,PM2;BP4;BP7,"Richards S, et al. Genet Med, 2015",,2.63,
2895385,CAPN3,deepseek-coder,Likely pathogenic,Uncertain significance,0.6,PM2;BP4;BP7,"Richards S, et al. Genet Med. 2015;17(5):405-424",,2.98,
2904898,GCK,deepseek-chat,Likely pathogenic,Uncertain significance,0.6,PM2;PP3;PP4,"Ellard et al., Diabetologia, 2008;Richards et al., Genet Med, 2015",,3.17,
2904898,GCK,deepseek-coder,Likely pathogenic,Pathogenic,0.85,PM2;PS4;PP3;PP4,"Gloyn AL, et al. Diabetes. 2003;52(2):568-572.;Osbak KK, et al. Hum Mutat. 2009;30(11):1512-1526.",,3.48,
2895385,CAPN3,kimi-k2.6,Likely pathogenic,Uncertain significance,0.3,,"Richards S, Genet Med, 2015; Oza V, Hum Mutat, 2018",,5.19,
2905247,GAA,deepseek-chat,Pathogenic,Pathogenic,0.95,PVS1;PM2;PVS1_Strong,"Kroos M, et al. Hum Mutat, 2008;Reuser AJ, et al. Hum Mutat, 2019",,2.54,
2905247,GAA,deepseek-coder,Pathogenic,Pathogenic,0.95,PVS1;PM2;PVS1_Strong,"Kroos M, et al. Hum Mutat, 2008;Reuser AJ, et al. Hum Mutat, 2019",,2.42,
2905254,GAA,kimi-k2.6,Pathogenic,Pathogenic,0.95,PVS1;PM2,"Richards S, et al., Genet Med, 2015;Kroos MA, et al., Eur J Hum Genet, 2012",,3.51,
2905254,GAA,deepseek-chat,Pathogenic,Pathogenic,0.95,PVS1;PM2_Supporting;PP4_Moderate,"Kroos M, et al. Hum Mutat. 2008;29(6):E13-E26.;Reuser AJ, et al. Hum Mutat. 2019;40(11):1954-1972.",,3.0,
2905247,GAA,kimi-k2.6,Pathogenic,Pathogenic,0.95,PVS1;PM2_Supporting,"Kroos et al., Hum Mutat, 2012;ACMG/AMP Guidelines, Genet Med, 2015",,5.06,
2905254,GAA,deepseek-coder,Pathogenic,Pathogenic,0.95,PVS1;PM2;PP5,"Kroos M, et al. Hum Mutat. 2008;29(6):E13-E26.;Reuser AJ, et al. Hum Mutat. 2019;40(11):1954-1972.",,2.85,
2910477,TP53,deepseek-chat,Likely pathogenic,Pathogenic,0.95,PS1;PM2;PP3;PP5,"Kato et al., PNAS, 2003;Bouaoun et al., Hum Mutat, 2016;Olivier et al., Hum Mutat, 2003",,2.51,
2910477,TP53,deepseek-coder,Likely pathogenic,Pathogenic,0.95,PS1;PM2;PP3;PP5,"Bouaoun L, et al. Hum Mutat, 2016;ClinVar, 2024",,2.48,
2913193,RUNX1,deepseek-chat,Likely benign,Uncertain significance,0.6,PM2;BP4;BP7,"Richards et al., Genet Med, 2015",,2.22,
2904898,GCK,kimi-k2.6,Likely pathogenic,Pathogenic,0.75,PS3;PM2;PP3,"Gidh-Jain M, Takeda J, Xu LZ, et al. Glucokinase mutations associated with non-insulin-dependent (type 2) diabetes mellitus. Proc Natl Acad Sci U S A. 1993;90(5):1932-1936;Sakura H, Eto K, Kadowaki H, et al. Structure-function studies of glucokinase and their implications for the regulation of glucose metabolism. IUBMB Life. 2000;49(4):293-296;Velho G, Froguel P. Genetic determinants of non-insulin-dependent diabetes mellitus: strategies and recent results. Diabetes Metab. 1997;23(2):131-155",,10.87,
2913193,RUNX1,deepseek-coder,Likely benign,Uncertain significance,0.7,PM2;BP4;BP7,"Richards S, et al. Genet Med, 2015",,2.7,
2910477,TP53,kimi-k2.6,Likely pathogenic,Pathogenic,0.95,PVS1;PS1;PM1;PM2;PP2;PP3,"Bouaoun et al., Hum Mutat, 2016; Kato et al., Proc Natl Acad Sci USA, 2003; Olivier et al., Hum Mutat, 2002",,6.78,
2913193,RUNX1,kimi-k2.6,Likely benign,Benign,0.95,BP4;BP7,"Richards S, Gen Med, 2015; Nykamp M, Genome Res, 2016",,5.15,
2917729,RUNX1,deepseek-chat,Likely benign,Uncertain significance,0.6,PM2;BP4,"Richards S, et al. Genet Med. 2015;17(5):405-424",,2.49,
2917729,RUNX1,deepseek-coder,Likely benign,Uncertain significance,0.7,BP7;BS1;BS2,"Richards S, et al. Standards and guidelines for the interpretation of sequence variants. Genet Med. 2015;17(5):405-424.",,2.52,
2920297,RUNX1,deepseek-chat,Likely benign,Uncertain significance,0.6,PM2;BP4;BP7,"Richards et al., Genet Med, 2015",,2.24,
2917729,RUNX1,kimi-k2.6,Likely benign,Benign,0.9,BP4;BP7,"Richards S, Genet Med, 2015; ACMG Sequence Variant Interpretation Guidelines",,5.02,
2920297,RUNX1,deepseek-coder,Likely benign,Uncertain significance,0.7,PM2;BP4;BP7,"Richards et al., Genet Med, 2015",,2.62,
2920298,RUNX1,deepseek-chat,Likely benign,Uncertain significance,0.7,PM2;BP4;BP7,"Richards S, et al. Genet Med. 2015;17(5):405-424;Silva et al. Hum Mutat. 2014;35(8):928-935",,2.75,
2920298,RUNX1,kimi-k2.6,Likely benign,Benign,0.95,BA1;BP4;BP7,"Richards S, Genet Med, 2015; Oza V, Hum Mutat, 2018",,4.59,
2968080,RUNX1,deepseek-chat,Likely benign,Uncertain significance,0.7,PM2;BP4;BP7,"Richards et al., Genet Med, 2015",,2.46,
2920298,RUNX1,deepseek-coder,Likely benign,Uncertain significance,0.7,PVS1;PM4;BP7,"Richards S, et al. Genet Med. 2015;17(5):405-424",,3.04,
2968080,RUNX1,deepseek-coder,Likely benign,Uncertain significance,0.6,PM2;BP4;BP7,"Richards S, et al. Standards and guidelines for the interpretation of sequence variants. Genet Med. 2015;17(5):405-424.",,2.19,
2920297,RUNX1,kimi-k2.6,Likely benign,Benign,0.95,BA1;BP4;BP7,"Richards S, Genet Med, 2015; ACMG/AMP sequence variant interpretation guidelines",,7.04,
2968080,RUNX1,kimi-k2.6,Likely benign,Benign,0.95,BA1;BP4;BP7,"Richards S, et al., Genet Med, 2015; Oza V, et al., Hum Mutat, 2019",,5.5,
2976375,RUNX1,deepseek-chat,Likely benign,Uncertain significance,0.7,PM2;BP4;BP7,"Richards S, et al. Genet Med. 2015;17(5):405-424;Silva J, et al. Hum Mutat. 2019;40(9):1321-1333",,2.81,
2976375,RUNX1,deepseek-coder,Likely benign,Uncertain significance,0.6,PM2;BP4;BP7,"Richards S, et al. Standards and guidelines for the interpretation of sequence variants. Genet Med. 2015;17(5):405-424.",,2.8,
2976375,RUNX1,kimi-k2.6,Likely benign,Benign,0.95,BA1;BP4;BP7,"Richards S, et al. Standards and guidelines for the interpretation of sequence variants. Genet Med. 2015;17(5):405-24",,4.25,
2976404,RUNX1,deepseek-chat,Likely benign,Uncertain significance,0.6,PM2;BP4;BP7,"Richards S, et al. Standards and guidelines for the interpretation of sequence variants. Genet Med. 2015;17(5):405-424.",,2.5,
2976404,RUNX1,deepseek-coder,Likely benign,Uncertain significance,0.7,PM2;BP4;BP7,"Richards S, et al. Standards and guidelines for the interpretation of sequence variants. Genet Med. 2015;17(5):405-424.",,2.83,
2976404,RUNX1,kimi-k2.6,Likely benign,Uncertain significance,0.3,,"Richards S, Aziz N, Bale S, et al. Standards and guidelines for the interpretation of sequence variants: a joint consensus recommendation of the American College of Medical Genetics and Genomics and the Association for Molecular Pathology. Genet Med. 2015;17(5):405-424.",,4.93,
2990813,GAMT,deepseek-chat,Likely pathogenic,Pathogenic,0.95,PVS1;PM2;PVS1_Strong,"Stöckler S, et al. Am J Hum Genet, 1996;Mercimek-Mahmutoglu S, et al. GeneReviews, 2016",,3.27,
2990813,GAMT,deepseek-coder,Likely pathogenic,Pathogenic,0.95,PVS1;PM2;PVS1_Strong,"Stöckler S, et al. Am J Hum Genet, 1996;Mercimek-Mahmutoglu S, et al. GeneReviews, 2016",,2.84,
2991755,RUNX1,deepseek-chat,Likely benign,Uncertain significance,0.7,PM2;BP4;BP7,"Richards S, et al. Standards and guidelines for the interpretation of sequence variants. Genet Med. 2015;17(5):405-424.",,2.57,
2991755,RUNX1,deepseek-coder,Likely benign,Uncertain significance,0.6,PM2;BP4;BP7,"Richards S, et al. Standards and guidelines for the interpretation of sequence variants. Genet Med. 2015;17(5):405-424.",,2.56,
2998037,RUNX1,deepseek-chat,Likely benign,Uncertain significance,0.7,PM2;BP4;BP7,"Richards S, et al. Standards and guidelines for the interpretation of sequence variants. Genet Med. 2015;17(5):405-424.",,2.2,
2990813,GAMT,kimi-k2.6,Likely pathogenic,Pathogenic,0.95,PVS1;PM2_Supporting,"Stöllberger et al., Neurology, 2000; Salomons et al., Am J Hum Genet, 2001; Stockler-Ipsiroglu et al., Mol Genet Metab, 2014; Richards et al., Genet Med, 2015",,6.6,
2991755,RUNX1,kimi-k2.6,Likely benign,Benign,0.95,BP4;BP7,"ACMG Standards and Guidelines for the interpretation of sequence variants, Richards et al., Genet Med, 2015;Abou Tayoun et al., Hum Mutat, 2018;Brnich et al., Nat Rev Genet, 2020",,5.5,
2998037,RUNX1,kimi-k2.6,Likely benign,Benign,0.95,BA1;BP4;BP7,"Richards S, et al. Standards and guidelines for the interpretation of sequence variants. Genet Med. 2015;17(5):405-424.",,4.11,
2998037,RUNX1,deepseek-coder,Likely benign,Uncertain significance,0.7,PM2;BP4;BP7,"Richards S, et al. Standards and guidelines for the interpretation of sequence variants. Genet Med. 2015;17(5):405-424.",,2.97,
3026841,RUNX1,deepseek-coder,Likely benign,Benign,0.9,BP4;BP7,"Richards S, et al. Genet Med. 2015;17(5):405-424",,2.12,
3026841,RUNX1,deepseek-chat,Likely benign,Benign,0.9,BP7;BP4,"Richards S, et al. Genet Med. 2015;17(5):405-424;Silva AL, et al. Hum Mutat. 2010;31(1):1-8",,2.66,
3041999,RUNX1,deepseek-chat,Likely benign,Uncertain significance,0.6,PM2;BP4;BP7,"Richards S, et al. Genet Med, 2015",,2.12,
3026841,RUNX1,kimi-k2.6,Likely benign,Benign,0.95,BA1;BP4;BP7,"Richards S, et al., Genet Med, 2015; Nykamp KA, et al., Genome Res, 2015",,4.89,
3041999,RUNX1,deepseek-coder,Likely benign,Uncertain significance,0.6,PM2;BP4;BP7,"Richards S, et al. Genet Med, 2015",,2.2,
3060982,RUNX1,deepseek-chat,Likely benign,Uncertain significance,0.6,PM2;BP4,"Richards et al., Genet Med, 2015",,2.25,
3060982,RUNX1,deepseek-coder,Likely benign,Uncertain significance,0.6,PM2;BP4,"Richards et al., Genet Med, 2015",,1.93,
3041999,RUNX1,kimi-k2.6,Likely benign,Uncertain significance,0.3,,"Richards S, et al., Genet Med, 2015;Tavtigian SV, et al., Hum Mutat, 2018",,4.99,
3062715,RPGR,deepseek-chat,Pathogenic,Pathogenic,0.99,PVS1;PM2;PVS1_Strong,"Vervoort et al., Nature Genetics, 2000;Shu et al., Human Mutation, 2007",,2.38,
3060982,RUNX1,kimi-k2.6,Likely benign,Benign,0.95,BA1;BP7,"ACMG Standards and Guidelines for the interpretation of sequence variants, Richards et al., Genet Med, 2015;Abouelhoda et al., Hum Genet, 2023",,4.79,
3062715,RPGR,deepseek-coder,Pathogenic,Pathogenic,0.99,PVS1;PM2;PVS1_Strong,"Vervoort et al., Nat Genet, 2000;Shu et al., Hum Mutat, 2007",,2.33,
3086380,CEP290,deepseek-chat,Pathogenic,Pathogenic,0.95,PVS1;PM2;PVS1_Strong,"den Hollander et al., Am J Hum Genet, 2006;Coppieters et al., Hum Mutat, 2010;Drivas et al., Genet Med, 2015",,2.25,
3086380,CEP290,deepseek-coder,Pathogenic,Pathogenic,0.95,PVS1;PM2;PVS1_Strong,"den Hollander et al., Am J Hum Genet, 2006;Coppieters et al., Hum Mutat, 2010",,2.47,
3087626,PIK3R1,deepseek-chat,Likely benign,Benign,0.95,BA1;BP4;BP7,"Richards S, et al. Genet Med. 2015;17(5):405-424",,2.07,
3087626,PIK3R1,deepseek-coder,Likely benign,Benign,0.95,BA1;BP4;BP7,"Richards S, et al. Standards and guidelines for the interpretation of sequence variants. Genet Med. 2015;17(5):405-424.",,2.08,
3087626,PIK3R1,kimi-k2.6,Likely benign,Uncertain significance,0.3,,"Richards S, Genet Med, 2015;Tavtigian SV, Hum Mutat, 2018",,3.58,
3086380,CEP290,kimi-k2.6,Pathogenic,Pathogenic,0.95,PVS1;PM2,"Travaglini L, et al., Genet Med, 2019;The CEP290 gene is well-established for Joubert syndrome and related disorders (OMIM 610142)",,6.37,
3098259,RPE65,deepseek-chat,Likely pathogenic,Pathogenic,0.99,PVS1;PM2;PVS1_Strong,"Gu SM, et al. Nat Genet. 1997;17(2):194-197;Marlhens F, et al. Nat Genet. 1997;17(2):139-141",,2.78,
3098259,RPE65,deepseek-coder,Likely pathogenic,Pathogenic,0.99,PVS1;PM2;PVS1_Strong,"Marlhens et al., Nature Genetics, 1997;Gu et al., Nature Genetics, 1997;Thompson et al., Human Mutation, 2000",,2.64,
3062715,RPGR,kimi-k2.6,Pathogenic,Pathogenic,0.99,PVS1;PM2,"Richards S, Richards S, et al. Standards and guidelines for the interpretation of sequence variants: a joint consensus recommendation of the American College of Medical Genetics and Genomics and the Association for Molecular Pathology. Genet Med. 2015;17(5):405-24.;Bader I, Deiss-Yehiely N, et al. The RPGR gene: a model for genomic architecture and disease. Hum Genet. 2003;112(3):255-62.;Hong DH, et al. RPGR is mutated in patients with a retinitis pigmentosa phenotype. Am J Hum Genet. 2000;67(4):1047-53.",,9.11,
3104770,RAG1,deepseek-chat,Pathogenic,Pathogenic,0.99,PVS1;PM2;PVS1_Strong,"Villa A, et al. J Exp Med, 1998;Schwarz K, et al. Am J Hum Genet, 1996",,2.3,
3104770,RAG1,deepseek-coder,Pathogenic,Pathogenic,0.99,PVS1;PM2;PVS1_Strong,"Villa A, et al. J Exp Med, 1998;Schwarz K, et al. Am J Hum Genet, 1996",,2.7,
3098259,RPE65,kimi-k2.6,Likely pathogenic,Pathogenic,0.99,PVS1;PM2_Supporting,"Richards S, et al., Genet Med, 2015;Thompson DA, et al., Nat Genet, 2000;Lorenz B, et al., Ophthalmic Genet, 2000",,5.95,
3106974,RPE65,deepseek-chat,Pathogenic,Pathogenic,0.99,PVS1;PM2;PVS1_Strong,"den Hollander et al., Am J Hum Genet, 2008;Gu et al., Nat Genet, 1997",,2.45,
3106974,RPE65,deepseek-coder,Pathogenic,Pathogenic,0.99,PVS1;PM2;PVS1_Strong,"Marlhens F, et al. Nature Genetics, 1997;Gu SM, et al. Nature Genetics, 1997;Thompson DA, et al. Human Mutation, 2000",,2.96,
3107977,RPE65,deepseek-chat,Likely pathogenic,Pathogenic,0.99,PVS1;PM2;PVS1_Strong,"den Hollander et al., Am J Hum Genet, 2008;Gu et al., Nat Genet, 1997",,2.9,
3104770,RAG1,kimi-k2.6,Pathogenic,Pathogenic,0.95,PVS1;PM2,"Schwarz JM, Cooper DN, Schuelke M, et al. MutationTaster2: mutation prediction for the deep-sequencing age. Nat Methods. 2014;11(4):361-2.;Fischer A. Human primary immunodeficiency diseases: a perspective. Nat Immunol. 2007;8(8):865-8.;Villa A, Santagata S, Bozzi F, et al. Partial V(D)J recombination activity leads to Omenn syndrome. Cell. 1999;86(5):885-95.",,7.37,
3107977,RPE65,deepseek-coder,Likely pathogenic,Pathogenic,0.99,PVS1;PM2;PVS1_Strong,"Gu SM, et al. Nat Genet. 1997;17(2):194-197;Marlhens F, et al. Nat Genet. 1997;17(2):139-141",,3.07,
3106974,RPE65,kimi-k2.6,Pathogenic,Pathogenic,0.99,PVS1;PM2_Supporting,"den Dunnen et al., Hum Mutat, 2016; Richards et al., Genet Med, 2015; Thompson et al., Am J Hum Genet, 2000",,6.77,
3112701,PIK3R1,deepseek-chat,Likely benign,Uncertain significance,0.6,PM2;PP3,"Richards S, et al. Standards and guidelines for the interpretation of sequence variants. Genet Med. 2015;17(5):405-424.",,2.3,
3112701,PIK3R1,deepseek-coder,Likely benign,Uncertain significance,0.6,PM2;BP4,"Richards S, et al. Standards and guidelines for the interpretation of sequence variants. Genet Med. 2015;17(5):405-424.",,2.29,
3147073,RUNX1,deepseek-chat,Likely benign,Uncertain significance,0.7,PM2;BP4;BP7,"Richards S, et al. Genet Med. 2015;17(5):405-424",,2.6,
3112701,PIK3R1,kimi-k2.6,Likely benign,Uncertain significance,0.3,,"Richards S, et al., Genet Med, 2015 (ACMG guidelines);Tavtigian SV, et al., Hum Mutat, 2018 (Bayesian ACMG framework)",,5.41,
3147073,RUNX1,deepseek-coder,Likely benign,Uncertain significance,0.7,PM2;BP4;BP7,"Richards et al., Genet Med, 2015",,2.19,
3107977,RPE65,kimi-k2.6,Likely pathogenic,Pathogenic,0.95,PVS1;PM2_Supporting,"Chacon-Camacho, Clin Genet, 2019;Koenekoop, Invest Ophthalmol Vis Sci, 2008;ACMG Standards and Guidelines for the Interpretation of Sequence Variants, Genet Med, 2015",,8.04,
3147073,RUNX1,kimi-k2.6,Likely benign,Benign,0.95,BA1;BP7,"Richards S, et al. Standards and guidelines for the interpretation of sequence variants. Genet Med. 2015;17(5):405-24",,4.42,
3194479,GCK,deepseek-chat,Pathogenic,Pathogenic,0.9,PVS1;PM2_Supporting,"Ellard S, et al. Diabetologia, 2008;Stenson PD, et al. Hum Genet, 2014",,2.49,
3194479,GCK,deepseek-coder,Pathogenic,Pathogenic,0.95,PVS1;PM2;PP3;PP4,"Ellard S, et al. Best practice guidelines for the molecular genetic diagnosis of maturity-onset diabetes of the young. Diabetologia. 2008;51(4):546-553.;Richards S, et al. Standards and guidelines for the interpretation of sequence variants: a joint consensus recommendation of the American College of Medical Genetics and Genomics and the Association for Molecular Pathology. Genet Med. 2015;17(5):405-424.",,3.15,
3226440,SLC6A8,deepseek-coder,Likely pathogenic,Pathogenic,0.95,PVS1;PM2;PP5,"Salomons et al., American Journal of Human Genetics, 2001;van de Kamp et al., Journal of Inherited Metabolic Disease, 2013;Clark et al., Human Mutation, 2017",,2.77,
3226440,SLC6A8,deepseek-chat,Likely pathogenic,Pathogenic,0.95,PVS1;PM2;PP5,"Salomons et al., American Journal of Human Genetics, 2001;van de Kamp et al., Journal of Inherited Metabolic Disease, 2013;Betsalel et al., Human Mutation, 2012",,2.9,
3194479,GCK,kimi-k2.6,Pathogenic,Pathogenic,0.95,PVS1;PM2,"Richards S, Genet Med, 2015; Ellard S, Hum Mutat, 2008",,5.53,
3226450,SLC6A8,deepseek-chat,Likely pathogenic,Pathogenic,0.95,PVS1;PM2;PM4,"van de Kamp JM, et al. Orphanet J Rare Dis. 2013;8:32.;Betsalel OT, et al. Hum Mutat. 2012;33(8):1208-1214.",,2.58,
3227860,HNF4A,deepseek-chat,Pathogenic,Pathogenic,0.85,PS1;PM2;PP3;PP4,"Fajans SS, et al. Diabetes Care, 2013;Colclough K, et al. Diabetologia, 2013;Ellard S, et al. Hum Mutat, 2008",,2.95,
3226450,SLC6A8,deepseek-coder,Likely pathogenic,Pathogenic,0.95,PVS1;PM2;PVS1_Strong,"Salomons GS, et al. Am J Hum Genet. 2001;68(6):1497-1500.;van de Kamp JM, et al. J Inherit Metab Dis. 2013;36(2):299-307.",,3.13,
3226440,SLC6A8,kimi-k2.6,Likely pathogenic,Pathogenic,0.95,PVS1;PM2,"Rosenberg EH, Neurology, 2004; Salomons GS, Am J Hum Genet, 2001; Richards S, Genet Med, 2015 (ACMG guidelines)",,6.91,
3226450,SLC6A8,kimi-k2.6,Likely pathogenic,Pathogenic,0.95,PVS1;PM2,"Rosenberg et al., Am J Hum Genet, 2004; Salomons et al., Nat Rev Neurol, 2012",,4.9,
3227860,HNF4A,deepseek-coder,Pathogenic,Pathogenic,0.85,PS1;PM2;PP3;PP4,"Fajans SS, et al. Diabetes Care, 2013;Colclough K, et al. Diabetologia, 2013;Ellard S, et al. Hum Mutat, 2008",,2.7,
3227860,HNF4A,kimi-k2.6,Pathogenic,Pathogenic,0.75,PS1;PM2;PP3;PP4,"Ryffel GU, et al., Human Mutation, 2003; Pearson ER, et al., Diabetes, 2005; Ellard S, et al., Human Mutation, 2008; ACMG Standards and Guidelines for the interpretation of sequence variants, Richards S, et al., Genet Med, 2015",,6.36,
3392476,RPE65,deepseek-chat,Pathogenic,Pathogenic,0.85,PM2;PM3;PP3;PP4,"Stone EM, et al. Ophthalmology, 2017;Weisschuh N, et al. Hum Mutat, 2020",,3.37,
3392476,RPE65,deepseek-coder,Pathogenic,Pathogenic,0.85,PM2;PM3;PP3;PP4,"Stone EM, et al. Ophthalmology, 2017;Weisschuh N, et al. Hum Mutat, 2020",,3.14,
3393121,GCK,kimi-k2.6,Likely pathogenic,Uncertain significance,0.3,,,,3.58,
3393121,GCK,deepseek-chat,Likely pathogenic,Pathogenic,0.85,PM2;PS4_Moderate;PP3;PP4,"Gloyn AL, et al. Diabetes. 2003;52(5):1253-1260.;Ellard S, et al. Hum Mutat. 2008;29(1):151-164.;Osbak KK, et al. Hum Mutat. 2009;30(11):1512-1526.",,3.48,
3393121,GCK,deepseek-coder,Likely pathogenic,Pathogenic,0.85,PM2;PS4_Moderate;PP3;PP4,"Gloyn AL, et al. Diabetes. 2003;52(5):1253-1260.;Osbak KK, et al. Hum Mutat. 2009;30(11):1512-1526.;Ellard S, et al. Diabetologia. 2008;51(8):1446-1452.",,3.21,
3408221,RPGR,deepseek-chat,Pathogenic,Pathogenic,0.85,PVS1;PM2;PVS1_Moderate,"Vervoort et al., Nat Genet, 2000;Shu et al., Hum Mutat, 2007;Brancati et al., Eur J Hum Genet, 2003",,3.27,
3408221,RPGR,deepseek-coder,Pathogenic,Pathogenic,0.85,PVS1;PM2;PVS1_Moderate,"Vervoort et al., Nat Genet, 2000;Shu et al., Hum Mutat, 2007;Brancati et al., Eur J Hum Genet, 2003",,2.87,
3392476,RPE65,kimi-k2.6,Pathogenic,Pathogenic,0.85,PS1;PM2;PP3;PP4,"Thompson et al., Nat Genet, 2000; Yzer et al., Ophthalmic Genet, 2003; Bowne et al., Invest Ophthalmol Vis Sci, 2009; Koenekoop et al., Ophthalmology, 2004",,7.74,
3408221,RPGR,kimi-k2.6,Pathogenic,Pathogenic,0.85,PVS1;PM2,"Richards S, Genet Med, 2015; Bujakowska KM, Am J Hum Genet, 2012; Zito I, Hum Mutat, 2003",,5.92,
3414907,GAMT,deepseek-chat,Likely pathogenic,Pathogenic,0.75,PVS1_Moderate;PM2_Supporting;PP3,"Richards et al., Genet Med, 2015;Stockler-Ipsiroglu et al., Orphanet J Rare Dis, 2015",,2.93,
3414907,GAMT,kimi-k2.6,Likely pathogenic,Pathogenic,0.85,PVS1_Strong;PM2,"Richards S, et al., Genet Med, 2015;Salgado D, et al., Hum Mutat, 2016;Salomons GS, et al., Am J Hum Genet, 2001",,4.43,
3414907,GAMT,deepseek-coder,Likely pathogenic,Pathogenic,0.85,PVS1_Moderate;PM2_Supporting;PP3;PP4,"Stöckler et al., Am J Hum Genet, 1996;Mercimek-Mahmutoglu et al., GeneReviews, 2016;Richards et al., Genet Med, 2015",,3.2,
3495512,RUNX1,deepseek-chat,Likely pathogenic,Uncertain significance,0.6,PM2;PM4;PP3,"Song WJ, et al. Nat Genet. 1999;23(2):166-175.;Michaud J, et al. Am J Hum Genet. 2002;70(4):1082-1087.;Matheny CJ, et al. Blood. 2007;110(4):1191-1198.",,3.37,
3495512,RUNX1,deepseek-coder,Likely pathogenic,Uncertain significance,0.6,PM2;PM4;PP3,"Song WJ, et al. Nat Genet. 1999;23(2):166-175;Michaud J, et al. Hum Mutat. 2002;19(1):57-64",,2.79,
3495512,RUNX1,kimi-k2.6,Likely pathogenic,Uncertain significance,0.3,,"Richards S, et al., Genet Med, 2015; Biesecker LG, et al., Hum Mutat, 2018",,5.35,
3499698,RUNX1,deepseek-chat,Likely pathogenic,Uncertain significance,0.6,PM2;PP3,"Song WJ, et al. Nat Genet. 1999;23(2):166-175;Luo X, et al. Hum Mutat. 2015;36(8):795-808",,2.68,
3499698,RUNX1,deepseek-coder,Likely pathogenic,Uncertain significance,0.6,PM2;PP3,"Song WJ, et al. Nat Genet. 1999 (RUNX1 in FPD/AML);Richards S, et al. Genet Med. 2015 (ACMG/AMP guidelines)",,2.5,
3526414,RUNX1,deepseek-coder,Likely pathogenic,Uncertain significance,0.6,PM2;PP3;PP4,"Song WJ, et al. Nat Genet. 1999;23:166-175;Luo B, et al. Leukemia. 2021;35:2412-2423",,2.6,
3544486,PIK3R1,deepseek-chat,Likely pathogenic,Pathogenic,0.95,PVS1;PM2;PP5,"Conley ME, et al. J Clin Invest, 2012;Deau MC, et al. J Clin Invest, 2014;Lucas CL, et al. Nat Immunol, 2014",,2.46,
3499698,RUNX1,kimi-k2.6,Likely pathogenic,Pathogenic,0.75,PS1;PM2;PP2;PP3,"Owen et al., Blood, 2003; Michaud et al., Blood, 2002; Latger-Cannard et al., Haematologica, 2016; Brown et al., Blood, 2020",,5.7,
3526414,RUNX1,deepseek-chat,Likely pathogenic,Uncertain significance,0.6,PM2;PP3;PP4,"Song WJ, et al. Nat Genet. 1999;23(2):166-175;Liew E, et al. Blood. 2009;113(22):5588-5597;Richards S, et al. Genet Med. 2015;17(5):405-424",,3.07,
3544486,PIK3R1,kimi-k2.6,Likely pathogenic,Pathogenic,0.95,PVS1;PS2;PM2,"Di Cristofano, Nat Genet, 1998; Jaiswal, Hum Mutat, 2016; Thauvin-Robinet, Am J Hum Genet, 2013",,3.95,
3526414,RUNX1,kimi-k2.6,Likely pathogenic,Uncertain significance,0.3,,"Richards S, Aziz N, Bale S, et al. Standards and guidelines for the interpretation of sequence variants: a joint consensus recommendation of the American College of Medical Genetics and Genomics and the Association for Molecular Pathology. Genet Med. 2015;17(5):405-424.",,5.85,
3597604,RUNX1,deepseek-chat,Likely benign,Uncertain significance,0.6,PM2;BP4;BP7,"Richards et al., Genet Med, 2015",,2.27,
3597604,RUNX1,deepseek-coder,Likely benign,Uncertain significance,0.6,PM2;BP4;BP7,"Richards et al., Genet Med, 2015",,2.28,
3544486,PIK3R1,deepseek-coder,Likely pathogenic,Pathogenic,0.95,PVS1;PM2;PP3,"Deau MC, et al. J Clin Invest, 2014;Lucas CL, et al. Nat Immunol, 2014",,2.49,
3724063,GP9,deepseek-chat,Likely pathogenic,Pathogenic,0.95,PVS1;PM2;PVS1_Strong,"Lanza F, et al. Blood, 2002;Nurden P, et al. J Thromb Haemost, 2004",,2.25,
3597604,RUNX1,kimi-k2.6,Likely benign,Benign,0.95,BA1;BP4;BP7,"Richards S, Genet Med, 2015; Oza V, Hum Mutat, 2018",,4.56,
3724063,GP9,deepseek-coder,Likely pathogenic,Pathogenic,0.95,PVS1;PM2_supporting,"Nurden et al., Haematologica, 2011;Salles et al., Blood, 2013",,2.5,
3774890,RUNX1,deepseek-chat,Likely benign,Uncertain significance,0.7,PM2;BP4;BP7,"Richards S, et al. Genet Med, 2015",,2.54,
3724063,GP9,kimi-k2.6,Likely pathogenic,Pathogenic,0.95,PVS1;PM2,"Nurden AT, Blood Rev, 2006;De Rocco D, Br J Haematol, 2014",,4.53,
3783848,RUNX1,deepseek-chat,Likely benign,Uncertain significance,0.6,PM2;BP4;BP7,"Richards et al., Genet Med, 2015",,2.02,
3774890,RUNX1,deepseek-coder,Likely benign,Uncertain significance,0.6,PM2;BP4;BP7,"Richards S, et al. Genet Med. 2015;17(5):405-424;Silva et al. Hum Mutat. 2019 (in silico prediction tools)",,2.77,
3783848,RUNX1,deepseek-coder,Likely benign,Uncertain significance,0.6,PM2;BP4;BP7,"Richards et al., Genet Med, 2015",,2.06,
3774890,RUNX1,kimi-k2.6,Likely benign,Uncertain significance,0.3,,"Richards S, Genet Med, 2015;Karczewski KJ, Nat Commun, 2020",,6.09,
3801266,GCK,deepseek-chat,Likely pathogenic,Uncertain significance,0.6,PM2;PP3;PP4,"Ellard S, et al. Diabetologia, 2008;Richards S, et al. Genet Med, 2015",,2.35,
3801266,GCK,deepseek-coder,Likely pathogenic,Uncertain significance,0.6,PM2;PP3;PP4,"Ellard S, et al. Diabetologia, 2008;Stenson PD, et al. Hum Genet, 2014",,3.04,
3802872,RUNX1,kimi-k2.6,Likely pathogenic,Uncertain significance,0.3,,,,3.22,
3783848,RUNX1,kimi-k2.6,Likely benign,Uncertain significance,0.3,,"Richards S, et al., Genet Med, 2015; RUNX1-related FPD/AML, OMIM #601399",,6.47,
3802872,RUNX1,deepseek-chat,Likely pathogenic,Uncertain significance,0.6,PM2;PP3;BP4,"Song et al., Blood, 1999;Liew & Owen, Br J Haematol, 2011",,2.69,
3802872,RUNX1,deepseek-coder,Likely pathogenic,Uncertain significance,0.6,PM2;PP3;PP4,"Song WJ, et al. Nat Genet. 1999 (RUNX1 in FPD/AML);Richards S, et al. Genet Med. 2015 (ACMG/AMP guidelines)",,2.9,
3807055,DYSF,deepseek-chat,Likely pathogenic,Uncertain significance,0.6,PM2;PP3;BP4,"Richards et al., Genet Med, 2015",,2.46,
3807055,DYSF,deepseek-coder,Likely pathogenic,Uncertain significance,0.6,PM2;PP3;BP4,"Richards et al., Genet Med, 2015",,1.95,
3837293,RUNX1,deepseek-coder,Likely benign,Uncertain significance,0.7,PM2;BP4;BP7,"Richards S, et al. Standards and guidelines for the interpretation of sequence variants. Genet Med. 2015;17(5):405-424.",,2.24,
3837293,RUNX1,deepseek-chat,Likely benign,Uncertain significance,0.7,PM2;BP4;BP7,"Richards S, et al. Standards and guidelines for the interpretation of sequence variants. Genet Med. 2015;17(5):405-424.",,2.87,
3807055,DYSF,kimi-k2.6,Likely pathogenic,Uncertain significance,0.3,PM2,"Nguyen et al, Am J Hum Genet, 2005; Aoki et al, Neurology, 2001",,5.1,
3801266,GCK,kimi-k2.6,Likely pathogenic,Likely benign,0.75,BS1;BP4,"gnomAD database, v2.1.1; ClinVar entry RCV000029617.8, accessed 2024; SIFT/PolyPhen-2 in silico predictions; GCK-MODY literature: Velho et al., Diabetes, 1997; Murphy et al., J Clin Endocrinol Metab, 2001",,9.31,
3878893,PIK3R1,deepseek-chat,Likely benign,Benign,0.9,BP4;BP7,"Richards S, et al. Genet Med. 2015;17(5):405-424;Silva et al. (in silico splicing prediction, 2020)",,2.43,
3878893,PIK3R1,deepseek-coder,Likely benign,Benign,0.9,BP4;BP7,"Richards S, et al. Genet Med. 2015;17(5):405-424;Karczewski KJ, et al. Nature. 2020;581(7809):434-443",,2.64,
3882217,GCK,deepseek-chat,Pathogenic,Pathogenic,0.95,PVS1;PM2;PP3,"Gloyn AL, et al. Diabetes. 2003;52(5):1253-1260.;Ellard S, et al. Hum Mutat. 2008;29(12):1512-1526.",,2.98,
3837293,RUNX1,kimi-k2.6,Likely benign,Uncertain significance,0.3,,"Richards S, et al. Standards and guidelines for the interpretation of sequence variants. Genet Med. 2015;17(5):405-24",,7.52,
3882217,GCK,deepseek-coder,Pathogenic,Pathogenic,0.95,PVS1;PM2;PP3,"Ellard S, et al. Best Practice Guidelines for the Molecular Genetic Diagnosis of Maturity-Onset Diabetes of the Young. Diabetologia, 2008.;Stenson PD, et al. Human Gene Mutation Database (HGMD). Hum Genet, 2020.",,3.15,
3883487,PIK3R1,deepseek-chat,Likely pathogenic,Pathogenic,0.95,PVS1;PM2;PP5,"Dorn T, et al. Am J Hum Genet, 2015;Thauvin-Robinet C, et al. J Med Genet, 2013;ClinVar submissions",,2.57,
3883487,PIK3R1,deepseek-coder,Likely pathogenic,Pathogenic,0.95,PVS1;PM2;PP5,"Conley ME, et al. J Clin Immunol, 2016;Deau MC, et al. J Clin Invest, 2014;ClinVar submissions for PIK3R1 c.1957A>T",,2.6,
3882217,GCK,kimi-k2.6,Pathogenic,Pathogenic,0.95,PVS1;PM2_Supporting,"Richards S, Genet Med, 2015; Ellard S, Hum Mutat, 2008; Osbak KK, Hum Mutat, 2009",,6.86,
3878893,PIK3R1,kimi-k2.6,Likely benign,Benign,0.85,BA1;BP4;BP7,"Richards S, et al., Genet Med, 2015; ACMG/AMP Sequence Variant Interpretation Guidelines",,9.47,
3910026,RUNX1,deepseek-chat,Likely benign,Uncertain significance,0.7,PM2;BP4;BP7,"Richards S, et al. Genet Med. 2015;17(5):405-424",,2.39,
3910026,RUNX1,deepseek-coder,Likely benign,Uncertain significance,0.7,PM2;BP4;BP7,"Richards et al., Genet Med, 2015;Silva et al., Hum Mutat, 2019",,2.63,
3883487,PIK3R1,kimi-k2.6,Likely pathogenic,Pathogenic,0.95,PVS1;PM2_Supporting,"Bögershausen, Nat Genet, 2013; Dyment, Am J Hum Genet, 2013; Richards, Genet Med, 2015",,6.4,
3910032,RUNX1,deepseek-chat,Likely benign,Uncertain significance,0.7,PM2;BP4;BP7,"Richards S, et al. Standards and guidelines for the interpretation of sequence variants. Genet Med. 2015;17(5):405-424.",,2.12,
3910032,RUNX1,deepseek-coder,Likely benign,Uncertain significance,0.6,PM2;BP4;BP7,"Richards S, et al. Standards and guidelines for the interpretation of sequence variants. Genet Med. 2015;17(5):405-424.",,2.38,
3910026,RUNX1,kimi-k2.6,Likely benign,Uncertain significance,0.3,,"Richards S, Aziz N, Bale S, et al. Standards and guidelines for the interpretation of sequence variants: a joint consensus recommendation of the American College of Medical Genetics and Genomics and the Association for Molecular Pathology. Genet Med. 2015;17(5):405-424.",,5.42,
3910032,RUNX1,kimi-k2.6,Likely benign,Uncertain significance,0.3,,"Richards S, et al., Genet Med, 2015, PMID: 25741868",,4.44,
3910046,RUNX1,deepseek-chat,Likely benign,Uncertain significance,0.6,PM2;BP4;BP7,"Richards S, et al. Standards and guidelines for the interpretation of sequence variants. Genet Med. 2015;17(5):405-424.",,2.41,
3910046,RUNX1,deepseek-coder,Likely benign,Uncertain significance,0.7,PM2;BP4;BP7,"Richards S, et al. Genet Med. 2015;17(5):405-424;Silva AL, et al. Hum Mutat. 2010;31(2):150-156",,2.45,
3910048,RUNX1,deepseek-chat,Likely benign,Uncertain significance,0.7,PM2;BP4;BP7,"Richards S, et al. Standards and guidelines for the interpretation of sequence variants. Genet Med. 2015;17(5):405-424.",,2.09,
3910048,RUNX1,deepseek-coder,Likely benign,Uncertain significance,0.7,PM2;BP4;BP7,"Richards S, et al. Genet Med. 2015;17(5):405-424;Silva AL, et al. Hum Mol Genet. 2010;19(7):1311-1320",,2.6,
3910046,RUNX1,kimi-k2.6,Likely benign,Benign,0.95,BA1;BP4;BP7,"ACMG Standards and Guidelines for the Interpretation of Sequence Variants, Richards et al., Genet Med, 2015;Abeysekara et al., RUNX1 deficiency and RUNX1-familial platelet disorder, 2020",,5.13,
3910060,RUNX1,deepseek-chat,Likely benign,Uncertain significance,0.7,PVS1;PM2;BP4;BP7,"Richards S, et al. Standards and guidelines for the interpretation of sequence variants. Genet Med. 2015;17(5):405-424.",,2.93,
3910048,RUNX1,kimi-k2.6,Likely benign,Benign,0.95,BP4;BP7,"Richards S, Genet Med, 2015; ACMG/AMP sequence variant interpretation guidelines",,4.54,
3910060,RUNX1,deepseek-coder,Likely benign,Uncertain significance,0.7,PM2;BP4;BP7,"Richards S, et al. Genet Med. 2015;17(5):405-424;Silva et al. Hum Mutat. 2019 (in silico prediction for synonymous variants)",,2.45,
3910064,RUNX1,deepseek-chat,Likely benign,Uncertain significance,0.6,PM2;BP4;BP7,"Richards et al., Genet Med, 2015",,2.09,
3910060,RUNX1,kimi-k2.6,Likely benign,Benign,0.95,BA1;BP4;BP7,"Richards S, Genet Med, 2015; gnomAD consortium, 2020",,4.98,
3910064,RUNX1,deepseek-coder,Likely benign,Uncertain significance,0.7,PM2;BP4;BP7,"Richards S, et al. Genet Med. 2015;17(5):405-424",,2.05,
4012291,CEP290,deepseek-chat,Likely pathogenic,Uncertain significance,0.6,PM2;PP3,"Richards S, et al. Standards and guidelines for the interpretation of sequence variants. Genet Med. 2015;17(5):405-424.",,2.45,
3910064,RUNX1,kimi-k2.6,Likely benign,Benign,0.95,BA1;BP4;BP7,"Richards S, Genet Med, 2015; Oza V, Hum Mutat, 2018",,3.99,
4012291,CEP290,deepseek-coder,Likely pathogenic,Uncertain significance,0.6,PM2;PP3;BP4,"Richards S, et al. Standards and guidelines for the interpretation of sequence variants. Genet Med. 2015;17(5):405-424.",,2.21,
4012291,CEP290,kimi-k2.6,Likely pathogenic,Uncertain significance,0.3,PP2;BP4,"Tavares-Carrédo, Clin Genet, 2020;The Human Gene Mutation Database (HGMD)",,4.49,
4015156,BMPR2,deepseek-chat,Likely pathogenic,Pathogenic,0.85,PM2;PM1;PP3;PP2;PS4_supporting,"Lane KB et al., Am J Hum Genet, 2000;Machado RD et al., Hum Mutat, 2006;Girerd B et al., Orphanet J Rare Dis, 2015",,2.98,
4055529,RUNX1,deepseek-chat,Likely benign,Uncertain significance,0.7,PM2;BP4;BP7,"Richards S, et al. Standards and guidelines for the interpretation of sequence variants. Genet Med. 2015;17(5):405-424.",,2.18,
4015156,BMPR2,deepseek-coder,Likely pathogenic,Pathogenic,0.85,PM2;PM1;PP3;PP4,"Lane KB, et al. Am J Hum Genet. 2000;66(6):1875-1884.;Machado RD, et al. Hum Mutat. 2006;27(2):121-132.;Richards S, et al. Genet Med. 2015;17(5):405-424.",,2.95,
4055529,RUNX1,deepseek-coder,Likely benign,Uncertain significance,0.7,PM2;BP4;BP7,"Richards S, et al. Standards and guidelines for the interpretation of sequence variants. Genet Med. 2015;17(5):405-424.",,2.43,
4059376,RUNX1,deepseek-chat,Pathogenic,Pathogenic,0.95,PVS1;PM2_Supporting,"Song WJ, et al. Nat Genet. 1999;23(2):166-175;Liew E, et al. Blood. 2009;113(10):2228-2237",,2.57,
4055529,RUNX1,kimi-k2.6,Likely benign,Benign,0.95,BP4;BP7,"Richards S, et al., Genet Med, 2015, PMID: 25741868;Brnich SE, et al., Hum Mutat, 2020, PMID: 32559382",,5.42,
4059376,RUNX1,deepseek-coder,Pathogenic,Pathogenic,0.95,PVS1;PM2_supporting,"Song WJ, et al. Nat Genet. 1999;23(2):166-175.;Michaud J, et al. Blood. 2002;99(4):1364-1372.;Kohlmann A, et al. Leukemia. 2010;24(4):735-742.",,2.9,
4176963,DYSF,deepseek-chat,Pathogenic,Pathogenic,0.95,PVS1;PM2;PVS1_Strong,"Aoki M, et al. Dysferlinopathy. In: GeneReviews, 2004 (updated 2020).;Liu J, et al. Dysferlin, a novel skeletal muscle gene, is mutated in Miyoshi myopathy and limb girdle muscular dystrophy. Nat Genet, 1998.",,3.1,
4176963,DYSF,deepseek-coder,Pathogenic,Pathogenic,0.95,PVS1;PM2;PP3,"Aoki M, et al. Dysferlinopathy. In: GeneReviews, 2004 (updated 2020).;Therrien C, et al. Hum Mutat, 2006, 27(12):1197-1204.",,2.98,
4059376,RUNX1,kimi-k2.6,Pathogenic,Pathogenic,0.95,PVS1;PM2_Supporting,"ACMG Standards and Guidelines for the Interpretation of Sequence Variants, Richards et al., Genet Med, 2015;RUNX1 deficiency and predisposition to hematologic malignancies, Owen et al., Blood, 2020;ClinVar database, RUNX1 gene, accessed 2024",,8.47,
4279843,RUNX1,deepseek-coder,Likely benign,Uncertain significance,0.7,PM2;BP4;BP7,"Richards et al., Genet Med, 2015",,2.1,
4279843,RUNX1,deepseek-chat,Likely benign,Uncertain significance,0.7,PM2;BP4;BP7,"Richards et al., Genet Med, 2015",,2.4,
4279843,RUNX1,kimi-k2.6,Likely benign,Uncertain significance,0.3,,"Richards S, Aziz N, Bale S, et al. Standards and guidelines for the interpretation of sequence variants: a joint consensus recommendation of the American College of Medical Genetics and Genomics and the Association for Molecular Pathology. Genet Med. 2015;17(5):405-424.",,5.01,
4015156,BMPR2,kimi-k2.6,Likely pathogenic,Pathogenic,0.95,PVS1;PM2_Supporting;PP2;PP3;PP4,"Girerd B, Montani D, Coulet F, et al. Clinical outcomes and predictors of death in childhood-onset pulmonary arterial hypertension: results from a national registry. Circulation. 2010;122(16):1616-1622.;Machado RD, Eickelberg O, Elliott PM, et al. Genetics and genomics of pulmonary arterial hypertension. J Am Coll Cardiol. 2009;54(1 Suppl):S32-S42.;Richards S, Aziz N, Bale S, et al. Standards and guidelines for the interpretation of sequence variants: a joint consensus recommendation of the American College of Medical Genetics and Genomics and the Association for Molecular Pathology. Genet Med. 2015;17(5):405-424.;Evans JDW, Girerd B, Montani D, et al. BMPR2 mutations and survival in pulmonary arterial hypertension: an individual participant data meta-analysis. Lancet Respir Med. 2016;4(4):329-337.",,13.32,
4798012,RPE65,deepseek-chat,Likely pathogenic,Uncertain significance,0.6,PM2;PP3,"Richards S, et al. Standards and guidelines for the interpretation of sequence variants. Genet Med. 2015;17(5):405-424.",,2.56,
4798147,RPGR,deepseek-chat,Likely pathogenic,Uncertain significance,0.6,PM2;PP3;PP4,"Richards et al., Genet Med, 2015",,2.28,
4176963,DYSF,kimi-k2.6,Pathogenic,Pathogenic,0.95,PVS1;PM2_Supporting,"Richards S, Genet Med, 2015;Nguyen K, Neuromuscul Disord, 2007;Aoki M, Neurology, 2001",,10.23,
4798012,RPE65,deepseek-coder,Likely pathogenic,Pathogenic,0.75,PM2;PM3;PP3;PP4,"Weisschuh N, et al. Mutations in the gene encoding the retinoid isomerase RPE65 in patients with Leber congenital amaurosis. Hum Mutat. 2001;17(6):511-2.;Thompson DA, et al. Genetics and phenotypes of RPE65 mutations in inherited retinal degeneration. Invest Ophthalmol Vis Sci. 2000;41(13):4293-9.",,3.86,
4798012,RPE65,kimi-k2.6,Likely pathogenic,Pathogenic,0.95,PVS1;PS1;PM2;PP3;PP4,"Thompson et al., Nat Genet, 2000; Gu et al., PNAS, 1997; Bowne et al., Hum Mutat, 1999; den Hollander et al., Invest Ophthalmol Vis Sci, 2000; Gerth et al., Ophthalmology, 2002",,4.52,
4798147,RPGR,deepseek-coder,Likely pathogenic,Uncertain significance,0.6,PM2;PP3,"Shu X, et al. Hum Mol Genet. 2007;16(12):1466-74.;Vervoort R, et al. Nat Genet. 2000;25(4):462-6.",,2.64,
4798148,RPGR,deepseek-chat,Likely pathogenic,Pathogenic,0.95,PVS1;PM2;PVS1_Strong,"Vervoort et al., Nat Genet, 2000;Shu et al., Hum Mutat, 2007",,2.38,
4798148,RPGR,deepseek-coder,Likely pathogenic,Pathogenic,0.95,PVS1;PM2_supporting,"Vervoort et al., Nat Genet, 2000;Shu et al., Hum Mutat, 2007",,2.29,
4798149,RPGR,deepseek-chat,Pathogenic,Pathogenic,0.99,PVS1;PM2;PVS1_Strong,"Vervoort et al., Nat Genet, 2000;Shu et al., Hum Mol Genet, 2007",,2.41,
4798149,RPGR,deepseek-coder,Pathogenic,Pathogenic,0.99,PVS1;PM2;PVS1_Strong,"Vervoort et al., Nat Genet, 2000;Shu et al., Hum Mol Genet, 2007",,2.33,
4798147,RPGR,kimi-k2.6,Likely pathogenic,Pathogenic,0.75,PM1;PM2;PP2;PP3;PP4,"Meindl A, Nat Genet, 1996; Roepman R, Hum Mol Genet, 1996; Vervoort R, Hum Mol Genet, 2000; Sharon D, Am J Hum Genet, 2002; Bader I, Invest Ophthalmol Vis Sci, 2003; Chakarova CF, Am J Hum Genet, 2006",,8.36,
4798150,RPGR,deepseek-chat,Likely pathogenic,Pathogenic,0.85,PVS1_Moderate;PM2_Supporting;PP3;PP4,"Vervoort et al., Nat Genet, 2000;Shu et al., Hum Mutat, 2007;Branham et al., Invest Ophthalmol Vis Sci, 2012",,2.66,
4798148,RPGR,kimi-k2.6,Likely pathogenic,Pathogenic,0.95,PVS1;PM2,"Bujakowska KM, et al. Am J Hum Genet. 2015;96(1):129-39;Zito A, et al. Genes (Basel). 2020;11(7):749;ACMG Standards and Guidelines for the Interpretation of Sequence Variants. Genet Med. 2015;17(5):405-24",,7.19,
4798150,RPGR,deepseek-coder,Likely pathogenic,Pathogenic,0.85,PVS1_Moderate;PM2_Supporting;PP3_Moderate;PP4_Moderate,"Vervoort et al., Nat Genet, 2000;Shu et al., Hum Mutat, 2007;Bader et al., Hum Mutat, 2003",,3.01,
4798151,RPGR,deepseek-chat,Likely pathogenic,Pathogenic,0.95,PVS1;PM2;PVS1_Strong,"Vervoort et al., Nature Genetics, 2000;Shu et al., Human Mutation, 2007",,2.36,
4798149,RPGR,kimi-k2.6,Pathogenic,Pathogenic,0.95,PVS1;PM2,"ACMG Standards and Guidelines for the interpretation of sequence variants, Richards et al., Genet Med, 2015;RPGR is a well-established cause of retinitis pigmentosa (RP3, X-linked) where nonsense and frameshift variants leading to premature termination are common pathogenic mechanisms, Hong et al., Hum Mol Genet, 2000; Meindl et al., Nat Genet, 1996",,8.76,
4798150,RPGR,kimi-k2.6,Likely pathogenic,Pathogenic,0.85,PVS1_Strong;PM2,"ACMG Standards and Guidelines for the Interpretation of Sequence Variants, Richards et al., Genet Med, 2015;RPGR mutation database and X-linked retinitis pigmentosa: review of current knowledge, Vervoef et al., Hum Mutat, 2000;The RPGR gene in retinal dystrophies: making sense of missense, Bujakowska et al., Hum Mutat, 2012",,7.2,
4798151,RPGR,deepseek-coder,Likely pathogenic,Pathogenic,0.95,PVS1;PM2;PVS1_Strong,"Vervoort et al., Nat Genet, 2000;Shu et al., Hum Mutat, 2007;Branham et al., Invest Ophthalmol Vis Sci, 2012",,2.93,
4798152,RPGR,deepseek-chat,Likely pathogenic,Pathogenic,0.95,PVS1;PM2;PVS1_Strength,"Vervoort et al., Nat Genet, 2000;Shu et al., Hum Mutat, 2007",,2.39,
4798151,RPGR,kimi-k2.6,Likely pathogenic,Pathogenic,0.95,PVS1;PM2,"Richards S, Genet Med, 2015; Bujakowska K, Am J Hum Genet, 2012; Sharon D, Retina, 2017",,6.57,
4798152,RPGR,deepseek-coder,Likely pathogenic,Pathogenic,0.95,PVS1;PM2;PVS1_Strong,"Vervoort et al., Nature Genetics, 2000;Shu et al., Human Mutation, 2007",,2.12,
4798152,RPGR,kimi-k2.6,Likely pathogenic,Pathogenic,0.95,PVS1;PM2,"Richards S, Genet Med, 2015; O'Sullivan J, Hum Mutat, 2012",,4.39,
4798964,GP9,deepseek-chat,Likely pathogenic,Pathogenic,0.85,PM2;PM5;PP3;PP4,"Lanza F, et al. Blood. 2002;100:3822-3827;Nurden P, et al. J Thromb Haemost. 2004;2:1083-1089",,3.32,
4799343,GCK,deepseek-chat,Likely pathogenic,Uncertain significance,0.6,PM2;PP3;PP4,"Ellard S, et al. Diabetologia, 2008;Stenson PD, et al. Hum Genet, 2014",,2.6,
4798964,GP9,deepseek-coder,Likely pathogenic,Pathogenic,0.85,PM2;PM5;PP3;PP4,"Nurden et al., Human Mutation, 1995;Lanza et al., Blood, 2002;Savoia et al., Human Mutation, 2014",,2.91,
4799343,GCK,deepseek-coder,Likely pathogenic,Uncertain significance,0.6,PM2;PP3;PP4,"Ellard S, et al. Diabetologia. 2008;51(8):1442-1449.;Richards S, et al. Genet Med. 2015;17(5):405-424.",,2.74,
4798964,GP9,kimi-k2.6,Likely pathogenic,Pathogenic,0.95,PVS1;PM2;PP3;PP4,"Nurden AT, Blood Rev, 2005;Kunishima S, Int J Hematol, 2014;Kroll H, Thromb Haemost, 1999;Lopez JA, Proc Natl Acad Sci USA, 1998",,6.86,
4799344,GCK,deepseek-coder,Likely pathogenic,Uncertain significance,0.6,PM2;PP3;PP4,"Ellard S, et al. Diabetologia, 2008;Gloyn AL, et al. Diabetologia, 2003",,2.56,
4799344,GCK,deepseek-chat,Likely pathogenic,Uncertain significance,0.6,PM2;PP3;PP4,"Ellard S, et al. Best Practice Guidelines for the Molecular Genetic Diagnosis of Maturity-Onset Diabetes of the Young. Diabetologia, 2008.;Richards S, et al. Standards and guidelines for the interpretation of sequence variants. Genet Med, 2015.",,3.33,
4799343,GCK,kimi-k2.6,Likely pathogenic,Pathogenic,0.85,PS1;PM2;PP3,"Gidh-Jain M, J Biol Chem, 1993; Sakura H, Diabetologia, 1995; Velho G, Diabetes, 1996; Ellard S, Hum Mutat, 2000; Richards S, Genet Med, 2015 (ACMG guidelines)",,7.27,
4799347,GCK,deepseek-chat,Likely pathogenic,Pathogenic,0.85,PS1;PM2;PP3;PP4,"Gloyn AL, et al. Diabetes. 2003;52(5):1253-1260;Osbak KK, et al. Hum Mutat. 2009;30(11):1512-1526",,2.69,
4799344,GCK,kimi-k2.6,Likely pathogenic,Pathogenic,0.75,PS1;PM2;PP3,"Gidh-Jain M, et al., J Biol Chem, 1994; Sakura H, et al., Diabetologia, 1995; Velho G, et al., Diabetes, 1996; Stoffel M, et al., PNAS, 1992; Ellard S, et al., Hum Mutat, 2013",,6.37,
4799347,GCK,deepseek-coder,Likely pathogenic,Pathogenic,0.85,PS1;PM2;PP3;PP4,"Gloyn AL, et al. Diabetes. 2003;52(5):1253-1260.;Osbak KK, et al. Hum Mutat. 2009;30(11):1512-1526.",,2.93,
4799348,GCK,deepseek-chat,Likely pathogenic,Uncertain significance,0.6,PM2;PP3;PP4,"Ellard S, et al. Diabetologia, 2008;Richards S, et al. Genet Med, 2015",,2.23,
4799348,GCK,deepseek-coder,Likely pathogenic,Uncertain significance,0.6,PM2;PP3;PP4,"Richards S, et al. Genet Med. 2015;17(5):405-424.",,2.31,
4799348,GCK,kimi-k2.6,Likely pathogenic,Likely benign,0.75,BP4;BP6,"Richards S, et al., Genet Med, 2015; ACMG/AMP sequence variant interpretation guidelines",,4.23,
4799349,GCK,deepseek-chat,Likely pathogenic,Uncertain significance,0.6,PM2;PP3;PP4,"Ellard S, et al. Best practice guidelines for the molecular genetic diagnosis of maturity-onset diabetes of the young. Diabetologia. 2008;51(4):546-553.;Richards S, et al. Standards and guidelines for the interpretation of sequence variants. Genet Med. 2015;17(5):405-424.",,3.0,
4799349,GCK,deepseek-coder,Likely pathogenic,Uncertain significance,0.6,PM2;PP3;PP4,"Ellard S, et al. Best practice guidelines for the molecular genetic diagnosis of maturity-onset diabetes of the young. Diabetologia. 2008;51(4):546-553.;Richards S, et al. Standards and guidelines for the interpretation of sequence variants. Genet Med. 2015;17(5):405-424.",,2.56,
4799350,GCK,deepseek-chat,Likely pathogenic,Pathogenic,0.85,PS1;PM2;PP3;PP4,"Gloyn AL, et al. Diabetes. 2003;52(5):1253-1260.;Osbak KK, et al. Hum Mutat. 2009;30(11):1512-1526.",,2.74,
4799349,GCK,kimi-k2.6,Likely pathogenic,Likely benign,0.6,BP4;PP2,"Richards S, Genet Med, 2015; Ellard S, Eur J Hum Genet, 2008; Gloyn AL, Hum Mutat, 2005",,5.76,
4799350,GCK,deepseek-coder,Likely pathogenic,Pathogenic,0.85,PS1;PM2;PP3;PP4,"Gloyn AL, et al. Diabetes. 2003;52(5):1253-1260;Osbak KK, et al. Hum Mutat. 2009;30(11):1512-1526",,2.87,
4799347,GCK,kimi-k2.6,Likely pathogenic,Pathogenic,0.85,PS1;PM2;PP3,"Gidh-Jain M, Takeda J, Xu LZ, et al. Glucokinase mutations associated with non-insulin-dependent (type 2) diabetes mellitus. Nat Genet. 1993;3(1):63-67;Sakura H, Eto K, Kadowaki H, et al. Structure-function studies of glucokinase and implications of mutations associated with diabetes. J Biol Chem. 1995;270(28):16453-16456;Velho G, Blanche H, Vaxillaire M, et al. Identification of 14 new glucokinase mutations and description of the clinical profile of 42 patients with MODY. Hum Mutat. 1997;10(3):280-285;Byrne MM, Sturis J, Fajans SS, et al. Altered insulin secretory responses to glucose in subjects with a mutation in the MODY1 gene on chromosome 12. Diabetes. 1994;43(12):1460-1465",,12.38,
4799351,GCK,deepseek-chat,Likely pathogenic,Uncertain significance,0.6,PM2;PP3;PP4,"Ellard S, et al. Best practice guidelines for the molecular genetic diagnosis of maturity-onset diabetes of the young. Diabetologia. 2008;51(4):546-553.;Richards S, et al. Standards and guidelines for the interpretation of sequence variants. Genet Med. 2015;17(5):405-424.",,3.26,
4799351,GCK,deepseek-coder,Likely pathogenic,Uncertain significance,0.6,PM2;PP3;PP4,"Ellard S, et al. Best practice guidelines for the molecular genetic diagnosis of maturity-onset diabetes of the young. Diabetologia. 2008;51(4):546-553.;Richards S, et al. Standards and guidelines for the interpretation of sequence variants. Genet Med. 2015;17(5):405-424.",,3.33,
4799350,GCK,kimi-k2.6,Likely pathogenic,Pathogenic,0.85,PS1;PM2;PP3;PP4,"Gidh-Jain M, J Biol Chem, 1994; Sakura H, Diabetologia, 1995; Hattersley AT, Hum Mutat, 2000; Ellard S, Hum Mutat, 2000",,7.52,
4799352,GCK,deepseek-chat,Likely pathogenic,Pathogenic,0.85,PM2;PM5;PP3;PP4,"Gloyn AL, et al. Diabetes. 2003;52(2):568-572.;Osbak KK, et al. Hum Mutat. 2009;30(11):1512-1526.",,2.93,
4799352,GCK,deepseek-coder,Likely pathogenic,Pathogenic,0.85,PM2;PM5;PP3;PP4,"Gloyn AL, et al. Diabetes. 2003;52(2):542-546.;Osbak KK, et al. Hum Mutat. 2009;30(11):1512-1526.",,2.79,
4799358,HNF1A,deepseek-chat,Likely pathogenic,Uncertain significance,0.6,PM2;PP3;PP4,"Richards et al., Genet Med, 2015",,2.15,
4799352,GCK,kimi-k2.6,Likely pathogenic,Pathogenic,0.75,PM1;PM2;PP3;PP4,"Pearson et al., Hum Mutat, 2001; Osbak et al., Hum Mutat, 2009; Richards et al., Genet Med, 2015",,5.81,
4799358,HNF1A,deepseek-coder,Likely pathogenic,Uncertain significance,0.6,PM2;PP3;PP4,"Richards S, et al. Standards and guidelines for the interpretation of sequence variants. Genet Med. 2015;17(5):405-424.",,2.42,
4799351,GCK,kimi-k2.6,Likely pathogenic,Pathogenic,0.85,PS1;PM1;PM2;PP3,"Sakamoto O, et al. Diabetes. 1998;47(5):822-5;Gloyn AL, et al. Hum Mutat. 2005;25(3):291-2;Ellard S, et al. Hum Mutat. 2000;16(3):231-2;Katsarou A, et al. J Clin Endocrinol Metab. 2021;106(2):e775-e788;Richards S, et al. Genet Med. 2015;17(5):405-24",,9.5,
4799359,HNF1A,deepseek-coder,Likely pathogenic,Pathogenic,0.95,PVS1;PM2,"Ellard S, et al. Diabetologia, 2008;Colclough K, et al. Hum Mutat, 2013",,2.21,
4799359,HNF1A,deepseek-chat,Likely pathogenic,Pathogenic,0.95,PVS1;PM2;PP3;PP4,"Ellard S, et al. Diabetologia, 2008;Colclough K, et al. Hum Mutat, 2013",,2.35,
4799360,HNF1A,deepseek-chat,Pathogenic,Pathogenic,0.95,PVS1;PM2_supporting,"Ellard S, et al. Diabetologia, 2008;Colclough K, et al. Diabetologia, 2013",,1.93,
4799358,HNF1A,kimi-k2.6,Likely pathogenic,Pathogenic,0.75,PS1;PM1;PM2;PP2;PP3,"Ryffel GU, Hum Mutat, 2003; Pearson ER, Diabetes, 2005; Flanagan SE, Diabetologia, 2006; Ellard S, Diabetologia, 2008",,6.45,
4799360,HNF1A,deepseek-coder,Pathogenic,Pathogenic,0.95,PVS1;PM2_supporting,"Ellard S, et al. Diabetologia, 2008;Colclough K, et al. Diabetologia, 2013",,1.97,
4799359,HNF1A,kimi-k2.6,Likely pathogenic,Pathogenic,0.95,PVS1;PM2_Supporting,"Richards S, Genet Med, 2015;Ellard S, Hum Mutat, 2013;Owen KR, Diabetologia, 2001",,5.17,
4801728,LDLR,kimi-k2.6,Likely pathogenic,Pathogenic,0.95,PVS1;PM6,"Richards S, et al., Genet Med, 2015; Benn M, et al., J Clin Lipidol, 2012",,3.96,
4801728,LDLR,deepseek-chat,Likely pathogenic,Pathogenic,0.95,PVS1;PM2_Supporting,"Leitersdorf E, et al. Am J Hum Genet, 1989;Hobbs HH, et al. Hum Mutat, 1992;Varret M, et al. Clin Genet, 2008",,2.77,
4801728,LDLR,deepseek-coder,Likely pathogenic,Pathogenic,0.95,PVS1;PM2_Supporting,"Leitersdorf E, et al. Am J Hum Genet, 1989;Hobbs HH, et al. Hum Mutat, 1992;Varret M, et al. Clin Genet, 2008",,2.88,
4857757,HNF1A,deepseek-chat,Likely pathogenic,Pathogenic,0.85,PM2;PM5;PP3;PP4,"Ellard S, et al. Diabetologia, 2008;Colclough K, et al. Hum Mutat, 2013",,2.91,
4857757,HNF1A,kimi-k2.6,Likely pathogenic,Pathogenic,0.75,PM1;PM2;PP2;PP3,"Pearson et al., Nat Genet, 2007;Bergman et al., Diabetes, 2012;Richards et al., Genet Med, 2015",,4.11,
4857757,HNF1A,deepseek-coder,Likely pathogenic,Uncertain significance,0.6,PM2;PP3;PP4,"Ellard S, et al. Diabetologia, 2008;Colclough K, et al. Hum Mutat, 2013",,2.22,
4907873,HNF1A,deepseek-chat,Pathogenic,Pathogenic,0.95,PVS1;PM2;PP5,"Ellard S, et al. Diabetologia, 2008;Colclough K, et al. Diabet Med, 2013",,2.63,
4799360,HNF1A,kimi-k2.6,Pathogenic,Pathogenic,0.95,PVS1;PM2_Supporting,"Ellard S, et al. Hum Mutat. 2008;29(5):669-677;Pearson ER, et al. Diabetes. 2005;54(12):3599-3603;Richards S, et al. Genet Med. 2015;17(5):405-424",,8.3,
4907873,HNF1A,deepseek-coder,Pathogenic,Pathogenic,0.95,PVS1;PM2_Supporting,"Ellard S, et al. Diabetologia, 2008;Colclough K, et al. Diabetologia, 2013",,2.38,
4925222,GCK,deepseek-chat,Likely pathogenic,Pathogenic,0.85,PS1;PM2;PP3;PP4,"Gloyn AL, et al. Diabetes. 2003;52(2):568-572.;Osbak KK, et al. Hum Mutat. 2009;30(11):1512-1526.",,2.88,
4925222,GCK,deepseek-coder,Likely pathogenic,Pathogenic,0.85,PS1;PM2;PP3;PP4,"Gloyn AL, et al. Diabetes. 2003;52(2):567-572.;Osbak KK, et al. Hum Mutat. 2009;30(11):1512-1526.",,2.63,
4907873,HNF1A,kimi-k2.6,Pathogenic,Pathogenic,0.95,PVS1;PM2_Supporting,"Richards S, Genet Med, 2015; Odom DT, J Clin Invest, 2005; Ellard S, Hum Mutat, 2008",,5.69,
4925223,GCK,deepseek-chat,Likely pathogenic,Pathogenic,0.85,PM2;PM5;PP3;PP4,"Gloyn AL, et al. Diabetes. 2003;52(5):1253-1260;Osbak KK, et al. Hum Mutat. 2009;30(11):1512-1526",,2.95,
4928365,CEP290,deepseek-chat,Pathogenic,Pathogenic,0.95,PVS1;PM2_Supporting,"den Hollander et al., Am J Hum Genet, 2006;Coppieters et al., Hum Mutat, 2010",,2.19,
4925223,GCK,deepseek-coder,Likely pathogenic,Pathogenic,0.85,PM2;PS1;PM1;PP3;PP4,"Gloyn AL, et al. Diabetes. 2003;52(2):568-572.;Osbak KK, et al. Hum Mutat. 2009;30(11):1512-1526.",,3.12,
4928365,CEP290,deepseek-coder,Pathogenic,Pathogenic,0.95,PVS1;PM2_Supporting,"den Hollander et al., Am J Hum Genet, 2006;Coppieters et al., Hum Mutat, 2010",,2.18,
4925223,GCK,kimi-k2.6,Likely pathogenic,Pathogenic,0.75,PM1;PM2;PP3;PP4,"Richards S, Genet Med, 2015; Ellard S, Hum Mutat, 2008; Gloyn AL, Diabetes, 2004",,6.07,
4930057,IDUA,deepseek-chat,Likely pathogenic,Pathogenic,0.95,PVS1;PM2;PVS1_Strong,"Scott HS, et al. Human mutation, 1995;Beesley CE, et al. Journal of medical genetics, 2001",,2.42,
4928365,CEP290,kimi-k2.6,Pathogenic,Pathogenic,0.95,PVS1;PM2_Supporting,"Muller J, Hum Mutat, 2010; den Hollander AI, Am J Hum Genet, 2006; The CEP290 gene is a major cause of Leber congenital amaurosis and early-onset severe retinal dystrophy; Perrault I, Am J Hum Genet, 2007",,5.88,
4930057,IDUA,deepseek-coder,Likely pathogenic,Pathogenic,0.95,PVS1;PM2_supporting,"Scott HS, et al. Human mutations in the alpha-L-iduronidase gene. Hum Mutat. 1995;6(3):207-213.;Beesley CE, et al. Mutational analysis of 85 mucopolysaccharidosis type I families: frequency of known mutations, genotype/phenotype correlations, and a novel mutation. Hum Mutat. 2001;18(1):75-76.",,3.1,
4930058,IDUA,deepseek-chat,Likely pathogenic,Pathogenic,0.95,PVS1;PM2_supporting,"Muenzer J, et al. Pediatrics, 2009;Clarke LA, et al. GeneReviews, 2021",,2.28,
4930058,IDUA,kimi-k2.6,Likely pathogenic,Pathogenic,0.95,PVS1;PM2,"Miller et al., Genet Med, 2015; Richards et al., Genet Med, 2015; Scott et al., Hum Mutat, 1992; Beesley et al., Clin Genet, 1998",,3.69,
4930057,IDUA,kimi-k2.6,Likely pathogenic,Pathogenic,0.95,PVS1;PM2_Supporting,"Whiteman et al., Am J Hum Genet, 1990; Scott et al., Hum Mutat, 1995; Miller et al., Genet Med, 2016; Richards et al., Genet Med, 2015",,5.14,
4925222,GCK,kimi-k2.6,Likely pathogenic,Pathogenic,0.85,PS1;PM2;PP3,"Gidh-Jain M, Takeda J, Xu LZ, et al. Glucokinase mutations associated with non-insulin-dependent (type 2) diabetes mellitus. Nat Genet. 1993;3(4):297-300;Sakura H, Eto K, Kadowaki H, et al. Human glucokinase gene: isolation, structural characterization, and identification of a microsatellite polymorphism. Mol Genet Metab. 1996;58(3):249-253;Ellard S, Bellanne-Chantelot C, Hattersley AT, et al. Best practice guidelines for the molecular genetic diagnosis of maturity-onset diabetes of the young. Diabetes. 2008;57(11):3087-3092",,11.84,
4930058,IDUA,deepseek-coder,Likely pathogenic,Pathogenic,0.95,PVS1;PM2_supporting,"Scott HS, et al. Am J Hum Genet, 1995;Beesley CE, et al. Hum Mutat, 2001",,2.37,
4931077,DYSF,kimi-k2.6,Pathogenic,Pathogenic,0.95,PVS1;PM2,"Richards S, Genet Med, 2015; Nguyen K, Neurology, 2007 (DYSF-related limb-girdle muscular dystrophy)",,3.28,
4931077,DYSF,deepseek-coder,Pathogenic,Pathogenic,0.95,PVS1,"Aoki M, et al. Dysferlinopathy. In: GeneReviews. University of Washington, Seattle; 1993-2024.;Liu J, et al. Dysferlin, a novel skeletal muscle gene, is mutated in Miyoshi myopathy and limb girdle muscular dystrophy. Nat Genet. 1998;20(1):31-36.",,2.67,
4931078,DYSF,deepseek-chat,Likely pathogenic,Uncertain significance,0.6,PM2;PP3;BP4,"Richards et al., Genet Med, 2015",,2.11,
4931078,DYSF,deepseek-coder,Likely pathogenic,Uncertain significance,0.6,PM2;PP3;BP4,"Richards S, et al. Genet Med. 2015;17(5):405-424.",,2.28,
4931077,DYSF,deepseek-chat,Pathogenic,Pathogenic,0.95,PVS1,"Aoki M, et al. Dysferlinopathy. In: GeneReviews. University of Washington, Seattle; 1993-2024.;Krahn M, et al. Spectrum of mutations in the dysferlin gene in limb-girdle muscular dystrophy type 2B and Miyoshi myopathy. Hum Mutat. 2009;30(4):E599-E609.",,3.37,
4931327,RYR1,deepseek-chat,Likely pathogenic,Uncertain significance,0.6,PM2;PP3,"Richards S, et al. Genet Med. 2015;17(5):405-424",,2.18,
4956285,RAG1,deepseek-chat,Pathogenic,Pathogenic,0.95,PVS1;PM2_supporting,"Villa A, et al. J Exp Med, 1998;Notarangelo LD, et al. J Allergy Clin Immunol, 2016",,1.83,
4931327,RYR1,deepseek-coder,Likely pathogenic,Uncertain significance,0.6,PM2_supporting;PP3_moderate,"Richards S, et al. Genet Med. 2015;17(5):405-424",,2.14,
4931327,RYR1,kimi-k2.6,Likely pathogenic,Uncertain significance,0.3,,"Richards S, Aziz N, Bale S, et al. Standards and guidelines for the interpretation of sequence variants. Genet Med. 2015;17(5):405-424.",,3.69,
4931078,DYSF,kimi-k2.6,Likely pathogenic,Uncertain significance,0.3,,"Anderson LV, Davison K, Muscle Nerve, 1999;Aoki M, Neurology, 2001;Nguyen K, Hum Mutat, 2007",,6.24,
4956285,RAG1,deepseek-coder,Pathogenic,Pathogenic,0.95,PVS1;PM2;PVS1_Strong,"Schwarz K, et al. Am J Hum Genet. 1996;59(5):1026-1033;Villa A, et al. Blood. 2001;97(9):2772-2776;Notarangelo LD, et al. J Allergy Clin Immunol. 2016;138(3):835-844",,3.38,
4956697,GCK,deepseek-coder,Likely pathogenic,Uncertain significance,0.6,PM2;PP3;PP4,"Ellard S, et al. Best Practice Guidelines for the Molecular Genetic Diagnosis of Maturity-Onset Diabetes of the Young. Diabetologia, 2008.;Richards S, et al. Standards and guidelines for the interpretation of sequence variants. Genet Med, 2015.",,2.82,
4956697,GCK,deepseek-chat,Likely pathogenic,Uncertain significance,0.6,PM2;PP3;PP4,"Ellard S, et al. Best practice guidelines for the molecular genetic diagnosis of maturity-onset diabetes of the young. Diabetologia. 2008;51(4):546-553.;Richards S, et al. Standards and guidelines for the interpretation of sequence variants. Genet Med. 2015;17(5):405-424.",,3.47,
4956285,RAG1,kimi-k2.6,Pathogenic,Pathogenic,0.95,PVS1;PM2,"Richards S, et al., Genet Med, 2015; Ouedraogo et al., J Clin Immunol, 2019; Schuetz et al., Front Immunol, 2019",,5.6,
4956698,GCK,deepseek-coder,Pathogenic,Pathogenic,0.9,PVS1;PM2;PP3,"Ellard S, et al. Diabetologia, 2008;Stenson PD, et al. Hum Genet, 2014",,2.26,
4956698,GCK,kimi-k2.6,Pathogenic,Pathogenic,0.95,PVS1;PM2,"Richards S, Richards S, et al., Genet Med, 2015, Standards and guidelines for the interpretation of sequence variants: a joint consensus recommendation of the American College of Medical Genetics and Genomics and the Association for Molecular Pathology",,4.34,
4956697,GCK,kimi-k2.6,Likely pathogenic,Pathogenic,0.75,PS3;PM2;PP3,"Gidh-Jain M, et al., J Biol Chem, 1994; Sakai K, et al., Diabetologia, 2000; Velho G, et al., Diabetes, 1992",,5.83,
4956698,GCK,deepseek-chat,Pathogenic,Pathogenic,0.9,PVS1;PM2;PP3,"Ellard S, et al. Best practice guidelines for the molecular genetic diagnosis of maturity-onset diabetes of the young. Diabetologia. 2008;51(4):546-553.;Stenson PD, et al. The Human Gene Mutation Database: towards a comprehensive repository of inherited mutation data for medical research, genetic diagnosis and next-generation sequencing studies. Hum Genet. 2017;136(6):665-677.",,3.3,
4956702,GCK,deepseek-chat,Likely pathogenic,Uncertain significance,0.6,PM2;PP3;PP4,"Ellard S, et al. Best Practice Guidelines for the Molecular Genetic Diagnosis of Maturity-Onset Diabetes of the Young. Diabetologia, 2008.;Richards S, et al. Standards and guidelines for the interpretation of sequence variants. Genet Med, 2015.",,3.05,
4956702,GCK,kimi-k2.6,Likely pathogenic,Uncertain significance,0.3,,,,3.44,
4956703,GCK,deepseek-chat,Likely benign,Uncertain significance,0.6,PM2;PP3;PP4,"Ellard S, et al. Best practice guidelines for the molecular genetic diagnosis of maturity-onset diabetes of the young. Diabetologia. 2008;51(4):546-553.;Richards S, et al. Standards and guidelines for the interpretation of sequence variants. Genet Med. 2015;17(5):405-424.",,3.04,
4956702,GCK,deepseek-coder,Likely pathogenic,Uncertain significance,0.6,PM2;PP3;PP4,"Ellard S, et al. Best Practice Guidelines for the Molecular Genetic Diagnosis of Maturity-Onset Diabetes of the Young. Diabetologia, 2008.;Gloyn AL, et al. Precision medicine in the management of monogenic diabetes. Nat Rev Endocrinol, 2022.",,3.59,
4956703,GCK,deepseek-coder,Likely benign,Uncertain significance,0.6,PM2;PP3;PP4,"Ellard S, et al. Diabetologia, 2008;Gloyn AL, et al. Hum Mutat, 2003",,3.01,
4956705,HNF1A,deepseek-chat,Likely pathogenic,Pathogenic,0.85,PM2;PM5;PP3;PP4,"Ellard S, et al. Diabetologia. 2008;51(2):288-295.;Colclough K, et al. Hum Mutat. 2013;34(5):669-685.",,3.28,
4956703,GCK,kimi-k2.6,Likely benign,Pathogenic,0.85,PS3;PM1;PM2;PP3,"Gidh-Jain M, J Biol Chem, 1994;Porter JR, Hum Mutat, 2005;Sagen JV, Diabetes, 2001;Steele AM, Diabetologia, 2021",,4.77,
4956705,HNF1A,kimi-k2.6,Likely pathogenic,Pathogenic,0.75,PM1;PM2;PP2;PP3;PP4,"Ellard S, et al., Diabetologia, 2013;Pearson ER, et al., Diabetes, 2005;Richards S, et al., Genet Med, 2015 (ACMG guidelines)",,4.59,
4956705,HNF1A,deepseek-coder,Likely pathogenic,Pathogenic,0.85,PM2;PM5;PP3;PP4,"Ellard S, et al. Diabetologia, 2008;Colclough K, et al. Hum Mutat, 2013",,2.83,
4960301,GP1BB,deepseek-chat,Likely pathogenic,Pathogenic,0.95,PVS1;PM2;PP3;PP4,"Kunishima S, et al. Blood, 2006;Lanza F, et al. J Thromb Haemost, 2006",,2.61,
4960301,GP1BB,deepseek-coder,Likely pathogenic,Pathogenic,0.95,PVS1;PM2;PP3;PP4,"Kunishima S, et al. Blood, 2006;Lanza F, et al. J Thromb Haemost, 2006;Savoia A, et al. Hum Mutat, 2014",,2.85,
4960302,GP1BB,deepseek-chat,Likely pathogenic,Pathogenic,0.95,PVS1;PM2;PP3,"Kunishima S, et al. Mutations in the N-terminal region of the beta subunit of glycoprotein Ib cause Bernard-Soulier syndrome. Blood, 1997;Lanza F, et al. Bernard-Soulier syndrome: an update. Semin Thromb Hemost, 2007",,2.67,
4960302,GP1BB,deepseek-coder,Likely pathogenic,Pathogenic,0.95,PVS1;PM2;PVS1_Strong,"Kunishima S, et al. Mutations in the N-terminal region of the beta subunit of glycoprotein Ib cause Bernard-Soulier syndrome. Blood, 1997.;Lanza F, et al. Bernard-Soulier syndrome: a review. Orphanet J Rare Dis, 2006.",,2.78,
4960303,GP1BB,deepseek-chat,Likely pathogenic,Uncertain significance,0.6,PM2;PP3,"Savoia A, et al. Hum Mutat, 2014;Bastida JM, et al. Int J Mol Sci, 2021",,2.63,
4960303,GP1BB,kimi-k2.6,Likely pathogenic,Uncertain significance,0.3,,"Richards S, et al., Genet Med, 2015; ACMG Standards and Guidelines",,3.69,
4960303,GP1BB,deepseek-coder,Likely pathogenic,Uncertain significance,0.6,PM2;PP3,"Savoia A, et al. Hum Mutat, 2014;Bastida JM, et al. Int J Mol Sci, 2021",,2.53,
4960301,GP1BB,kimi-k2.6,Likely pathogenic,Pathogenic,0.95,PVS1;PM1;PM2;PP2;PP3;PP4,"Kunishima S, et al., J Thromb Haemost, 2007;Nurden AT, Thromb Haemost, 2002;Richards S, et al., Genet Med, 2015",,7.69,
4960304,GP1BB,deepseek-coder,Likely pathogenic,Uncertain significance,0.6,PM2;PP3,"Savoia A, et al. Hum Mutat, 2014;Bastida JM, et al. J Thromb Haemost, 2018",,2.8,
4960304,GP1BB,deepseek-chat,Likely pathogenic,Uncertain significance,0.6,PM2;PP3,"Savoia A, et al. Hum Mutat. 2014;35:1033-1042;Richards S, et al. Genet Med. 2015;17:405-424",,2.94,
4960304,GP1BB,kimi-k2.6,Likely pathogenic,Uncertain significance,0.3,,"Kunishima S, et al., J Thromb Haemost, 2003;Berndt MC, et al., Blood Rev, 2010",,4.9,
4960306,GP1BB,deepseek-chat,Likely pathogenic,Pathogenic,0.95,PVS1;PM2_supporting,"Kunishima S, et al. Mutations in the N-terminal region of the beta subunit of glycoprotein Ib cause its lack of expression. Blood. 1997;90(9):3586-3592.;Lanza F, et al. Bernard-Soulier syndrome: a review. Orphanet J Rare Dis. 2006;1:46.",,2.83,
4960302,GP1BB,kimi-k2.6,Likely pathogenic,Pathogenic,0.95,PVS1;PM2_Supporting,"De Rocco D, Semin Hematol, 2016;Nurden AT, Blood Rev, 2015;Kunishima S, Int J Hematol, 2013",,9.32,
4960306,GP1BB,deepseek-coder,Likely pathogenic,Pathogenic,0.95,PVS1;PM2;PVS1_Strength,"Kunishima S, et al. Mutations in the N-terminal repeat of GP1bb impair its interaction with GPIX. Thromb Haemost. 2006;95(4):650-655.;Lanza F. Bernard-Soulier syndrome (hemorrhagiparous thrombocytic dystrophy). Orphanet J Rare Dis. 2006;1:46.",,3.4,
4960306,GP1BB,kimi-k2.6,Likely pathogenic,Pathogenic,0.95,PVS1;PM2,"Lanza F, J Thromb Haemost, 2006;De Marco L, Hum Mutat, 1990;Kunishima S, Int J Hematol, 2013",,5.57,
4960307,GP1BB,deepseek-chat,Likely pathogenic,Pathogenic,0.95,PVS1;PM2;PVS1_Strong,"Kunishima S, et al. Mutations in the N-terminal region of the beta subunit of glycoprotein Ib cause Bernard-Soulier syndrome. Blood. 2002;100(4):1490-1492.;Lanza F, et al. Bernard-Soulier syndrome: a review. Orphanet J Rare Dis. 2006;1:46.",,3.14,
4960307,GP1BB,deepseek-coder,Likely pathogenic,Pathogenic,0.95,PVS1;PM2;PVS1_Strength,"Kunishima S, et al. Mutations in the N-terminal region of the beta subunit of glycoprotein Ib cause Bernard-Soulier syndrome. Blood. 2002;100(4):1490-1492.;Lanza F, et al. Bernard-Soulier syndrome: an update. Semin Thromb Hemost. 2007;33(6):563-569.",,2.92,
4960309,GP1BA,deepseek-chat,Likely pathogenic,Pathogenic,0.95,PVS1;PM2,"Lanza F, et al. Blood. 1993;82(9):2745-2751;Savoia A, et al. Hum Mutat. 2014;35(9):1033-1042",,2.24,
4960309,GP1BA,deepseek-coder,Likely pathogenic,Pathogenic,0.95,PVS1;PM2;PVS1_Strong,"Lanza F, et al. Blood. 1993;82(9):2861-2866.;Savoia A, et al. Hum Mutat. 2014;35(9):1033-1042.",,2.67,
4960307,GP1BB,kimi-k2.6,Likely pathogenic,Pathogenic,0.95,PVS1;PM2_Supporting,"Kunishima et al., J Thromb Haemost, 2003;Nurden et al., Orphanet J Rare Dis, 2011;ACMG Standards and Guidelines, 2015",,6.41,
4960310,GP1BA,deepseek-chat,Likely pathogenic,Pathogenic,0.95,PVS1;PM2_supporting,"Lanza F, et al. Blood, 1993;82:2861-2866;Kunishima S, et al. J Thromb Haemost, 2006;4:1749-1755",,2.57,
4960310,GP1BA,deepseek-coder,Likely pathogenic,Pathogenic,0.95,PVS1;PM2_supporting,"Lanza F, et al. Blood, 1993;Savoia A, et al. Hum Mutat, 2014",,2.51,
4960309,GP1BA,kimi-k2.6,Likely pathogenic,Pathogenic,0.95,PVS1;PM2,"Kunishima S, et al., Br J Haematol, 2001;Berndt MC, et al., Blood Rev, 2010",,7.94,
4960311,GP1BA,deepseek-chat,Likely pathogenic,Pathogenic,0.95,PVS1;PM2;PVS1_Strong,"Lanza F, et al. Blood, 1993;Kunishima S, et al. Thromb Haemost, 2006;Savoia A, et al. Hum Mutat, 2014",,3.07,
4960311,GP1BA,deepseek-coder,Likely pathogenic,Pathogenic,0.95,PVS1;PM2;PVS1_Strong,"Lanza F, et al. Blood, 1993;Kunishima S, et al. J Thromb Haemost, 2006;Savoia A, et al. Hum Mutat, 2014",,2.98,
4960310,GP1BA,kimi-k2.6,Likely pathogenic,Pathogenic,0.95,PVS1;PM2,"Kunishima S, et al., J Thromb Haemost, 2005;Berndt MC, et al., Blood Rev, 2010;ACMG Standards and Guidelines for the Interpretation of Sequence Variants, 2015",,5.78,
4960311,GP1BA,kimi-k2.6,Likely pathogenic,Pathogenic,0.95,PVS1;PM2,"Kunishima S, et al., Br J Haematol, 1997;Nurden AT, et al., Orphanet J Rare Dis, 2011;Richards S, et al., Genet Med, 2015 (ACMG guidelines)",,4.67,
4960313,GP1BA,deepseek-chat,Likely pathogenic,Pathogenic,0.95,PVS1;PM2;PVS1_Strong,"Lanza F, et al. Blood, 1993;Savoia A, et al. Hum Mutat, 2014",,2.93,
4960314,GP1BA,deepseek-chat,Likely pathogenic,Pathogenic,0.95,PVS1;PM2;PVS1_Strong,"Lanza F, et al. Blood, 1993;Savoia A, et al. Hum Mutat, 2014",,2.47,
4960313,GP1BA,deepseek-coder,Likely pathogenic,Pathogenic,0.95,PVS1;PM2;PVS1_Strong,"Lanza F, et al. Blood, 1993;Savoia A, et al. Hum Mutat, 2014",,2.7,
4960314,GP1BA,deepseek-coder,Likely pathogenic,Pathogenic,0.95,PVS1;PM2,"Lanza F, et al. Blood. 1993;82(9):2861-2866;Kunishima S, et al. J Thromb Haemost. 2006;4(8):1783-1790",,2.77,
4960315,GP1BA,deepseek-chat,Likely pathogenic,Pathogenic,0.95,PVS1;PM2_supporting,"Lanza F, et al. Blood, 1993;Kunishima S, et al. J Thromb Haemost, 2006",,2.45,
4960313,GP1BA,kimi-k2.6,Likely pathogenic,Pathogenic,0.95,PVS1;PM4,"Kunishima S, et al., Br J Haematol, 2001;Nurden AT, et al., Orphanet J Rare Dis, 2011;Dean WL, et al., J Thromb Haemost, 2009",,6.69,
4960315,GP1BA,deepseek-coder,Likely pathogenic,Pathogenic,0.95,PVS1;PM2;PVS1_Strong,"Lanza F, et al. Blood, 1993;Kunishima S, et al. J Thromb Haemost, 2006",,2.65,
4960314,GP1BA,kimi-k2.6,Likely pathogenic,Pathogenic,0.95,PVS1;PM2,"Kunishima S, et al., J Thromb Haemost, 2003;De Candia E, et al., Blood, 2001;Richards S, et al., Genet Med, 2015",,5.73,
4960316,GP1BA,deepseek-chat,Likely pathogenic,Pathogenic,0.95,PVS1;PM2_supporting,"Lanza F, et al. Blood, 1993;Savoia A, et al. Hum Mutat, 2014",,2.13,
4960316,GP1BA,deepseek-coder,Likely pathogenic,Pathogenic,0.95,PVS1;PM2;PVS1_Strong,"Lanza F, et al. Blood, 1993;Kunishima S, et al. Thromb Haemost, 2006",,2.32,
4960315,GP1BA,kimi-k2.6,Likely pathogenic,Pathogenic,0.95,PVS1;PM2,"Pecci, Blood, 2010;Nurden, Orphanet J Rare Dis, 2015;ACMG/AMP, Genet Med, 2015",,5.19,
4960317,GP1BA,deepseek-chat,Likely pathogenic,Pathogenic,0.95,PVS1;PM2_supporting,"López JA, et al. Blood, 1998;Kunishima S, et al. Thromb Haemost, 2001",,2.69,
4960316,GP1BA,kimi-k2.6,Likely pathogenic,Pathogenic,0.95,PVS1;PM2,"Lanza F, Blood, 1993;Nurden AT, Orphanet J Rare Dis, 2015;Kunishima S, Int J Hematol, 2013",,5.74,
4960317,GP1BA,deepseek-coder,Likely pathogenic,Pathogenic,0.95,PVS1;PM2,"Lanza F, et al. Blood. 1993;82(9):2861-2866;Kunishima S, et al. Thromb Haemost. 2006;95(1):14-22",,2.64,
4960549,F8,deepseek-chat,Likely benign,Pathogenic,0.85,PM1;PM2;PP3;PP4,"Richards et al., Genet Med, 2015;Oldenburg et al., Hum Mutat, 2004",,2.59,
4960549,F8,deepseek-coder,Likely benign,Pathogenic,0.85,PM2;PM5;PP3;PP4,"Oldenburg J, et al. Hum Mutat. 2004;23:84-92;Gitschier J, et al. Nature. 1984;312:326-330",,2.71,
4960317,GP1BA,kimi-k2.6,Likely pathogenic,Pathogenic,0.95,PVS1;PM2,"Nurden AT, Blood Rev, 2005;Dean WL et al., J Thromb Haemost, 2009;Richards S et al., Genet Med, 2015 (ACMG guidelines)",,5.88,
4960549,F8,kimi-k2.6,Likely benign,Pathogenic,0.75,PM1;PM2;PP3;PP4,"Santacroce et al., Haemophilia, 2009;Oldenburg et al., Hemophilia, 2014;Kavack et al., Blood, 2016",,4.73,
4960551,F8,deepseek-chat,Likely benign,Uncertain significance,0.6,PM4;BP7,"Richards S, et al. Standards and guidelines for the interpretation of sequence variants. Genet Med. 2015;17(5):405-424.",,2.73,
4960551,F8,deepseek-coder,Likely benign,Uncertain significance,0.6,PM4;BP7,"Richards S, et al. Standards and guidelines for the interpretation of sequence variants. Genet Med. 2015;17(5):405-424.",,2.97,
4960574,F9,deepseek-chat,Pathogenic,Uncertain significance,0.6,PM2;PP3,"Richards et al., Genet Med, 2015",,2.13,
4960574,F9,deepseek-coder,Pathogenic,Uncertain significance,0.6,PM2;PP3;PP4,"Richards S, et al. Genet Med. 2015;17(5):405-424",,2.5,
4960551,F8,kimi-k2.6,Likely benign,Benign,0.95,BP4;BP7,"Richards S, Genet Med, 2015, PMID: 25741868;Karczewski KJ, Nature, 2020, PMID: 32461654",,5.65,
4960575,F9,deepseek-chat,Likely pathogenic,Pathogenic,0.95,PVS1;PM2;PP3;PP4,"Giannelli F, et al. Nucleic Acids Res. 1998;26(1):242-247.;Rallapalli PM, et al. J Thromb Haemost. 2013;11(7):1329-1340.",,2.43,
4960575,F9,deepseek-coder,Likely pathogenic,Pathogenic,0.95,PVS1;PS1;PM2;PP3;PP4,"Giannelli F, et al. Haemophilia B: database of point mutations and short additions and deletions. Nucleic Acids Res. 1998;26(1):250-255.;Rallapalli PM, et al. An interactive mutation database for human coagulation factor IX provides novel insights into the phenotypes and genetics of hemophilia B. J Thromb Haemost. 2013;11(7):1329-1340.",,3.22,
4960576,F9,deepseek-chat,Pathogenic,Pathogenic,0.85,PM2;PM5;PP3;PP4,"Giannelli F, et al. Nucleic Acids Res. 1998;26(1):245-248.;Rallapalli PM, et al. J Thromb Haemost. 2013;11(11):2034-2042.",,2.85,
4960576,F9,deepseek-coder,Pathogenic,Pathogenic,0.85,PM2;PM5;PP3;PP4,"Giannelli F, et al. Haemophilia B: database of point mutations and short additions and deletions, 8th edition. Nucleic Acids Res. 1998;26(1):265-268.;Rallapalli PM, et al. An interactive mutation database for human coagulation factor IX provides novel insights into the phenotypes and genetics of hemophilia B. J Thromb Haemost. 2013;11(7):1329-1340.",,3.35,
4960576,F9,kimi-k2.6,Pathogenic,Pathogenic,0.95,PVS1;PS1;PM1;PM2;PP4,"Thompson AA, Semin Thromb Hemost, 2013; Goodeve AC, Hemophilia, 2015; Kemball-Cook G, Thromb Haemost, 1998",,4.45,
4960574,F9,kimi-k2.6,Pathogenic,Pathogenic,0.95,PS1;PM1;PM2;PP4,"Giannelli F, Green PM, Sommer SS, et al. Haemophilia B: database of point mutations and short additions and deletions. Nucleic Acids Res. 1998;26(1):265-268.;Soucek J, Kárová S, Zupanská A, et al. Molecular genetic analysis of haemophilia B in the Czech Republic: ten novel mutations in the factor 9 gene. Haemophilia. 2006;12(4):385-392.;Tagliavacca L, et al. Identification of seven new mutations in a group of Italian haemophilia B patients. Br J Haematol. 2000;108(2):265-270.",,9.45,
4960577,F9,deepseek-chat,Pathogenic,Pathogenic,0.85,PM1;PM2;PM5;PP3;PP4,"Giannelli F, et al. Nucleic Acids Res. 1998;26(1):242-247.;Rallapalli PM, et al. J Thromb Haemost. 2013;11(7):1329-1340.",,3.2,
4960577,F9,deepseek-coder,Pathogenic,Pathogenic,0.85,PM2;PM5;PP3;PP4,"Goodeve AC, et al. Haemophilia, 2012;Rallapalli PM, et al. J Thromb Haemost, 2013",,2.66,
4960575,F9,kimi-k2.6,Likely pathogenic,Pathogenic,0.95,PVS1;PS1;PM1;PM2;PP4,"Giannelli F, Green PM, Sommer SS, et al. Haemophilia B: database of point mutations and short additions and deletions, 8th edition. Nucleic Acids Res. 1998;26(1):265-268.;Santacroce R, Acquavella P, Ambrosino P, et al. In silico analysis of factor IX mutations: the Haemophilia B Mutation Database (HBMdb) and online tools. Haemophilia. 2011;17(2):258-262.;Kavakli K, Aydogdu I, Tanidir C, et al. Factor IX mutations in Turkey: molecular and phenotypic analysis. Haemophilia. 2006;12(3):261-266.",,9.62,
4960578,F8,deepseek-chat,Pathogenic,Uncertain significance,0.6,PM2;PP3;PP4,"Richards et al., Genet Med, 2015",,2.48,
4960964,SGCG,deepseek-chat,Likely pathogenic,Uncertain significance,0.6,PM2;PP3,"Richards et al., Genet Med, 2015",,2.04,
4960578,F8,deepseek-coder,Pathogenic,Uncertain significance,0.6,PM2;PP3;PP4,"Richards S, et al. Standards and guidelines for the interpretation of sequence variants. Genet Med. 2015;17(5):405-424.",,2.8,
4960577,F9,kimi-k2.6,Pathogenic,Pathogenic,0.95,PS1;PM1;PM2;PP2;PP3,"Thompson et al., Blood, 1990; Giannelli et al., Nucleic Acids Res, 1998; Koeberl et al., Blood, 1990; Kemball-Cook et al., Br J Haematol, 1998",,8.06,
4960964,SGCG,deepseek-coder,Likely pathogenic,Uncertain significance,0.6,PM2;PP3,"Noguchi et al., J Biol Chem, 1995;Bönnemann et al., Neuromuscul Disord, 1996",,2.37,
4960578,F8,kimi-k2.6,Pathogenic,Pathogenic,0.75,PM1;PM2;PP3;PP4,"Santoso S, et al., Blood, 2006;Plug I, et al., Br J Haematol, 2006;Kemball-Cook G, et al., Hum Mutat, 1998;Richards S, et al., Genet Med, 2015",,6.96,
4960964,SGCG,kimi-k2.6,Likely pathogenic,Pathogenic,0.75,PVS1;PM2;PP3,"Anderson, Neuromuscul Disord, 2000;D'Angelo, Hum Mutat, 2000;Richards, Genet Med, 2015 (ACMG guidelines)",,4.87,
4960965,SGCA,deepseek-chat,Pathogenic,Uncertain significance,0.6,PM2;PP3,"Richards S, et al. Standards and guidelines for the interpretation of sequence variants. Genet Med. 2015;17(5):405-424.",,2.29,
4960965,SGCA,deepseek-coder,Pathogenic,Uncertain significance,0.6,PM2_supporting;PP3_moderate,"Richards et al., Genet Med, 2015",,2.35,
4960965,SGCA,kimi-k2.6,Pathogenic,Pathogenic,0.75,PM1;PM2;PP3;PP4,"Krahn V, et al. Neuromuscul Disord. 2017; Nowak KJ, et al. Nat Rev Neurol. 2020; Richards S, et al. Genet Med. 2015",,4.32,
4960966,CAPN3,deepseek-chat,Likely pathogenic,Pathogenic,0.95,PVS1;PM2_supporting,"Richard I, et al. Am J Hum Genet, 1995;Kramerova I, et al. Hum Mol Genet, 2004",,2.61,
4960966,CAPN3,deepseek-coder,Likely pathogenic,Pathogenic,0.95,PVS1;PM2_supporting,"Richard I, et al. Am J Hum Genet, 1995;Fanin M, et al. Hum Mutat, 2004",,2.56,
4961092,BMPR2,deepseek-chat,Likely pathogenic,Pathogenic,0.85,PVS1_Moderate;PM2_Supporting;PP3;PP4_Moderate,"Machado RD, et al. Hum Mutat. 2006;27(2):121-132.;Richards S, et al. Genet Med. 2015;17(5):405-424.",,2.9,
4962293,DCLRE1C,deepseek-chat,Likely pathogenic,Uncertain significance,0.3,PM2;PP3,"Richards et al., Genet Med, 2015",,2.08,
4961092,BMPR2,deepseek-coder,Likely pathogenic,Pathogenic,0.85,PVS1_Moderate;PM2_Supporting;PP3;PP4_Moderate,"Machado RD, et al. Hum Mutat. 2006;27(2):121-132.;Richards S, et al. Genet Med. 2015;17(5):405-424.",,2.83,
4961092,BMPR2,kimi-k2.6,Likely pathogenic,Pathogenic,0.85,PVS1_Strong;PM2,"Stenson et al., Hum Mutat, 2003;Machado et al., N Engl J Med, 2006;Richards et al., Genet Med, 2015",,5.1,
4962293,DCLRE1C,deepseek-coder,Likely pathogenic,Uncertain significance,0.6,PM2_supporting;PP3_moderate,"Pannicke U, et al. EMBO J, 2004;Buck D, et al. J Exp Med, 2006",,2.25,
4960966,CAPN3,kimi-k2.6,Likely pathogenic,Pathogenic,0.95,PVS1;PM2,"Anderson LV, Davison K, Moss JA, et al. Characterization of the gene encoding calpain 3 (CAPN3) and its association with limb-girdle muscular dystrophy type 2A. Hum Mol Genet. 1998;7(4):603-609.;Richards S, Aziz N, Bale S, et al. Standards and guidelines for the interpretation of sequence variants: a joint consensus recommendation of the American College of Medical Genetics and Genomics and the Association for Molecular Pathology. Genet Med. 2015;17(5):405-424.",,8.01,
4967707,RPE65,deepseek-chat,Likely pathogenic,Uncertain significance,0.6,PM2;PP3;PP4,"Richards S, et al. Genet Med. 2015;17(5):405-424.",,2.56,
4967707,RPE65,deepseek-coder,Likely pathogenic,Uncertain significance,0.6,PM2;PP3;PP4,"Richards et al., Genet Med, 2015;Weisschuh et al., Hum Mutat, 2020",,2.37,
4962293,DCLRE1C,kimi-k2.6,Likely pathogenic,Pathogenic,0.75,PM1;PM2;PP3;PP4,"DCLRE1C gene-disease association, OMIM #605087; van der Burg M et al., Nat Rev Immunol, 2006; Schuetz C et al., J Allergy Clin Immunol, 2014",,6.15,
4967707,RPE65,kimi-k2.6,Likely pathogenic,Uncertain significance,0.3,,"Richards S, Genet Med, 2015;den Dunnen JT, Hum Mutat, 2016",,3.95,
4967708,RPE65,deepseek-chat,Likely pathogenic,Uncertain significance,0.6,PM2;PP3;PP4,"Weisschuh N, et al. Invest Ophthalmol Vis Sci. 2016;57(3):1054-1062.;Thompson DA, et al. Hum Mol Genet. 2000;9(4):645-651.",,2.34,
4967708,RPE65,deepseek-coder,Likely pathogenic,Uncertain significance,0.6,PM2;PP3;PP4,"Stone EM, et al. Ophthalmology, 2017;Weisschuh N, et al. Hum Mutat, 2020",,2.18,
4967709,RPE65,deepseek-coder,Likely pathogenic,Uncertain significance,0.6,PM2;PP3,"Richards et al., Genet Med, 2015",,1.74,
4967709,RPE65,deepseek-chat,Likely pathogenic,Uncertain significance,0.6,PM2;PP3,"Richards et al., Genet Med, 2015",,1.97,
4967708,RPE65,kimi-k2.6,Likely pathogenic,Pathogenic,0.75,PM1;PM2;PP3;PP4,"Chacon-Camacho et al., Arch Soc Esp Oftalmol, 2019;Koenekoop et al., Invest Ophthalmol Vis Sci, 2004;Thompson et al., Am J Hum Genet, 2000",,5.94,
4967710,RPE65,deepseek-chat,Likely pathogenic,Uncertain significance,0.6,PM2;PP3;PP4,"Weisschuh N, et al., Invest Ophthalmol Vis Sci, 2016;Thompson DA, et al., Hum Mol Genet, 2000",,2.47,
4967710,RPE65,deepseek-coder,Likely pathogenic,Uncertain significance,0.6,PM2;PP3;PP4,"Weisschuh N, et al., Invest Ophthalmol Vis Sci, 2016;Thompson DA, et al., Hum Mutat, 2000",,2.8,
4967710,RPE65,kimi-k2.6,Likely pathogenic,Uncertain significance,0.3,,"Richards S, Aziz N, Bale S, et al. Standards and guidelines for the interpretation of sequence variants: a joint consensus recommendation of the American College of Medical Genetics and Genomics and the Association for Molecular Pathology. Genet Med. 2015;17(5):405-424.",,4.33,
4968252,PAH,deepseek-chat,Likely pathogenic,Pathogenic,0.85,PM2;PM3;PP3;PP4,"Blau N, et al. J Inherit Metab Dis. 2010;33(4):333-342;Garbade SF, et al. Hum Mutat. 2019;40(7):899-912",,2.9,
4967709,RPE65,kimi-k2.6,Likely pathogenic,Pathogenic,0.75,PM1;PM2;PP2;PP3;PP4,"Chacon-Camacho et al., Ophthalmic Genet, 2019;Thompson et al., Am J Hum Genet, 2000;Richards et al., Genet Med, 2015",,6.96,
4968252,PAH,deepseek-coder,Likely pathogenic,Pathogenic,0.85,PM2;PM5;PP3;PP4,"Blau N, et al. Molecular genetics and diagnosis of phenylketonuria: state of the art. Expert Rev Mol Diagn. 2014;14(6):655-671.;Guldberg P, et al. A European multicenter study of phenylalanine hydroxylase deficiency: classification of 105 mutations and a general system for genotype-based prediction of metabolic phenotype. Am J Hum Genet. 1998;63(1):71-79.",,3.29,
4968252,PAH,kimi-k2.6,Likely pathogenic,Pathogenic,0.85,PS3;PM1;PM2;PP3,"Scriver CR, The metabolic and molecular bases of inherited disease, 2001; Fitzpatrick D, Human Genetics, 2013; PAHvdb database; Guldberg P, Eur J Hum Genet, 1998",,5.13,
4968253,PAH,deepseek-chat,Likely pathogenic,Pathogenic,0.85,PM2;PM3;PP3;PP4;PS1_moderate,"Guldberg et al., American Journal of Human Genetics, 1998;Zschocke et al., Human Mutation, 2003;PAHvdb (pahdb.mcgill.ca)",,3.12,
4968253,PAH,deepseek-coder,Likely pathogenic,Pathogenic,0.85,PM2;PM3;PP3;PP4;PS1_moderate,"Blau N, et al. J Inherit Metab Dis. 2010;33(6):667-79;Garbade SF, et al. Hum Mutat. 2019;40(7):899-912",,2.87,
4968284,ITGB3,deepseek-chat,Pathogenic,Pathogenic,0.95,PVS1;PM2;PVS1_Strong,"Nurden AT, et al. Glanzmann thrombasthenia: a review of ITGA2B and ITGB3 defects. Haemophilia, 2016;Botero JP, et al. ITGB3 variants in Glanzmann thrombasthenia. J Thromb Haemost, 2020",,2.99,
4968284,ITGB3,deepseek-coder,Pathogenic,Pathogenic,0.95,PVS1;PM2;PVS1_Strong,"Nurden AT, et al. Glanzmann thrombasthenia: a review of ITGA2B and ITGB3 defects. Haemophilia, 2016;Botero JP, et al. ITGB3 variants in Glanzmann thrombasthenia. J Thromb Haemost, 2020",,3.06,
4968253,PAH,kimi-k2.6,Likely pathogenic,Pathogenic,0.85,PS3;PM2;PP3,"Fitzpatrick, PNAS, 2010; PAH Mutation Analysis Consortium;Santos-Sierra, Hum Mutat, 2017;Guldberg, Eur J Hum Genet, 1998;Brestensky, Mol Genet Metab, 2013",,6.64,
4968284,ITGB3,kimi-k2.6,Pathogenic,Pathogenic,0.95,PVS1;PM2,"Richards S, Genet Med, 2015; Opri R, Hum Mutat, 2004; Nurden AT, Orphanet J Rare Dis, 2006",,5.29,
4968285,ITGA2B,deepseek-chat,Pathogenic,Pathogenic,0.95,PVS1;PM2;PVS1_Strong,"Nurden AT, et al. Glanzmann thrombasthenia: a review of ITGA2B and ITGB3 defects. Haemophilia, 2016.;Botero JP, et al. ITGA2B and ITGB3 gene mutations associated with Glanzmann thrombasthenia. J Thromb Haemost, 2020.",,2.77,
4968285,ITGA2B,deepseek-coder,Pathogenic,Pathogenic,0.95,PVS1;PM2;PVS1_Strong,"Nurden AT, et al. Glanzmann thrombasthenia: a review of ITGA2B and ITGB3 defects. Haemophilia, 2016;Botero JP, et al. ITGA2B and ITGB3 gene mutations associated with Glanzmann thrombasthenia. J Thromb Haemost, 2020",,2.62,
4968286,ITGA2B,deepseek-chat,Likely pathogenic,Pathogenic,0.95,PVS1;PM2_Supporting,"Nurden et al., Human Mutation, 2011;Botero et al., Blood Reviews, 2020",,2.36,
4968286,ITGA2B,deepseek-coder,Likely pathogenic,Pathogenic,0.95,PVS1;PM2_Supporting,"Nurden et al., Human Mutation, 2011;Botero et al., Blood Reviews, 2016",,2.5,
4968286,ITGA2B,kimi-k2.6,Likely pathogenic,Pathogenic,0.95,PVS1;PM2,"Richards S, Genet Med, 2015; den Dunnen JT, Hum Mutat, 2016",,4.22,
4968287,ITGA2B,deepseek-chat,Likely pathogenic,Pathogenic,0.95,PVS1,"Nurden AT, et al. Glanzmann thrombasthenia: a review of ITGA2B and ITGB3 defects. Orphanet J Rare Dis. 2011;6:72.",,2.68,
4968285,ITGA2B,kimi-k2.6,Pathogenic,Pathogenic,0.95,PVS1;PM2,"Richards S, Genet Med, 2015; ACMG/AMP sequence variant interpretation guidelines;Nurden AT, Orphanet J Rare Dis, 2006; Glanzmann thrombasthenia review;Kunishima S, Int J Hematol, 2015; ITGA2B/ITGB3-related bleeding disorders",,7.03,
4968287,ITGA2B,deepseek-coder,Likely pathogenic,Pathogenic,0.9,PVS1,"Nurden AT, et al. Glanzmann thrombasthenia: a review of ITGA2B and ITGB3 defects. Orphanet J Rare Dis. 2011;6:72.",,2.61,
4968638,PIK3R1,deepseek-chat,Likely benign,Uncertain significance,0.6,PM2;PVS1_moderate,"Richards S, et al. Standards and guidelines for the interpretation of sequence variants. Genet Med. 2015;17(5):405-424.",,2.5,
4968287,ITGA2B,kimi-k2.6,Likely pathogenic,Pathogenic,0.95,PVS1;PM4,"De Rocco D, Br J Haematol, 2014;Nurden AT, Orphanet J Rare Dis, 2006;Pillois X, Hum Mutat, 2011",,5.48,
4968638,PIK3R1,deepseek-coder,Likely benign,Uncertain significance,0.6,PM2;PVS1_Moderate,"Richards S, et al. Standards and guidelines for the interpretation of sequence variants. Genet Med. 2015;17(5):405-424.",,2.71,
4968639,PIK3R1,deepseek-chat,Pathogenic,Pathogenic,0.95,PVS1;PM2;PVS1_Strong,"Deau et al., J Allergy Clin Immunol, 2014;Lucas et al., J Allergy Clin Immunol, 2016",,2.27,
4968639,PIK3R1,deepseek-coder,Pathogenic,Pathogenic,0.95,PVS1;PM2;PVS1_Strength,"Deau et al., J Clin Invest, 2014;Lucas et al., J Allergy Clin Immunol, 2016",,2.46,
4968639,PIK3R1,kimi-k2.6,Pathogenic,Pathogenic,0.95,PVS1;PM2_Supporting,"Savage, J Clin Endocrinol Metab, 2012;Chudasama, Nat Genet, 2013;Dyment, Am J Hum Genet, 2013;ACMG Standards and Guidelines for the interpretation of sequence variants, 2015",,5.74,
4968640,PIK3R1,deepseek-chat,Likely pathogenic,Pathogenic,0.85,PVS1;PM2;PP3,"Richards S, et al. Standards and guidelines for the interpretation of sequence variants. Genet Med. 2015;17(5):405-424.;Dornan GL, et al. PIK3R1 mutations in immunodeficiency and growth retardation. J Clin Immunol. 2015;35(6):545-552.",,3.11,
4968640,PIK3R1,deepseek-coder,Likely pathogenic,Pathogenic,0.85,PVS1;PM2;PP3,"Richards S, et al. Standards and guidelines for the interpretation of sequence variants. Genet Med. 2015;17(5):405-424.",,2.91,
4968640,PIK3R1,kimi-k2.6,Likely pathogenic,Uncertain significance,0.3,,"Richards S, Aziz N, Bale S, et al. Standards and guidelines for the interpretation of sequence variants: a joint consensus recommendation of the American College of Medical Genetics and Genomics and the Association for Molecular Pathology. Genet Med. 2015;17(5):405-424",,5.28,
4982741,GAA,deepseek-chat,Pathogenic,Pathogenic,0.95,PVS1;PM2;PP4,"Kroos M, et al. Hum Mutat. 2012;33(8):1161-1170.;Reuser AJJ, et al. Hum Mutat. 2019;40(11):1954-1972.",,3.26,
4982741,GAA,deepseek-coder,Pathogenic,Pathogenic,0.95,PVS1;PM2_Supporting,"Reuser AJJ, et al. Pompe disease. In: GeneReviews, 2007 (updated 2023);Kroos M, et al. Hum Mutat, 2008, 29(6):E31-E36;ACMG/AMP guidelines: Richards S, et al. Genet Med, 2015, 17(5):405-424",,3.3,
4982744,IDUA,deepseek-chat,Likely pathogenic,Pathogenic,0.99,PVS1;PM2;PVS1_Strong,"Scott HS, et al. Am J Hum Genet, 1995;Beesley CE, et al. Hum Mutat, 2001;Clarke LA, et al. Genet Med, 2009",,2.59,
4968638,PIK3R1,kimi-k2.6,Likely benign,Uncertain significance,0.3,,"Richards S, Genet Med, 2015;Chong HK, Hum Mutat, 2017;Dyment DA, Am J Med Genet A, 2016",,11.35,
4982741,GAA,kimi-k2.6,Pathogenic,Pathogenic,0.95,PVS1;PM1,"Kroos et al., Hum Mutat, 2012;ACMG/AMP Sequence Variant Interpretation Guidelines, Genet Med, 2015;Richards et al., Genet Med, 2015",,6.94,
4982744,IDUA,deepseek-coder,Likely pathogenic,Pathogenic,0.99,PVS1;PM2;PVS1_Strong,"Scott HS, et al. Am J Hum Genet, 1995;Beesley CE, et al. Hum Mutat, 2001;Clarke LA. GeneReviews, 2021",,2.64,
4982745,IDUA,deepseek-chat,Pathogenic,Pathogenic,0.95,PVS1;PM2;PVS1_Strong,"Scott HS, et al. Human Mutation, 1995;Beesley CE, et al. Journal of Medical Genetics, 2001",,2.46,
4982745,IDUA,deepseek-coder,Pathogenic,Pathogenic,0.95,PVS1;PM2;PVS1_Strength,"Scott HS, et al. Hum Mutat, 1995;Beesley CE, et al. J Inherit Metab Dis, 2001",,2.32,
4982764,CEP290,deepseek-chat,Likely pathogenic,Uncertain significance,0.6,PM2_supporting;PM4,"Richards S, et al. Standards and guidelines for the interpretation of sequence variants. Genet Med. 2015;17(5):405-424.",,2.65,
4982764,CEP290,deepseek-coder,Likely pathogenic,Uncertain significance,0.6,PM2_supporting;PM4,"Richards S, et al. Genet Med. 2015;17(5):405-424",,2.52,
4982745,IDUA,kimi-k2.6,Pathogenic,Pathogenic,0.95,PVS1;PM2_Supporting,"Miller et al., Am J Hum Genet, 2016 (PMID: 25741868);Whiteman et al., Genet Med, 2020 (PMID: 31659398)",,5.63,
4982744,IDUA,kimi-k2.6,Likely pathogenic,Pathogenic,0.99,PVS1;PM2,"Muenzer J, Wraith JE, Beck M, et al. Mucopolysaccharidosis I: management and treatment guidelines. Pediatrics. 2009;123(1):19-29.;Scott HS, Bunge S, Gal A, et al. Molecular genetics of mucopolysaccharidosis type I: diagnostic, clinical, and biological implications. Hum Mutat. 1995;6(4):301-312.;Terlato SC, Rizzi R, D'Azzo A, et al. Mutational analysis of mucopolysaccharidosis type I patients. J Med Genet. 2003;40(7):e78.",,9.78,
4982765,CEP290,kimi-k2.6,Pathogenic,Pathogenic,0.99,PVS1;PM2,"Otto EA, Nat Genet, 2008; Leitch CC, Nat Genet, 2008; The Human Gene Mutation Database (HGMD)",,4.22,
4982765,CEP290,deepseek-chat,Pathogenic,Pathogenic,0.99,PVS1;PM2;PVS1_Strong,"den Hollander et al., Am J Hum Genet, 2006;Coppieters et al., Hum Mutat, 2010;Drivas et al., Genet Med, 2015",,2.35,
4982765,CEP290,deepseek-coder,Pathogenic,Pathogenic,0.99,PVS1;PM2;PVS1_Strong,"den Hollander et al., Am J Hum Genet, 2006;Coppieters et al., Hum Mutat, 2010;Drivas et al., Genet Med, 2015",,2.79,
4982764,CEP290,kimi-k2.6,Likely pathogenic,Pathogenic,0.85,PVS1;PM2,"Bujakowska et al., Am J Hum Genet, 2011;Trujillano et al., PLoS One, 2014;The CEP290 gene is a well-characterized ciliopathy gene where in-frame changes can disrupt protein function; this specific variant has been observed in compound heterozygosity with known pathogenic variants in patients with Joubert syndrome (ClinVar and literature)",,6.83,
4982766,CEP290,deepseek-chat,Likely benign,Uncertain significance,0.6,PM2;PVS1_Moderate,"Richards S, et al. Genet Med. 2015;17(5):405-424",,2.44,
4982766,CEP290,deepseek-coder,Likely benign,Uncertain significance,0.6,PM2_supporting;PVS1_Not_applicable,"Richards S, et al. Genet Med. 2015;17(5):405-424",,2.44,
4982766,CEP290,kimi-k2.6,Likely benign,Pathogenic,0.85,PVS1;PM2,"ACMG Standards and Guidelines for the interpretation of sequence variants, Richards et al., Genet Med, 2015;Shamseldin et al., Am J Hum Genet, 2012 (CEP290-associated ciliopathies)",,5.11,
4982767,CEP290,deepseek-chat,Pathogenic,Pathogenic,0.95,PVS1;PM2_Supporting;PVS1_Strong,"Coppieters F, et al. Hum Mutat, 2010;31:1097-1108;Drivas TG, et al. Am J Hum Genet, 2015;97:546-554",,2.69,
4982767,CEP290,deepseek-coder,Pathogenic,Pathogenic,0.95,PVS1;PM2_Supporting;PVS1_Strong,"Coppieters F, et al. Hum Mutat, 2010;Drivas TG, et al. Am J Hum Genet, 2015;Slaats GG, et al. Eur J Hum Genet, 2015",,2.94,
4982767,CEP290,kimi-k2.6,Pathogenic,Pathogenic,0.95,PVS1;PM2,"Richards S, Genet Med, 2015; The Human Gene Mutation Database (HGMD); gnomAD database; CEP290-related ciliopathy literature",,4.33,
