AlleleID,GeneSymbol,model,prompt_class,llm_class,confidence,acmg_rules,references,parse_error,time_s,notes
urn:mavedb:00000002-a-1#2,,deepseek-chat,Loss_of_function,Uncertain significance,0.1,,,,2.31,
urn:mavedb:00000002-a-1#1,,deepseek-chat,Loss_of_function,Uncertain significance,0.1,,"Richards S, et al. Standards and guidelines for the interpretation of sequence variants. Genet Med. 2015.",,2.52,
urn:mavedb:00000053-a-1#1,DLG4,kimi-k2.6,Loss_of_function,Uncertain significance,0.3,,,,3.56,
urn:mavedb:00000002-a-1#1,,kimi-k2.6,Loss_of_function,Uncertain significance,0.1,,,,3.81,
urn:mavedb:00000053-a-1#1,DLG4,deepseek-chat,Loss_of_function,Uncertain significance,0.6,PM2_supporting;PP3_moderate,"Grant SG, et al. DLG4/SAP102 in synaptic function and neurodevelopmental disorders. Nat Rev Neurosci, 2018.;Parker MJ, et al. DLG4-related synaptopathy: expanding the phenotype. Am J Med Genet A, 2022.",,4.42,
urn:mavedb:00000002-a-1#2,,kimi-k2.6,Loss_of_function,Uncertain significance,0.0,,"Richards S, Aziz N, Bale S, et al. Standards and guidelines for the interpretation of sequence variants: a joint consensus recommendation of the American College of Medical Genetics and Genomics and the Association for Molecular Pathology. Genet Med. 2015;17(5):405-424.",,5.21,
urn:mavedb:00000053-a-1#2,DLG4,deepseek-chat,Loss_of_function,Uncertain significance,0.6,PM2;PP3,"Richards et al., Genet Med, 2015;Genome Aggregation Database (gnomAD) v2.1.1, 2023",,2.82,
urn:mavedb:00000002-a-1#3,,deepseek-chat,Loss_of_function,Uncertain significance,0.1,,"Richards et al., Standards and guidelines for the interpretation of sequence variants, Genetics in Medicine, 2015",,2.18,
urn:mavedb:00000053-a-1#2,DLG4,kimi-k2.6,Loss_of_function,Uncertain significance,0.2,,,,3.73,
urn:mavedb:00000053-a-1#3,DLG4,deepseek-chat,Loss_of_function,Uncertain significance,0.6,PM2;PP3,"Grant SG, et al. Nature, 1992 (DLG4 function);Hamdan FF, et al. Am J Hum Genet, 2017 (DLG4-related disorder)",,3.03,
urn:mavedb:00000002-a-1#3,,kimi-k2.6,Loss_of_function,Uncertain significance,0.1,,"Richards S, Aziz N, Bale S, et al. Standards and guidelines for the interpretation of sequence variants: a joint consensus recommendation of the American College of Medical Genetics and Genomics and the Association for Molecular Pathology. Genet Med. 2015;17(5):405-424",,5.46,
urn:mavedb:00000053-a-1#4,DLG4,deepseek-chat,Loss_of_function,Uncertain significance,0.6,PVS1_Strength_Modified;PM2_Supporting;BP4_Supporting,"Richards S, et al. Standards and guidelines for the interpretation of sequence variants. Genet Med. 2015;17(5):405-424.",,3.19,
urn:mavedb:00000053-a-1#4,DLG4,kimi-k2.6,Loss_of_function,Benign,0.95,BP4;BP7,"Richards S, et al., Genet Med, 2015;Tayoun AA, et al., Hum Mutat, 2018",,3.95,
urn:mavedb:00000053-a-1#5,DLG4,kimi-k2.6,Loss_of_function,Uncertain significance,0.3,,,,3.92,
urn:mavedb:00000053-a-1#3,DLG4,kimi-k2.6,Loss_of_function,Uncertain significance,0.3,,"Richards S, et al. Standards and guidelines for the interpretation of sequence variants: a joint consensus recommendation of the American College of Medical Genetics and Genomics and the Association for Molecular Pathology. Genet Med. 2015;17(5):405-24",,5.83,
urn:mavedb:00000053-a-1#5,DLG4,deepseek-chat,Loss_of_function,Uncertain significance,0.6,PM2;PP3,"Richards et al., Genet Med, 2015",,2.59,
urn:mavedb:00000053-a-1#6,DLG4,deepseek-chat,Loss_of_function,Uncertain significance,0.6,PM2;PP3;PP4,"Grant SG, et al. DLG4/SAP102 in neurodevelopmental disorders. Nat Rev Neurosci, 2018;Moutton S, et al. DLG4-related intellectual disability. Am J Hum Genet, 2018",,3.23,
urn:mavedb:00000053-a-1#7,DLG4,deepseek-chat,Loss_of_function,Uncertain significance,0.6,PM2;PP3,"Deciphering Developmental Disorders Study, Nature, 2017;Lelieveld et al., Nature Neuroscience, 2016",,2.82,
urn:mavedb:00000053-a-1#8,DLG4,deepseek-chat,Loss_of_function,Uncertain significance,0.6,PM2;PP3,"Richards et al., Genet Med, 2015",,2.53,
urn:mavedb:00000053-a-1#7,DLG4,kimi-k2.6,Loss_of_function,Uncertain significance,0.2,,no specific references available,,4.16,
urn:mavedb:00000053-a-1#6,DLG4,kimi-k2.6,Loss_of_function,Uncertain significance,0.3,,"Richards S, Genet Med, 2015; ACMG/AMP guidelines",,5.38,
urn:mavedb:00000053-a-1#10,DLG4,kimi-k2.6,Loss_of_function,Uncertain significance,0.2,,,,2.17,
urn:mavedb:00000053-a-1#9,DLG4,deepseek-chat,Loss_of_function,Uncertain significance,0.6,PM2;PP3,"Richards S, et al. Standards and guidelines for the interpretation of sequence variants. Genet Med. 2015;17(5):405-424.",,3.04,
urn:mavedb:00000053-a-1#10,DLG4,deepseek-chat,Loss_of_function,Uncertain significance,0.6,PM2;PP3,"Richards et al., Genet Med, 2015",,2.41,
urn:mavedb:00000053-a-1#9,DLG4,kimi-k2.6,Loss_of_function,Uncertain significance,0.2,,"Richards S, et al., Genet Med, 2015",,4.08,
urn:mavedb:00000053-a-1#8,DLG4,kimi-k2.6,Loss_of_function,Uncertain significance,0.2,,"Walsh T, et al. Rare structural variants disrupt multiple risk genes in neurodevelopmental pathways. Nat Commun. 2018;Tropea D, et al. DLG4-related synaptopathies: emerging mechanisms and clinical implications. Trends Neurosci. 2022",,6.53,
urn:mavedb:00000053-a-1#11,DLG4,kimi-k2.6,Loss_of_function,Uncertain significance,0.2,,,,2.63,
urn:mavedb:00000043-a-1#1,,deepseek-chat,Loss_of_function,Uncertain significance,0.1,,,,1.66,
urn:mavedb:00000043-a-1#1,,kimi-k2.6,Loss_of_function,Uncertain significance,0.1,,,,2.79,
urn:mavedb:00000047-b-1#1,CCR5,deepseek-chat,Loss_of_function,Uncertain significance,0.6,PM2;PP3;BP4,"Richards S, et al. Genet Med. 2015;17(5):405-424",,4.33,
urn:mavedb:00000053-a-1#11,DLG4,deepseek-chat,Loss_of_function,Uncertain significance,0.6,PM2;PP3;PP4,"Tarpey et al., Nature Genetics, 2004 (DLG4 in intellectual disability);Deciphering Developmental Disorders Study, Nature, 2017 (DLG4 as candidate gene)",,4.68,
urn:mavedb:00000046-a-1#1,CD86,kimi-k2.6,Loss_of_function,Pathogenic,0.95,PVS1;PM2_Supporting,"Richards S, et al., Genet Med, 2015;Oza V, et al., Hum Mutat, 2018",,3.63,
urn:mavedb:00000046-a-1#1,CD86,deepseek-chat,Loss_of_function,Uncertain significance,0.4,PVS1_Strength_Modified,"Richards S, et al. Standards and guidelines for the interpretation of sequence variants. Genet Med. 2015;17(5):405-424.",,2.51,
urn:mavedb:00000047-b-1#1,CCR5,kimi-k2.6,Loss_of_function,Benign,0.9,BA1;BS1,"Samson et al., Nature, 1996; Dean et al., Science, 1996; Libert et al., Nature, 1998",,5.88,
urn:mavedb:00000002-a-2#1,YAP1,deepseek-chat,Loss_of_function,Uncertain significance,0.6,PM2;PP3,"Williamson et al., Am J Hum Genet, 2014;Rochman et al., Hum Mol Genet, 2015",,2.47,
urn:mavedb:00000002-a-2#1,YAP1,kimi-k2.6,Loss_of_function,Uncertain significance,0.3,,,,3.49,
urn:mavedb:00000002-a-2#2,YAP1,deepseek-chat,Loss_of_function,Uncertain significance,0.6,PM2;PP3,"Zhao B, et al. Genes Dev, 2007;Sudol M, et al. FEBS Lett, 2012",,2.35,
urn:mavedb:00000002-a-1#4,,deepseek-chat,Loss_of_function,Uncertain significance,0.1,,"Richards S, et al. Standards and guidelines for the interpretation of sequence variants. Genet Med. 2015.",,1.65,
urn:mavedb:00000002-a-1#4,,kimi-k2.6,Loss_of_function,Uncertain significance,0.1,,,,2.55,
urn:mavedb:00000002-a-2#2,YAP1,kimi-k2.6,Loss_of_function,Uncertain significance,0.15,,,,3.81,
urn:mavedb:00000002-a-1#5,,deepseek-chat,Loss_of_function,Uncertain significance,0.1,,,,1.56,
urn:mavedb:00000097-0-1#1,BRCA1,deepseek-chat,Loss_of_function,Uncertain significance,0.6,PM2;PP3,"Richards et al., Genet Med, 2015",,1.71,
urn:mavedb:00000002-a-1#5,,kimi-k2.6,Loss_of_function,Uncertain significance,0.0,,,,3.15,
urn:mavedb:00000053-a-1#12,DLG4,deepseek-chat,Loss_of_function,Uncertain significance,0.6,PM2;PP3,"Richards et al., Genet Med, 2015;Kosmicki et al., Am J Hum Genet, 2017",,2.01,
urn:mavedb:00000053-a-1#12,DLG4,kimi-k2.6,Loss_of_function,Uncertain significance,0.3,,"Richards S, et al., Genet Med, 2015;Feng W, Zhang M, Nat Rev Neurosci, 2009 (DLG4 function)",,3.24,
urn:mavedb:00000002-a-2#3,YAP1,deepseek-chat,Loss_of_function,Uncertain significance,0.6,PM2;PP3,"Richards et al., Genet Med, 2015",,1.95,
urn:mavedb:00000002-a-2#3,YAP1,kimi-k2.6,Loss_of_function,Uncertain significance,0.15,,,,2.78,
urn:mavedb:00000053-a-1#13,DLG4,kimi-k2.6,Loss_of_function,Uncertain significance,0.2,,,,2.74,
urn:mavedb:00000053-a-1#13,DLG4,deepseek-chat,Loss_of_function,Uncertain significance,0.6,PM2;PP3,"Richards et al., Genet Med, 2015;Tarpey et al., Nat Genet, 2004 (DLG4-related neurodevelopmental disorders)",,2.52,
urn:mavedb:00000097-0-1#1,BRCA1,kimi-k2.6,Loss_of_function,Pathogenic,0.85,PS1;PM1;PM2;PP2;PP3,"Miki et al., Science, 1994; Couch et al., Hum Mutat, 2014; Findlay et al., Nature, 2018; Abkevich et al., J Med Genet, 2004",,6.17,
urn:mavedb:00000053-a-1#14,DLG4,kimi-k2.6,Loss_of_function,Uncertain significance,0.2,,"Richards S, et al., Genet Med, 2015",,2.47,
urn:mavedb:00000053-a-1#14,DLG4,deepseek-chat,Loss_of_function,Uncertain significance,0.6,PM2;PP3,"Tarpey et al., Nature Genetics, 2004 (DLG4 in intellectual disability);Yao et al., Nature Communications, 2018 (DLG4 variants in neurodevelopmental disorders)",,3.14,
urn:mavedb:00000003-b-1#1,,deepseek-chat,Loss_of_function,Uncertain significance,0.1,,,,1.57,
urn:mavedb:00000053-a-1#15,DLG4,deepseek-chat,Loss_of_function,Uncertain significance,0.6,PM2;PP3,"Grant P, et al. DLG4-related synaptopathy: a new rare neurodevelopmental disorder. Am J Med Genet A. 2021;185(10):3000-3010.;Richards S, et al. Standards and guidelines for the interpretation of sequence variants. Genet Med. 2015;17(5):405-424.",,3.66,
urn:mavedb:00000048-b-1#1,CXCR4,deepseek-chat,Loss_of_function,Uncertain significance,0.6,PM2;PP3,"Richards S, et al. Genet Med. 2015;17(5):405-424",,2.46,
urn:mavedb:00000003-b-1#1,,kimi-k2.6,Loss_of_function,Uncertain significance,0.1,,,,4.43,
urn:mavedb:00000048-b-1#1,CXCR4,kimi-k2.6,Loss_of_function,Uncertain significance,0.3,,,,3.86,
urn:mavedb:00000053-a-1#15,DLG4,kimi-k2.6,Loss_of_function,Uncertain significance,0.2,,"Richards S, et al. Standards and guidelines for the interpretation of sequence variants. Genet Med. 2015;17(5):405-24;Tarabeux J, et al. Rare mutations in N-methyl-D-aspartate glutamate receptors in autism spectrum disorders and schizophrenia. Transl Psychiatry. 2011;1:e55;Wendel L, et al. DLG4 mutations in neurodevelopmental disorders. Hum Genet. 2023",,6.57,
urn:mavedb:00000002-a-2#4,YAP1,deepseek-chat,Loss_of_function,Uncertain significance,0.6,PM2;PP3,"Richards et al., Genet Med, 2015",,1.76,
urn:mavedb:00000002-a-2#4,YAP1,kimi-k2.6,Loss_of_function,Uncertain significance,0.2,,,,3.23,
urn:mavedb:00000002-a-1#6,,deepseek-chat,Loss_of_function,Uncertain significance,0.1,,"Richards S, et al. Standards and guidelines for the interpretation of sequence variants. Genet Med. 2015;17(5):405-424.",,2.27,
urn:mavedb:00000002-a-1#6,,kimi-k2.6,Loss_of_function,Uncertain significance,0.1,,,,3.2,
urn:mavedb:00000053-a-1#16,DLG4,deepseek-chat,Loss_of_function,Uncertain significance,0.6,PM2;PP3,"Richards et al., Genet Med, 2015",,2.13,
urn:mavedb:00000053-a-1#17,DLG4,deepseek-chat,Loss_of_function,Uncertain significance,0.6,PM2;PP3;PP4,"Moutton et al., Genetics in Medicine, 2018;Grant et al., American Journal of Human Genetics, 2018",,2.4,
urn:mavedb:00000053-a-1#17,DLG4,kimi-k2.6,Loss_of_function,Uncertain significance,0.2,,,,2.94,
urn:mavedb:00000047-b-1#2,CCR5,deepseek-chat,Loss_of_function,Uncertain significance,0.6,PM2;PP3;BP4,"Richards et al., Genet Med, 2015",,2.22,
urn:mavedb:00000053-a-1#18,DLG4,kimi-k2.6,Loss_of_function,Uncertain significance,0.15,,,,2.33,
urn:mavedb:00000053-a-1#18,DLG4,deepseek-chat,Loss_of_function,Uncertain significance,0.6,PM2;PP3,"Richards et al., Genet Med, 2015",,2.24,
urn:mavedb:00000053-a-1#16,DLG4,kimi-k2.6,Loss_of_function,Uncertain significance,0.15,,"Richards S, et al., Standards and guidelines for the interpretation of sequence variants: a joint consensus recommendation of the American College of Medical Genetics and Genomics and the Association for Molecular Pathology. Genet Med. 2015;17(5):405-24",,5.69,
urn:mavedb:00000053-a-1#19,DLG4,kimi-k2.6,Loss_of_function,Uncertain significance,0.2,,,,3.02,
urn:mavedb:00000053-a-1#19,DLG4,deepseek-chat,Loss_of_function,Uncertain significance,0.6,PM2;PP3,"Richards S, et al. Genet Med. 2015;17(5):405-424.",,2.54,
urn:mavedb:00000002-a-2#5,YAP1,deepseek-chat,Loss_of_function,Uncertain significance,0.6,PM2;PP3,"Richards et al., Genet Med, 2015;Zhao et al., Genes Dev, 2008",,2.23,
urn:mavedb:00000047-c-1#1,CCR5,deepseek-chat,Loss_of_function,Uncertain significance,0.6,PM2;PP3,Not applicable – no specific publication identified for this variant,,2.12,
urn:mavedb:00000002-a-2#5,YAP1,kimi-k2.6,Loss_of_function,Uncertain significance,0.2,,"Richards S, et al., Genet Med, 2015;Oates EC, et al., Am J Hum Genet, 2016 (YAP1-related disease associations)",,4.37,
urn:mavedb:00000053-a-1#20,DLG4,deepseek-chat,Loss_of_function,Uncertain significance,0.6,PM2;PP3,"Richards et al., Genet Med, 2015",,2.57,
urn:mavedb:00000053-a-1#20,DLG4,kimi-k2.6,Loss_of_function,Uncertain significance,0.2,,,,3.43,
urn:mavedb:00000053-a-1#21,DLG4,kimi-k2.6,Loss_of_function,Uncertain significance,0.15,,,,1.99,
urn:mavedb:00000053-a-1#21,DLG4,deepseek-chat,Loss_of_function,Uncertain significance,0.6,PM2;PP3;PP4,"Richards S, et al. Standards and guidelines for the interpretation of sequence variants. Genet Med. 2015;17(5):405-424.",,2.87,
urn:mavedb:00000054-a-1#1,,deepseek-chat,Loss_of_function,Uncertain significance,0.1,,"Richards S, et al. Standards and guidelines for the interpretation of sequence variants. Genet Med. 2015.",,2.05,
urn:mavedb:00000047-c-1#1,CCR5,kimi-k2.6,Loss_of_function,Benign,0.95,BA1;BS1,"Martinson et al., Hum Mol Genet, 1997; Samson et al., Nature, 1996; NCBI dbSNP rs333",,7.4,
urn:mavedb:00000054-a-1#1,,kimi-k2.6,Loss_of_function,Uncertain significance,0.1,,"Richards S, et al., Standards and guidelines for the interpretation of sequence variants: a joint consensus recommendation of the American College of Medical Genetics and Genomics and the Association for Molecular Pathology. Genet Med. 2015;17(5):405-24",,3.75,
urn:mavedb:00000053-a-1#22,DLG4,kimi-k2.6,Loss_of_function,Uncertain significance,0.3,,"Richards S, et al., Genet Med, 2015, PMID: 25741868",,3.63,
urn:mavedb:00000053-a-1#22,DLG4,deepseek-chat,Loss_of_function,Uncertain significance,0.6,PM2;PP3,"Grant SG, et al. Trends Neurosci, 1992;Fernández E, et al. Am J Hum Genet, 2020",,2.33,
urn:mavedb:00000050-a-1#1,MSH2,deepseek-chat,Loss_of_function,Uncertain significance,0.6,PM2;PP3;PP4,"Thompson et al., Nat Genet, 2014;Richards et al., Genet Med, 2015",,2.25,
urn:mavedb:00000053-a-1#23,DLG4,kimi-k2.6,Loss_of_function,Uncertain significance,0.2,,,,2.96,
urn:mavedb:00000002-a-1#7,,deepseek-chat,Loss_of_function,Uncertain significance,0.1,,"Richards S, et al. Genet Med. 2015;17(5):405-424",,1.9,
urn:mavedb:00000053-a-1#23,DLG4,deepseek-chat,Loss_of_function,Uncertain significance,0.6,PM2;PP3,"Yokoi et al., Nature Genetics, 2024 (DLG4-related neurodevelopmental disorder);Coleman et al., American Journal of Human Genetics, 2022 (DLG4 variants)",,2.91,
urn:mavedb:00000050-a-1#1,MSH2,kimi-k2.6,Loss_of_function,Pathogenic,0.75,PM1;PM2;PP2;PP3,"Thompson et al., Am J Hum Genet, 2014; Karczewski et al., Nature, 2020 (gnomAD); Richards et al., Genet Med, 2015 (ACMG guidelines)",,5.44,
urn:mavedb:00000002-a-1#8,,deepseek-chat,Loss_of_function,Benign,1.0,BA1,"Richards S, et al. Standards and guidelines for the interpretation of sequence variants. Genet Med. 2015.",,1.71,
urn:mavedb:00000002-a-1#7,,kimi-k2.6,Loss_of_function,Uncertain significance,0.1,,"Richards S, Aziz N, Bale S, et al. Standards and guidelines for the interpretation of sequence variants: a joint consensus recommendation of the American College of Medical Genetics and Genomics and the Association for Molecular Pathology. Genet Med. 2015;17(5):405-424.",,6.08,
urn:mavedb:00000050-a-1#2,MSH2,deepseek-chat,Loss_of_function,Pathogenic,0.95,PS1;PM2;PM5;PP3;PP5,"Parc Y, et al. Cancer Res, 2003;Wijnen J, et al. Nat Genet, 1998;Ligtenberg MJ, et al. Hum Mutat, 2004",,2.74,
urn:mavedb:00000053-a-1#24,DLG4,kimi-k2.6,Loss_of_function,Uncertain significance,0.2,,,,3.07,
urn:mavedb:00000002-a-1#8,,kimi-k2.6,Loss_of_function,Benign,0.95,BA1;BS1,"Richards S, Aziz N, Bale S, et al. Standards and guidelines for the interpretation of sequence variants: a joint consensus recommendation of the American College of Medical Genetics and Genomics and the Association for Molecular Pathology. Genet Med. 2015;17(5):405-424",,6.04,
urn:mavedb:00000053-a-1#24,DLG4,deepseek-chat,Loss_of_function,Uncertain significance,0.6,PM2;PP3,"Richards S, et al. Standards and guidelines for the interpretation of sequence variants. Genet Med. 2015;17(5):405-424.",,2.68,
urn:mavedb:00000053-a-1#25,DLG4,kimi-k2.6,Loss_of_function,Uncertain significance,0.3,,,,3.09,
urn:mavedb:00000053-a-1#25,DLG4,deepseek-chat,Loss_of_function,Uncertain significance,0.6,PM2;PP3,"Richards et al., Genet Med, 2015",,2.44,
urn:mavedb:00000053-a-1#26,DLG4,deepseek-chat,Loss_of_function,Uncertain significance,0.6,PM2;PP3,"Richards et al., Genet Med, 2015",,2.32,
urn:mavedb:00000050-a-1#2,MSH2,kimi-k2.6,Loss_of_function,Pathogenic,0.85,PS1;PM1;PM2;PP2;PP3,"Wijnen et al., Gastroenterology, 1998; Wagner et al., Hum Mutat, 1999; Chao et al., J Med Genet, 2008; Thompson et al., Nat Genet, 2014",,8.24,
urn:mavedb:00000053-a-1#26,DLG4,kimi-k2.6,Loss_of_function,Uncertain significance,0.1,,,,3.04,
urn:mavedb:00000048-b-1#2,CXCR4,deepseek-chat,Loss_of_function,Uncertain significance,0.6,PM2;PP3;PP4,"Hernandez PA, et al. Nat Genet. 2003;34:70-74;McDermott DH, et al. Blood. 2015;125:61-70",,2.98,
urn:mavedb:00000002-a-2#6,YAP1,deepseek-chat,Loss_of_function,Uncertain significance,0.6,PM2;PP3,"Richards et al., Genet Med, 2015",,2.39,
urn:mavedb:00000047-b-1#2,CCR5,kimi-k2.6,Loss_of_function,Benign,0.95,BA1;BS1,"gnomAD database, accessed 2024; Steinmetz et al., Genomics, 1994; Martinson et al., Hum Mol Genet, 1997",,26.04,
urn:mavedb:00000048-b-1#2,CXCR4,kimi-k2.6,Loss_of_function,Uncertain significance,0.3,,"Richards S, Genet Med, 2015;Tiffen J, Front Immunol, 2014",,4.13,
urn:mavedb:00000002-a-2#6,YAP1,kimi-k2.6,Loss_of_function,Uncertain significance,0.3,,,,3.54,
urn:mavedb:00000053-a-1#27,DLG4,kimi-k2.6,Loss_of_function,Uncertain significance,0.2,,,,3.48,
urn:mavedb:00000002-a-2#7,YAP1,kimi-k2.6,Loss_of_function,Uncertain significance,0.2,,,,1.83,
urn:mavedb:00000053-a-1#27,DLG4,deepseek-chat,Loss_of_function,Uncertain significance,0.6,PM2;PP3,"Richards et al., Genet Med, 2015",,2.63,
urn:mavedb:00000002-a-2#7,YAP1,deepseek-chat,Loss_of_function,Uncertain significance,0.6,PM2;PP3,"Richards et al., Genet Med, 2015;Jia et al., Hum Mol Genet, 2014 (YAP1 functional studies)",,2.66,
urn:mavedb:00000003-b-2#1,BRCA1,deepseek-chat,Loss_of_function,Uncertain significance,0.6,PM2;PP3,"Richards S, et al. Genet Med. 2015;17(5):405-424",,2.18,
urn:mavedb:00000003-b-2#1,BRCA1,kimi-k2.6,Loss_of_function,Uncertain significance,0.3,,"Richards S, Genet Med, 2015; BRCA1 Exon 1-2 functional studies, various",,3.17,
urn:mavedb:00000002-a-1#9,,deepseek-chat,Loss_of_function,Uncertain significance,0.1,,"Richards S, et al. Standards and guidelines for the interpretation of sequence variants. Genet Med. 2015;17(5):405-424.",,2.2,
urn:mavedb:00000002-a-1#10,,deepseek-chat,Loss_of_function,Uncertain significance,0.1,,,,1.83,
urn:mavedb:00000002-a-1#9,,kimi-k2.6,Loss_of_function,Uncertain significance,0.1,,,,3.35,
urn:mavedb:00000002-a-1#11,,deepseek-chat,Loss_of_function,Uncertain significance,0.1,,,,1.76,
urn:mavedb:00000002-a-1#10,,kimi-k2.6,Loss_of_function,Uncertain significance,0.0,,,,3.75,
urn:mavedb:00000002-a-1#11,,kimi-k2.6,Loss_of_function,Uncertain significance,0.1,,,,3.37,
urn:mavedb:00000050-a-1#3,MSH2,deepseek-chat,Loss_of_function,Uncertain significance,0.6,PM2;PP3;BP4,"Richards S, et al. Genet Med. 2015;17(5):405-424.",,2.1,
urn:mavedb:00000053-a-1#28,DLG4,deepseek-chat,Loss_of_function,Uncertain significance,0.6,PM2;PP3;PP4,"Moutton S, et al. Am J Hum Genet. 2018;103(4):553-565.;Richards S, et al. Genet Med. 2015;17(5):405-424.",,2.84,
urn:mavedb:00000053-a-1#28,DLG4,kimi-k2.6,Loss_of_function,Uncertain significance,0.2,,,,3.61,
urn:mavedb:00000053-a-1#29,DLG4,deepseek-chat,Loss_of_function,Uncertain significance,0.6,PM2;PP3,"Richards et al., Genet Med, 2015;Landrum et al., Nucleic Acids Res, 2018",,2.59,
urn:mavedb:00000067-a-1#1,TECR,deepseek-chat,Loss_of_function,Uncertain significance,0.6,PM2;PP3,"Richards et al., Genet Med, 2015",,2.18,
urn:mavedb:00000002-a-1#12,,deepseek-chat,Loss_of_function,Uncertain significance,0.1,,,,1.75,
urn:mavedb:00000067-a-1#1,TECR,kimi-k2.6,Loss_of_function,Uncertain significance,0.2,,"Richards S, et al., Genet Med, 2017, PMID: 25741868",,4.27,
urn:mavedb:00000053-a-1#29,DLG4,kimi-k2.6,Loss_of_function,Uncertain significance,0.2,,"Richards S, et al., Standards and guidelines for the interpretation of sequence variants: a joint consensus recommendation of the American College of Medical Genetics and Genomics and the Association for Molecular Pathology. Genet Med. 2015;17(5):405-24",,5.98,
urn:mavedb:00000053-a-1#30,DLG4,kimi-k2.6,Loss_of_function,Uncertain significance,0.15,,"Richards S, et al., Genet Med, 2015;O'Roak BJ, et al., Nature, 2012",,3.8,
urn:mavedb:00000050-a-1#3,MSH2,kimi-k2.6,Loss_of_function,Pathogenic,0.75,PM1;PM2;PP2;PP3,"Thompson BA, et al. Nat Rev Cancer. 2016;16(3):153-163;Vasen HF, et al. Gastroenterology. 2015;149(4):918-931;Richards S, et al. Genet Med. 2015;17(5):405-424",,8.75,
urn:mavedb:00000053-a-1#30,DLG4,deepseek-chat,Loss_of_function,Uncertain significance,0.6,PM2;PP3,"Richards et al., Genet Med, 2015",,2.58,
urn:mavedb:00000053-a-1#31,DLG4,deepseek-chat,Loss_of_function,Uncertain significance,0.5,,"Richards S, et al. Genet Med. 2015;17(5):405-424.",,2.35,
urn:mavedb:00000002-a-1#12,,kimi-k2.6,Loss_of_function,Uncertain significance,0.1,,"Richards S, Aziz N, Bale S, et al. Standards and guidelines for the interpretation of sequence variants: a joint consensus recommendation of the American College of Medical Genetics and Genomics and the Association for Molecular Pathology. Genet Med. 2015;17(5):405-424.",,6.51,
urn:mavedb:00000053-a-1#32,DLG4,deepseek-chat,Loss_of_function,Uncertain significance,0.6,PM2;PP3,"Richards et al., Genet Med, 2015",,2.38,
urn:mavedb:00000053-a-1#32,DLG4,kimi-k2.6,Loss_of_function,Uncertain significance,0.3,,,,2.77,
urn:mavedb:00000053-a-1#33,DLG4,deepseek-chat,Loss_of_function,Uncertain significance,0.6,PM2;PP3,"Richards et al., Genet Med, 2015",,2.16,
urn:mavedb:00000003-a-1#1,,kimi-k2.6,Loss_of_function,Uncertain significance,0.1,,,,3.45,
urn:mavedb:00000003-a-1#1,,deepseek-chat,Loss_of_function,Uncertain significance,0.1,,"Richards S, et al. Standards and guidelines for the interpretation of sequence variants. Genet Med. 2015.",,2.03,
urn:mavedb:00000053-a-1#31,DLG4,kimi-k2.6,Loss_of_function,Benign,0.95,BP4;BP7,"ACMG Standards and Guidelines for the Interpretation of Sequence Variants, Richards et al., Genet Med, 2015;Abou Tayoun et al., Hum Mutat, 2018 (recommendations for synonymous variant classification)",,6.8,
urn:mavedb:00000053-a-1#33,DLG4,kimi-k2.6,Loss_of_function,Uncertain significance,0.3,,"Richards S, et al., Genet Med, 2015",,4.86,
urn:mavedb:00000048-b-1#3,CXCR4,deepseek-chat,Loss_of_function,Uncertain significance,0.6,PM2;PP3,"Richards S, et al. Standards and guidelines for the interpretation of sequence variants. Genet Med. 2015;17(5):405-424.",,2.82,
urn:mavedb:00000053-a-1#34,DLG4,deepseek-chat,Loss_of_function,Uncertain significance,0.6,PM2;PP3;PP4,"Grant P, et al. DLG4-related intellectual disability. GeneReviews, 2022.;Moutton S, et al. DLG4 variants cause intellectual disability and epilepsy. Am J Hum Genet, 2018.",,3.48,
urn:mavedb:00000048-b-1#3,CXCR4,kimi-k2.6,Loss_of_function,Pathogenic,0.75,PS1;PM2;PP2;PP3,"Hernandez PA, et al., Nat Genet, 2003; Kawai T, et al., Blood, 2005; Balabanian K, et al., Blood, 2005; Dotta L, et al., Front Immunol, 2019",,5.36,
urn:mavedb:00000068-c-1#1,TP53,deepseek-chat,Loss_of_function,Pathogenic,0.95,PS1;PM2;PVS1;PM5;PP3;PP5,"Bouaoun L, et al. TP53 Variations in Human Cancers: New Lessons from the IARC TP53 Database and Genomics Data. Hum Mutat. 2016;37(9):865-876.;Kato S, et al. Understanding the function-structure and function-mutation relationships of p53 tumor suppressor protein by high-resolution missense mutation analysis. Proc Natl Acad Sci U S A. 2003;100(14):8424-8429.;Olivier M, et al. The IARC TP53 database: new online mutation analysis and recommendations to users. Hum Mutat. 2002;19(6):607-614.",,3.75,
urn:mavedb:00000053-a-1#34,DLG4,kimi-k2.6,Loss_of_function,Uncertain significance,0.2,,"Richards S, et al., Standards and guidelines for the interpretation of sequence variants: a joint consensus recommendation of the American College of Medical Genetics and Genomics and the Association for Molecular Pathology. Genet Med. 2015;17(5):405-24.",,5.2,
urn:mavedb:00000002-a-2#8,YAP1,kimi-k2.6,Loss_of_function,Uncertain significance,0.1,,,,4.2,
urn:mavedb:00000002-a-1#13,,deepseek-chat,Loss_of_function,Uncertain significance,0.0,,,,1.56,
urn:mavedb:00000002-a-2#8,YAP1,deepseek-chat,Loss_of_function,Uncertain significance,0.6,PM2_supporting;PP3_supporting,"Williamson KA, et al. Hum Mutat. 2014;35(3):315-323;Lopes F, et al. Am J Med Genet A. 2015;167A(10):2417-2420",,3.53,
urn:mavedb:00000068-c-1#1,TP53,kimi-k2.6,Loss_of_function,Pathogenic,0.95,PVS1;PS3;PM1;PM2;PP2,"Bouaoun et al., Hum Mutat, 2016; Kato et al., Proc Natl Acad Sci USA, 2003; Joung et al., Nat Rev Cancer, 2017; Olivier et al., Hum Mutat, 2002",,6.74,
urn:mavedb:00000053-a-1#35,DLG4,deepseek-chat,Loss_of_function,Uncertain significance,0.6,PM2;PP3;PP4,"Moutton S, et al. Am J Hum Genet. 2018;103(6):1018-1024.;Grant SG. Neuropharmacology. 2012;62(3):1230-1241.",,3.0,
urn:mavedb:00000053-a-1#35,DLG4,kimi-k2.6,Loss_of_function,Uncertain significance,0.2,,,,3.93,
urn:mavedb:00000002-a-1#13,,kimi-k2.6,Loss_of_function,Benign,0.95,BA1;BP4;BP7,"Richards S, et al., Genet Med, 2015;den Dunnen JT, et al., Hum Mutat, 2016",,3.25,
urn:mavedb:00000002-a-1#14,,deepseek-chat,Loss_of_function,Uncertain significance,0.1,,"Richards S, et al. Standards and guidelines for the interpretation of sequence variants. Genet Med. 2015.",,2.33,
urn:mavedb:00000053-a-1#36,DLG4,deepseek-chat,Loss_of_function,Uncertain significance,0.6,PM2;PP3,"Richards S, et al. Standards and guidelines for the interpretation of sequence variants. Genet Med. 2015;17(5):405-424.",,2.85,
urn:mavedb:00000053-a-1#36,DLG4,kimi-k2.6,Loss_of_function,Uncertain significance,0.15,,,,3.19,
urn:mavedb:00000053-a-1#37,DLG4,kimi-k2.6,Loss_of_function,Uncertain significance,0.2,,,,3.42,
urn:mavedb:00000002-a-1#14,,kimi-k2.6,Loss_of_function,Uncertain significance,0.1,,"Richards S, Aziz N, Bale S, et al. Standards and guidelines for the interpretation of sequence variants: a joint consensus recommendation of the American College of Medical Genetics and Genomics and the Association for Molecular Pathology. Genet Med. 2015;17(5):405-424.",,4.07,
urn:mavedb:00000053-a-1#37,DLG4,deepseek-chat,Loss_of_function,Uncertain significance,0.6,PM2;PP3,"Richards S, et al. Standards and guidelines for the interpretation of sequence variants. Genet Med. 2015;17(5):405-424.",,3.2,
urn:mavedb:00000003-a-1#2,,deepseek-chat,Loss_of_function,Uncertain significance,0.1,,,,2.48,
urn:mavedb:00000003-a-1#2,,kimi-k2.6,Loss_of_function,Uncertain significance,0.0,,,,3.13,
urn:mavedb:00000002-a-2#9,YAP1,deepseek-chat,Loss_of_function,Uncertain significance,0.6,PM2;PP3,"Richards et al., Genet Med, 2015",,2.11,
urn:mavedb:00000002-a-2#9,YAP1,kimi-k2.6,Loss_of_function,Uncertain significance,0.1,,,,3.2,
urn:mavedb:00000002-a-1#15,,deepseek-chat,Loss_of_function,Uncertain significance,0.1,,"Richards S, et al. Standards and guidelines for the interpretation of sequence variants. Genet Med. 2015.",,2.23,
urn:mavedb:00000002-a-1#15,,kimi-k2.6,Loss_of_function,Uncertain significance,0.1,,,,3.29,
urn:mavedb:00000053-a-1#38,DLG4,deepseek-chat,Loss_of_function,Uncertain significance,0.6,PM2;PP3,"Richards S, et al. Genet Med. 2015;17(5):405-424",,2.33,
urn:mavedb:00000053-a-1#39,DLG4,deepseek-chat,Loss_of_function,Uncertain significance,0.6,PVS1_Not_applicable;PM2_Supporting;BP4_Not_applicable;BP7_Not_applicable,"Richards S, et al. Genet Med. 2015;17(5):405-424",,2.52,
urn:mavedb:00000053-a-1#38,DLG4,kimi-k2.6,Loss_of_function,Uncertain significance,0.2,,,,4.4,
urn:mavedb:00000053-a-1#40,DLG4,deepseek-chat,Loss_of_function,Uncertain significance,0.6,PM2;BP4;BP7,"Richards S, et al. Standards and guidelines for the interpretation of sequence variants. Genet Med. 2015;17(5):405-424.",,2.55,
urn:mavedb:00000053-a-1#41,DLG4,deepseek-chat,Loss_of_function,Uncertain significance,0.6,PM2_supporting;PP3_moderate,"Richards S, et al. Standards and guidelines for the interpretation of sequence variants. Genet Med. 2015;17(5):405-424.",,2.45,
urn:mavedb:00000053-a-1#39,DLG4,kimi-k2.6,Loss_of_function,Benign,0.95,BP4;BP7,"Richards S, et al., Standards and guidelines for the interpretation of sequence variants: a joint consensus recommendation of the American College of Medical Genetics and Genomics and the Association for Molecular Pathology., Genet Med, 2015",,5.25,
urn:mavedb:00000053-a-1#40,DLG4,kimi-k2.6,Loss_of_function,Benign,0.95,BP4;BP7,"ACMG Standards and Guidelines for the Interpretation of Sequence Variants, Richards et al., Genet Med, 2015;Sherry ST, Ward MH, Kholodov M, et al. dbSNP: the NCBI database of genetic variation. Nucleic Acids Res, 2001",,5.17,
urn:mavedb:00000053-a-1#41,DLG4,kimi-k2.6,Loss_of_function,Uncertain significance,0.2,,"Richards S, Aziz N, Bale S, et al. Standards and guidelines for the interpretation of sequence variants: a joint consensus recommendation of the American College of Medical Genetics and Genomics and the Association for Molecular Pathology. Genet Med. 2015;17(5):405-424.",,4.21,
urn:mavedb:00000053-a-1#42,DLG4,deepseek-chat,Loss_of_function,Uncertain significance,0.6,PM2;PP3,"Richards et al., Genet Med, 2015",,2.37,
urn:mavedb:00000053-a-1#43,DLG4,deepseek-chat,Loss_of_function,Uncertain significance,0.6,PM2;PP3,"Deciphering Developmental Disorders Study, Nature, 2017;Kury et al., American Journal of Human Genetics, 2022",,2.36,
urn:mavedb:00000053-a-1#43,DLG4,kimi-k2.6,Loss_of_function,Uncertain significance,0.2,,,,2.62,
urn:mavedb:00000050-a-1#4,MSH2,deepseek-chat,Loss_of_function,Uncertain significance,0.6,PM2;PP3;BP4,"Richards et al., Genet Med, 2015;Thompson et al., Nat Genet, 2014",,2.08,
urn:mavedb:00000053-a-1#42,DLG4,kimi-k2.6,Loss_of_function,Uncertain significance,0.3,,"Richards S, et al., Genet Med, 2015;O'Roak BJ, et al., Nature, 2012 (DLG4 autism association)",,4.94,
urn:mavedb:00000053-a-1#44,DLG4,deepseek-chat,Loss_of_function,Uncertain significance,0.6,PM2;PP3,"Richards S, et al. Standards and guidelines for the interpretation of sequence variants. Genet Med. 2015;17(5):405-424.",,2.2,
urn:mavedb:00000053-a-1#44,DLG4,kimi-k2.6,Loss_of_function,Uncertain significance,0.2,,,,3.92,
urn:mavedb:00000002-a-2#10,YAP1,kimi-k2.6,Loss_of_function,Uncertain significance,0.1,,"Richards S, et al., Genet Med, 2015",,3.28,
urn:mavedb:00000002-a-2#10,YAP1,deepseek-chat,Loss_of_function,Uncertain significance,0.6,PM2;PP3,"Richards et al., Genet Med, 2015",,4.51,
urn:mavedb:00000068-c-1#2,TP53,deepseek-chat,Loss_of_function,Pathogenic,0.95,PVS1;PS1;PM2;PP3;PP5,"Kato et al., PNAS, 2003;Petitjean et al., Hum Mutat, 2007;Bouaoun et al., Hum Mutat, 2016;Giacomelli et al., Nat Genet, 2018",,3.13,
urn:mavedb:00000050-a-1#4,MSH2,kimi-k2.6,Loss_of_function,Pathogenic,0.75,PM1;PM2;PP2;PP3,"Lynch syndrome variant databases (InSIGHT, LOVD); Tavtigian SV, Hum Mutat, 2020; Richards S, Genet Med, 2015",,7.38,
urn:mavedb:00000053-a-1#45,DLG4,deepseek-chat,Loss_of_function,Uncertain significance,0.6,PM2;PP3;BP4,"Richards S, et al. Standards and guidelines for the interpretation of sequence variants. Genet Med. 2015;17(5):405-424.",,2.64,
urn:mavedb:00000053-a-1#45,DLG4,kimi-k2.6,Loss_of_function,Uncertain significance,0.3,,"Richards S, et al., Standards and guidelines for the interpretation of sequence variants: a joint consensus recommendation of the American College of Medical Genetics and Genomics and the Association for Molecular Pathology, Genet Med, 2015",,3.98,
urn:mavedb:00000047-c-1#2,CCR5,deepseek-chat,Loss_of_function,Pathogenic,0.95,PVS1;PVS1_Strong;PM2;PVS1_Moderate,"Dean M, et al. Science, 1996;Liu R, et al. Cell, 1996;Samson M, et al. Nature, 1996",,2.24,
urn:mavedb:00000068-c-1#2,TP53,kimi-k2.6,Loss_of_function,Pathogenic,0.95,PVS1;PS3;PM1;PM2;PP2;PP3,"Bouaoun et al., Hum Mutat, 2016; Kato et al., PNAS, 2003; Olivier et al., Hum Mutat, 2002; IARC TP53 Database; Freed-Pastor & Prives, Cell, 2012",,6.87,
urn:mavedb:00000053-a-1#46,DLG4,deepseek-chat,Loss_of_function,Uncertain significance,0.6,PM2;PP3,"Richards S, et al. Standards and guidelines for the interpretation of sequence variants. Genet Med. 2015;17(5):405-424.",,2.62,
urn:mavedb:00000053-a-1#47,DLG4,deepseek-chat,Loss_of_function,Uncertain significance,0.6,PM2;PP3,"Richards et al., Genet Med, 2015;Fromer et al., Nature, 2014 (DLG4 neurodevelopmental phenotype)",,1.81,
urn:mavedb:00000053-a-1#46,DLG4,kimi-k2.6,Loss_of_function,Uncertain significance,0.3,,"Richards S, Aziz N, Bale S, et al. Standards and guidelines for the interpretation of sequence variants. Genet Med. 2015;17(5):405-424.",,4.87,
urn:mavedb:00000053-a-1#47,DLG4,kimi-k2.6,Loss_of_function,Uncertain significance,0.3,,"Richards S, et al., Genet Med, 2015;O'Roak BJ, et al., Nature, 2012 (DLG4 in autism);Tarabeux J, et al., Hum Mol Genet, 2017 (DLG4 in neurodevelopmental disorders)",,4.16,
urn:mavedb:00000002-a-1#16,,deepseek-chat,Loss_of_function,Uncertain significance,0.1,,"Richards S, et al. Standards and guidelines for the interpretation of sequence variants. Genet Med. 2015;17(5):405-424.",,2.2,
urn:mavedb:00000002-a-1#17,,deepseek-chat,Loss_of_function,Uncertain significance,0.1,,"Richards S, et al. Genet Med. 2015;17(5):405-424.",,2.46,
urn:mavedb:00000002-a-2#11,YAP1,kimi-k2.6,Loss_of_function,Uncertain significance,0.2,,,,2.37,
urn:mavedb:00000002-a-2#11,YAP1,deepseek-chat,Loss_of_function,Uncertain significance,0.6,PM2;PP3;BP4,"Richards S, et al. Standards and guidelines for the interpretation of sequence variants. Genet Med. 2015;17(5):405-424.",,2.53,
urn:mavedb:00000047-c-1#2,CCR5,kimi-k2.6,Loss_of_function,Pathogenic,0.95,PVS1;PM2_Supporting,"Steinmetz et al., Nature, 1995;Liu et al., Cell, 1996;Dean et al., Science, 1996;Richards et al., Genet Med, 2015",,8.35,
urn:mavedb:00000002-a-1#16,,kimi-k2.6,Loss_of_function,Uncertain significance,0.1,,"Richards S, Aziz N, Bale S, et al. Standards and guidelines for the interpretation of sequence variants: a joint consensus recommendation of the American College of Medical Genetics and Genomics and the Association for Molecular Pathology. Genet Med. 2015;17(5):405-424.",,5.82,
urn:mavedb:00000002-a-1#17,,kimi-k2.6,Loss_of_function,Uncertain significance,0.1,,"Richards S, et al., Standards and guidelines for the interpretation of sequence variants: a joint consensus recommendation of the American College of Medical Genetics and Genomics and the Association for Molecular Pathology. Genet Med. 2015;17(5):405-24",,5.72,
urn:mavedb:00000002-a-1#18,,deepseek-chat,Loss_of_function,Uncertain significance,0.1,,,,1.93,
urn:mavedb:00000002-a-1#18,,kimi-k2.6,Loss_of_function,Uncertain significance,0.1,,,,2.46,
urn:mavedb:00000002-a-1#19,,deepseek-chat,Loss_of_function,Uncertain significance,0.1,,"Richards S, et al. Genet Med. 2015;17(5):405-424",,2.07,
urn:mavedb:00000047-b-1#3,CCR5,deepseek-chat,Loss_of_function,Uncertain significance,0.6,PM2;BP4,"Richards S, et al. Genet Med. 2015;17(5):405-424",,2.04,
urn:mavedb:00000002-a-1#19,,kimi-k2.6,Loss_of_function,Uncertain significance,0.1,,,,3.77,
urn:mavedb:00000002-a-1#20,,deepseek-chat,Loss_of_function,Uncertain significance,0.1,,"Richards S, et al. Standards and guidelines for the interpretation of sequence variants. Genet Med. 2015;17(5):405-424.",,2.29,
urn:mavedb:00000002-a-1#20,,kimi-k2.6,Loss_of_function,Uncertain significance,0.1,,,,3.28,
urn:mavedb:00000053-a-1#48,DLG4,kimi-k2.6,Loss_of_function,Uncertain significance,0.15,,,,3.19,
urn:mavedb:00000053-a-1#49,DLG4,deepseek-chat,Loss_of_function,Uncertain significance,0.6,PM2_supporting;PP3_moderate,"Richards S, et al. Genet Med. 2015;17(5):405-424.",,2.17,
urn:mavedb:00000053-a-1#48,DLG4,deepseek-chat,Loss_of_function,Uncertain significance,0.6,PM2;PP3,"Richards S, et al. Standards and guidelines for the interpretation of sequence variants. Genet Med. 2015;17(5):405-424.",,2.93,
urn:mavedb:00000047-b-1#3,CCR5,kimi-k2.6,Loss_of_function,Benign,0.95,BA1;BS1,"Samson M, Nature, 1996; Dean M, Immunol Today, 1996; Martinson JJ, Hum Mol Genet, 1997",,6.54,
urn:mavedb:00000053-a-1#49,DLG4,kimi-k2.6,Loss_of_function,Uncertain significance,0.3,,"Tropea et al., Mol Psychiatry, 2023;Walsh et al., Nat Commun, 2021",,3.97,
urn:mavedb:00000002-a-2#12,YAP1,deepseek-chat,Loss_of_function,Pathogenic,0.95,PVS1;PM2;PVS1_Strong,"Williamson KA, et al. Am J Hum Genet. 2014;95(5):521-8. PMID: 25439727;Lopes F, et al. Eur J Hum Genet. 2016;24(6):921-5. PMID: 26508570",,2.73,
urn:mavedb:00000002-a-1#21,,deepseek-chat,Loss_of_function,Uncertain significance,0.1,,"Richards S, et al. Standards and guidelines for the interpretation of sequence variants. Genet Med. 2015;17(5):405-424.",,2.01,
urn:mavedb:00000002-a-2#13,YAP1,deepseek-chat,Loss_of_function,Uncertain significance,0.6,PM2;PP3,"Soucek et al., Nature Reviews Cancer, 2012;Zhao et al., Genes & Development, 2007",,2.55,
urn:mavedb:00000002-a-2#13,YAP1,kimi-k2.6,Loss_of_function,Uncertain significance,0.1,,,,3.48,
urn:mavedb:00000002-a-2#12,YAP1,kimi-k2.6,Loss_of_function,Pathogenic,0.95,PVS1;PM2_Supporting,"Williamson et al., Am J Hum Genet, 2014; Mader et al., Hum Mutat, 2016; Richards et al., Genet Med, 2015 (ACMG guidelines)",,6.32,
urn:mavedb:00000002-a-1#21,,kimi-k2.6,Loss_of_function,Uncertain significance,0.1,,"Richards S, Aziz N, Bale S, et al. Standards and guidelines for the interpretation of sequence variants: a joint consensus recommendation of the American College of Medical Genetics and Genomics and the Association for Molecular Pathology. Genet Med. 2015;17(5):405-424.",,5.12,
urn:mavedb:00000053-a-1#50,DLG4,kimi-k2.6,Loss_of_function,Uncertain significance,0.2,,"Richards S, et al., Genet Med, 2015;Oza V, et al., Genet Med, 2018",,3.93,
urn:mavedb:00000053-a-1#50,DLG4,deepseek-chat,Loss_of_function,Uncertain significance,0.6,PM2;PP3;PP4,"Grant SG, et al. DLG4/SAP102 in synaptic function and neurodevelopmental disorders. Mol Psychiatry, 2021.;Moutton S, et al. DLG4-related synaptopathy: expanding the phenotype. Genet Med, 2022.",,3.77,
urn:mavedb:00000002-a-1#22,,deepseek-chat,Loss_of_function,Uncertain significance,0.1,,"Richards S, et al. Standards and guidelines for the interpretation of sequence variants. Genet Med. 2015;17(5):405-424.",,2.12,
urn:mavedb:00000002-a-1#23,,deepseek-chat,Loss_of_function,Uncertain significance,0.1,,"Richards S, et al. Standards and guidelines for the interpretation of sequence variants. Genet Med. 2015.",,2.02,
urn:mavedb:00000002-a-1#23,,kimi-k2.6,Loss_of_function,Uncertain significance,0.1,,,,3.08,
urn:mavedb:00000002-a-1#22,,kimi-k2.6,Loss_of_function,Uncertain significance,0.1,,,,4.13,
urn:mavedb:00000002-a-2#14,YAP1,deepseek-chat,Loss_of_function,Uncertain significance,0.6,PM2;PP3,"Richards et al., Genet Med, 2015;Zhao et al., Genes Dev, 2008",,2.34,
urn:mavedb:00000002-a-2#14,YAP1,kimi-k2.6,Loss_of_function,Uncertain significance,0.2,,,,3.3,
urn:mavedb:00000050-a-1#5,MSH2,deepseek-chat,Loss_of_function,Pathogenic,0.85,PM1;PM2;PM5;PP3;PP4,"Mangold E, et al. Human Mutation, 2005;Thompson BA, et al. Nature Genetics, 2014;Kohonen-Corish M, et al. Human Mutation, 2005",,2.78,
urn:mavedb:00000059-a-1#1,TP53,deepseek-chat,Loss_of_function,Pathogenic,0.95,PS1;PM2;PP3;PP5;PVS1_Moderate,"Bouaoun L, et al. TP53 Variations in Human Cancers: New Lessons from the IARC TP53 Database and Genomics Data. Hum Mutat. 2016;37(9):865-876.;Kato S, et al. Understanding the function-structure and function-mutation relationships of p53 tumor suppressor protein by high-resolution missense mutation analysis. Proc Natl Acad Sci U S A. 2003;100(14):8424-8429.;Giacomelli AO, et al. Mutational processes shape the landscape of TP53 mutations in human cancer. Nat Genet. 2018;50(10):1381-1387.",,4.04,
urn:mavedb:00000050-a-1#5,MSH2,kimi-k2.6,Loss_of_function,Pathogenic,0.75,PM1;PM2;PP2;PP3;PP5,"Lynch syndrome variant databases (UMD, InSiGHT); functional studies of MSH2 missense variants; population frequency data from gnomAD",,6.12,
urn:mavedb:00000059-a-1#1,TP53,kimi-k2.6,Loss_of_function,Pathogenic,0.85,PS1;PM2;PP2;PP3,"Bouaoun et al., Hum Mutat, 2016; Kato et al., Nucleic Acids Res, 2003; IARC TP53 Database",,4.64,
urn:mavedb:00000053-a-1#51,DLG4,deepseek-chat,Loss_of_function,Uncertain significance,0.6,PM2;PP3;PP4,"Grant SG, et al. 'Synapse development and plasticity: roles of PSD-95 and its interacting partners.' Curr Opin Neurobiol, 1996.;Yao X, et al. 'De novo DLG4 variants cause a neurodevelopmental disorder with intellectual disability and autism.' Am J Hum Genet, 2022.",,4.03,
urn:mavedb:00000002-a-1#24,,kimi-k2.6,Loss_of_function,Uncertain significance,0.0,,,,3.67,
urn:mavedb:00000002-a-1#24,,deepseek-chat,Loss_of_function,Uncertain significance,0.1,,,,1.68,
urn:mavedb:00000002-a-2#15,YAP1,deepseek-chat,Loss_of_function,Uncertain significance,0.6,PM2;PP3,"Landrum MJ, Nucleic Acids Res, 2018;Richards S, Genet Med, 2015",,2.05,
urn:mavedb:00000002-a-2#15,YAP1,kimi-k2.6,Loss_of_function,Uncertain significance,0.3,,,,2.65,
urn:mavedb:00000053-a-1#51,DLG4,kimi-k2.6,Loss_of_function,Uncertain significance,0.2,,"Richards S, Richards S, et al., Standards and guidelines for the interpretation of sequence variants: a joint consensus recommendation of the American College of Medical Genetics and Genomics and the Association for Molecular Pathology., Genet Med, 2015;Tarakhan A, et al., De novo and inherited variants in DLG4 are associated with neurodevelopmental abnormalities and epilepsy, Genet Med, 2021",,6.73,
urn:mavedb:00000047-a-1#1,CCR5,deepseek-chat,Loss_of_function,Uncertain significance,0.6,PM2;PP3,"Richards S, et al. Genet Med, 2015",,2.17,
urn:mavedb:00000002-a-2#16,YAP1,kimi-k2.6,Loss_of_function,Uncertain significance,0.1,,,,3.14,
urn:mavedb:00000003-a-2#1,BRCA1,deepseek-chat,Loss_of_function,Pathogenic,0.99,PVS1;PM2;PVS1_Strong,"Easton DF, et al., Am J Hum Genet, 2007;Plon SE, et al., Hum Mutat, 2008;Richards S, et al., Genet Med, 2015",,2.55,
urn:mavedb:00000002-a-2#16,YAP1,deepseek-chat,Loss_of_function,Uncertain significance,0.6,PM2;PP3,"Williamson KA, et al. Hum Mol Genet. 2014 (YAP1 mutations in coloboma and intellectual disability);Richards S, et al. Genet Med. 2015 (ACMG/AMP guidelines)",,3.12,
urn:mavedb:00000002-a-1#25,,deepseek-chat,Loss_of_function,Uncertain significance,0.1,,,,1.55,
urn:mavedb:00000003-a-2#1,BRCA1,kimi-k2.6,Loss_of_function,Pathogenic,0.99,PVS1;PS4;PM2,"ACMG, Genet Med, 2015; Miki et al., Science, 1994; Roy et al., Hum Mutat, 2012",,3.87,
urn:mavedb:00000002-a-1#25,,kimi-k2.6,Loss_of_function,Uncertain significance,0.1,,,,3.56,
urn:mavedb:00000047-a-1#1,CCR5,kimi-k2.6,Loss_of_function,Uncertain significance,0.3,,"Dean M, Carrington M, Winkler C, et al. Genetic restriction of HIV-1 infection and progression to AIDS by a deletion allele of the CKR5 structural gene. Hemophilia Growth and Development Study, Multicenter AIDS Cohort Study, Multicenter Hemophilia Cohort Study, San Francisco City Cohort, ALIVE Study. Science. 1996;273(5283):1856-1862.;Liu R, Paxton WA, Choe S, et al. Homozygous defect in HIV-1 coreceptor accounts for resistance of some multiply-exposed individuals to HIV-1 infection. Cell. 1996;86(3):367-377.",,6.78,
urn:mavedb:00000002-a-2#17,YAP1,deepseek-chat,Loss_of_function,Uncertain significance,0.6,PM2;PP3,"Richards et al., Genet Med, 2015",,2.15,
urn:mavedb:00000002-a-2#17,YAP1,kimi-k2.6,Loss_of_function,Uncertain significance,0.3,,"Richards S, Genet Med, 2015",,3.38,
urn:mavedb:00000002-a-2#18,YAP1,kimi-k2.6,Loss_of_function,Uncertain significance,0.3,,"Richards S, et al., Genet Med, 2015",,2.95,
urn:mavedb:00000002-a-2#18,YAP1,deepseek-chat,Loss_of_function,Uncertain significance,0.6,PM2;PP3,"Richards et al., Genet Med, 2015;Zhao et al., Genes Dev, 2008",,2.82,
urn:mavedb:00000053-a-1#52,DLG4,deepseek-chat,Loss_of_function,Uncertain significance,0.6,PM2;PP3,"Richards et al., Genet Med, 2015",,2.34,
urn:mavedb:00000002-a-1#26,,deepseek-chat,Loss_of_function,Uncertain significance,0.1,,,,1.72,
urn:mavedb:00000002-a-1#26,,kimi-k2.6,Loss_of_function,Uncertain significance,0.1,,,,3.0,
urn:mavedb:00000053-a-1#52,DLG4,kimi-k2.6,Loss_of_function,Uncertain significance,0.2,,"Richards S, et al., Standards and guidelines for the interpretation of sequence variants: a joint consensus recommendation of the American College of Medical Genetics and Genomics and the Association for Molecular Pathology. Genet Med. 2015;17(5):405-24",,4.49,
urn:mavedb:00000053-a-1#54,DLG4,kimi-k2.6,Loss_of_function,Uncertain significance,0.2,,,,2.29,
urn:mavedb:00000053-a-1#53,DLG4,deepseek-chat,Loss_of_function,Uncertain significance,0.6,PM2;PP3;PP4,"Moutton S, et al. DLG4-related synaptopathy: a new rare pediatric neurodevelopmental disorder. Genet Med. 2022;24(3):596-607.;Grant SGN, et al. Synapse diversity and the DLG4 gene. Nat Rev Neurosci. 2018;19(8):445-460.",,3.39,
urn:mavedb:00000053-a-1#53,DLG4,kimi-k2.6,Loss_of_function,Uncertain significance,0.2,,"Richards S, et al., Standards and guidelines for the interpretation of sequence variants: a joint consensus recommendation of the American College of Medical Genetics and Genomics and the Association for Molecular Pathology. Genet Med. 2015;17(5):405-24",,3.84,
urn:mavedb:00000053-a-1#54,DLG4,deepseek-chat,Loss_of_function,Uncertain significance,0.6,PM2;PP3,"Richards S, et al. Genet Med. 2015;17(5):405-424.",,2.55,
urn:mavedb:00000003-a-1#3,,deepseek-chat,Loss_of_function,Uncertain significance,0.1,,,,1.76,
urn:mavedb:00000043-a-2#1,,deepseek-chat,Loss_of_function,Uncertain significance,0.1,,,,1.79,
urn:mavedb:00000003-a-1#3,,kimi-k2.6,Loss_of_function,Uncertain significance,0.1,,,,3.85,
urn:mavedb:00000053-a-1#55,DLG4,kimi-k2.6,Loss_of_function,Uncertain significance,0.3,,,,2.82,
urn:mavedb:00000053-a-1#55,DLG4,deepseek-chat,Loss_of_function,Uncertain significance,0.6,PM2;PP3,"Richards S, et al. Standards and guidelines for the interpretation of sequence variants. Genet Med. 2015;17(5):405-424.",,2.69,
urn:mavedb:00000043-a-2#1,,kimi-k2.6,Loss_of_function,Uncertain significance,0.1,,"Richards S, Aziz N, Bale S, et al. Standards and guidelines for the interpretation of sequence variants: a joint consensus recommendation of the American College of Medical Genetics and Genomics and the Association for Molecular Pathology. Genet Med. 2015;17(5):405-424.",,3.68,
urn:mavedb:00000002-a-2#19,YAP1,deepseek-chat,Loss_of_function,Uncertain significance,0.6,PM2;PP3,"Richards et al., Genet Med, 2015",,2.55,
urn:mavedb:00000066-a-1#1,GDI1,deepseek-chat,Loss_of_function,Pathogenic,0.95,PVS1;PM2;PVS1_Strong,"D'Adamo et al., Nature Genetics, 1998;Bienvenu et al., European Journal of Human Genetics, 1998",,2.35,
urn:mavedb:00000002-a-2#20,YAP1,deepseek-chat,Loss_of_function,Uncertain significance,0.6,PM2;PP3,"Richards S, et al. Genet Med. 2015;17(5):405-424",,2.96,
urn:mavedb:00000053-a-1#56,DLG4,kimi-k2.6,Loss_of_function,Uncertain significance,0.2,,,,2.15,
urn:mavedb:00000066-a-1#1,GDI1,kimi-k2.6,Loss_of_function,Pathogenic,0.95,PVS1;PM2,"D'Adamo et al., Nat Genet, 1998; Bienvenu et al., Am J Hum Genet, 1998; Plenge et al., Am J Hum Genet, 1999; Richards et al., Genet Med, 2015",,5.81,
urn:mavedb:00000002-a-2#20,YAP1,kimi-k2.6,Loss_of_function,Uncertain significance,0.15,,,,4.61,
urn:mavedb:00000053-a-1#56,DLG4,deepseek-chat,Loss_of_function,Uncertain significance,0.6,PM2;PP3,"Tarpey et al., Nat Genet, 2009 (DLG4 in intellectual disability);ACMG/AMP 2015 guidelines (Richards et al., Genet Med, 2015)",,3.09,
urn:mavedb:00000053-a-1#57,DLG4,deepseek-chat,Loss_of_function,Uncertain significance,0.6,PM2;PP3,"Richards et al., Genet Med, 2015",,2.17,
urn:mavedb:00000002-a-2#19,YAP1,kimi-k2.6,Loss_of_function,Uncertain significance,0.2,,,,8.47,
urn:mavedb:00000053-a-1#58,DLG4,deepseek-chat,Loss_of_function,Uncertain significance,0.6,PM2;PP3,"Richards et al., Genet Med, 2015",,2.36,
urn:mavedb:00000053-a-1#57,DLG4,kimi-k2.6,Loss_of_function,Uncertain significance,0.1,,"Richards S, et al., Genet Med, 2015, PMID: 25741868",,4.14,
urn:mavedb:00000002-a-1#27,,deepseek-chat,Loss_of_function,Uncertain significance,0.1,,"Richards S, et al. Genet Med. 2015;17(5):405-424.",,1.97,
urn:mavedb:00000002-a-1#27,,kimi-k2.6,Loss_of_function,Uncertain significance,0.1,,,,3.46,
urn:mavedb:00000053-a-1#58,DLG4,kimi-k2.6,Loss_of_function,Uncertain significance,0.3,,"Richards S, et al., Genet Med, 2015; O'Roak BJ, et al., Nature, 2012 (DLG4/NMDAR network in autism);Tarabeux J, et al., Eur J Hum Genet, 2017 (DLG4 in neurodevelopmental disorders)",,4.54,
urn:mavedb:00000002-a-2#21,YAP1,kimi-k2.6,Loss_of_function,Uncertain significance,0.2,,"Mota et al., Am J Med Genet A, 2018; Williamson et al., Hum Mutat, 2014",,3.69,
urn:mavedb:00000002-a-2#21,YAP1,deepseek-chat,Loss_of_function,Uncertain significance,0.3,PM2;PP3,"Williamson KA, et al., Am J Hum Genet, 2014;Robb L, et al., Hum Mol Genet, 1998",,2.77,
urn:mavedb:00000053-a-1#59,DLG4,deepseek-chat,Loss_of_function,Uncertain significance,0.6,PM2;PP3;PP4,"Moutton et al., Genetics in Medicine, 2018;Grant et al., Nature Reviews Neuroscience, 2005",,2.52,
urn:mavedb:00000002-a-1#28,,deepseek-chat,Loss_of_function,Uncertain significance,0.1,,,,1.63,
urn:mavedb:00000002-a-1#28,,kimi-k2.6,Loss_of_function,Uncertain significance,0.1,,,,2.01,
urn:mavedb:00000002-a-1#29,,deepseek-chat,Loss_of_function,Uncertain significance,0.1,,,,1.96,
urn:mavedb:00000053-a-1#60,DLG4,kimi-k2.6,Loss_of_function,Uncertain significance,0.2,,,,2.27,
urn:mavedb:00000053-a-1#59,DLG4,kimi-k2.6,Loss_of_function,Uncertain significance,0.3,,"Richards S, Aziz N, Bale S, et al. Standards and guidelines for the interpretation of sequence variants: a joint consensus recommendation of the American College of Medical Genetics and Genomics and the Association for Molecular Pathology. Genet Med. 2015;17(5):405-424.",,5.39,
urn:mavedb:00000002-a-1#30,,deepseek-chat,Loss_of_function,Uncertain significance,0.1,,,,1.38,
urn:mavedb:00000002-a-1#30,,kimi-k2.6,Loss_of_function,Uncertain significance,0.0,,,,2.47,
urn:mavedb:00000053-a-1#60,DLG4,deepseek-chat,Loss_of_function,Uncertain significance,0.6,PM2;PP3,"Deciphering Developmental Disorders Study, Nature, 2017;Kaplanis et al., Nature, 2020",,2.9,
urn:mavedb:00000002-a-2#22,YAP1,deepseek-chat,Loss_of_function,Uncertain significance,0.6,PM2;PP3,"Richards et al., Genet Med, 2015",,2.15,
urn:mavedb:00000002-a-1#29,,kimi-k2.6,Loss_of_function,Uncertain significance,0.1,,"Richards S, Aziz N, Bale S, et al. Standards and guidelines for the interpretation of sequence variants: a joint consensus recommendation of the American College of Medical Genetics and Genomics and the Association for Molecular Pathology. Genet Med. 2015;17(5):405-424.",,5.13,
urn:mavedb:00000046-a-1#2,CD86,deepseek-chat,Loss_of_function,Uncertain significance,0.6,PM2;PP3,"Richards et al., Genet Med, 2015",,2.18,
urn:mavedb:00000002-a-2#22,YAP1,kimi-k2.6,Loss_of_function,Uncertain significance,0.2,,,,3.4,
urn:mavedb:00000046-a-1#2,CD86,kimi-k2.6,Loss_of_function,Uncertain significance,0.1,,"Richards S, Genet Med, 2015",,3.0,
urn:mavedb:00000002-a-1#31,,kimi-k2.6,Loss_of_function,Uncertain significance,0.1,,,,2.8,
urn:mavedb:00000002-a-1#31,,deepseek-chat,Loss_of_function,Uncertain significance,0.1,,,,1.8,
urn:mavedb:00000003-a-1#4,,deepseek-chat,Loss_of_function,Uncertain significance,0.1,,,,1.62,
urn:mavedb:00000066-a-1#2,GDI1,deepseek-chat,Loss_of_function,Uncertain significance,0.6,PM2;PP3,"Richards et al., Genet Med, 2015",,2.4,
urn:mavedb:00000066-a-1#2,GDI1,kimi-k2.6,Loss_of_function,Uncertain significance,0.1,,"D'Adamo et al., Nature Genetics, 1998 (GDI1 and XLID association)",,3.69,
urn:mavedb:00000003-a-1#4,,kimi-k2.6,Loss_of_function,Uncertain significance,0.1,,,,2.79,
urn:mavedb:00000067-a-1#2,TECR,deepseek-chat,Loss_of_function,Uncertain significance,0.6,PM2;PP3,"Richards et al., Genet Med, 2015",,2.28,
urn:mavedb:00000002-a-2#23,YAP1,deepseek-chat,Loss_of_function,Uncertain significance,0.6,PM2;PP3,"Richards et al., Genet Med, 2015;Jiao et al., Nat Genet, 2011 (YAP1 in cancer)",,2.63,
urn:mavedb:00000053-a-1#61,DLG4,deepseek-chat,Loss_of_function,Uncertain significance,0.6,PM2;PP3,"Tarpey et al., Nature Genetics, 2004 (DLG4 in intellectual disability);Grant et al., Nature Reviews Neuroscience, 2005 (PSD-95 function)",,2.63,
urn:mavedb:00000053-a-1#61,DLG4,kimi-k2.6,Loss_of_function,Uncertain significance,0.15,,,,2.77,
urn:mavedb:00000067-a-1#2,TECR,kimi-k2.6,Loss_of_function,Uncertain significance,0.3,,"Cheng et al., American Journal of Human Genetics, 2018 (TECR gene discovery)",,5.4,
urn:mavedb:00000002-a-1#32,,kimi-k2.6,Loss_of_function,Uncertain significance,0.1,,"Richards S, Aziz N, Bale S, et al. Standards and guidelines for the interpretation of sequence variants: a joint consensus recommendation of the American College of Medical Genetics and Genomics and the Association for Molecular Pathology. Genet Med. 2015;17(5):405-424.",,3.57,
urn:mavedb:00000002-a-1#32,,deepseek-chat,Loss_of_function,Uncertain significance,0.1,,"Richards S, et al. Genet Med. 2015;17(5):405-424.",,1.97,
urn:mavedb:00000055-b-1#1,NUDT15,deepseek-chat,Normal_function,Uncertain significance,0.6,PM2;PP3,"Richards S, et al. Genet Med. 2015;17(5):405-424",,2.14,
urn:mavedb:00000053-a-1#62,DLG4,kimi-k2.6,Normal_function,Uncertain significance,0.1,,,,2.65,
urn:mavedb:00000053-a-1#62,DLG4,deepseek-chat,Normal_function,Uncertain significance,0.6,PM2;PP3,"Richards et al., Genet Med, 2015",,2.56,
urn:mavedb:00000003-a-1#5,,deepseek-chat,Normal_function,Uncertain significance,0.1,,,,1.7,
urn:mavedb:00000055-b-1#1,NUDT15,kimi-k2.6,Normal_function,Pathogenic,0.85,PS1;PM1;PM2;PP3,"Yang JJ, Nat Genet, 2015; Tanaka Y, Pharmacogenomics J, 2015; Kakiyama M, J Gastroenterol, 2018",,4.22,
urn:mavedb:00000003-a-1#5,,kimi-k2.6,Normal_function,Uncertain significance,0.1,,,,3.37,
urn:mavedb:00000002-a-1#33,,deepseek-chat,Normal_function,Uncertain significance,0.1,,,,1.76,
urn:mavedb:00000049-a-2#1,MTHFR,deepseek-chat,Normal_function,Uncertain significance,0.6,PM2;PP3;BP4,"Richards S, et al. Standards and guidelines for the interpretation of sequence variants. Genet Med. 2015;17(5):405-424.",,2.44,
urn:mavedb:00000002-a-1#33,,kimi-k2.6,Normal_function,Uncertain significance,0.1,,,,2.64,
urn:mavedb:00000055-b-1#2,NUDT15,deepseek-chat,Normal_function,Uncertain significance,0.6,PM2;PP3,"Karczewski KJ, et al. Nature, 2020 (gnomAD);Ioannidis NM, et al. Am J Hum Genet, 2016 (MetaSVM)",,2.49,
urn:mavedb:00000005-a-1#1,CBS,deepseek-chat,Normal_function,Uncertain significance,0.6,PM2;PP3;PP4,"Richards S, et al. Standards and guidelines for the interpretation of sequence variants. Genet Med. 2015;17(5):405-424.",,3.11,
urn:mavedb:00000005-a-1#1,CBS,kimi-k2.6,Normal_function,Uncertain significance,0.2,,"Richards S, Genet Med, 2015;Kraus JP, Hum Mutat, 1999",,3.7,
urn:mavedb:00000055-b-1#2,NUDT15,kimi-k2.6,Normal_function,Pathogenic,0.85,PS1;PM3_Strong;PP4,"Yang et al, JAMA, 2014; Tanaka et al, Pharmacogenomics J, 2015; Kakuta et al, Pharmacogenomics, 2016; Li et al, Clin Pharmacol Ther, 2019",,5.51,
urn:mavedb:00000053-a-1#63,DLG4,deepseek-chat,Normal_function,Uncertain significance,0.6,PM2;BP4,"Richards et al., Genet Med, 2015",,2.12,
urn:mavedb:00000053-a-1#63,DLG4,kimi-k2.6,Normal_function,Benign,0.95,BA1;BP4;BP7,"Richards S, et al., Genet Med, 2015;Abou Tayoun AN, et al., Hum Mutat, 2018",,3.64,
urn:mavedb:00000049-a-1#1,MTHFR,deepseek-chat,Normal_function,Uncertain significance,0.6,PM2;PP3,"Richards et al., Genet Med, 2015",,2.07,
urn:mavedb:00000002-a-2#23,YAP1,kimi-k2.6,Loss_of_function,Uncertain significance,0.2,,,,16.04,
urn:mavedb:00000049-a-2#1,MTHFR,kimi-k2.6,Normal_function,Benign,0.95,BA1;BS1,"Frosst, Nat Genet, 1995 (for MTHFR C677T);Kumar, Hum Mutat, 2021;gnomAD database, v4.0",,10.64,
urn:mavedb:00000003-b-2#2,BRCA1,kimi-k2.6,Normal_function,Uncertain significance,0.3,,,,2.8,
urn:mavedb:00000001-a-3#1,,deepseek-chat,Normal_function,Uncertain significance,0.1,,"Richards S, et al. Genet Med. 2015;17(5):405-424",,2.16,
urn:mavedb:00000003-b-2#2,BRCA1,deepseek-chat,Normal_function,Uncertain significance,0.6,PM2;PP3,"Richards et al., Genet Med, 2015;ClinVar submission for BRCA1 c.669G>T (p.Lys223Asn)",,2.71,
urn:mavedb:00000001-a-3#1,,kimi-k2.6,Normal_function,Uncertain significance,0.1,,,,3.24,
urn:mavedb:00000049-a-4#1,MTHFR,deepseek-chat,Normal_function,Uncertain significance,0.6,PM2;PP3;BP4,"Richards et al., Genet Med, 2015",,2.49,
urn:mavedb:00000103-a-1#1,MAPK1,kimi-k2.6,Normal_function,Uncertain significance,0.2,,,,2.5,
urn:mavedb:00000103-a-1#1,MAPK1,deepseek-chat,Normal_function,Uncertain significance,0.6,PM2;PP3;PP4,"Richards et al., Genet Med, 2015;Tidyman & Rauen, Am J Med Genet, 2016",,3.0,
urn:mavedb:00000005-a-3#1,CBS,kimi-k2.6,Normal_function,Uncertain significance,0.2,,,,2.48,
urn:mavedb:00000049-a-1#1,MTHFR,kimi-k2.6,Normal_function,Uncertain significance,0.3,,,,8.88,
urn:mavedb:00000005-a-3#1,CBS,deepseek-chat,Normal_function,Uncertain significance,0.6,PM2;PP3;BP4,"Richards S, et al. Standards and guidelines for the interpretation of sequence variants. Genet Med. 2015;17(5):405-424.",,2.54,
urn:mavedb:00000095-a-1#1,CYP2C9,deepseek-chat,Normal_function,Uncertain significance,0.6,PM2;PP3,"CYP2C9 allele nomenclature, PharmGKB, 2024;ACMG/AMP guidelines, Richards et al., Genet Med, 2015",,2.58,
urn:mavedb:00000104-a-1#1,,deepseek-chat,Normal_function,Uncertain significance,0.1,,,,1.78,
urn:mavedb:00000104-a-1#1,,kimi-k2.6,Normal_function,Uncertain significance,0.1,,,,2.76,
urn:mavedb:00000095-a-1#1,CYP2C9,kimi-k2.6,Normal_function,Uncertain significance,0.2,,no specific references available for this specific variant,,4.63,
urn:mavedb:00000049-a-4#1,MTHFR,kimi-k2.6,Normal_function,Pathogenic,0.75,PM1;PM2;PP3,"Frosst P, Nat Genet, 1995; Rosen R, J Inherit Metab Dis, 2001; Trabetti E, Hum Genet, 2000",,8.22,
urn:mavedb:00000003-b-1#2,,deepseek-chat,Normal_function,Uncertain significance,0.1,,"Richards S, et al. Standards and guidelines for the interpretation of sequence variants. Genet Med. 2015;17(5):405-424.",,2.04,
urn:mavedb:00000003-b-1#2,,kimi-k2.6,Normal_function,Uncertain significance,0.1,,,,3.33,
urn:mavedb:00000036-a-1#1,LDLRAP1,kimi-k2.6,Normal_function,Uncertain significance,0.2,,,,2.5,
urn:mavedb:00000036-a-1#1,LDLRAP1,deepseek-chat,Normal_function,Uncertain significance,0.6,PM2;PP3;BP4,"Richards et al., Genet Med, 2015",,2.23,
urn:mavedb:00000053-a-1#64,DLG4,deepseek-chat,Normal_function,Uncertain significance,0.6,PM2;PP3,"Richards et al., Genet Med, 2015",,2.11,
urn:mavedb:00000049-a-3#1,MTHFR,deepseek-chat,Normal_function,Uncertain significance,0.6,PM2;PP3;BP4,"Richards S, et al. Genet Med. 2015;17(5):405-424",,2.16,
urn:mavedb:00000053-a-1#64,DLG4,kimi-k2.6,Normal_function,Uncertain significance,0.3,,"Richards S, et al., Genet Med, 2015; ACMG/AMP sequence variant interpretation guidelines",,3.66,
urn:mavedb:00000041-a-1#1,SRC,deepseek-chat,Normal_function,Uncertain significance,0.6,PM2;PP3;BP4,"Richards S, et al. Genet Med. 2015;17(5):405-424.",,2.53,
urn:mavedb:00000049-a-3#1,MTHFR,kimi-k2.6,Normal_function,Uncertain significance,0.3,,,,3.5,
urn:mavedb:00000041-a-1#1,SRC,kimi-k2.6,Normal_function,Uncertain significance,0.1,,,,3.42,
urn:mavedb:00000049-a-3#2,MTHFR,deepseek-chat,Normal_function,Uncertain significance,0.6,PM2;PP3,"Richards S, et al. Genet Med, 2015;Frosst P, et al. Nat Genet, 1995",,2.19,
urn:mavedb:00000036-a-1#2,LDLRAP1,kimi-k2.6,Normal_function,Uncertain significance,0.2,,,,2.75,
urn:mavedb:00000036-a-1#2,LDLRAP1,deepseek-chat,Normal_function,Uncertain significance,0.6,PM2;PP3,"Garcia CK et al., Science, 2001;Soutar AK & Naoumova RP, J Intern Med, 2007",,2.73,
urn:mavedb:00000053-a-1#65,DLG4,deepseek-chat,Normal_function,Uncertain significance,0.6,PM2_supporting;PP3_moderate,"Richards S, et al. Standards and guidelines for the interpretation of sequence variants. Genet Med. 2015;17(5):405-424.",,2.28,
urn:mavedb:00000053-a-1#65,DLG4,kimi-k2.6,Normal_function,Uncertain significance,0.3,,"Richards S, Genet Med, 2015;Oates S, Hum Mutat, 2023",,3.59,
urn:mavedb:00000103-b-1#1,MAPK1,kimi-k2.6,Normal_function,Uncertain significance,0.1,,"Richards S, Genet Med, 2015;O'Shea JJ, Annu Rev Genomics Hum Genet, 2019",,2.88,
urn:mavedb:00000049-a-3#2,MTHFR,kimi-k2.6,Normal_function,Pathogenic,0.75,PM1;PM2;PP3;PP4,"Rosenblatt DS, Erbe RW, Clin Perinatol, 1984; Froost P et al., Nat Genet, 1995; Rosenblatt DS, Nat Genet, 1995; Goyette P et al., Nat Genet, 1994",,5.92,
urn:mavedb:00000103-b-1#1,MAPK1,deepseek-chat,Normal_function,Uncertain significance,0.6,PM2;PP3;BP4,"Richards et al., Genet Med, 2015",,2.27,
urn:mavedb:00000005-a-3#2,CBS,deepseek-chat,Normal_function,Pathogenic,0.75,PM2;PM5;PP3;PP4,"Kraus JP, et al. Hum Mutat. 1999;13(5):362-375.;Kozich V, et al. Hum Mutat. 1997;10(2):113-120.",,3.04,
urn:mavedb:00000005-a-2#1,CBS,deepseek-chat,Normal_function,Uncertain significance,0.6,PM2;BP4;BP7,"Richards S, et al. Genet Med, 2015",,1.94,
urn:mavedb:00000049-a-3#3,MTHFR,deepseek-chat,Normal_function,Uncertain significance,0.6,PM2;PP3,"Richards et al., Genet Med, 2015",,2.12,
urn:mavedb:00000005-a-3#2,CBS,kimi-k2.6,Normal_function,Pathogenic,0.75,PM1;PM2;PP3,"Kraus et al., Hum Mutat, 1999;Mendes et al., Hum Mutat, 2014;Kozich et al., J Inherit Metab Dis, 2019",,5.22,
urn:mavedb:00000005-a-2#1,CBS,kimi-k2.6,Normal_function,Benign,0.95,BA1;BP4;BP7,"Richards S, Genet Med, 2015; den Dunnen JT, Hum Mutat, 2016",,4.15,
urn:mavedb:00000049-a-3#3,MTHFR,kimi-k2.6,Normal_function,Uncertain significance,0.3,,"Richards S, et al. Standards and guidelines for the interpretation of sequence variants. Genet Med. 2015;17(5):405-24",,3.74,
urn:mavedb:00000035-a-2#1,HMGCR,deepseek-chat,Normal_function,Uncertain significance,0.6,PM2;PP3,"Richards et al., Genet Med, 2015",,1.95,
urn:mavedb:00000035-a-2#1,HMGCR,kimi-k2.6,Normal_function,Uncertain significance,0.3,,"Richards S, Genet Med, 2015",,3.09,
urn:mavedb:00000049-a-4#2,MTHFR,deepseek-chat,Normal_function,Uncertain significance,0.6,PM2;PP3;BP4,"Richards et al., Genet Med, 2015",,2.09,
urn:mavedb:00000003-a-1#6,,deepseek-chat,Normal_function,Uncertain significance,0.1,,"Richards S, et al. Standards and guidelines for the interpretation of sequence variants. Genet Med. 2015;17(5):405-424.",,2.09,
urn:mavedb:00000003-b-1#3,,kimi-k2.6,Normal_function,Uncertain significance,0.1,,,,2.46,
urn:mavedb:00000003-b-1#3,,deepseek-chat,Normal_function,Uncertain significance,0.1,,"Richards S, et al. Genet Med. 2015;17(5):405-424",,1.98,
urn:mavedb:00000003-a-1#6,,kimi-k2.6,Normal_function,Uncertain significance,0.1,,"Richards S, Aziz N, Bale S, et al. Standards and guidelines for the interpretation of sequence variants: a joint consensus recommendation of the American College of Medical Genetics and Genomics and the Association for Molecular Pathology. Genet Med. 2015;17(5):405-424.",,4.49,
urn:mavedb:00000049-a-4#2,MTHFR,kimi-k2.6,Normal_function,Pathogenic,0.75,PM1;PM2;PP3,"Frosst P, Nat Genet, 1995;Rosenblatt DS, in Scriver CR, The Metabolic and Molecular Bases of Inherited Disease, 2001;Crider KS, Am J Med Genet A, 2011",,5.66,
urn:mavedb:00000005-a-6#1,,deepseek-chat,Normal_function,Uncertain significance,0.1,,,,1.85,
urn:mavedb:00000053-a-1#66,DLG4,deepseek-chat,Normal_function,Uncertain significance,0.6,PM2;PP3,"Richards S, et al. Standards and guidelines for the interpretation of sequence variants. Genet Med. 2015;17(5):405-424.",,2.88,
urn:mavedb:00000005-a-6#1,,kimi-k2.6,Normal_function,Uncertain significance,0.1,,"Richards S, Aziz N, Bale S, et al. Standards and guidelines for the interpretation of sequence variants: a joint consensus recommendation of the American College of Medical Genetics and Genomics and the Association for Molecular Pathology. Genet Med. 2015;17(5):405-424",,3.58,
urn:mavedb:00000049-a-6#1,MTHFR,kimi-k2.6,Normal_function,Uncertain significance,0.2,,,,2.52,
urn:mavedb:00000053-a-1#67,DLG4,deepseek-chat,Normal_function,Uncertain significance,0.6,PM2;PP3,"Grant SG, Nat Rev Neurosci, 2012;Moutin E, Mol Psychiatry, 2021",,3.03,
urn:mavedb:00000053-a-1#66,DLG4,kimi-k2.6,Normal_function,Uncertain significance,0.3,,"Richards S, et al., Standards and guidelines for the interpretation of sequence variants: a joint consensus recommendation of the American College of Medical Genetics and Genomics and the Association for Molecular Pathology. Genet Med. 2015;17(5):405-24.",,5.76,
urn:mavedb:00000053-a-1#67,DLG4,kimi-k2.6,Normal_function,Uncertain significance,0.1,,,,3.37,
urn:mavedb:00000049-a-6#1,MTHFR,deepseek-chat,Normal_function,Uncertain significance,0.6,PM2;PP3;BP4,"Whittle et al., Hum Mutat, 2012 (MTHFR variant classification);Frosst et al., Nat Genet, 1995 (MTHFR gene discovery)",,2.85,
urn:mavedb:00000005-a-6#2,,kimi-k2.6,Normal_function,Uncertain significance,0.1,,,,2.75,
urn:mavedb:00000005-a-6#2,,deepseek-chat,Normal_function,Uncertain significance,0.1,,"Richards S, et al. Standards and guidelines for the interpretation of sequence variants. Genet Med. 2015.",,1.97,
urn:mavedb:00000049-a-1#2,MTHFR,deepseek-chat,Normal_function,Uncertain significance,0.6,PM2;PP3,"Richards S, et al. Genet Med. 2015;17(5):405-424",,2.72,
urn:mavedb:00000053-a-1#68,DLG4,deepseek-chat,Normal_function,Uncertain significance,0.6,PM2;PP3,"Richards S, et al. Standards and guidelines for the interpretation of sequence variants. Genet Med. 2015;17(5):405-424.",,2.6,
urn:mavedb:00000053-a-1#69,DLG4,deepseek-chat,Normal_function,Uncertain significance,0.6,PM2;PP3,"Richards et al., Genet Med, 2015",,2.18,
urn:mavedb:00000053-a-1#69,DLG4,kimi-k2.6,Normal_function,Uncertain significance,0.15,,,,2.73,
urn:mavedb:00000053-a-1#68,DLG4,kimi-k2.6,Normal_function,Uncertain significance,0.2,,"Traynelis J, et al., Genome Med, 2016;Richards S, et al., Genet Med, 2015",,4.74,
urn:mavedb:00000053-a-1#70,DLG4,deepseek-chat,Normal_function,Uncertain significance,0.6,PM2;PP3,"Richards et al., Genet Med, 2015",,2.55,
urn:mavedb:00000053-a-1#70,DLG4,kimi-k2.6,Normal_function,Uncertain significance,0.2,,,,2.94,
urn:mavedb:00000002-a-2#24,YAP1,deepseek-chat,Normal_function,Uncertain significance,0.6,PM2;PP3,"Richards S, et al. Standards and guidelines for the interpretation of sequence variants. Genet Med. 2015;17(5):405-424.",,2.31,
urn:mavedb:00000049-a-1#2,MTHFR,kimi-k2.6,Normal_function,Benign,0.95,BA1;BS1,"Frosst P, Nat Genet, 1995;Clarke L, Am J Hum Genet, 2003;Kumar P, Nat Genet, 2009;gnomAD database, accessed 2024",,6.58,
urn:mavedb:00000002-a-2#24,YAP1,kimi-k2.6,Normal_function,Uncertain significance,0.3,,,,2.97,
urn:mavedb:00000005-a-6#3,,deepseek-chat,Normal_function,Uncertain significance,0.1,,"Richards et al., Genet Med, 2015",,2.05,
urn:mavedb:00000001-c-1#1,,kimi-k2.6,Normal_function,Uncertain significance,0.1,,,,2.97,
urn:mavedb:00000001-c-1#1,,deepseek-chat,Normal_function,Uncertain significance,0.1,,"Richards S, et al. Genet Med. 2015;17(5):405-424",,2.17,
urn:mavedb:00000005-a-6#4,,deepseek-chat,Normal_function,Uncertain significance,0.1,,"Richards et al., Genetics in Medicine, 2015",,2.17,
urn:mavedb:00000005-a-6#3,,kimi-k2.6,Normal_function,Uncertain significance,0.1,,"Richards S, Aziz N, Bale S, et al. Standards and guidelines for the interpretation of sequence variants: a joint consensus recommendation of the American College of Medical Genetics and Genomics and the Association for Molecular Pathology. Genet Med. 2015;17(5):405-424.",,4.86,
urn:mavedb:00000005-a-6#4,,kimi-k2.6,Normal_function,Uncertain significance,0.1,,,,3.21,
urn:mavedb:00000053-a-1#71,DLG4,kimi-k2.6,Normal_function,Uncertain significance,0.3,,,,2.84,
urn:mavedb:00000049-a-1#3,MTHFR,deepseek-chat,Normal_function,Uncertain significance,0.6,PM2;PP3,"Richards S, et al. Standards and guidelines for the interpretation of sequence variants. Genet Med. 2015;17(5):405-424.",,2.36,
urn:mavedb:00000053-a-1#71,DLG4,deepseek-chat,Normal_function,Uncertain significance,0.6,PM2;PP3;BP4,"Richards et al., Genet Med, 2015;Landrum et al., Nucleic Acids Res, 2018",,2.89,
urn:mavedb:00000104-a-2#1,,deepseek-chat,Normal_function,Uncertain significance,0.1,,"Richards S, et al. Standards and guidelines for the interpretation of sequence variants. Genet Med. 2015.",,2.19,
urn:mavedb:00000046-a-1#3,CD86,deepseek-chat,Normal_function,Uncertain significance,0.6,PM2;PP3,"Richards et al., Genet Med, 2015",,2.25,
urn:mavedb:00000046-a-1#3,CD86,kimi-k2.6,Normal_function,Uncertain significance,0.1,,"Richards S, Aziz N, Bale S, et al. Standards and guidelines for the interpretation of sequence variants: a joint consensus recommendation of the American College of Medical Genetics and Genomics and the Association for Molecular Pathology. Genet Med. 2015;17(5):405-424.",,3.65,
urn:mavedb:00000053-a-1#72,DLG4,deepseek-chat,Normal_function,Uncertain significance,0.6,PM2;PP3,"Deciphering Developmental Disorders Study, Nature, 2017;Kury et al., American Journal of Human Genetics, 2022",,2.22,
urn:mavedb:00000053-a-1#72,DLG4,kimi-k2.6,Normal_function,Uncertain significance,0.2,,,,2.91,
urn:mavedb:00000049-a-1#3,MTHFR,kimi-k2.6,Normal_function,Benign,0.95,BA1;BS1;BP4,"Frosst P, Nat Genet, 1995; Jacques PF, Circulation, 1996; Khandanpour N, J Vasc Surg, 2009; NCBI dbSNP rs2274976",,6.58,
urn:mavedb:00000104-a-1#2,,deepseek-chat,Normal_function,Uncertain significance,0.1,,"Richards et al., Genet Med, 2015",,1.82,
urn:mavedb:00000003-b-1#4,,deepseek-chat,Normal_function,Uncertain significance,0.1,,"Richards S, et al. Standards and guidelines for the interpretation of sequence variants. Genet Med. 2015.",,2.11,
urn:mavedb:00000104-a-2#1,,kimi-k2.6,Normal_function,Uncertain significance,0.1,,"Richards S, Aziz N, Bale S, et al. Standards and guidelines for the interpretation of sequence variants: a joint consensus recommendation of the American College of Medical Genetics and Genomics and the Association for Molecular Pathology. Genet Med. 2015;17(5):405-424",,6.86,
urn:mavedb:00000104-a-1#2,,kimi-k2.6,Normal_function,Uncertain significance,0.1,,,,3.16,
urn:mavedb:00000095-b-1#1,CYP2C9,deepseek-chat,Normal_function,Uncertain significance,0.6,PM2;PP3;BP4,"Richards et al., Genet Med, 2015",,1.78,
urn:mavedb:00000003-b-1#4,,kimi-k2.6,Normal_function,Uncertain significance,0.0,,"Richards S, Aziz N, Bale S, et al. Standards and guidelines for the interpretation of sequence variants: a joint consensus recommendation of the American College of Medical Genetics and Genomics and the Association for Molecular Pathology. Genet Med. 2015;17(5):405-424.",,4.35,
urn:mavedb:00000035-a-3#1,HMGCR,deepseek-chat,Normal_function,Uncertain significance,0.6,PM2;PP3;BP4,"Richards et al., Genet Med, 2015",,2.07,
urn:mavedb:00000035-a-3#1,HMGCR,kimi-k2.6,Normal_function,Uncertain significance,0.1,,,,3.37,
urn:mavedb:00000053-a-1#73,DLG4,deepseek-chat,Normal_function,Uncertain significance,0.6,PM2;BP4,"Richards S, et al. Standards and guidelines for the interpretation of sequence variants. Genet Med. 2015;17(5):405-424.",,2.24,
urn:mavedb:00000053-a-1#73,DLG4,kimi-k2.6,Normal_function,Benign,0.95,BA1;BP4;BP7,"ACMG Standards and Guidelines for the interpretation of sequence variants, Richards et al., Genet Med, 2015;Abou Tayoun et al., Hum Mutat, 2018",,4.43,
urn:mavedb:00000049-a-3#4,MTHFR,deepseek-chat,Normal_function,Pathogenic,0.95,PVS1;PM2;PP5,"Frosst P, et al. Nat Genet. 1995;10(1):111-113.;Goyette P, et al. Nat Genet. 1994;6(2):195-200.;Whittaker J, et al. Hum Mutat. 2016;37(10):1057-1064.",,2.95,
urn:mavedb:00000095-b-1#1,CYP2C9,kimi-k2.6,Normal_function,Benign,0.85,BA1;BS1,"Gaedigk et al., Pharmacogenomics, 2017; Allabi et al., Pharmacogenomics J, 2004; Relling et al., Clin Pharmacol Ther, 2010",,6.95,
urn:mavedb:00000003-b-2#3,BRCA1,deepseek-chat,Normal_function,Uncertain significance,0.6,PM2;BP4,"Easton DF, et al. Am J Hum Genet, 2007;Starita LM, et al. Genetics, 2015",,2.42,
urn:mavedb:00000049-a-3#4,MTHFR,kimi-k2.6,Normal_function,Pathogenic,0.95,PVS1;PM2_Supporting,"ACMG Standards and Guidelines for the interpretation of sequence variants, Richards et al., Genet Med, 2015;MTHFR gene; NCBI Gene database;gnomAD population frequency data",,4.63,
urn:mavedb:00000002-a-1#34,,deepseek-chat,Normal_function,Uncertain significance,0.1,,,,1.84,
urn:mavedb:00000096-a-1#1,GCK,deepseek-chat,Normal_function,Uncertain significance,0.6,PM2;BP4;BP7,"Richards S, et al. Standards and guidelines for the interpretation of sequence variants. Genet Med. 2015;17(5):405-424.",,2.64,
urn:mavedb:00000002-a-1#34,,kimi-k2.6,Normal_function,Uncertain significance,0.1,,,,2.35,
urn:mavedb:00000003-b-2#3,BRCA1,kimi-k2.6,Normal_function,Uncertain significance,0.3,,"Richards S, et al., Genet Med, 2015; BIC database; BRCA Exchange database",,5.58,
urn:mavedb:00000096-a-1#1,GCK,kimi-k2.6,Normal_function,Benign,0.95,BP7;BP4,"Richards S, Genet Med, 2015; Oza V, Hum Mutat, 2018",,4.43,
urn:mavedb:00000035-a-1#1,HMGCR,deepseek-chat,Normal_function,Uncertain significance,0.6,PM2;PP3,"Richards et al., Genet Med, 2015",,2.39,
urn:mavedb:00000003-a-1#7,,deepseek-chat,Normal_function,Uncertain significance,0.1,,"Richards S, et al. Standards and guidelines for the interpretation of sequence variants. Genet Med. 2015.",,2.31,
urn:mavedb:00000003-a-1#7,,kimi-k2.6,Normal_function,Uncertain significance,0.1,,,,2.84,
urn:mavedb:00000049-a-1#4,MTHFR,deepseek-chat,Normal_function,Uncertain significance,0.6,PM2;PP3,"Richards et al., Genet Med, 2015",,2.21,
urn:mavedb:00000035-a-1#1,HMGCR,kimi-k2.6,Normal_function,Uncertain significance,0.2,,"Richards S, et al., Genet Med, 2015;Benn M, et al., Hum Mutat, 2002",,5.57,
urn:mavedb:00000053-a-1#74,DLG4,deepseek-chat,Normal_function,Uncertain significance,0.6,PM2;PP3,"Richards et al., Genet Med, 2015",,2.24,
urn:mavedb:00000053-a-1#74,DLG4,kimi-k2.6,Normal_function,Uncertain significance,0.1,,,,2.73,
urn:mavedb:00000005-a-5#1,,deepseek-chat,Normal_function,Uncertain significance,0.6,PM2_supporting;BP4,"Richards S, et al. Genet Med. 2015;17(5):405-424",,2.02,
urn:mavedb:00000005-a-5#1,,kimi-k2.6,Normal_function,Uncertain significance,0.1,,,,3.5,
urn:mavedb:00000049-a-1#4,MTHFR,kimi-k2.6,Normal_function,Uncertain significance,0.3,,"Frosst P, Nat Genet, 1995 (for common MTHFR variants p.Ala222Val and p.Glu429Ala, not this variant);Gaugh DJ, Genet Med, 2018 (ACMG/AMP guidelines for MTHFR)",,5.5,
urn:mavedb:00000049-a-1#5,MTHFR,deepseek-chat,Normal_function,Uncertain significance,0.6,PM2;PP3,"Richards et al., Genet Med, 2015",,2.29,
urn:mavedb:00000050-a-1#6,MSH2,kimi-k2.6,Normal_function,Uncertain significance,0.3,,"Richards S, Genet Med, 2015;Tavtigian SV, Hum Mutat, 2018",,3.26,
urn:mavedb:00000104-a-1#3,,deepseek-chat,Normal_function,Uncertain significance,0.1,,,,1.79,
urn:mavedb:00000050-a-1#6,MSH2,deepseek-chat,Normal_function,Uncertain significance,0.6,PM2;PP3;BP4,"Thompson et al., Nat Genet, 2014;Ligtenberg et al., Nat Genet, 1998;Kansikas et al., Hum Mutat, 2011",,3.1,
urn:mavedb:00000049-a-1#5,MTHFR,kimi-k2.6,Normal_function,Benign,0.95,BA1;BS1,"Frosst P, Nat Genet, 1995; Botto LD, Am J Epidemiol, 2000; Khandanpour N, Cardiovasc Diabetol, 2009",,4.41,
urn:mavedb:00000055-b-1#3,NUDT15,deepseek-chat,Normal_function,Uncertain significance,0.6,PM2;PP3,"Moriyama T, et al. Nat Genet. 2016;48(4):367-373.",,2.03,
urn:mavedb:00000055-b-1#3,NUDT15,kimi-k2.6,Normal_function,Pathogenic,0.75,PM1;PM2;PP3;PP4,"Yang et al., JAMA, 2015;Tanaka et al., Pharmacogenomics J, 2015;Hawwa et al., Pharmacogenomics, 2015;Morin et al., Clin Pharmacol Ther, 2016",,4.52,
urn:mavedb:00000104-a-1#3,,kimi-k2.6,Normal_function,Uncertain significance,0.1,,"Richards S, Aziz N, Bale S, et al. Standards and guidelines for the interpretation of sequence variants: a joint consensus recommendation of the American College of Medical Genetics and Genomics and the Association for Molecular Pathology. Genet Med. 2015;17(5):405-424",,5.98,
urn:mavedb:00000049-a-1#6,MTHFR,deepseek-chat,Normal_function,Uncertain significance,0.6,PM2;PP3;BP4,"Richards S, et al. Standards and guidelines for the interpretation of sequence variants. Genet Med. 2015;17(5):405-424.",,2.49,
urn:mavedb:00000068-b-1#1,TP53,deepseek-chat,Normal_function,Pathogenic,0.95,PVS1;PS1;PM2;PP3;PP5,"Bouaoun L, et al. TP53 Variations in Human Cancers: New Lessons from the IARC TP53 Database and Genomics Data. Hum Mutat. 2016;37(9):865-876.;Kato S, et al. Understanding the function-structure and function-mutation relationships of p53 tumor suppressor protein by high-resolution missense mutation analysis. Proc Natl Acad Sci U S A. 2003;100(14):8424-8429.;Olivier M, et al. The IARC TP53 database: new online mutation analysis and recommendations to users. Hum Mutat. 2002;19(6):607-614.",,4.37,
urn:mavedb:00000068-b-1#1,TP53,kimi-k2.6,Normal_function,Pathogenic,0.75,PM1;PM2;PP2;PP3,"Kato S et al., PNAS, 2003; Bouaoun L et al., Hum Mutat, 2016; Richards S et al., Genet Med, 2015",,4.89,
urn:mavedb:00000049-a-1#6,MTHFR,kimi-k2.6,Normal_function,Uncertain significance,0.3,,,,4.68,
urn:mavedb:00000005-a-5#2,,deepseek-chat,Normal_function,Uncertain significance,0.1,,,,1.77,
urn:mavedb:00000005-a-5#2,,kimi-k2.6,Normal_function,Benign,0.95,BA1,"Sherman et al., Annals of Human Genetics, 1995; gnomAD database, accessed 2024",,3.45,
urn:mavedb:00000049-a-1#7,MTHFR,deepseek-chat,Normal_function,Uncertain significance,0.6,PM2;PP3,"Richards S, et al. Genet Med. 2015;17(5):405-424",,2.44,
urn:mavedb:00000053-a-1#75,DLG4,deepseek-chat,Normal_function,Uncertain significance,0.6,PM2;PP3;BP4,"Richards S, et al. Standards and guidelines for the interpretation of sequence variants. Genet Med. 2015;17(5):405-424.",,2.57,
urn:mavedb:00000049-a-1#7,MTHFR,kimi-k2.6,Normal_function,Uncertain significance,0.3,,"Rozen R, Hum Mutat, 2000;Frosst P, Nat Genet, 1995",,3.33,
urn:mavedb:00000103-c-1#1,MAPK1,kimi-k2.6,Normal_function,Uncertain significance,0.15,,,,3.18,
urn:mavedb:00000103-c-1#1,MAPK1,deepseek-chat,Normal_function,Uncertain significance,0.6,PM2;PP3,"Richards S, et al. Genet Med. 2015;17(5):405-424",,2.26,
urn:mavedb:00000035-a-3#2,HMGCR,deepseek-chat,Normal_function,Uncertain significance,0.6,PM2;PP3;PP4,"Richards et al., Genet Med, 2015;Whiffin et al., Genet Med, 2017",,2.68,
urn:mavedb:00000053-a-1#75,DLG4,kimi-k2.6,Normal_function,Uncertain significance,0.2,,"Fouquet S, et al. J Neurosci. 2009;29(41):12815-30;Oliva M, et al. Am J Hum Genet. 2020;107(4):719-736;Traynelis J, et al. Nat Genet. 2017;49(11):1765-1767",,5.4,
urn:mavedb:00000049-a-8#1,MTHFR,kimi-k2.6,Normal_function,Uncertain significance,0.3,,,,3.03,
urn:mavedb:00000035-a-3#2,HMGCR,kimi-k2.6,Normal_function,Uncertain significance,0.3,,"Richards S, et al. Standards and guidelines for the interpretation of sequence variants. Genet Med. 2015;17(5):405-24",,3.82,
urn:mavedb:00000049-a-8#1,MTHFR,deepseek-chat,Normal_function,Uncertain significance,0.6,PM2;PP3,"Richards et al., Genet Med, 2015",,2.21,
urn:mavedb:00000002-a-1#35,,deepseek-chat,Normal_function,Uncertain significance,0.1,,,,2.07,
urn:mavedb:00000055-a-1#1,NUDT15,deepseek-chat,Normal_function,Uncertain significance,0.6,PM2;BP4,"Moriyama T, et al. NUDT15 polymorphisms and thiopurine metabolism. Nat Genet. 2016;48(4):367-373.",,2.78,
urn:mavedb:00000003-a-2#2,BRCA1,deepseek-chat,Normal_function,Uncertain significance,0.6,PM2;PP3;BP4,"Richards et al., Genet Med, 2015;ClinVar submission for BRCA1 c.235T>C (p.Phe79Leu)",,2.52,
urn:mavedb:00000055-a-1#1,NUDT15,kimi-k2.6,Normal_function,Pathogenic,0.85,PS1;PM2;PP3,"Yang JJ, Nat Genet, 2015; Liang DC, J Clin Oncol, 2016; Tanaka Y, Pharmacogenomics J, 2017; Moriyama T, J Clin Invest, 2016",,4.99,
urn:mavedb:00000101-a-1#1,PTEN,deepseek-chat,Normal_function,Pathogenic,0.85,PM2;PM5;PP3;PP4,"Liaw D, et al. Nat Genet, 1997;Marsh DJ, et al. Hum Mol Genet, 1998;Nelen MR, et al. Nat Genet, 1997",,3.0,
urn:mavedb:00000002-a-1#35,,kimi-k2.6,Normal_function,Uncertain significance,0.0,,"Richards S, Aziz N, Bale S, et al. Standards and guidelines for the interpretation of sequence variants: a joint consensus recommendation of the American College of Medical Genetics and Genomics and the Association for Molecular Pathology. Genet Med. 2015;17(5):405-424",,6.12,
urn:mavedb:00000103-a-1#2,MAPK1,deepseek-chat,Normal_function,Uncertain significance,0.6,PM2;PP3;PP4,"Richards et al., Genet Med, 2015;MAPK1 gene reviews (OMIM 176948)",,2.64,
urn:mavedb:00000003-a-2#2,BRCA1,kimi-k2.6,Normal_function,Pathogenic,0.85,PS1;PM2;PP2;PP3,"Morris JR, et al., Cancer Res, 2006; Starita LM, et al., Nat Genet, 2015; Findlay GM, et al., Nature, 2018; Abkevich V, et al., JAMA, 2004; Easton DF, et al., Am J Hum Genet, 2007",,6.66,
urn:mavedb:00000103-a-1#2,MAPK1,kimi-k2.6,Normal_function,Uncertain significance,0.2,,,,4.22,
urn:mavedb:00000053-a-1#76,DLG4,deepseek-chat,Normal_function,Uncertain significance,0.6,PM2;PP3,"Richards et al., Genet Med, 2015",,2.07,
urn:mavedb:00000101-a-1#1,PTEN,kimi-k2.6,Normal_function,Pathogenic,0.85,PS1;PM2;PP2;PP3,"Yehia et al., Hum Mutat, 2021; Mester & Eng, Hum Mutat, 2013; Pilarski et al., J Natl Compr Canc Netw, 2013; Rodrigues et al., Nat Genet, 1997",,6.33,
urn:mavedb:00000053-a-1#76,DLG4,kimi-k2.6,Normal_function,Uncertain significance,0.2,,"Richards S, et al., Genet Med, 2015",,3.13,
urn:mavedb:00000049-a-2#2,MTHFR,deepseek-chat,Normal_function,Uncertain significance,0.6,PM2;PP3;BP4,"Richards S, et al. Standards and guidelines for the interpretation of sequence variants. Genet Med. 2015;17(5):405-424.",,2.45,
urn:mavedb:00000094-a-3#1,KCNQ4,kimi-k2.6,Normal_function,Uncertain significance,0.3,,,,2.61,
urn:mavedb:00000049-a-2#2,MTHFR,kimi-k2.6,Normal_function,Benign,0.95,BA1;BS1,"Frosst P, Nat Genet, 1995; Weisberg I, Mol Genet Metab, 1998; OMIM 607093",,4.11,
urn:mavedb:00000094-a-3#1,KCNQ4,deepseek-chat,Normal_function,Pathogenic,0.85,PM2;PS4;PM1;PP3,"Kubisch et al., Cell, 1999;Coucke et al., Hum Mol Genet, 1999;Hildebrand et al., Am J Hum Genet, 2008",,2.88,
urn:mavedb:00000001-c-2#1,CALM3,deepseek-chat,Normal_function,Uncertain significance,0.6,PM2;PP3;PP4,"Crotti L, et al. Circulation, 2013;Boczek NJ, et al. Heart Rhythm, 2016",,2.68,
urn:mavedb:00000068-c-1#3,TP53,deepseek-chat,Normal_function,Pathogenic,0.95,PVS1;PS1;PM2;PP3;PP5,"Bouaoun L, et al. TP53 Variations in Human Cancers: New Lessons from the IARC TP53 Database and Genomics Data. Hum Mutat. 2016;37(9):865-876.;Kato S, et al. Understanding the function-structure and function-mutation relationships of p53 tumor suppressor protein by high-resolution missense mutation analysis. Proc Natl Acad Sci U S A. 2003;100(14):8424-8429.;Varley JM, et al. Germ-line mutations of TP53 in Li-Fraumeni families: an extended study of 39 families. Cancer Res. 1997;57(15):3245-3252.",,4.02,
urn:mavedb:00000035-a-3#3,HMGCR,deepseek-chat,Normal_function,Uncertain significance,0.6,PM2;PP3,"Richards S, et al. Standards and guidelines for the interpretation of sequence variants. Genet Med. 2015;17(5):405-424.",,2.1,
urn:mavedb:00000035-a-3#3,HMGCR,kimi-k2.6,Normal_function,Uncertain significance,0.1,,,,3.06,
urn:mavedb:00000068-c-1#3,TP53,kimi-k2.6,Normal_function,Pathogenic,0.95,PS1;PM1;PM2;PP2;PP3,"Bouaoun et al., Hum Mutat, 2016; Kato et al., PNAS, 2003; Joerger & Fersht, Annu Rev Biochem, 2008",,5.09,
urn:mavedb:00000036-a-2#1,LDLRAP1,deepseek-chat,Normal_function,Uncertain significance,0.6,PM2;PP3,"Soutar AK, et al. J Intern Med, 2003;Garcia CK, et al. Science, 2001",,2.53,
urn:mavedb:00000001-c-2#1,CALM3,kimi-k2.6,Normal_function,Uncertain significance,0.2,,"Richards S, et al., Genet Med, 2015;Oates EC, et al., Neurology, 2018 (CALM-related conditions primarily associated with CALM1)",,5.89,
urn:mavedb:00000001-d-1#1,,deepseek-chat,Normal_function,Uncertain significance,0.1,,"Richards S, et al. Genet Med. 2015;17(5):405-424",,2.4,
urn:mavedb:00000053-a-1#77,DLG4,deepseek-chat,Normal_function,Uncertain significance,0.7,PM2;BP4;BP7,"Richards et al., Genet Med, 2015",,2.14,
urn:mavedb:00000001-d-1#1,,kimi-k2.6,Normal_function,Uncertain significance,0.1,,"Richards S, Aziz N, Bale S, et al. Standards and guidelines for the interpretation of sequence variants: a joint consensus recommendation of the American College of Medical Genetics and Genomics and the Association for Molecular Pathology. Genet Med. 2015;17(5):405-424",,4.49,
urn:mavedb:00000036-a-2#1,LDLRAP1,kimi-k2.6,Normal_function,Uncertain significance,0.2,,"Richards S, Aziz N, Bale S, et al. Standards and guidelines for the interpretation of sequence variants: a joint consensus recommendation of the American College of Medical Genetics and Genomics and the Association for Molecular Pathology. Genet Med. 2015;17(5):405-424.",,5.02,
urn:mavedb:00000053-a-1#77,DLG4,kimi-k2.6,Normal_function,Benign,0.95,BP4;BP7,"Richards S, et al., Genet Med, 2015; ACMG/AMP sequence variant interpretation guidelines",,4.09,
urn:mavedb:00000053-a-1#78,DLG4,deepseek-chat,Normal_function,Uncertain significance,0.6,PM2;PP3,"Richards S, et al. Standards and guidelines for the interpretation of sequence variants. Genet Med. 2015;17(5):405-424.",,3.51,
urn:mavedb:00000053-a-1#78,DLG4,kimi-k2.6,Normal_function,Uncertain significance,0.2,,"Richards S, et al., Genet Med, 2015;Ohta Y, et al., J Neurosci, 2004",,3.94,
urn:mavedb:00000049-a-4#3,MTHFR,deepseek-chat,Normal_function,Uncertain significance,0.6,PM2;PP3;BP4,"Richards et al., Genet Med, 2015;Whong et al., Hum Mutat, 2018",,2.39,
urn:mavedb:00000053-a-1#79,DLG4,deepseek-chat,Normal_function,Uncertain significance,0.6,PM2;PP3,"Richards et al., Genet Med, 2015",,2.47,
urn:mavedb:00000036-a-2#2,LDLRAP1,kimi-k2.6,Normal_function,Uncertain significance,0.3,,"Richards S, et al. Standards and guidelines for the interpretation of sequence variants. Genet Med. 2015;17(5):405-24.",,2.81,
urn:mavedb:00000036-a-2#2,LDLRAP1,deepseek-chat,Normal_function,Uncertain significance,0.6,PM2;PP3,"Garcia CK et al, Nat Genet, 2001;Soutar AK & Naoumova RP, Lancet, 2007",,3.17,
urn:mavedb:00000005-a-4#1,CBS,deepseek-chat,Normal_function,Uncertain significance,0.6,PM2;PP3;PP4,"Kozich V, et al. Hum Mutat, 1997;Kruger WD, et al. Hum Mutat, 2003",,2.72,
urn:mavedb:00000053-a-1#79,DLG4,kimi-k2.6,Normal_function,Uncertain significance,0.3,,"Richards S, et al., Genet Med, 2015;O'Roak BJ, et al., Nature, 2012 (DLG4 in autism);Tarabehi M, et al., Genet Med, 2021",,6.13,
urn:mavedb:00000001-b-1#1,SUMO1,kimi-k2.6,Normal_function,Benign,0.95,BP7;BP4,"Richards S, et al., Genet Med, 2015;Tayebi N, et al., Hum Mutat, 2017",,3.16,
urn:mavedb:00000001-b-1#1,SUMO1,deepseek-chat,Normal_function,Uncertain significance,0.6,PM2;BP4;BP7,"Richards S, et al. Standards and guidelines for the interpretation of sequence variants. Genet Med. 2015;17(5):405-424.",,2.52,
urn:mavedb:00000049-a-4#3,MTHFR,kimi-k2.6,Normal_function,Benign,0.95,BA1;BS1,"Frosst P, Nat Genet, 1995; Rosenberg N, Br J Nutr, 2011; NCBI dbSNP rs2274976; ClinVar entry for NM_005957.5(MTHFR):c.1617C>G (p.His539Met)",,7.71,
urn:mavedb:00000049-a-2#3,MTHFR,deepseek-chat,Normal_function,Uncertain significance,0.6,PM2;PP3;BP4,"Richards S, et al. Genet Med. 2015;17(5):405-424",,2.11,
urn:mavedb:00000005-a-4#1,CBS,kimi-k2.6,Normal_function,Pathogenic,0.75,PM1;PM2;PP3,"Kraus et al., Hum Mutat, 1999; Hruz et al., J Inherit Metab Dis, 2020; gnomAD database; REVEL, PolyPhen-2, SIFT predictions",,6.52,
urn:mavedb:00000049-a-2#3,MTHFR,kimi-k2.6,Normal_function,Uncertain significance,0.3,,"Rozen R, Metafunction, 2000;Frosst P et al., Nat Genet, 1995",,3.46,
urn:mavedb:00000001-c-1#2,,deepseek-chat,Normal_function,Uncertain significance,0.1,,,,1.81,
urn:mavedb:00000001-c-1#2,,kimi-k2.6,Normal_function,Uncertain significance,0.1,,,,3.12,
urn:mavedb:00000049-a-2#4,MTHFR,deepseek-chat,Normal_function,Uncertain significance,0.6,PM2;PP3;BP4,"Richards S, et al. Standards and guidelines for the interpretation of sequence variants. Genet Med. 2015;17(5):405-424.",,2.48,
urn:mavedb:00000049-a-7#1,MTHFR,deepseek-chat,Normal_function,Uncertain significance,0.6,PM2;PP3;BP4,"Richards et al., Genet Med, 2015",,2.1,
urn:mavedb:00000049-a-7#1,MTHFR,kimi-k2.6,Normal_function,Uncertain significance,0.3,,,,2.88,
urn:mavedb:00000103-a-1#3,MAPK1,kimi-k2.6,Normal_function,Uncertain significance,0.3,,,,3.41,
urn:mavedb:00000049-a-2#4,MTHFR,kimi-k2.6,Normal_function,Benign,0.95,BA1;BS1,"Frosst P, Nat Genet, 1995; Jacques PF et al., Circulation, 1996; Crider KS et al., Am J Clin Nutr, 2011; OMIM #607093",,5.39,
urn:mavedb:00000053-a-1#80,DLG4,kimi-k2.6,Normal_function,Uncertain significance,0.2,,,,2.26,
urn:mavedb:00000103-a-1#3,MAPK1,deepseek-chat,Normal_function,Uncertain significance,0.6,PM2;PP3,"Richards et al., Genet Med, 2015",,2.4,
urn:mavedb:00000053-a-1#80,DLG4,deepseek-chat,Normal_function,Uncertain significance,0.6,PM2;PP3,"Richards et al., Genet Med, 2015",,2.43,
urn:mavedb:00000104-a-2#2,,deepseek-chat,Normal_function,Uncertain significance,0.1,,,,1.62,
urn:mavedb:00000104-a-2#2,,kimi-k2.6,Normal_function,Uncertain significance,0.1,,,,2.45,
urn:mavedb:00000049-a-5#1,MTHFR,deepseek-chat,Normal_function,Uncertain significance,0.6,PM2;PP3,"Frosst P, et al. Nat Genet. 1995;10:111-113;Goyette P, et al. Am J Hum Genet. 1998;63:1258-1268",,2.62,
urn:mavedb:00000101-a-1#2,PTEN,deepseek-chat,Normal_function,Pathogenic,0.75,PM2;PM5;PP3;PP4,"Liaw D, et al. Nat Genet. 1997;16(1):64-67;Marsh DJ, et al. Hum Mol Genet. 1998;7(3):507-515;Nelen MR, et al. Nat Genet. 1997;16(1):64-67",,3.06,
urn:mavedb:00000049-a-8#2,MTHFR,deepseek-chat,Normal_function,Uncertain significance,0.6,PM2;PP3;BP4,"Richards et al., Genet Med, 2015",,2.07,
urn:mavedb:00000035-a-1#2,HMGCR,deepseek-chat,Normal_function,Uncertain significance,0.6,PM2;PP3,"Richards et al., Genet Med, 2015",,2.31,
urn:mavedb:00000101-a-1#2,PTEN,kimi-k2.6,Normal_function,Pathogenic,0.85,PS1;PM2;PP2;PP3,"Yehia L, Keelan C, Eng C, 2020, Genet Med; Mester JL, Ghosh R, Pesaran T, et al., 2012, Hum Mutat; Pilarski R, Burt R, Kohlman W, et al., 2013, J Natl Compr Canc Netw; Tan MH, Mester J, Peterson C, et al., 2011, Am J Hum Genet",,7.62,
urn:mavedb:00000035-a-1#2,HMGCR,kimi-k2.6,Normal_function,Uncertain significance,0.3,,"Richards S, Genet Med, 2015;Benn M, Curr Opin Lipidol, 2011",,3.91,
urn:mavedb:00000053-a-1#81,DLG4,kimi-k2.6,Normal_function,Uncertain significance,0.2,,,,2.06,
urn:mavedb:00000049-a-8#2,MTHFR,kimi-k2.6,Normal_function,Uncertain significance,0.3,,"Rozen R, Mol Genet Metab, 2000; Frosst P, Nat Genet, 1995",,5.07,
urn:mavedb:00000053-a-1#81,DLG4,deepseek-chat,Normal_function,Uncertain significance,0.6,PM2_supporting;PP3_moderate,"Richards S, et al. Standards and guidelines for the interpretation of sequence variants. Genet Med. 2015;17(5):405-424.",,2.91,
urn:mavedb:00000049-a-7#2,MTHFR,deepseek-chat,Normal_function,Uncertain significance,0.6,PM2;PP3,"Richards et al., Genet Med, 2015",,1.89,
urn:mavedb:00000049-a-7#2,MTHFR,kimi-k2.6,Normal_function,Uncertain significance,0.3,,,,2.51,
urn:mavedb:00000053-a-1#82,DLG4,deepseek-chat,Normal_function,Uncertain significance,0.6,PM2;PP3,"Richards et al., Genet Med, 2015;Kosmicki et al., Am J Hum Genet, 2017",,2.96,
urn:mavedb:00000049-a-5#1,MTHFR,kimi-k2.6,Normal_function,Benign,0.95,BA1;BS1,"Frosst et al., Nat Genet, 1995; Botto & Yang, Am J Epidemiol, 2000; gnomAD database, accessed 2024",,9.96,
urn:mavedb:00000053-a-1#82,DLG4,kimi-k2.6,Normal_function,Uncertain significance,0.2,,,,3.82,
urn:mavedb:00000046-a-3#1,CD86,kimi-k2.6,Normal_function,Uncertain significance,0.1,,"Richards S, et al., Genet Med, 2015, PMID: 25741868",,3.21,
urn:mavedb:00000046-a-3#1,CD86,deepseek-chat,Normal_function,Uncertain significance,0.6,PM2;PP3,"Richards et al., Genet Med, 2015",,2.3,
urn:mavedb:00000078-b-1#1,VKORC1,deepseek-chat,Normal_function,Uncertain significance,0.6,PM2;PP3,"Rost et al., Nature, 2004;Li et al., Blood, 2009",,2.39,
urn:mavedb:00000005-a-4#2,CBS,deepseek-chat,Normal_function,Uncertain significance,0.6,PM2;BP4;BP7,"Richards S, et al. Genet Med. 2015;17(5):405-424.",,2.45,
urn:mavedb:00000049-a-6#2,MTHFR,deepseek-chat,Normal_function,Uncertain significance,0.6,PM2;PP3;BP4,"Richards et al., Genet Med, 2015",,2.17,
urn:mavedb:00000053-a-1#83,DLG4,deepseek-chat,Normal_function,Uncertain significance,0.6,PM2;PP3,"Richards et al., Genet Med, 2015",,2.45,
urn:mavedb:00000053-a-1#83,DLG4,kimi-k2.6,Normal_function,Uncertain significance,0.3,,"Tarussova et al., Brain Dev, 2020; Walsh et al., Am J Hum Genet, 2010",,3.25,
urn:mavedb:00000005-a-4#2,CBS,kimi-k2.6,Normal_function,Benign,0.95,BA1;BP4;BP7,"Karczewski KJ, Nature, 2020 (gnomAD);Richards S, Genet Med, 2015 (ACMG guidelines);Whiffin N, Am J Hum Genet, 2017 (synonymous variant interpretation)",,5.39,
urn:mavedb:00000078-b-1#1,VKORC1,kimi-k2.6,Normal_function,Uncertain significance,0.2,,"Rieder MJ, Reiner AP, Gage BF, et al. Effect of VKORC1 haplotypes on transcriptional regulation and warfarin dose. N Engl J Med. 2005;352(22):2285-2293;Goodstadt L, Ponting CP. Vitamin K epoxide reductase: homology, active sites and catalytic mechanism. Protein Sci. 2004;13(6):1691-1698",,6.64,
urn:mavedb:00000049-a-6#2,MTHFR,kimi-k2.6,Normal_function,Uncertain significance,0.3,,"Rozen R, Mol Genet Metab, 2000; Frosst P et al., Nat Genet, 1995",,4.56,
urn:mavedb:00000001-a-2#1,,deepseek-chat,Normal_function,Uncertain significance,0.1,,,,2.04,
urn:mavedb:00000096-a-1#2,GCK,deepseek-chat,Normal_function,Uncertain significance,0.6,PM2;BP4,"Richards S, et al. Genet Med. 2015;17(5):405-424",,2.36,
urn:mavedb:00000096-a-1#2,GCK,kimi-k2.6,Normal_function,Benign,0.95,BA1;BP4;BP7,"ACMG Standards and Guidelines for the interpretation of sequence variants, Richards et al., Genet Med, 2015;GCK variant database, Monogenic Diabetes Registry, University of Chicago",,4.67,
urn:mavedb:00000001-a-2#1,,kimi-k2.6,Normal_function,Uncertain significance,0.0,,,,3.07,
urn:mavedb:00000001-c-1#3,,deepseek-chat,Normal_function,Uncertain significance,0.1,,,,1.71,
urn:mavedb:00000102-0-1#1,PTEN,deepseek-chat,Normal_function,Pathogenic,0.95,PVS1;PM2;PVS1_Strong,"Pilarski R, et al. Cowden syndrome and the PTEN hamartoma tumor syndrome: systematic review and revised diagnostic criteria. J Natl Cancer Inst. 2013;105(21):1607-1616.;Marsh DJ, et al. Mutation spectrum and genotype-phenotype analyses in Cowden disease and Bannayan-Zonana syndrome, two hamartoma syndromes with germline PTEN mutation. Hum Mol Genet. 1998;7(3):507-515.",,3.96,
urn:mavedb:00000001-c-1#3,,kimi-k2.6,Normal_function,Uncertain significance,0.0,,,,2.87,
urn:mavedb:00000053-a-1#84,DLG4,deepseek-chat,Normal_function,Uncertain significance,0.6,PM2;PP3,"Richards et al., Genet Med, 2015",,2.37,
urn:mavedb:00000053-a-1#84,DLG4,kimi-k2.6,Normal_function,Uncertain significance,0.2,,,,2.71,
urn:mavedb:00000102-0-1#1,PTEN,kimi-k2.6,Normal_function,Pathogenic,0.95,PVS1;PM2_Supporting,"Schrager et al., Hum Mutat, 2016; Mester et al., J Med Genet, 2011; Pilarski et al., J Natl Compr Canc Netw, 2013; Abdel-Rahman et al., Genet Med, 2015",,6.12,
urn:mavedb:00000035-a-1#3,HMGCR,kimi-k2.6,Normal_function,Uncertain significance,0.2,,,,3.03,
urn:mavedb:00000035-a-1#3,HMGCR,deepseek-chat,Normal_function,Uncertain significance,0.6,PM2;PP3,"Richards et al., Genet Med, 2015",,2.41,
urn:mavedb:00000005-a-1#2,CBS,deepseek-chat,Normal_function,Uncertain significance,0.6,PVS1_Not_applicable;PM2_Supporting;BP7_Not_applicable,"Richards et al., Genet Med, 2015",,2.67,
urn:mavedb:00000005-a-1#2,CBS,kimi-k2.6,Normal_function,Benign,0.95,BA1;BP4;BP7,"Richards S, Genet Med, 2015; Oza V, Hum Mutat, 2018",,3.59,
urn:mavedb:00000103-c-1#2,MAPK1,deepseek-chat,Normal_function,Uncertain significance,0.6,PM2;PP3;BP4,"Richards S, et al. Standards and guidelines for the interpretation of sequence variants. Genet Med. 2015;17(5):405-424.",,2.34,
urn:mavedb:00000036-a-2#3,LDLRAP1,deepseek-chat,Normal_function,Uncertain significance,0.6,PM2;PP3,"Richards et al., Genet Med, 2015",,2.37,
urn:mavedb:00000027-a-1#1,,kimi-k2.6,Normal_function,Uncertain significance,0.0,,,,2.37,
urn:mavedb:00000027-a-1#1,,deepseek-chat,Normal_function,Uncertain significance,0.1,,,,1.97,
urn:mavedb:00000053-a-1#85,DLG4,kimi-k2.6,Normal_function,Uncertain significance,0.3,,,,2.78,
urn:mavedb:00000053-a-1#85,DLG4,deepseek-chat,Normal_function,Uncertain significance,0.6,PM2;PP3,"Landrum et al., Nucleic Acids Research, 2018;Kopanos et al., Bioinformatics, 2019",,2.51,
urn:mavedb:00000103-c-1#2,MAPK1,kimi-k2.6,Normal_function,Uncertain significance,0.2,,,,6.25,
urn:mavedb:00000036-a-2#3,LDLRAP1,kimi-k2.6,Normal_function,Pathogenic,0.75,PM1;PM2;PP3,"Fitzgerald et al., J Clin Invest, 2003; Garcia et al., Hum Mutat, 2001; Gaudet et al., Nucleic Acids Res, 2016 (ClinVar); Abifadel et al., Nat Genet, 2003",,5.63,
urn:mavedb:00000049-a-3#5,MTHFR,deepseek-chat,Normal_function,Uncertain significance,0.6,PM2;PP3;BP4,"Whitton et al., Hum Mutat, 2005;Frosst et al., Nat Genet, 1995",,2.43,
urn:mavedb:00000002-a-1#36,,deepseek-chat,Normal_function,Uncertain significance,0.1,,,,1.99,
urn:mavedb:00000002-a-1#36,,kimi-k2.6,Normal_function,Uncertain significance,0.1,,,,2.83,
urn:mavedb:00000095-a-1#2,CYP2C9,deepseek-chat,Normal_function,Uncertain significance,0.6,PM2;PP3;BP4,"Richards et al., Genet Med, 2015",,2.19,
urn:mavedb:00000049-a-3#5,MTHFR,kimi-k2.6,Normal_function,Benign,0.95,BA1;BS1,"Frosst, Nat Genet, 1995; Botto, Am J Epidemiol, 2000; Wilcken, J Mol Med, 2003; Khandanpour, Eur J Hum Genet, 2009",,4.46,
urn:mavedb:00000049-a-6#3,MTHFR,deepseek-chat,Normal_function,Uncertain significance,0.6,PM2;BP4;BP7,"Richards S, et al. Standards and guidelines for the interpretation of sequence variants. Genet Med. 2015;17(5):405-424.",,2.29,
urn:mavedb:00000001-a-3#2,,deepseek-chat,Normal_function,Uncertain significance,0.1,,"Richards S, et al. Genet Med. 2015;17(5):405-424",,2.12,
urn:mavedb:00000095-a-1#2,CYP2C9,kimi-k2.6,Normal_function,Pathogenic,0.75,PS1;PM1;PM2;PP3,"Gaikwad M et al., Pharmacogenomics, 2014; Aithal GP et al., Pharmacogenetics, 2000; Schwarz UI et al., Clin Pharmacol Ther, 2008",,5.18,
urn:mavedb:00000001-a-3#2,,kimi-k2.6,Normal_function,Uncertain significance,0.0,,,,2.91,
urn:mavedb:00000049-a-6#3,MTHFR,kimi-k2.6,Normal_function,Benign,0.95,BP4;BP7,"Richards S, Genet Med, 2015;den Dunnen JT, Hum Mutat, 2016",,4.75,
urn:mavedb:00000005-a-2#2,CBS,deepseek-chat,Normal_function,Pathogenic,0.95,PVS1;PM2;PP3,"Kozich V, et al. Hum Mutat. 1997;9(2):113-120.;Kraus JP, et al. Hum Mutat. 1999;13(5):362-375.",,2.53,
urn:mavedb:00000005-a-2#2,CBS,kimi-k2.6,Normal_function,Pathogenic,0.85,PVS1;PM2,"Richards S, Genet Med, 2015; ACMG Sequence Variant Interpretation Working Group guidelines",,4.04,
urn:mavedb:00000049-a-7#3,MTHFR,deepseek-chat,Normal_function,Uncertain significance,0.6,PM2;PP3;BP4,"Richards et al., Genet Med, 2015;Whong et al., Hum Mutat, 2018 (for MTHFR variant interpretation)",,2.45,
urn:mavedb:00000049-a-7#3,MTHFR,kimi-k2.6,Normal_function,Uncertain significance,0.3,,,,2.73,
urn:mavedb:00000002-a-2#25,YAP1,deepseek-chat,Normal_function,Uncertain significance,0.6,PM2;PP3,"Richards et al., Genet Med, 2015",,2.27,
urn:mavedb:00000005-a-6#5,,deepseek-chat,Normal_function,Uncertain significance,0.1,,,,1.73,
urn:mavedb:00000002-a-2#25,YAP1,kimi-k2.6,Normal_function,Uncertain significance,0.3,,"Richards S, et al. Standards and guidelines for the interpretation of sequence variants. Genet Med. 2015",,3.96,
urn:mavedb:00000005-a-6#5,,kimi-k2.6,Normal_function,Uncertain significance,0.1,,,,2.81,
urn:mavedb:00000104-a-2#3,,deepseek-chat,Normal_function,Uncertain significance,0.1,,"Richards et al., Genet Med, 2015",,1.93,
urn:mavedb:00000104-a-2#3,,kimi-k2.6,Normal_function,Uncertain significance,0.1,,,,2.62,
urn:mavedb:00000103-b-1#2,MAPK1,deepseek-chat,Normal_function,Uncertain significance,0.6,PM2;PP3,"Richards et al., Genet Med, 2015",,2.07,
urn:mavedb:00000103-b-1#2,MAPK1,kimi-k2.6,Normal_function,Uncertain significance,0.3,,"Richards S, Aziz N, Bale S, et al. Standards and guidelines for the interpretation of sequence variants: a joint consensus recommendation of the American College of Medical Genetics and Genomics and the Association for Molecular Pathology. Genet Med. 2015;17(5):405-424.",,4.0,
urn:mavedb:00000053-a-1#86,DLG4,deepseek-chat,Normal_function,Uncertain significance,0.6,PM2;PP3,"Richards et al., Genet Med, 2015",,2.64,
urn:mavedb:00000001-a-1#1,UBE2I,kimi-k2.6,Normal_function,Uncertain significance,0.1,,,,2.59,
urn:mavedb:00000053-a-1#86,DLG4,kimi-k2.6,Normal_function,Uncertain significance,0.3,,"Richards S, et al. Standards and guidelines for the interpretation of sequence variants. Genet Med. 2015;17(5):405-24",,2.89,
urn:mavedb:00000001-a-1#1,UBE2I,deepseek-chat,Normal_function,Uncertain significance,0.6,PM2;PP3,"Richards et al., Genet Med, 2015",,2.28,
urn:mavedb:00000049-a-2#5,MTHFR,kimi-k2.6,Normal_function,Uncertain significance,0.3,,,,2.32,
urn:mavedb:00000049-a-2#5,MTHFR,deepseek-chat,Normal_function,Uncertain significance,0.6,PM2;PP3;BP4,"Frosst P, et al. Nat Genet, 1995;Goyette P, et al. Nat Genet, 1994",,2.53,
urn:mavedb:00000053-a-1#87,DLG4,deepseek-chat,Normal_function,Uncertain significance,0.6,PM2;PP3,"Richards et al., Genet Med, 2015",,2.44,
urn:mavedb:00000005-a-4#3,CBS,deepseek-chat,Normal_function,Uncertain significance,0.6,PM2;PP3;BP4,"Richards S, et al. Genet Med. 2015;17(5):405-424.",,2.26,
urn:mavedb:00000053-a-1#87,DLG4,kimi-k2.6,Normal_function,Uncertain significance,0.15,,,,2.8,
urn:mavedb:00000001-d-1#2,,deepseek-chat,Normal_function,Uncertain significance,0.1,,"Richards S, et al. Standards and guidelines for the interpretation of sequence variants. Genet Med. 2015;17(5):405-424.",,2.39,
urn:mavedb:00000106-a-1#1,AICDA,kimi-k2.6,Normal_function,Uncertain significance,0.2,,,,2.44,
urn:mavedb:00000005-a-4#3,CBS,kimi-k2.6,Normal_function,Pathogenic,0.75,PM1;PM2;PP3,"Kraus et al., Hum Mutat, 1999; Mudd et al., Am J Hum Genet, 2001; Linnebank et al., Hum Mutat, 2001",,4.78,
urn:mavedb:00000001-d-1#2,,kimi-k2.6,Normal_function,Uncertain significance,0.1,,"Richards S, Aziz N, Bale S, et al. Standards and guidelines for the interpretation of sequence variants: a joint consensus recommendation of the American College of Medical Genetics and Genomics and the Association for Molecular Pathology. Genet Med. 2015;17(5):405-424.",,4.61,
urn:mavedb:00000106-a-1#1,AICDA,deepseek-chat,Normal_function,Pathogenic,0.75,PM2;PM5;PP3;PP4,"Revy P, et al. Cell, 2000;Muto T, et al. PNAS, 2006;Ta VT, et al. J Allergy Clin Immunol, 2013",,3.3,
urn:mavedb:00000053-a-1#88,DLG4,kimi-k2.6,Normal_function,Uncertain significance,0.3,,,,3.62,
urn:mavedb:00000001-a-2#2,,deepseek-chat,Normal_function,Uncertain significance,0.1,,,,2.15,
urn:mavedb:00000053-a-1#88,DLG4,deepseek-chat,Normal_function,Uncertain significance,0.6,PM2;PP3,"Deciphering Developmental Disorders Study, Nature, 2017;Kury et al., American Journal of Human Genetics, 2022",,2.55,
urn:mavedb:00000036-a-1#3,LDLRAP1,kimi-k2.6,Normal_function,Uncertain significance,0.15,,,,2.64,
urn:mavedb:00000001-a-2#2,,kimi-k2.6,Normal_function,Uncertain significance,0.1,,,,3.72,
urn:mavedb:00000001-a-1#2,UBE2I,kimi-k2.6,Normal_function,Uncertain significance,0.1,,,,2.28,
urn:mavedb:00000036-a-1#3,LDLRAP1,deepseek-chat,Normal_function,Uncertain significance,0.6,PM2;PP3,"Garcia CK et al., Science, 2001;Soutar AK et al., Curr Opin Lipidol, 2003",,3.11,
urn:mavedb:00000001-a-1#2,UBE2I,deepseek-chat,Normal_function,Uncertain significance,0.6,PM2;PP3,"Richards S, et al. Genet Med. 2015;17(5):405-424",,2.26,
urn:mavedb:00000002-a-2#26,YAP1,deepseek-chat,Normal_function,Uncertain significance,0.6,PM2;PP3,"Richards et al., Genet Med, 2015",,2.49,
urn:mavedb:00000049-a-3#6,MTHFR,deepseek-chat,Normal_function,Uncertain significance,0.6,PM2;PP3,"Richards S, et al. Standards and guidelines for the interpretation of sequence variants. Genet Med. 2015;17(5):405-424.",,3.01,
urn:mavedb:00000002-a-2#26,YAP1,kimi-k2.6,Normal_function,Uncertain significance,0.1,,"Richards S, Aziz N, Bale S, et al. Standards and guidelines for the interpretation of sequence variants: a joint consensus recommendation of the American College of Medical Genetics and Genomics and the Association for Molecular Pathology. Genet Med. 2015;17(5):405-424.",,5.73,
urn:mavedb:00000049-a-3#6,MTHFR,kimi-k2.6,Normal_function,Uncertain significance,0.3,,"Goyette P, Nat Genet, 1994; Frosst P, Nat Genet, 1995; Richards S, Genet Med, 2015",,5.85,
