AlleleID,GeneSymbol,model,prompt_class,llm_class,confidence,acmg_rules,references,parse_error,time_s,notes
1245256,CRLF1,qwen3.7-max,Benign,Likely benign,0.8,BP7,"Richards S, et al., Genet Med, 2015",,11.46,
1595058,STAG2,qwen3.7-max,Benign,Uncertain significance,0.5,,,,20.97,
544321,BCKDHB,qwen3.7-max,Pathogenic,Pathogenic,0.9,PVS1;PM2,"Chuang DT, et al. GeneReviews, 2006",,21.57,
1523421,ILK,qwen3.7-max,Benign,Uncertain significance,0.6,BP7,"Richards S, et al., Genet Med, 2015",,22.1,
46864,PSEN1,qwen3.7-max,Pathogenic,Pathogenic,0.95,PM1;PM2;PP1;PP3,"Cruts M, et al., Hum Mutat, 2012;Kamimura K, et al., Neurology, 1998",,25.32,
4931682,WAC,qwen3.7-max,Pathogenic,Pathogenic,0.85,PVS1;PM2,"DeSanto et al., Am J Hum Genet, 2015",,22.8,
4975120,CTNNA1,qwen3.7-max,Pathogenic,Pathogenic,0.95,PVS1;PM2,"Richards et al., Genet Med, 2015;ClinVar",,14.06,
1153278,NAXE,qwen3.7-max,Benign,Likely benign,0.8,BP7,"Richards et al., Genet Med, 2015",,14.93,
1196263,DRP2,qwen3.7-max,Benign,Uncertain significance,0.6,PM2,,,18.24,
53208,ANAPC15;LRTOMT;TOMT,qwen3.7-max,Benign,Uncertain significance,0.6,PM2;PP3,ClinVar,,14.58,
1224759,PTPRO,qwen3.7-max,Benign,Likely benign,0.7,BP7,"Richards et al., Genet Med, 2015",,10.72,
1154108,DRC1,qwen3.7-max,Benign,Uncertain significance,0.6,PM2;PP3,,,13.37,
350145,CYP24A1,qwen3.7-max,Benign,Uncertain significance,0.5,PM2,"Schlingmann KP, et al., N Engl J Med, 2011",,13.71,
102013,GNPTAB,qwen3.7-max,Benign,Likely benign,0.8,BP7,"Richards S, et al., Genet Med, 2015",,16.77,
1580096,IFT88,qwen3.7-max,Benign,Uncertain significance,0.5,PM2,,,13.95,
249748,PSEN2,qwen3.7-max,Benign,Likely benign,0.8,BP7,,,16.5,
51200,SGCB,qwen3.7-max,Pathogenic,Pathogenic,0.7,PM2;PP3,"Richards et al., Genet Med, 2015",,23.04,
420780,NF1,qwen3.7-max,Pathogenic,Pathogenic,0.95,PVS1;PM2,"Fahsold R, et al., Am J Hum Genet, 2000;Messiaen LM, et al., Neurology, 2000",,18.14,
4837281,NEB,qwen3.7-max,Pathogenic,Pathogenic,0.85,PVS1;PM2,"Richards S, et al., Genet Med, 2015",,11.69,
4907933,SYCE1,qwen3.7-max,Pathogenic,Uncertain significance,0.5,PM2,,,12.21,
4930494,COMP,qwen3.7-max,Pathogenic,Pathogenic,0.85,PM1;PM2;PP3,"Briggs et al., Nat Genet, 1995;Hecht et al., Am J Hum Genet, 1995",,27.85,
4968153,SALL1,qwen3.7-max,Pathogenic,Pathogenic,0.85,PVS1;PM2,"Kohlhase J, et al., Nat Genet, 1998;Botzenhart EM, et al., Hum Mutat, 2005",,20.86,
742994,TUBGCP6,qwen3.7-max,Benign,Uncertain significance,0.6,BP7,,,16.57,
1058555,ALPL,qwen3.7-max,Pathogenic,Uncertain significance,0.6,PM2;PP3,"Richards S, et al., Genet Med, 2015",,17.72,
4843691,COL5A1,qwen3.7-max,Pathogenic,Pathogenic,0.9,PVS1;PM2,"Richards et al., Genet Med, 2015",,20.62,
54277,TJP2,qwen3.7-max,Benign,Uncertain significance,0.4,PM2,,,14.36,
440858,PKD2,qwen3.7-max,Pathogenic,Pathogenic,0.9,PVS1;PM2,"Richards S, et al., Genet Med, 2015;Cornec-Le Gall E, et al., Am J Hum Genet, 2013",,29.1,
2040246,CAMTA1,qwen3.7-max,Benign,Uncertain significance,0.5,BP4,"Richards S, et al., Genet Med, 2015",,18.51,
4969148,GSK3B,qwen3.7-max,Pathogenic,Pathogenic,0.8,PVS1;PM2,"Richards S, et al., Genet Med, 2015",,21.33,
1631466,MRPS34,qwen3.7-max,Benign,Uncertain significance,0.6,PM2;PP3,"Richards et al., Genet Med, 2015",,17.54,
460150,JMJD1C,qwen3.7-max,Benign,Uncertain significance,0.6,PM2,"Richards et al., Genet Med, 2015",,13.93,
21628,ABCB11,qwen3.7-max,Pathogenic,Pathogenic,0.85,PVS1;PM2,"Richards S, et al., Genet Med, 2015;Strautnieks S, et al., Nat Genet, 1998",,34.88,
18029,SMPD1,qwen3.7-max,Pathogenic,Pathogenic,0.9,PVS1;PM2,ClinVar,,19.62,
1058545,IRF6,qwen3.7-max,Pathogenic,Pathogenic,0.95,PVS1;PM2,"Kondo S, et al., Nat Genet, 2002;de Lima RL, et al., Hum Mutat, 2009",,17.05,
3068484,NDUFB10,qwen3.7-max,Benign,Benign,0.9,BP7,,,23.39,
101787,DNAAF2,qwen3.7-max,Benign,Likely benign,0.7,BP7,,,11.93,
16005,LCA5,qwen3.7-max,Pathogenic,Pathogenic,0.95,PVS1;PM2,"den Hollander AI, et al., Nat Genet, 2006",,18.08,
4957403,ABCB4,qwen3.7-max,Pathogenic,Pathogenic,0.9,PVS1;PM2,"ClinVar, 2023, ABCB4 variant submissions",,16.82,
250601,COL4A4,qwen3.7-max,Benign,Uncertain significance,0.6,PM2,,,13.79,
3804420,LRP6,qwen3.7-max,Benign,Likely benign,0.9,BP7,"Richards et al., Genet Med, 2015",,10.62,
966088,ALMS1,qwen3.7-max,Pathogenic,Pathogenic,0.85,PVS1;PM2,"Marshall JD, Nat Genet, 2002",,22.93,
4898600,PLEKHG5,qwen3.7-max,Pathogenic,Pathogenic,0.95,PVS1;PM2,"Maystadt I, et al., Am J Hum Genet, 2013",,19.22,
265436,LRP5,qwen3.7-max,Benign,Likely benign,0.8,BP7,,,13.45,
4983623,SPG11,qwen3.7-max,Pathogenic,Pathogenic,0.9,PVS1;PM2,ClinVar,,23.45,
705698,DSCAM,qwen3.7-max,Benign,Likely benign,0.9,BP7,,,16.13,
4967699,PMS2,qwen3.7-max,Pathogenic,Pathogenic,0.9,PVS1;PM2,"ClinVar, 2023",,21.55,
276709,MTHFR,qwen3.7-max,Benign,Likely benign,0.8,BP7,,,18.07,
227651,MRTFA,qwen3.7-max,Benign,Uncertain significance,0.5,,,,13.45,
283717,MERTK,qwen3.7-max,Benign,Uncertain significance,0.6,BP7,"Richards S, et al., Genet Med, 2015",,21.28,
402616,RBFOX3,qwen3.7-max,Benign,Uncertain significance,0.5,,,,13.91,
195195,AGXT,qwen3.7-max,Benign,Likely benign,0.8,BP7,,,11.2,
4883803,C5,qwen3.7-max,Pathogenic,Pathogenic,0.85,PVS1;PM2,,,17.83,
141206,ADGRV1,qwen3.7-max,Benign,Uncertain significance,0.5,,,,17.84,
4925701,ATP7B,qwen3.7-max,Pathogenic,Pathogenic,0.95,PVS1;PM2,"ClinVar, 2023",,20.42,
134908,LAMC3,qwen3.7-max,Benign,Benign,0.9,BP7,"Richards S, et al., Genet Med, 2015",,15.48,
1925577,COL7A1,qwen3.7-max,Pathogenic,Pathogenic,0.85,PM1;PM2;PP3,"Varki R et al., Am J Hum Genet, 2006;Kern JS et al., Hum Mutat, 2006",,26.68,
1155059,IL7R,qwen3.7-max,Benign,Uncertain significance,0.4,PM2;PP3,"Puel A, et al., Science, 1998",,17.66,
1291638,CBL,qwen3.7-max,Benign,Uncertain significance,0.7,BP7,"Richards et al., Genet Med, 2015",,17.56,
4978250,BAP1,qwen3.7-max,Pathogenic,Pathogenic,0.95,PVS1;PM2,"Testa JR et al., Nat Genet, 2011;Popova T et al., Am J Hum Genet, 2013",,13.66,
317218,DBH,qwen3.7-max,Benign,Likely benign,0.8,BP7,"Richards et al., Genet Med, 2015",,15.28,
4921562,HEXB,qwen3.7-max,Pathogenic,Pathogenic,0.95,PVS1;PM2,"Richards et al., Genet Med, 2015",,14.82,
322164,TRPM1,qwen3.7-max,Benign,Likely benign,0.85,BP7,"Richards et al., Genet Med, 2015",,16.22,
4962933,DNAAF1,qwen3.7-max,Pathogenic,Pathogenic,0.95,PVS1;PM2,"Omran et al., Nature Genetics, 2008",,21.32,
2165753,GJA8,qwen3.7-max,Pathogenic,Pathogenic,0.85,PM1;PM2;PP3,"ClinVar, 2023",,23.01,
4967640,BRCA2,qwen3.7-max,Pathogenic,Pathogenic,0.95,PVS1;PM2,"Richards S, et al., Genet Med, 2015;ClinVar database, NCBI",,14.17,
1154927,PCDH12,qwen3.7-max,Benign,Likely benign,0.7,BP7,,,32.98,
55423,ADGRV1,qwen3.7-max,Benign,Likely benign,0.85,BP7,"Richards et al., Genet Med, 2015",,16.27,
22749,PMM2,qwen3.7-max,Pathogenic,Pathogenic,0.75,PM2;PP3,"ClinVar, NCBI, 2023",,20.91,
568925,NF1,qwen3.7-max,Pathogenic,Pathogenic,0.95,PVS1;PM2,"Richards et al., Genet Med, 2015",,25.7,
485840,AR,qwen3.7-max,Pathogenic,Pathogenic,0.75,PM2;PP3,"ClinVar, 2023",,20.68,
1709644,ASH1L,qwen3.7-max,Benign,Likely benign,0.8,BP7,,,12.07,
4958544,NDUFAF2,qwen3.7-max,Pathogenic,Pathogenic,0.85,PVS1;PM2,"Richards et al., Genet Med, 2015",,19.87,
343699,ATP1A3,qwen3.7-max,Benign,Likely benign,0.8,BP7,"Richards et al., Genet Med, 2015",,13.03,
269763,CACNA1A,qwen3.7-max,Benign,Uncertain significance,0.5,,,,15.02,
71374,CEP290,qwen3.7-max,Pathogenic,Pathogenic,0.9,PVS1;PM2,ClinVar,,19.21,
4957624,ABCB4,qwen3.7-max,Pathogenic,Pathogenic,0.9,PVS1;PM2,"Richards S, et al., Genet Med, 2015",,23.05,
4967675,MUTYH,qwen3.7-max,Pathogenic,Pathogenic,0.9,PVS1;PM2,"Cleary et al., Gastroenterology, 2009;Nielsen et al., Hum Mutat, 2011",,16.92,
442650,ATP1A2,qwen3.7-max,Pathogenic,Uncertain significance,0.6,PM2;PP3,"ClinVar, 2023",,14.22,
1155072,C9,qwen3.7-max,Benign,Likely benign,0.7,BP4,,,19.66,
108519,PAH,qwen3.7-max,Pathogenic,Pathogenic,0.7,PM2;PP3,"Blau N, et al. Hum Mutat, 2010",,21.25,
357079,PPT1,qwen3.7-max,Pathogenic,Pathogenic,0.95,PVS1;PM2,ClinVar,,18.22,
4931338,LOC108281182;NF1,qwen3.7-max,Pathogenic,Uncertain significance,0.5,,,,19.7,
1631944,NUP160,qwen3.7-max,Benign,Likely benign,0.8,BP7,"Richards et al., Genet Med, 2015",,19.23,
1540250,DHX32,qwen3.7-max,Benign,Uncertain significance,0.5,,,,16.98,
136040,TMEM237,qwen3.7-max,Benign,Likely benign,0.9,BP7,"Richards et al., Genet Med, 2015",,13.87,
626432,DMRT2,qwen3.7-max,Pathogenic,Uncertain significance,0.6,,"Richards S, et al., Genet Med, 2015",,18.7,
53691,MYH6,qwen3.7-max,Benign,Likely benign,0.8,BP7,"Richards S, et al., Genet Med, 2015",,34.65,
152448,BARD1,qwen3.7-max,Pathogenic,Pathogenic,0.95,PVS1;PM2,ClinVar,,17.41,
702597,COL4A2,qwen3.7-max,Benign,Likely benign,0.8,BP7,"Richards et al., Genet Med, 2015",,16.39,
288245,HGD,qwen3.7-max,Benign,Benign,0.9,BP7,"Richards S, et al., Genet Med, 2015",,20.77,
1984392,SKIC2,qwen3.7-max,Pathogenic,Pathogenic,0.85,PVS1;PM2,"ClinVar, 2023",,26.62,
98797,GALE,qwen3.7-max,Benign,Uncertain significance,0.7,BP7,"Richards et al., Genet Med, 2015",,18.07,
141675,KANSL1,qwen3.7-max,Benign,Likely benign,0.8,BP7,"Richards et al., Genet Med, 2015",,22.68,
229038,CCDC39,qwen3.7-max,Benign,Uncertain significance,0.6,PM2;PP3,"Richards et al., Genet Med, 2015",,15.35,
502395,ACTB,qwen3.7-max,Benign,Likely benign,0.8,BP7,,,18.55,
1157239,NFKBIA,qwen3.7-max,Benign,Uncertain significance,0.5,BP7,,,13.25,
792790,CEP290,qwen3.7-max,Pathogenic,Pathogenic,0.85,PVS1;PM2,"Richards et al., Genet Med, 2015",,14.06,
1686994,RET,qwen3.7-max,Benign,Uncertain significance,0.7,,,,16.43,
3227860,HNF4A,qwen3.7-max,Pathogenic,Pathogenic,0.75,PM1;PM2;PP3,ClinVar,,17.23,
77280,KRT14,qwen3.7-max,Pathogenic,Pathogenic,0.85,PVS1;PM2,"Richards et al., Genet Med, 2015",,21.97,
526210,EXT2,qwen3.7-max,Pathogenic,Pathogenic,0.95,PVS1;PM2,"Richards et al., Genet Med, 2015",,17.69,
4964569,MMACHC,qwen3.7-max,Pathogenic,Pathogenic,0.95,PVS1;PM2,"Lerner-Ellis JP, et al., Nat Genet, 2006",,17.67,
1610930,LRP2,qwen3.7-max,Benign,Likely benign,0.85,BP4;BP7,"Richards S, et al., Genet Med, 2015",,21.37,
508799,SLC6A3,qwen3.7-max,Benign,Likely benign,0.7,BP7,"Richards et al., Genet Med, 2015, ACMG/AMP guidelines",,19.19,
548414,GAA,qwen3.7-max,Pathogenic,Pathogenic,0.95,PVS1;PM2,"Hirschhorn R, et al., The Metabolic and Molecular Bases of Inherited Disease, 2001",,23.1,
142322,PCNT,qwen3.7-max,Benign,Likely benign,0.7,BP7,"Richards S, et al., Genet Med, 2015",,13.77,
1153710,SAMD11,qwen3.7-max,Benign,Likely benign,0.9,BP7,"Richards et al., Genet Med, 2015",,11.4,
54972,MYO3A,qwen3.7-max,Benign,Uncertain significance,0.5,,,,15.83,
1929730,CACNA2D2,qwen3.7-max,Benign,Uncertain significance,0.5,,,,17.4,
614518,SH3KBP1,qwen3.7-max,Pathogenic,Uncertain significance,0.5,,,,17.16,
32699,BRCA1,qwen3.7-max,Pathogenic,Pathogenic,0.9,PM1;PP3;PS3,ClinVar;ENIGMA consortium,,21.33,
1064730,FKRP,qwen3.7-max,Pathogenic,Pathogenic,0.85,PVS1;PM2,"Richards et al., Genet Med, 2015;Brockington et al., Am J Hum Genet, 2001",,20.3,
1156643,PUS3,qwen3.7-max,Benign,Uncertain significance,0.6,PM2,"Richards S, et al., Genet Med, 2015",,15.0,
252149,PEX3,qwen3.7-max,Benign,Likely benign,0.7,BP7,"Richards et al., Genetics in Medicine, 2015",,17.79,
4964743,LDLR,qwen3.7-max,Pathogenic,Pathogenic,0.95,PVS1;PM2,ClinVar,,17.89,
4942136,FH,qwen3.7-max,Pathogenic,Pathogenic,0.95,PVS1;PM2,"Tomlinson IP, et al., Nat Genet, 2002",,17.39,
4982650,FLNA,qwen3.7-max,Pathogenic,Pathogenic,0.95,PVS1;PM2,"Sheen et al., Nat Genet, 2001",,14.76,
4943987,SMARCA1,qwen3.7-max,Pathogenic,Pathogenic,0.85,PVS1;PM2,"Richards S, et al., Genet Med, 2015",,14.81,
4952202,DICER1,qwen3.7-max,Pathogenic,Pathogenic,0.95,PVS1;PM2,"Slade et al., Nature, 2011;Foulkes et al., N Engl J Med, 2014",,15.55,
4898579,BRIP1,qwen3.7-max,Pathogenic,Pathogenic,0.95,PVS1;PM2,"Richards S, et al., Genet Med, 2015",,24.17,
249854,SDCCAG8,qwen3.7-max,Benign,Likely benign,0.8,BP7,"Richards et al., Genet Med, 2015",,20.93,
256618,SMCHD1,qwen3.7-max,Benign,Likely benign,0.8,BP7,"Richards S, et al., Genet Med, 2015",,15.18,
2098218,WDR83OS,qwen3.7-max,Benign,Likely benign,0.8,BP7,,,12.19,
29503,RUNX1,qwen3.7-max,Pathogenic,Pathogenic,0.85,PM1;PM2;PP3,"Song WJ et al., Nat Genet, 1999;Mori H et al., Blood, 2012",,24.05,
53722,MYH9,qwen3.7-max,Benign,Likely benign,0.8,BP7,"Richards S, et al., Genet Med, 2015",,20.14,
2880021,HCFC1,qwen3.7-max,Benign,Uncertain significance,0.6,BP7,,,14.27,
4969614,MBD4,qwen3.7-max,Pathogenic,Pathogenic,0.85,PVS1;PM2,"Rodrigues et al., Nat Commun, 2019",,17.9,
1019846,AMT,qwen3.7-max,Pathogenic,Pathogenic,0.85,PVS1;PM2,"Richards S, et al., Genet Med, 2015",,28.64,
844029,SLC12A3,qwen3.7-max,Pathogenic,Pathogenic,0.85,PVS1;PM2,"Richards S, et al., Genet Med, 2015",,26.43,
134014,CAMTA1,qwen3.7-max,Benign,Uncertain significance,0.6,PM2,,,13.4,
22938,ABCA4,qwen3.7-max,Pathogenic,Uncertain significance,0.5,PM2,,,16.23,
44746,FBN1,qwen3.7-max,Pathogenic,Pathogenic,0.85,PVS1;PM2,"Loeys BL, et al., J Med Genet, 2010",,25.49,
1059332,MSH2,qwen3.7-max,Pathogenic,Pathogenic,0.9,PVS1;PM2,"Kansikas et al., Hum Mutat, 2017;ClinVar",,24.77,
71369,CEP290,qwen3.7-max,Pathogenic,Pathogenic,0.95,PVS1;PM2,"Richards et al., Genet Med, 2015",,17.34,
714746,TELO2,qwen3.7-max,Benign,Uncertain significance,0.4,PM2,,,13.97,
286984,PIKFYVE,qwen3.7-max,Benign,Uncertain significance,0.5,BP7,,,15.61,
741921,CREB3L3,qwen3.7-max,Benign,Likely benign,0.8,BP7,"Richards S, et al., Genet Med, 2015",,14.23,
1546977,SIPA1L3,qwen3.7-max,Benign,Uncertain significance,0.5,,,,10.71,
4888648,PCLO,qwen3.7-max,Benign,Uncertain significance,0.8,,,,17.34,
2806582,MUC5B,qwen3.7-max,Benign,Uncertain significance,0.5,,,,10.3,
4935611,ATM,qwen3.7-max,Pathogenic,Pathogenic,0.95,PVS1;PM2,"Richards et al., Genetics in Medicine, 2015",,19.98,
134977,LRP2,qwen3.7-max,Benign,Likely benign,0.9,BP7,"Richards S, et al., Genet Med, 2015",,18.69,
4847593,CEP120,qwen3.7-max,Pathogenic,Pathogenic,0.9,PVS1;PM2,"Richards S, et al., Genet Med, 2015",,17.69,
178324,GAA,qwen3.7-max,Pathogenic,Pathogenic,0.9,PVS1;PM2,"Richards et al., Genet Med, 2015",,23.85,
133798,ALDH7A1,qwen3.7-max,Benign,Likely benign,0.8,BP7,"Richards S, et al., Genet Med, 2015",,11.61,
3052053,MSH3,qwen3.7-max,Pathogenic,Pathogenic,0.85,PVS1;PM2,"Richards S, et al., Genet Med, 2015",,21.34,
909638,SCN5A,qwen3.7-max,Pathogenic,Pathogenic,0.85,PVS1;PM2,"Richards et al., Genet Med, 2015",,34.19,
257605,DEPDC5,qwen3.7-max,Benign,Uncertain significance,0.6,PM2,ClinVar,,10.51,
231194,TRIOBP,qwen3.7-max,Benign,Uncertain significance,0.7,PM2;BP4,"Richards S, et al., Genet Med, 2015",,12.5,
363377,PIK3CA,qwen3.7-max,Pathogenic,Uncertain significance,0.5,PM2,"ClinVar, 2023",,22.25,
309305,RELN,qwen3.7-max,Benign,Uncertain significance,0.5,PM2,"Richards S, et al., Genet Med, 2015",,11.77,
2417977,JAG1,qwen3.7-max,Pathogenic,Pathogenic,0.95,PVS1;PM2,"Spinner NB et al., Am J Hum Genet, 2001;Kamath BM et al., J Med Genet, 2003",,17.73,
4987052,BRCA2,qwen3.7-max,Pathogenic,Pathogenic,0.95,PVS1;PM2,"Richards S, et al., Genet Med, 2015;Tavtigian SV, et al., Nat Genet, 1996",,21.89,
777292,CRIPT,qwen3.7-max,Benign,Uncertain significance,0.7,PM2,"Richards et al., Genet Med, 2015",,16.26,
1158103,SLC13A5,qwen3.7-max,Benign,Likely benign,0.8,BP4;BP7,,,15.35,
665994,IFITM5,qwen3.7-max,Benign,Uncertain significance,0.5,,,,15.69,
186362,MYBPC3,qwen3.7-max,Pathogenic,Pathogenic,0.9,PVS1;PM2,"Walsh R, et al., Genet Med, 2017",,21.02,
1569188,COG5,qwen3.7-max,Benign,Uncertain significance,0.8,,,,16.81,
1841714,MLH3,qwen3.7-max,Pathogenic,Pathogenic,0.9,PVS1;PM2,"Richards et al., Genet Med, 2015",,25.38,
4841037,CEP135,qwen3.7-max,Pathogenic,Pathogenic,0.9,PVS1;PM2,"Richards et al., Genet Med, 2015",,20.79,
266615,TBX3,qwen3.7-max,Benign,Uncertain significance,0.5,,,,19.23,
362378,MYPN,qwen3.7-max,Pathogenic,Pathogenic,0.85,PVS1;PM2,"Richards et al., Genet Med, 2015",,17.02,
28322,FGFR2,qwen3.7-max,Pathogenic,Pathogenic,0.95,PM1;PP3;PS1,"Reardon et al., Nat Genet, 1994;Wilkie et al., Hum Mol Genet, 1995",,20.84,
730145,FBXO11,qwen3.7-max,Benign,Uncertain significance,0.6,,,,14.63,
1634125,ABCA1,qwen3.7-max,Benign,Uncertain significance,0.4,,,,12.98,
1156807,UNC93B1,qwen3.7-max,Benign,Pathogenic,0.85,PVS1;PM2,"Casrouge A, et al., Science, 2007;Zhang SY, et al., Science, 2007",,16.52,
247170,KCNN4,qwen3.7-max,Pathogenic,Pathogenic,0.95,PS3;PS4;PM2;PP3,"Rapetti-Mauss et al., Blood, 2016;Fermo et al., Haematologica, 2017",,21.59,
625775,CTU2,qwen3.7-max,Pathogenic,Uncertain significance,0.7,PM2,"Richards et al., Genet Med, 2015",,22.45,
1157046,C1S,qwen3.7-max,Benign,Uncertain significance,0.5,BP7,,,16.8,
3818044,OBSCN,qwen3.7-max,Benign,Uncertain significance,0.5,BP7,,,13.91,
1273272,DLC1,qwen3.7-max,Benign,Likely benign,0.8,BP7,"Richards S, et al., Genet Med, 2015",,17.3,
4010361,BRCA2,qwen3.7-max,Pathogenic,Pathogenic,0.95,PVS1;PM2,ClinVar;ENIGMA Consortium,,12.61,
4896999,NEXN,qwen3.7-max,Pathogenic,Pathogenic,0.85,PVS1;PM2,"Richards et al., Genet Med, 2015",,15.77,
1601346,CASQ1,qwen3.7-max,Benign,Uncertain significance,0.5,,,,15.41,
1156964,CACNA2D4,qwen3.7-max,Benign,Likely benign,0.7,BP7,,,17.24,
1544399,GRIP1,qwen3.7-max,Benign,Likely benign,0.8,BP7,"Richards et al., Genet Med, 2015",,19.47,
1156327,PAX2,qwen3.7-max,Benign,Uncertain significance,0.5,,,,20.6,
4956476,FRYL,qwen3.7-max,Pathogenic,Uncertain significance,0.7,PVS1;PM2,,,19.83,
4898504,CEP290,qwen3.7-max,Pathogenic,Pathogenic,0.9,PVS1;PM2,"Richards et al., Genetics in Medicine, 2015",,18.36,
544226,PKHD1,qwen3.7-max,Pathogenic,Uncertain significance,0.6,,,,10.78,
2840821,CTNNA1,qwen3.7-max,Pathogenic,Pathogenic,0.9,PVS1;PM2,"Richards et al., Genet Med, 2015",,21.74,
197202,KCNH2,qwen3.7-max,Pathogenic,Pathogenic,0.9,PVS1;PM2,"Richards S, et al., Genet Med, 2015",,22.82,
1060484,MSH3,qwen3.7-max,Pathogenic,Pathogenic,0.85,PVS1;PM2,"Richards et al., Genet Med, 2015;Adam et al., Gastroenterology, 2016",,22.34,
100914,COL6A3,qwen3.7-max,Benign,Uncertain significance,0.4,PM2;PP3,,,17.0,
4875140,CDK13,qwen3.7-max,Pathogenic,Pathogenic,0.85,PVS1;PM2,"Sifrim et al., Nat Genet, 2017",,17.0,
4844422,IDUA,qwen3.7-max,Pathogenic,Pathogenic,0.95,PVS1;PM2,"Richards S, et al., Genet Med, 2015",,17.72,
100444,DMD,qwen3.7-max,Pathogenic,Pathogenic,0.95,PVS1;PM2,"Aartsma-Rus et al., Hum Mutat, 2006;Richards et al., Genet Med, 2015",,14.96,
32407,COL2A1,qwen3.7-max,Pathogenic,Pathogenic,0.85,PM1;PM2;PP3,"Hoornaert et al., Hum Mutat, 2006;Richards et al., Eur J Hum Genet, 2010",,26.97,
2035660,MSH3,qwen3.7-max,Pathogenic,Pathogenic,0.85,PVS1;PM2,"Kantelinen et al., Hum Mutat, 2012;Plaschke et al., Int J Cancer, 2000",,29.58,
4976524,MSH3,qwen3.7-max,Pathogenic,Pathogenic,0.85,PVS1;PM2,"Richards et al., Genet Med, 2015",,26.92,
4389734,TCTN1,qwen3.7-max,Pathogenic,Pathogenic,0.9,PVS1;PM2,"Richards et al., Genet Med, 2015",,20.77,
3867383,BRIP1,qwen3.7-max,Pathogenic,Pathogenic,0.95,PVS1;PM2,ClinVar;gnomAD,,15.17,
1235658,ROR1,qwen3.7-max,Benign,Uncertain significance,0.8,,,,16.19,
2938759,OBSCN,qwen3.7-max,Benign,Uncertain significance,0.5,,,,9.72,
306908,PSMB8,qwen3.7-max,Benign,Likely benign,0.8,BP7,"Richards S, et al., Genet Med, 2015",,13.9,
51738,MYBPC3,qwen3.7-max,Pathogenic,Pathogenic,0.85,PVS1;PM2,,,18.54,
1164419,WNT10B,qwen3.7-max,Benign,Likely benign,0.8,BP7,,,14.42,
337872,TRIP11,qwen3.7-max,Benign,Uncertain significance,0.7,PM2,"Richards et al., Genet Med, 2015",,12.48,
294895,PTH1R,qwen3.7-max,Benign,Uncertain significance,0.5,,,,10.32,
257578,CRYBB3,qwen3.7-max,Benign,Uncertain significance,0.4,PM2;PP3,,,17.33,
699458,DLL1,qwen3.7-max,Benign,Uncertain significance,0.6,BP7,,,15.29,
256639,SMCHD1,qwen3.7-max,Benign,Likely benign,0.9,BP7,"Richards et al., Genet Med, 2015",,12.66,
99636,EP300,qwen3.7-max,Benign,Uncertain significance,0.7,BP7,"Richards et al., Genet Med, 2015",,19.62,
2109611,SMAD4,qwen3.7-max,Pathogenic,Pathogenic,0.95,PVS1;PM2,"Howe JR, et al. Nature. 2001;Gallione CJ, et al. J Med Genet. 2004",,20.94,
1330879,CYP1B1,qwen3.7-max,Pathogenic,Pathogenic,0.8,PM2;PM1;PP3,"Stoilov et al., Hum Mol Genet, 1998;Chitsazian et al., J Med Genet, 2002",,22.99,
409795,ANKRD11,qwen3.7-max,Pathogenic,Pathogenic,0.95,PVS1;PM2,"Richards S, et al., Genet Med, 2015",,16.69,
763683,HPS3,qwen3.7-max,Benign,Likely benign,0.7,BP7,"Richards S, et al., Genet Med, 2015",,13.51,
4961925,COL1A1,qwen3.7-max,Pathogenic,Pathogenic,0.85,PM1;PM2;PP2;PP3,"Byers PH, et al., Hum Mutat, 2012;Marini JC, et al., Nat Rev Dis Primers, 2017",,19.21,
4840747,TPP1,qwen3.7-max,Pathogenic,Pathogenic,0.9,PVS1;PM2,"Richards et al., Genet Med, 2015",,24.73,
633463,DNAH5,qwen3.7-max,Pathogenic,Pathogenic,0.95,PVS1;PM2,"Richards et al., Genet Med, 2015",,17.9,
553446,PKD1,qwen3.7-max,Pathogenic,Pathogenic,0.95,PVS1;PM2,"Richards S, et al., Genet Med, 2015;Cornec-Le Gall E, et al., Am J Hum Genet, 2013",,19.6,
577874,APP,qwen3.7-max,Benign,Likely benign,0.85,BP7,"Richards S, et al., Genet Med, 2015",,13.86,
267771,COL2A1,qwen3.7-max,Pathogenic,Pathogenic,0.9,PVS1;PM2,"Richards S, et al., Genet Med, 2015",,25.76,
367673,DAG1,qwen3.7-max,Benign,Likely benign,0.85,BP7,,,14.37,
232721,MSH6,qwen3.7-max,Pathogenic,Pathogenic,0.95,PVS1;PM2,"ClinGen InSiGHT VCEP guidelines, 2022;Tavtigian SV, et al., Genet Med, 2020",,15.85,
940554,PHEX,qwen3.7-max,Pathogenic,Pathogenic,0.9,PVS1;PM2,"Richards S, et al., Genet Med, 2015",,14.65,
621282,HGSNAT,qwen3.7-max,Benign,Likely benign,0.8,BP7,"Richards et al., Genet Med, 2015",,15.16,
421449,COL7A1,qwen3.7-max,Pathogenic,Pathogenic,0.85,PVS1;PM2,"Richards S, et al., Genet Med, 2015",,26.42,
459330,DNM1,qwen3.7-max,Benign,Uncertain significance,0.8,,,,12.76,
714537,HERC1,qwen3.7-max,Benign,Likely benign,0.8,BP7,,,15.41,
1431874,COL4A3,qwen3.7-max,Pathogenic,Pathogenic,0.95,PVS1;PM2,"Richards et al., Genet Med, 2015;Savige et al., Front Genet, 2014",,20.88,
4975648,FH,qwen3.7-max,Pathogenic,Pathogenic,0.85,PVS1;PM2,"Richards et al., Genet Med, 2015",,23.61,
1549081,TONSL,qwen3.7-max,Benign,Uncertain significance,0.8,,,,14.87,
367057,LIPT1,qwen3.7-max,Benign,Likely benign,0.7,BP7,"Richards et al., Genet Med, 2015",,15.95,
311868,CARD9,qwen3.7-max,Benign,Likely benign,0.8,BP7,"Richards et al., Genet Med, 2015",,13.33,
3179473,ST14,qwen3.7-max,Benign,Uncertain significance,0.6,BP4,,,26.51,
29202,MPL,qwen3.7-max,Pathogenic,Pathogenic,0.95,PS3;PS4;PM1;PP1,"Ding J, et al., Blood, 2004;Pikman Y, et al., PLoS Med, 2006",,21.11,
3409921,SCN5A,qwen3.7-max,Pathogenic,Pathogenic,0.85,PVS1;PM2,"ClinGen SCN5A VCEP, 2022;gnomAD, 2023",,14.57,
253106,WRN,qwen3.7-max,Benign,Uncertain significance,0.5,PM2,,,18.39,
1054934,SCN2A,qwen3.7-max,Pathogenic,Uncertain significance,0.6,PM2;PP3,"Richards S, et al., Genet Med, 2015",,14.68,
998621,RPS19,qwen3.7-max,Pathogenic,Uncertain significance,0.6,PM2;PP3,"Gazda et al., Am J Hum Genet, 2008;Richmond et al., Blood, 2008",,18.38,
4797028,BAIAP2,qwen3.7-max,Pathogenic,Uncertain significance,0.6,,,,16.77,
271601,ABCB11,qwen3.7-max,Pathogenic,Pathogenic,0.8,PM2;PM5;PP3,"Strautnieks SS, et al., Nat Genet, 1998;Kubitz R, et al., Hepatology, 2012",,28.75,
1154402,P3H2,qwen3.7-max,Benign,Likely benign,0.7,BP4,"Richards et al., Genet Med, 2015",,18.54,
230806,MYOM1,qwen3.7-max,Benign,Likely benign,0.8,BP7,"Richards et al., Genet Med, 2015",,12.6,
732055,CR2,qwen3.7-max,Benign,Uncertain significance,0.5,,,,14.64,
1154941,OTULIN,qwen3.7-max,Benign,Uncertain significance,0.6,,,,13.81,
4794584,RPS6KC1,qwen3.7-max,Pathogenic,Uncertain significance,0.6,PVS1;PM2,,,14.23,
4926285,CYP11B2,qwen3.7-max,Pathogenic,Pathogenic,0.95,PVS1;PM2,"Richards S, et al., Genet Med, 2015;Zhang G, et al., J Clin Endocrinol Metab, 2013",,17.05,
4962512,HYDIN,qwen3.7-max,Pathogenic,Pathogenic,0.95,PVS1;PM2,"Loges et al., Am J Hum Genet, 2012",,17.6,
542034,COL4A3,qwen3.7-max,Pathogenic,Pathogenic,0.85,PVS1;PM2,"Richards S, et al. Genet Med. 2015;Savige J, et al. Front Genet. 2014",,19.54,
428439,MAP3K1,qwen3.7-max,Benign,Uncertain significance,0.6,PM4,,,18.39,
252348,DNAH8,qwen3.7-max,Benign,Uncertain significance,0.6,PM2,,,16.77,
4852321,SLX4,qwen3.7-max,Pathogenic,Pathogenic,0.85,PVS1;PM2,"Kim Y, et al., Science, 2011",,24.82,
703735,FTO,qwen3.7-max,Benign,Likely benign,0.7,BP7,"Richards et al., Genet Med, 2015",,15.64,
4957740,ABCB4,qwen3.7-max,Pathogenic,Pathogenic,0.9,PVS1;PM2,"Richards S, et al., Genet Med, 2015",,19.81,
4847497,LGI1,qwen3.7-max,Pathogenic,Pathogenic,0.95,PVS1;PM2,"Richards et al., Genet Med, 2015;Berkovic et al., Ann Neurol, 2010",,20.18,
4897670,NFIX,qwen3.7-max,Pathogenic,Pathogenic,0.85,PVS1;PM2,"Yoneda et al., Am J Hum Genet, 2012",,17.95,
240528,KCNT1,qwen3.7-max,Benign,Likely benign,0.8,BP7,,,12.77,
695022,ATP2B4,qwen3.7-max,Benign,Uncertain significance,0.5,,,,15.14,
513091,MYBPC3,qwen3.7-max,Pathogenic,Pathogenic,0.9,PVS1;PM2,"Richards S, et al., Genet Med, 2015;Walsh R, et al., Genet Med, 2017",,18.96,
279015,FLVCR1,qwen3.7-max,Benign,Uncertain significance,0.6,BP4,,,13.18,
360620,PHEX,qwen3.7-max,Pathogenic,Pathogenic,0.95,PVS1;PM2,"Richards et al., Genet Med, 2015",,16.3,
477723,PALB2,qwen3.7-max,Pathogenic,Pathogenic,0.95,PVS1;PM2,"Richards S, et al., Genet Med, 2015",,27.27,
4930557,DNAI1,qwen3.7-max,Pathogenic,Pathogenic,0.85,PVS1;PM2,"Zariwala et al., Am J Respir Crit Care Med, 2006",,23.08,
32065,GJB2,qwen3.7-max,Pathogenic,Uncertain significance,0.6,PM2;BP4,"ClinVar, NCBI, 2023",,25.85,
264689,KMT2D,qwen3.7-max,Pathogenic,Pathogenic,0.95,PVS1;PM2,"Ng SB, et al., Nat Genet, 2010",,13.12,
536920,ANKRD11,qwen3.7-max,Pathogenic,Pathogenic,0.9,PVS1;PM2,"Richards S, et al., Genet Med, 2015",,22.35,
550291,RORA,qwen3.7-max,Pathogenic,Pathogenic,0.85,PVS1;PM2,"ClinVar, 2023",,25.31,
4951768,ATM,qwen3.7-max,Pathogenic,Pathogenic,0.95,PVS1;PM2,"Richards S, et al., Genet Med, 2015",,20.11,
4939295,MLH1,qwen3.7-max,Pathogenic,Pathogenic,0.85,PVS1;PM2,"Richards et al., Genet Med, 2015",,23.23,
4874096,USH2A,qwen3.7-max,Pathogenic,Uncertain significance,0.6,PM2,,,12.98,
325228,DHH,qwen3.7-max,Benign,Likely benign,0.85,BP4;BP7,"Richards S, et al., Genet Med, 2015",,30.64,
274247,ANO5,qwen3.7-max,Pathogenic,Pathogenic,0.95,PVS1;PM2,"Bolduc et al., Am J Hum Genet, 2010",,19.66,
1687656,FGFR1,qwen3.7-max,Benign,Uncertain significance,0.4,,,,14.0,
249292,COL11A1,qwen3.7-max,Benign,Uncertain significance,0.5,,,,16.68,
4957211,ABCB11,qwen3.7-max,Pathogenic,Pathogenic,0.9,PVS1;PM2,"Richards S, et al., Genet Med, 2015",,27.99,
1558888,LAMA2,qwen3.7-max,Benign,Likely benign,0.7,BP7,"Richards S, et al., Genet Med, 2015",,14.18,
1193171,MSH2,qwen3.7-max,Pathogenic,Pathogenic,0.95,PVS1;PM2,ClinVar,,16.28,
1287935,ABCB4,qwen3.7-max,Benign,Likely benign,0.7,BP7,"Richards S, et al., Genet Med, 2015",,20.52,
4986965,MSH6,qwen3.7-max,Pathogenic,Pathogenic,0.95,PVS1;PM2,"Richards S et al., Genet Med, 2015;ClinVar",,11.55,
389610,DNAH1,qwen3.7-max,Benign,Uncertain significance,0.6,PM2,,,10.17,
259892,EXT1,qwen3.7-max,Pathogenic,Uncertain significance,0.6,PM2;PP3,ClinVar,,15.7,
1330529,COX20,qwen3.7-max,Pathogenic,Uncertain significance,0.6,PM2;PP3,,,16.22,
621875,BTK,qwen3.7-max,Pathogenic,Pathogenic,0.95,PVS1;PM2,"GeneReviews: X-Linked Agammaglobulinemia, 2020",,20.96,
1530352,TELO2,qwen3.7-max,Benign,Uncertain significance,0.6,,,,14.23,
392734,ALK,qwen3.7-max,Benign,Uncertain significance,0.5,,,,15.48,
1324173,TAOK1,qwen3.7-max,Pathogenic,Pathogenic,0.85,PVS1;PM2,ClinVar,,17.02,
255293,MYO5A,qwen3.7-max,Benign,Uncertain significance,0.4,PM2,,,11.28,
282294,IL1RN,qwen3.7-max,Benign,Uncertain significance,0.4,,,,13.68,
320017,KCNQ1,qwen3.7-max,Benign,Likely benign,0.7,BP7,"Richards S, et al. Genet Med. 2015",,14.92,
1610461,KRT6B,qwen3.7-max,Benign,Pathogenic,0.75,PM1;PM2;PP3,"Smith FJ, et al., J Invest Dermatol, 2005;Wilson NJ, et al., Br J Dermatol, 2014",,19.86,
362496,GGCX,qwen3.7-max,Benign,Uncertain significance,0.5,,,,13.38,
375923,ATP5F1A,qwen3.7-max,Benign,Likely benign,0.7,BP4,"Richards et al., Genet Med, 2015",,14.23,
4840991,GPR143,qwen3.7-max,Pathogenic,Pathogenic,0.85,PVS1;PM2,"Bassi MT, et al., Hum Mol Genet, 1995",,17.79,
1213600,FAT2,qwen3.7-max,Benign,Uncertain significance,0.6,,,,17.71,
2022717,ZMYND11,qwen3.7-max,Benign,Uncertain significance,0.8,PM2;BP4,"Richards S, et al., Genet Med, 2015",,19.13,
3881231,TET2,qwen3.7-max,Pathogenic,Pathogenic,0.85,PVS1;PM2,"ClinVar, 2023",,16.38,
2985365,ETFDH,qwen3.7-max,Pathogenic,Pathogenic,0.85,PVS1;PM2,"Richards S, et al., Genet Med, 2015",,16.91,
27708,PRKAR1A,qwen3.7-max,Pathogenic,Pathogenic,0.85,PVS1;PM2,"Richards et al., Genet Med, 2015",,20.75,
1827974,MSH3,qwen3.7-max,Pathogenic,Pathogenic,0.85,PVS1;PM2,"Adam R, et al., Gastroenterology, 2016",,22.89,
715868,TBCD,qwen3.7-max,Benign,Benign,0.9,BP7,,,12.97,
250629,COL4A3,qwen3.7-max,Benign,Uncertain significance,0.7,PM2,"Savige J, et al., Front Genet, 2014",,17.01,
134751,KBTBD13,qwen3.7-max,Benign,Likely benign,0.8,BP7,"Richards et al., Genet Med, 2015",,16.92,
4798043,HPDL,qwen3.7-max,Pathogenic,Pathogenic,0.85,PVS1;PM2,"Husain et al., Brain, 2021",,21.34,
1574977,IFT88,qwen3.7-max,Benign,Uncertain significance,0.6,PM2;BP4,ClinVar,,14.43,
2092691,NAF1,qwen3.7-max,Benign,Uncertain significance,0.5,PM2,,,11.92,
845420,BRCA1,qwen3.7-max,Pathogenic,Pathogenic,0.99,PVS1;PM2,"Richards S et al., Genet Med, 2015;ClinVar",,11.41,
2839972,KCNQ1;KCNQ1OT1,qwen3.7-max,Benign,Uncertain significance,0.4,,,,17.71,
134755,KBTBD13,qwen3.7-max,Benign,Likely benign,0.8,BP7,,,14.13,
18505,PAX6,qwen3.7-max,Pathogenic,Pathogenic,0.95,PVS1;PM2,"Tzoulaki et al., Hum Mutat, 2005",,14.62,
4934732,TBK1,qwen3.7-max,Pathogenic,Pathogenic,0.9,PVS1;PM2,"Freischmidt A, et al., Nat Neurosci, 2015;Richards S, et al., Genet Med, 2015",,20.94,
230890,MYOM1,qwen3.7-max,Benign,Uncertain significance,0.5,,,,17.36,
1605474,DNAH9,qwen3.7-max,Benign,Uncertain significance,0.5,PM2,,,8.67,
1484998,NPC2,qwen3.7-max,Pathogenic,Pathogenic,0.95,PVS1;PM2,"Naureckiene S, et al., Science, 2000",,24.16,
21795,PKP2,qwen3.7-max,Pathogenic,Pathogenic,0.85,PVS1;PM2,"Richards S, et al., Genet Med, 2015",,20.17,
650567,MTOR,qwen3.7-max,Benign,Uncertain significance,0.5,PM2,"Richards S, et al., Genet Med, 2015",,16.87,
1439060,CTNNA1,qwen3.7-max,Pathogenic,Pathogenic,0.95,PVS1;PM2,"Richards S, et al., Genet Med, 2015",,15.02,
565687,CD27,qwen3.7-max,Pathogenic,Pathogenic,0.9,PVS1;PM2,"van de Ven AA et al., J Allergy Clin Immunol, 2014",,18.45,
227595,TGFBR2,qwen3.7-max,Benign,Uncertain significance,0.8,,,,14.36,
4931395,NR3C2,qwen3.7-max,Pathogenic,Pathogenic,0.9,PVS1;PM2,"Richards S, et al., Genet Med, 2015",,22.65,
1673977,KATNIP,qwen3.7-max,Benign,Uncertain significance,0.4,PM2;PP3,,,12.11,
190218,FUCA1,qwen3.7-max,Benign,Uncertain significance,0.5,PM2,,,15.65,
4930431,subset of 38 genes: DDX41:NSD1,qwen3.7-max,Pathogenic,Uncertain significance,0.6,,,,20.43,
2110045,TF,qwen3.7-max,Benign,Likely benign,0.9,BP7,"Richards et al., Genet Med, 2015",,13.85,
4963467,POC1B,qwen3.7-max,Pathogenic,Pathogenic,0.85,PVS1;PM2,"ClinVar, 2023",,19.81,
4975644,FH,qwen3.7-max,Pathogenic,Pathogenic,0.95,PVS1;PM2,"Richards S, et al., Genet Med, 2015;Tomlinson IP, et al., Nat Genet, 2002",,15.65,
1158357,LAMA1,qwen3.7-max,Benign,Uncertain significance,0.5,,,,10.86,
253873,GATA3,qwen3.7-max,Benign,Likely benign,0.8,BP7,"Richards S, et al., Genet Med, 2015",,14.0,
254880,DYNC1H1,qwen3.7-max,Benign,Uncertain significance,0.7,PM2;BP4,,,15.94,
4801161,STRC,qwen3.7-max,Pathogenic,Pathogenic,0.95,PVS1,"Sloan-Heggen et al., Genet Med, 2016",,17.57,
340016,ADAMTS17,qwen3.7-max,Benign,Uncertain significance,0.6,,,,14.59,
799533,GSR,qwen3.7-max,Benign,Uncertain significance,0.4,PM2,,,12.91,
4898503,AMPD2,qwen3.7-max,Pathogenic,Pathogenic,0.85,PVS1;PM2,"Richards et al., Genet Med, 2015",,14.59,
857513,HBB,qwen3.7-max,Pathogenic,Pathogenic,0.95,PVS1;PM2,"Orkin SH, et al. Nature, 1982;ACMG/AMP 2015 Guidelines",,15.57,
297224,ADAMTS2,qwen3.7-max,Benign,Benign,0.95,BP7,"Richards S, et al., Genet Med, 2015",,12.65,
459309,CIZ1,qwen3.7-max,Benign,Uncertain significance,0.6,PM2,"Xiao J, et al., Nature, 2012",,16.05,
229004,MYLK,qwen3.7-max,Benign,Likely benign,0.8,BP7,,,20.79,
4933881,WDFY3,qwen3.7-max,Pathogenic,Pathogenic,0.85,PVS1;PM2,"Richards S, et al., Genet Med, 2015",,25.6,
1936665,AGXT,qwen3.7-max,Pathogenic,Pathogenic,0.85,PVS1;PM2,"Danpure CJ, Rumsby G. Am J Kidney Dis. 2004;Hopp K, et al. J Am Soc Nephrol. 2015",,19.27,
255125,ALDH1A3,qwen3.7-max,Benign,Uncertain significance,0.6,PM2;PP3,"Richards S, et al., Genet Med, 2015",,15.01,
265723,COL5A1,qwen3.7-max,Pathogenic,Pathogenic,0.85,PVS1;PM2,"Richards S, et al., Genet Med, 2015;Symoens S, et al., Hum Mutat, 2012",,21.84,
1279906,NPRL3,qwen3.7-max,Benign,Likely benign,0.8,BP4;BP7,,,15.4,
334555,FREM2,qwen3.7-max,Benign,Likely benign,0.7,BP7,,,14.11,
4961084,ANKRD11,qwen3.7-max,Pathogenic,Pathogenic,0.9,PVS1;PM2,"Sirmaci A, et al. Am J Hum Genet. 2011;89(3):451-456.",,14.33,
1934739,FOXL2,qwen3.7-max,Pathogenic,Pathogenic,0.95,PVS1;PM2,"Crisponi et al., Nat Genet, 2001;De Baere et al., Hum Mol Genet, 2001",,12.57,
246006,LDLR,qwen3.7-max,Pathogenic,Pathogenic,0.95,PVS1;PM2,"Richards S, et al., Genet Med, 2015;ClinGen LDLR Expert Panel Specifications",,15.39,
475959,ATM,qwen3.7-max,Pathogenic,Pathogenic,0.95,PVS1;PM2,"Richards S et al., Genet Med, 2015;Tavtigian SV et al., Hum Mutat, 2018",,17.56,
176642,CCDC40,qwen3.7-max,Benign,Likely benign,0.8,BP7,,,15.66,
508239,OSBPL2,qwen3.7-max,Benign,Uncertain significance,0.5,PM2,,,16.5,
1158680,PALM,qwen3.7-max,Benign,Uncertain significance,0.5,,,,11.81,
1053964,ABCC8,qwen3.7-max,Pathogenic,Uncertain significance,0.4,PM2,,,10.46,
251474,WDR19,qwen3.7-max,Benign,Likely benign,0.8,BP7,"Richards et al., Genet Med, 2015",,15.36,
310837,GSN,qwen3.7-max,Benign,Uncertain significance,0.5,,,,18.8,
695525,HBB,qwen3.7-max,Benign,Uncertain significance,0.6,BP4,,,37.16,
702212,DHX37,qwen3.7-max,Benign,Uncertain significance,0.6,PM2;PP3,,,20.38,
182127,MSH6,qwen3.7-max,Pathogenic,Pathogenic,0.95,PVS1;PM2,"Peltomaki, Gastroenterology, 2001;ClinVar, 2023",,21.81,
44373,ATP7B,qwen3.7-max,Benign,Uncertain significance,0.5,,,,13.81,
3007153,ASPA,qwen3.7-max,Pathogenic,Pathogenic,0.95,PVS1;PM2,"Matalon R, et al., Nat Genet, 1995",,17.64,
135050,MED17,qwen3.7-max,Benign,Uncertain significance,0.8,BP7,,,16.13,
1674709,ATP5F1D,qwen3.7-max,Benign,Likely benign,0.8,BP7,,,14.26,
213864,DMD,qwen3.7-max,Pathogenic,Pathogenic,0.95,PVS1;PM2,"Aartsma-Rus A, et al., Hum Mutat, 2006",,15.68,
256704,LMAN1,qwen3.7-max,Benign,Uncertain significance,0.5,PM2,,,11.39,
259849,FBXL4,qwen3.7-max,Pathogenic,Pathogenic,0.9,PVS1;PM2,"Gai X, et al., Am J Hum Genet, 2013",,28.52,
142328,PCNT,qwen3.7-max,Benign,Likely benign,0.8,BP7,"Richards S, et al., Genet Med, 2015",,10.91,
398932,CEP57,qwen3.7-max,Benign,Uncertain significance,0.6,PM2,"Richards S, et al., Genet Med, 2015",,14.5,
1159047,COL18A1,qwen3.7-max,Benign,Uncertain significance,0.7,PM2;PP3,,,17.78,
456937,FLNC,qwen3.7-max,Pathogenic,Pathogenic,0.85,PVS1;PM2,"Ortiz-Genga MF et al., J Am Coll Cardiol, 2016;Valdes-Mas R et al., Eur Heart J, 2014",,19.76,
274413,SGCG,qwen3.7-max,Benign,Uncertain significance,0.7,PM2,,,17.48,
337689,FOXN1,qwen3.7-max,Benign,Uncertain significance,0.4,PM2,,,12.67,
406261,MLH1,qwen3.7-max,Pathogenic,Pathogenic,0.95,PVS1;PM2,"Richards et al., Genet Med, 2015",,12.5,
4957380,ATP8B1,qwen3.7-max,Pathogenic,Pathogenic,0.9,PVS1;PM2,"Bull et al., Nat Genet, 1998",,24.64,
544126,PKHD1,qwen3.7-max,Pathogenic,Pathogenic,0.85,PVS1;PM2,"Bergmann C, et al., Nat Genet, 2004",,15.15,
1153665,DNAJC6,qwen3.7-max,Benign,Likely benign,0.7,BP7,,,15.48,
136550,ACTG2,qwen3.7-max,Pathogenic,Pathogenic,0.85,PM1;PM2;PP3,"Wang et al., Am J Hum Genet, 2014;Milunsky et al., Mol Genet Genomic Med, 2017",,27.22,
760953,STAG2,qwen3.7-max,Benign,Pathogenic,0.9,PVS1;PM2,"Mullegama et al., Am J Hum Genet, 2017",,20.04,
1177671,CEP290,qwen3.7-max,Pathogenic,Pathogenic,0.95,PVS1;PM2,"ClinVar, 2023, CEP290 variant c.712G>T (p.Glu238Ter);Sayer et al., Nat Genet, 2006, CEP290 mutations in Joubert syndrome and related ciliopathies",,17.33,
1155882,OPLAH,qwen3.7-max,Benign,Uncertain significance,0.5,PM2,"Richards et al., Genet Med, 2015",,11.21,
2841791,PTEN,qwen3.7-max,Pathogenic,Pathogenic,0.85,PM1;PM2;PP3,ClinVar;ACMG/AMP 2015 guidelines,,18.75,
299686,ANTXR2,qwen3.7-max,Benign,Likely benign,0.7,BP7,,,18.34,
29079,PCSK1,qwen3.7-max,Benign,Uncertain significance,0.6,PM2,,,17.66,
1153666,DNAJC6,qwen3.7-max,Benign,Likely benign,0.9,BP7,"Richards et al., Genet Med, 2015",,10.75,
1153291,PIGM,qwen3.7-max,Benign,Uncertain significance,0.4,PM2,,,14.56,
18938,HEXA,qwen3.7-max,Pathogenic,Pathogenic,0.95,PS3;PM2;PM3;PP3,"Triggs-Raine B, et al. Hum Mutat. 1999;ClinVar",,33.62,
134087,CDC6,qwen3.7-max,Benign,Uncertain significance,0.4,PM2,,,16.57,
514705,ANKRD11,qwen3.7-max,Pathogenic,Pathogenic,0.9,PVS1;PM2,"Sirmaci A, Am J Hum Genet, 2011",,23.35,
1661961,ABL1,qwen3.7-max,Benign,Likely benign,0.8,BP7,"Richards S, et al., Genet Med, 2015",,9.9,
552494,RIT1,qwen3.7-max,Pathogenic,Pathogenic,0.85,PM1;PM2;PP3,"Aoki Y, et al., Nat Genet, 2013;ClinVar",,18.91,
533197,TICAM1,qwen3.7-max,Benign,Uncertain significance,0.6,PM2,,,14.96,
375545,CA5A,qwen3.7-max,Benign,Uncertain significance,0.6,PM2;BP4,"Richards et al., Genet Med, 2015",,16.03,
2025785,MAST1,qwen3.7-max,Benign,Uncertain significance,0.5,,,,14.43,
4931330,GJB1,qwen3.7-max,Pathogenic,Pathogenic,0.95,PVS1;PM2,"Murphy SM, et al. Brain. 2011;134(Pt 1):224-235.",,20.09,
744346,SLC27A4,qwen3.7-max,Benign,Uncertain significance,0.5,,,,16.43,
105456,TYR,qwen3.7-max,Pathogenic,Pathogenic,0.85,PVS1;PM2,"King RA, et al., Hum Mutat, 2003",,15.18,
44392,ATP7B,qwen3.7-max,Pathogenic,Pathogenic,0.95,PVS1;PM2;PM3,"Thomas GR et al., Nat Genet, 1995;Shah AB et al., Am J Hum Genet, 1997",,19.2,
1609562,FRAS1,qwen3.7-max,Benign,Uncertain significance,0.5,,,,16.94,
1158812,ZNF341,qwen3.7-max,Benign,Likely benign,0.8,BP7,,,12.98,
1560830,PKDCC,qwen3.7-max,Benign,Uncertain significance,0.4,PM2,,,17.17,
378110,KCNB1,qwen3.7-max,Benign,Uncertain significance,0.6,PM2;PP3,"ClinVar, 2023",,12.97,
1059991,ETFDH,qwen3.7-max,Pathogenic,Uncertain significance,0.6,PM2;PP3,,,17.04,
1891083,ADCY10,qwen3.7-max,Pathogenic,Pathogenic,0.85,PVS1;PM2,"Richards S, et al., Genet Med, 2015",,20.55,
4812788,SLC25A38,qwen3.7-max,Pathogenic,Pathogenic,0.9,PVS1;PM2,"Fleming MD, Nat Genet, 2009",,15.83,
4847778,GALT,qwen3.7-max,Pathogenic,Pathogenic,0.95,PVS1;PM2,ClinVar,,17.09,
1331032,RPL26,qwen3.7-max,Pathogenic,Pathogenic,0.85,PVS1;PM2,"GeneReviews: Diamond-Blackfan Anemia, 2020;ClinVar",,17.83,
4924701,NR2F1,qwen3.7-max,Pathogenic,Uncertain significance,0.6,PM4,,,17.91,
1234158,IL17RD,qwen3.7-max,Benign,Likely benign,0.8,BP7,,,20.82,
255205,CDAN1,qwen3.7-max,Benign,Likely benign,0.8,BP7,"Richards S, et al., Genet Med, 2015",,15.27,
4910527,NEB,qwen3.7-max,Pathogenic,Pathogenic,0.85,PVS1;PM2,"Richards S, et al., Genet Med, 2015",,21.3,
744680,ARCN1,qwen3.7-max,Benign,Uncertain significance,0.6,PM2,"Richards S, et al., Genet Med, 2015",,13.55,
778749,F5,qwen3.7-max,Benign,Uncertain significance,0.6,BP7,"Richards et al., Genet Med, 2015",,14.71,
622627,TP53,qwen3.7-max,Pathogenic,Pathogenic,0.95,PVS1;PM2,"Richards S, et al., Genet Med, 2015;Fortuno C, et al., Hum Mutat, 2018",,17.05,
208355,RAI1,qwen3.7-max,Benign,Likely benign,0.7,BP1,"Richards S, et al., Genet Med, 2015",,22.91,
237666,ABCA4,qwen3.7-max,Pathogenic,Pathogenic,0.9,PVS1;PM2,"Richards et al., Genet Med, 2015",,22.05,
1928344,NPHP4,qwen3.7-max,Pathogenic,Pathogenic,0.85,PVS1;PM2,"Olbrich H, et al., Nat Genet, 2003",,21.39,
315468,RBP3,qwen3.7-max,Benign,Likely benign,0.8,BP7,,,13.19,
525489,PAPSS2,qwen3.7-max,Benign,Uncertain significance,0.6,PM2,,,19.24,
254029,HEPACAM,qwen3.7-max,Benign,Likely benign,0.7,BP7,"Richards S, et al., Genet Med, 2015",,16.9,
843621,PALB2,qwen3.7-max,Pathogenic,Pathogenic,0.95,PVS1;PM2,"Antoniou AC, et al., N Engl J Med, 2014;Southey MC, et al., J Clin Oncol, 2014",,13.26,
707308,SLC9A1,qwen3.7-max,Benign,Likely benign,0.8,BP7,"Richards S, et al., Genet Med, 2015",,12.27,
374948,TRPV3,qwen3.7-max,Pathogenic,Pathogenic,0.95,PS3;PS4;PM1;PP3,"Lin Z et al., Am J Hum Genet, 2012;Lai-Cheong JE et al., Br J Dermatol, 2014",,22.55,
4960186,ATM,qwen3.7-max,Pathogenic,Pathogenic,0.9,PVS1,"Riggs ER, et al., Genet Med, 2020;Tavtigian SV, et al., Hum Mutat, 2018",,16.24,
253946,PLCE1,qwen3.7-max,Benign,Likely benign,0.8,BP7,"Richards et al., Genet Med, 2015",,11.32,
362313,EBF3,qwen3.7-max,Pathogenic,Pathogenic,0.95,PVS1;PM2,"Chelban et al., Am J Hum Genet, 2017",,18.96,
390370,ADA2,qwen3.7-max,Benign,Likely benign,0.7,BP7,"Richards et al., Genet Med, 2015",,15.03,
4957696,ABCB4,qwen3.7-max,Pathogenic,Pathogenic,0.85,PVS1;PM2,"Richards S, et al., Genet Med, 2015;Jacquemin E, et al., Gastroenterology, 1998",,16.47,
4862229,LMAN1,qwen3.7-max,Pathogenic,Pathogenic,0.85,PVS1;PM2,"Nichols WC, et al., Nat Genet, 1998;Zhang B, et al., Blood, 1998",,20.6,
1235297,FAT1,qwen3.7-max,Benign,Likely benign,0.7,BP7,,,15.54,
99160,RYR1,qwen3.7-max,Benign,Likely benign,0.8,BP7,"Richards et al., Genet Med, 2015",,11.65,
256549,ALOXE3,qwen3.7-max,Benign,Uncertain significance,0.5,,,,12.98,
955211,ELN,qwen3.7-max,Pathogenic,Pathogenic,0.95,PVS1;PM2,"Tassabehji M, et al., Hum Mol Genet, 1997;Urban Z, et al., Am J Hum Genet, 1999",,19.9,
1207354,CNNM2,qwen3.7-max,Benign,Uncertain significance,0.6,BP7,,,13.54,
4819206,ADCY3,qwen3.7-max,Benign,Uncertain significance,0.5,,,,11.67,
4969663,NF1,qwen3.7-max,Pathogenic,Pathogenic,0.95,PVS1;PM2,"Fahsold et al., Am J Hum Genet, 2000;Messiaen et al., Hum Mutat, 2000",,18.15,
4924704,PLP1,qwen3.7-max,Pathogenic,Pathogenic,0.75,PM2;PP3,"Inoue et al., Am J Hum Genet, 2002, PLP1 mutations in Pelizaeus-Merzbacher disease",,21.67,
1219395,WDR11,qwen3.7-max,Benign,Likely benign,0.7,BP7,"Richards S, et al., Genet Med, 2015, ACMG/AMP guidelines for variant interpretation",,21.1,
4957507,ABCB4,qwen3.7-max,Pathogenic,Pathogenic,0.9,PVS1;PM2,"Richards et al., Genet Med, 2015",,15.49,
3773366,G6PC1,qwen3.7-max,Pathogenic,Pathogenic,0.95,PVS1;PM2,"Chou JY, Hum Mutat, 2002",,15.88,
4801115,PKD2,qwen3.7-max,Pathogenic,Pathogenic,0.95,PVS1;PM2,"Richards S, et al., Genet Med, 2015;Cornec-Le Gall E, et al., Am J Hum Genet, 2013",,14.32,
4957139,ABCB11,qwen3.7-max,Pathogenic,Pathogenic,0.9,PVS1;PM2,"Richards S, et al., Genet Med, 2015;Strautnieks S, et al., Nat Genet, 1998",,16.92,
207640,MPDZ,qwen3.7-max,Benign,Uncertain significance,0.5,PM2,,,14.69,
2037062,AR,qwen3.7-max,Benign,Pathogenic,0.75,PM1;PM2;PP3,"ClinVar, 2023",,19.01,
4847405,CC2D1A,qwen3.7-max,Pathogenic,Pathogenic,0.85,PVS1;PM2,"Basel-Vanagaite L, et al., Am J Hum Genet, 2006",,13.65,
687812,LTBP3,qwen3.7-max,Benign,Likely benign,0.85,BP7,"Richards et al., Genet Med, 2015",,13.09,
519639,IL17RC,qwen3.7-max,Benign,Likely benign,0.7,BP7,"Richards et al., Genet Med, 2015",,18.24,
4983076,TAF4,qwen3.7-max,Benign,Uncertain significance,0.6,BP7,,,10.96,
645466,NF1,qwen3.7-max,Pathogenic,Pathogenic,0.95,PVS1;PM2,"Richards S, et al., Genet Med, 2015;ClinVar",,15.21,
243266,LDLR,qwen3.7-max,Pathogenic,Pathogenic,0.95,PVS1;PM2,"Richards S, et al., Genet Med, 2015",,15.11,
4986987,BRIP1,qwen3.7-max,Pathogenic,Pathogenic,0.85,PVS1;PM2,"Richards S, et al., Genet Med, 2015",,21.67,
1947560,CFH,qwen3.7-max,Benign,Benign,0.9,BP7,"Richards S, et al., Genet Med, 2015",,13.79,
134814,KCNT1,qwen3.7-max,Benign,Uncertain significance,0.6,BP7,"Richards et al., Genet Med, 2015",,24.59,
1053038,MED27,qwen3.7-max,Pathogenic,Uncertain significance,0.5,,,,13.05,
175177,MYBPC3,qwen3.7-max,Pathogenic,Pathogenic,0.85,PVS1;PM2,"Richards S, et al., Genet Med, 2015;Walsh R, et al., Genet Med, 2017",,23.31,
818207,COL4A3,qwen3.7-max,Pathogenic,Pathogenic,0.9,PVS1;PM2,"Richards et al., Genet Med, 2015;Savige et al., Front Genet, 2014",,23.2,
19367,GBA1,qwen3.7-max,Pathogenic,Uncertain significance,0.6,PM2;PP3,"ClinVar, 2023",,16.17,
99808,COL6A2,qwen3.7-max,Benign,Uncertain significance,0.5,PM2,"Richards S, et al., Genet Med, 2015",,14.38,
1276925,APOA4,qwen3.7-max,Benign,Likely benign,0.9,BP7,,,11.48,
23908,IHH,qwen3.7-max,Pathogenic,Uncertain significance,0.5,PM2;PP3,"Richards et al., Genet Med, 2015",,21.24,
4924770,DYRK1A,qwen3.7-max,Pathogenic,Pathogenic,0.9,PVS1;PM2,"Luco et al., Am J Hum Genet, 2016",,13.83,
982256,CYB5R3,qwen3.7-max,Benign,Likely benign,0.8,BP7,"Richards S, et al., Genet Med, 2015",,14.87,
3212663,SATB2,qwen3.7-max,Pathogenic,Pathogenic,0.95,PVS1;PM2,"Leoyklang P, et al. Am J Hum Genet. 2007;Zarate YA, et al. Am J Med Genet A. 2015",,20.13,
76773,CYP27A1,qwen3.7-max,Pathogenic,Pathogenic,0.8,PM2;PP3,"ClinVar, 2023",,16.98,
1055836,RMRP,qwen3.7-max,Pathogenic,Pathogenic,0.95,PS3;PS4;PM2,"Ridanpaa et al., Cell, 2001",,31.65,
4821287,ARID1B,qwen3.7-max,Pathogenic,Pathogenic,0.95,PVS1;PM2,"Hoyer et al., Am J Hum Genet, 2012;Santen et al., Nat Genet, 2012",,25.27,
191080,ABAT,qwen3.7-max,Benign,Likely benign,0.85,BP4;BP7,"Richards et al., Genet Med, 2015",,18.38,
229237,TERT,qwen3.7-max,Benign,Likely benign,0.85,BP7,"Richards S, et al., Genet Med, 2015",,16.64,
368919,UQCC2,qwen3.7-max,Benign,Likely benign,0.8,BP7,"Richards et al., Genet Med, 2015",,11.84,
212313,MLH1,qwen3.7-max,Benign,Uncertain significance,0.6,PM2,ClinVar,,21.09,
950284,USH1G,qwen3.7-max,Pathogenic,Pathogenic,0.95,PVS1;PM2,"Richards S, et al., Genet Med, 2015",,15.7,
1632097,LTBP2,qwen3.7-max,Benign,Likely benign,0.8,BP7,"Richards et al., Genet Med, 2015",,13.71,
2944012,MYH7,qwen3.7-max,Pathogenic,Uncertain significance,0.6,PM2;PP3,"Richards S, et al., Genet Med, 2015",,17.47,
52722,SLC26A4,qwen3.7-max,Pathogenic,Pathogenic,0.85,PVS1;PM2,"Richards S, et al., Genet Med, 2015",,20.55,
4851720,SLC45A2,qwen3.7-max,Pathogenic,Likely benign,0.7,BS1,"Klin R, et al., Hum Mutat, 2007",,21.91,
1760511,PKD1,qwen3.7-max,Pathogenic,Pathogenic,0.9,PVS1;PM2,"Cornec-Le Gall E, et al., Am J Hum Genet, 2013;Richards S, et al., Genet Med, 2015",,23.93,
719050,ROR1,qwen3.7-max,Benign,Likely benign,0.7,BP7,"Richards S, et al., Genet Med, 2015",,16.29,
255728,SLX4,qwen3.7-max,Benign,Uncertain significance,0.5,,,,15.29,
2425870,MLH3,qwen3.7-max,Pathogenic,Pathogenic,0.85,PVS1;PM2,"Richards S, et al., Genet Med, 2015",,14.01,
4796551,CAPRIN1,qwen3.7-max,Pathogenic,Pathogenic,0.8,PVS1;PM2,"Richards S, et al., Genet Med, 2015;ClinGen Sequence Variant Interpretation Working Group",,27.27,
4844013,KMT2B,qwen3.7-max,Pathogenic,Pathogenic,0.85,PVS1;PM2,"Zech et al., Nat Genet, 2016",,17.66,
53496,DSG2,qwen3.7-max,Benign,Likely benign,0.8,BP7,"Richards S, et al., Genet Med, 2015",,19.61,
4957777,ABCB11,qwen3.7-max,Pathogenic,Pathogenic,0.85,PVS1;PM2,"Richards S, et al., Genet Med, 2015",,20.15,
347550,SEPTIN9,qwen3.7-max,Benign,Likely benign,0.8,BP7,,,14.08,
1235613,KANK2,qwen3.7-max,Benign,Likely benign,0.7,BP7,,,20.05,
717550,SBF1,qwen3.7-max,Benign,Benign,0.85,BP7,"Richards S, et al., Genet Med, 2015",,20.73,
292684,RHO,qwen3.7-max,Benign,Uncertain significance,0.6,BP7,,,15.49,
4970847,SMARCA4,qwen3.7-max,Pathogenic,Pathogenic,0.9,PVS1;PM2,"Witkowski L, Nat Genet, 2014",,16.19,
4800853,TMEM216,qwen3.7-max,Pathogenic,Uncertain significance,0.5,,,,18.24,
1546191,A4GALT,qwen3.7-max,Benign,Likely benign,0.8,BP7,"Richards S, et al., Genet Med, 2015",,15.25,
47481,PCCB,qwen3.7-max,Pathogenic,Pathogenic,0.95,PVS1;PM2,"Desviat LR, et al. Hum Mol Genet. 1995;ACMG/AMP Guidelines, Genet Med. 2015",,20.57,
1200035,DICER1,qwen3.7-max,Pathogenic,Pathogenic,0.95,PVS1;PM2,"Slade I, et al., Nature, 2011",,15.53,
1609434,DHODH,qwen3.7-max,Benign,Uncertain significance,0.6,BP4,,,14.56,
1583670,DIP2C,qwen3.7-max,Benign,Uncertain significance,0.5,,,,14.6,
485777,NF1,qwen3.7-max,Pathogenic,Pathogenic,0.95,PVS1;PM2,"Richards et al., Genet Med, 2015;Legius et al., Hum Mutat, 2007",,14.35,
38452,GLA,qwen3.7-max,Pathogenic,Pathogenic,0.9,PM2;PP3;PS3;PS4,"Gal A, et al., Hum Mutat, 2006;Germain DP, et al., Orphanet J Rare Dis, 2010",,22.8,
4958576,CASP8,qwen3.7-max,Pathogenic,Pathogenic,0.85,PVS1;PM2,"GeneReviews, CASP8-Related Immunodeficiency, 2021;OMIM 607274",,35.93,
3081758,MYO3A,qwen3.7-max,Pathogenic,Uncertain significance,0.6,PM2,,,14.38,
704434,RNF213,qwen3.7-max,Benign,Likely benign,0.8,BP7,,,19.56,
361210,TECPR2,qwen3.7-max,Pathogenic,Pathogenic,0.9,PVS1;PM2,"Oz-Levi et al., Am J Hum Genet, 2012",,19.16,
4970870,SMARCA4,qwen3.7-max,Pathogenic,Pathogenic,0.95,PVS1;PM2,"Richards et al., Genet Med, 2015",,18.57,
1799632,SDHD,qwen3.7-max,Pathogenic,Pathogenic,0.95,PVS1;PM2,"Richards S, et al., Genet Med, 2015;ClinVar",,19.31,
1056388,NF1,qwen3.7-max,Pathogenic,Pathogenic,0.95,PVS1;PM2,"Messiaen et al., Hum Mutat, 2000;ClinVar",,15.5,
577234,DEAF1,qwen3.7-max,Benign,Likely benign,0.7,BP4;BP7,,,19.61,
71084,NPHS1,qwen3.7-max,Pathogenic,Pathogenic,0.85,PVS1;PM2,"Richards S, et al., Genet Med, 2015",,18.89,
191341,GALNS,qwen3.7-max,Benign,Uncertain significance,0.6,PM2;PP3,ClinVar,,18.46,
1661866,CEP89,qwen3.7-max,Benign,Uncertain significance,0.5,PM2,,,14.31,
4986418,STUB1,qwen3.7-max,Pathogenic,Uncertain significance,0.7,PM4,,,20.48,
696008,MAD2L2,qwen3.7-max,Benign,Likely benign,0.8,BP7,,,18.45,
799421,MSH3,qwen3.7-max,Benign,Likely benign,0.8,BP7,"Richards et al., Genet Med, 2015",,14.78,
4973094,APC,qwen3.7-max,Pathogenic,Pathogenic,0.95,PVS1;PM2,"Groden J, et al., Cell, 1991;Fearnhead NS, et al., Hum Mutat, 2001",,22.14,
178145,VCAN,qwen3.7-max,Benign,Likely benign,0.85,BP7,,,17.43,
708679,SLC7A14,qwen3.7-max,Benign,Uncertain significance,0.5,,,,16.22,
315202,EYA1,qwen3.7-max,Benign,Uncertain significance,0.6,PM2;PP3,"Richards S, et al., Genet Med, 2015",,12.71,
4793485,BRCA1,qwen3.7-max,Pathogenic,Pathogenic,0.95,PVS1;PM2,"Kuchenbaecker KB, JAMA, 2017",,27.08,
1250959,POP1,qwen3.7-max,Benign,Uncertain significance,0.6,PM2;PP3,"Richards et al., Genet Med, 2015",,23.72,
264590,POLG,qwen3.7-max,Pathogenic,Pathogenic,0.95,PVS1;PM2,ClinVar,,22.69,
1199678,CENPF,qwen3.7-max,Benign,Likely benign,0.8,BP7,"Richards et al., Genet Med, 2015",,13.67,
4976577,MSH6,qwen3.7-max,Pathogenic,Pathogenic,0.95,PVS1;PM2,"Richards et al., Genet Med, 2015",,17.19,
291612,ITPR1,qwen3.7-max,Benign,Likely benign,0.9,BP7,,,12.71,
4968629,FSD1L,qwen3.7-max,Pathogenic,Uncertain significance,0.5,,,,14.72,
524814,TSC1,qwen3.7-max,Pathogenic,Pathogenic,0.9,PVS1;PM2,"Richards et al., Genet Med, 2015;ClinVar",,20.42,
1155537,PRDM13,qwen3.7-max,Benign,Pathogenic,0.95,PS4;PM1;PM2,"Small et al., Nat Genet, 2016",,26.68,
487749,FBN1,qwen3.7-max,Pathogenic,Pathogenic,0.75,PM2;PM4,"Richards et al., Genet Med, 2015",,27.12,
231171,MYH9,qwen3.7-max,Benign,Benign,0.9,BP7,"Richards et al., Genet Med, 2015",,16.38,
266921,FTCD,qwen3.7-max,Benign,Likely benign,0.8,BP7,"Richards S, et al., Genet Med, 2015",,16.89,
4934877,PKHD1,qwen3.7-max,Pathogenic,Pathogenic,0.85,PVS1;PM2,"Bergmann C, et al., Nat Genet, 2004;Richards S, et al., Genet Med, 2015",,19.55,
250841,FANCD2,qwen3.7-max,Benign,Uncertain significance,0.6,BP7,"Richards et al., Genet Med, 2015",,26.09,
801438,POC1B,qwen3.7-max,Pathogenic,Pathogenic,0.85,PVS1;PM2,"Becirevic et al., Eur J Hum Genet, 2017",,21.77,
20973,CLDN16,qwen3.7-max,Pathogenic,Uncertain significance,0.6,PM2;PP3,"Simon DB, et al., Science, 1999",,17.71,
4983617,KCNQ1;KCNQ1OT1,qwen3.7-max,Benign,Uncertain significance,0.6,,,,15.7,
264833,NFIX,qwen3.7-max,Pathogenic,Pathogenic,0.9,PVS1;PM2,"Yoneda et al., Am J Hum Genet, 2012",,18.92,
1327007,SPECC1L,qwen3.7-max,Benign,Uncertain significance,0.5,,,,13.77,
3861451,CHST14,qwen3.7-max,Pathogenic,Pathogenic,0.9,PVS1;PM2,"Kosho et al., Am J Hum Genet, 2011",,25.72,
704572,DSG1,qwen3.7-max,Benign,Benign,0.9,BP7,"Richards S, et al., Genet Med, 2015",,19.57,
221072,KIF1B,qwen3.7-max,Benign,Uncertain significance,0.85,,,,14.01,
621279,PEX1,qwen3.7-max,Pathogenic,Pathogenic,0.95,PVS1;PM2,"Steinberg SJ et al., Hum Mutat, 2006;Waterham HR et al., Annu Rev Genomics Hum Genet, 2016",,17.21,
251176,NBEAL2,qwen3.7-max,Benign,Uncertain significance,0.6,PM2;PP3,,,14.13,
2913432,MSH6,qwen3.7-max,Pathogenic,Pathogenic,0.95,PVS1;PM2,"Richards et al., Genet Med, 2015",,20.21,
752399,NPAT,qwen3.7-max,Benign,Uncertain significance,0.5,,,,18.76,
4986973,MBD4,qwen3.7-max,Pathogenic,Pathogenic,0.85,PVS1;PM2,"Rodrigues C, et al., Nat Genet, 2018",,19.93,
3137823,LZTR1,qwen3.7-max,Pathogenic,Pathogenic,0.9,PVS1;PM2,"Richards et al., Genet Med, 2015",,20.48,
191843,FREM1,qwen3.7-max,Benign,Uncertain significance,0.6,PM2,"Richards S, et al., Genet Med, 2015",,7.85,
455113,DNAH5,qwen3.7-max,Pathogenic,Pathogenic,0.85,PVS1;PM2,"Richards S, et al., Genet Med, 2015",,25.96,
2109040,SDHC,qwen3.7-max,Pathogenic,Pathogenic,0.85,PVS1;PM2,"Richards et al., Genet Med, 2015;ClinVar",,15.57,
1156369,DHTKD1,qwen3.7-max,Benign,Likely benign,0.7,BP7,"Richards et al., Genet Med, 2015",,19.66,
697872,ZIC4,qwen3.7-max,Benign,Uncertain significance,0.5,PM2,,,12.84,
28557,PKD2,qwen3.7-max,Pathogenic,Pathogenic,0.95,PVS1;PM2,"Audrezet et al., Hum Mutat, 2012;Cornec-Le Gall et al., Am J Hum Genet, 2013",,16.49,
99553,SCN1A,qwen3.7-max,Pathogenic,Pathogenic,0.9,PVS1;PM2,"Richards S, et al., Genet Med, 2015",,22.58,
711028,PKD1L1,qwen3.7-max,Benign,Uncertain significance,0.8,BP7,,,17.12,
372800,NOTCH1,qwen3.7-max,Benign,Likely benign,0.7,BP7,"Richards et al., Genet Med, 2015",,14.24,
4853709,DYSF,qwen3.7-max,Pathogenic,Pathogenic,0.9,PVS1;PM2,"Liu et al., Nat Genet, 1998;Bashir et al., Nat Genet, 1998",,16.49,
2107128,PYGL,qwen3.7-max,Benign,Likely benign,0.7,BP7,,,16.82,
277809,LAMC2,qwen3.7-max,Benign,Likely benign,0.8,BP7,"Richards S, et al., Genet Med, 2015",,13.04,
1253006,CYP7A1,qwen3.7-max,Benign,Uncertain significance,0.5,,,,11.43,
184512,NF1,qwen3.7-max,Pathogenic,Pathogenic,0.95,PVS1;PM2,"Richards et al., Genet Med, 2015;Messiaen et al., Hum Mutat, 2000",,15.84,
257481,COL18A1,qwen3.7-max,Benign,Uncertain significance,0.4,PM2,,,10.0,
4923738,FLNC,qwen3.7-max,Pathogenic,Pathogenic,0.9,PVS1;PM2,"Richards S, et al., Genet Med, 2015",,20.94,
106004,UMPS,qwen3.7-max,Benign,Uncertain significance,0.5,PM2,,,12.92,
2858708,CCDC88C,qwen3.7-max,Benign,Likely benign,0.7,BP7,,,13.95,
1156614,VPS11,qwen3.7-max,Benign,Likely benign,0.7,BP7,"Richards S, et al., Genet Med, 2015",,25.8,
250906,GATA2,qwen3.7-max,Benign,Likely benign,0.8,BP7,"Richards S, et al., Genet Med, 2015",,16.49,
496375,MFSD8,qwen3.7-max,Pathogenic,Pathogenic,0.95,PVS1;PM2,"Kousi et al., Am J Hum Genet, 2012",,19.98,
4887484,TGM1,qwen3.7-max,Pathogenic,Pathogenic,0.95,PVS1;PM2,"Richards et al., Genet Med, 2015",,16.86,
256867,NPHS1,qwen3.7-max,Benign,Likely benign,0.8,BP7,,,13.06,
728465,VAV1,qwen3.7-max,Benign,Likely benign,0.9,BP7,"Richards S, et al., Genet Med, 2015",,14.44,
22859,PTEN,qwen3.7-max,Pathogenic,Pathogenic,0.95,PVS1;PM2,"Richards et al., Genet Med, 2015;ClinVar database, 2023",,15.55,
4970130,PTEN,qwen3.7-max,Pathogenic,Pathogenic,0.95,PVS1,"Richards et al., Genet Med, 2015",,21.48,
1238948,CTNNA3,qwen3.7-max,Benign,Uncertain significance,0.6,,,,14.58,
1061775,PTCH1,qwen3.7-max,Pathogenic,Pathogenic,0.9,PVS1;PM2,"Richards et al., Genetics in Medicine, 2015",,15.9,
1649545,RUSC2,qwen3.7-max,Benign,Uncertain significance,0.5,,,,18.32,
177507,BBS12,qwen3.7-max,Benign,Likely benign,0.8,BP7,,,17.14,
193455,GPR179,qwen3.7-max,Benign,Likely benign,0.7,BP7,"Richards et al., Genet Med, 2015",,20.93,
453120,EOGT,qwen3.7-max,Benign,Uncertain significance,0.6,PM2,"Richards S, et al., Genet Med, 2015",,18.85,
2172689,NEXN,qwen3.7-max,Pathogenic,Pathogenic,0.85,PVS1;PM2,"Hassel D, Nat Genet, 2009",,19.34,
71379,CEP290,qwen3.7-max,Pathogenic,Pathogenic,0.85,PVS1;PM2,,,15.13,
1154638,BBS7,qwen3.7-max,Benign,Likely benign,0.8,BP7,,,15.19,
779502,GUCY2C,qwen3.7-max,Benign,Uncertain significance,0.5,,,,14.44,
4900256,DPAGT1,qwen3.7-max,Pathogenic,Pathogenic,0.9,PVS1;PM2,"Richards S, et al., Genet Med, 2015",,19.91,
4963517,PCBP1,qwen3.7-max,Pathogenic,Uncertain significance,0.8,PM2,,,19.51,
222445,LITAF,qwen3.7-max,Benign,Likely benign,0.8,BP7,"Richards et al., Genet Med, 2015",,12.33,
204363,CLCN1,qwen3.7-max,Pathogenic,Pathogenic,0.8,PM1;PM2;PP3,ClinVar,,16.37,
329256,NFKBIA,qwen3.7-max,Benign,Likely benign,0.8,BP7,"Richards et al., Genet Med, 2015",,12.88,
4957689,ABCB4,qwen3.7-max,Pathogenic,Pathogenic,0.85,PVS1;PM2,"Richards et al., Genet Med, 2015",,14.84,
1535086,DNAH8,qwen3.7-max,Benign,Uncertain significance,0.5,,,,17.49,
4930581,TRIP12,qwen3.7-max,Pathogenic,Pathogenic,0.85,PVS1;PM2,"Richards et al., Genet Med, 2015",,14.48,
4910185,GHR,qwen3.7-max,Pathogenic,Pathogenic,0.95,PVS1;PM2,ClinVar,,19.93,
2905312,ATP8B1,qwen3.7-max,Pathogenic,Pathogenic,0.9,PVS1;PM2,"Davit-Spraul A, et al., Hepatology, 2007;van Mil SW, et al., Gastroenterology, 2005",,18.55,
489057,ABCB4,qwen3.7-max,Pathogenic,Pathogenic,0.95,PVS1;PM2,"Gonzales E, et al., J Hepatol, 2017;Richards S, et al., Genet Med, 2015",,17.41,
519333,MYD88,qwen3.7-max,Benign,Likely benign,0.9,BP7,"Richards et al., Genet Med, 2015",,11.47,
1158593,LIG1,qwen3.7-max,Benign,Uncertain significance,0.7,PM2;BP7,"Richards et al., Genet Med, 2015",,17.86,
919723,NF1,qwen3.7-max,Pathogenic,Pathogenic,0.95,PVS1;PM2,"Richards et al., Genet Med, 2015;ClinVar",,17.64,
4911767,TAT,qwen3.7-max,Pathogenic,Pathogenic,0.85,PVS1;PM2,"Richards S, et al., Genet Med, 2015",,19.75,
1197088,CTNNB1,qwen3.7-max,Pathogenic,Pathogenic,0.9,PVS1;PM2,"Richards S, et al., Genet Med, 2015",,23.48,
26989,DBT,qwen3.7-max,Pathogenic,Pathogenic,0.95,PVS1;PM2,"Richards S, et al., Genet Med, 2015",,15.25,
1062324,RAG1,qwen3.7-max,Pathogenic,Uncertain significance,0.6,PM2;PP3,ClinVar,,16.34,
4966340,SURF1,qwen3.7-max,Pathogenic,Pathogenic,0.85,PVS1;PM2,"Richards S, et al., Genet Med, 2015",,32.59,
28323,FGFR2,qwen3.7-max,Pathogenic,Pathogenic,0.85,PM1;PM2;PM5,"Wilkie et al., Hum Mol Genet, 1995;ClinVar",,17.93,
796868,MFAP5,qwen3.7-max,Pathogenic,Pathogenic,0.9,PVS1;PM2,"Barbier et al., Am J Hum Genet, 2014",,24.58,
348073,TRMU,qwen3.7-max,Benign,Benign,0.9,BP7,,,10.32,
191436,PITPNM3,qwen3.7-max,Benign,Uncertain significance,0.5,,,,12.85,
1602887,TONSL,qwen3.7-max,Benign,Likely benign,0.7,BP4,,,17.44,
151248,ATM,qwen3.7-max,Pathogenic,Pathogenic,0.9,PVS1;PM2,"Richards et al., Genet Med, 2015",,28.63,
1232267,MYO18B,qwen3.7-max,Benign,Uncertain significance,0.6,,,,13.39,
724743,CAPN5,qwen3.7-max,Benign,Likely benign,0.9,BP7,,,17.21,
1584091,PARN,qwen3.7-max,Benign,Uncertain significance,0.6,PM2;BP4,,,17.41,
2093135,KMT2C,qwen3.7-max,Benign,Uncertain significance,0.7,PM2,"Richards S, et al., Genet Med, 2015",,17.71,
131878,SMARCA2,qwen3.7-max,Benign,Likely benign,0.9,BP7,,,13.51,
3179315,GCK,qwen3.7-max,Benign,Likely benign,0.8,BP4,"Richards et al., Genet Med, 2015",,14.08,
712579,EXPH5,qwen3.7-max,Benign,Likely benign,0.8,BP7,,,17.13,
191573,CEP164,qwen3.7-max,Benign,Uncertain significance,0.6,,,,12.81,
31344,FMO3,qwen3.7-max,Benign,Uncertain significance,0.5,,"Cashman JR, et al. Drug Metab Dispos, 2003",,19.82,
1154311,HPS3,qwen3.7-max,Benign,Uncertain significance,0.6,,"Richards et al., Genet Med, 2015",,19.32,
1020251,TNXB,qwen3.7-max,Pathogenic,Pathogenic,0.85,PVS1;PM2,"Schalkwijk et al., N Engl J Med, 2001;Zweers et al., Hum Mutat, 2019",,20.3,
4933590,EFEMP2,qwen3.7-max,Pathogenic,Pathogenic,0.9,PVS1;PM2,"Das M et al., Hum Mol Genet, 2010;Richards S et al., Genet Med, 2015",,25.76,
882976,ADAMTS10,qwen3.7-max,Benign,Likely benign,0.7,BP7,"Richards et al., Genet Med, 2015",,16.32,
1396874,MEN1,qwen3.7-max,Pathogenic,Pathogenic,0.95,PVS1;PM2,"Chandrasekharappa SC, Science, 1997;Lemmens I, Hum Mol Genet, 1997",,16.1,
246241,LDLR,qwen3.7-max,Benign,Likely benign,0.8,BP7,"Richards S, et al., Genet Med, 2015",,18.31,
4967676,MSH2,qwen3.7-max,Pathogenic,Pathogenic,0.95,PVS1;PM2,"Richards S, et al., Genet Med, 2015;ClinVar",,11.26,
1659530,LRRK1,qwen3.7-max,Benign,Likely benign,0.7,BP7,"Richards et al., Genet Med, 2015",,12.26,
1596088,HPD,qwen3.7-max,Benign,Uncertain significance,0.5,,,,17.54,
2079733,DHX37,qwen3.7-max,Benign,Uncertain significance,0.6,PM2;PP3,,,13.14,
3853576,GJB2,qwen3.7-max,Pathogenic,Pathogenic,0.75,PM2;PP3,"ClinVar, 2023",,26.28,
133812,ANK3,qwen3.7-max,Benign,Uncertain significance,0.5,,,,11.09,
23362,CASR,qwen3.7-max,Pathogenic,Uncertain significance,0.5,PM2,,,11.56,
729577,CYBB,qwen3.7-max,Benign,Likely benign,0.85,BP7,"Richards et al., Genet Med, 2015",,12.66,
98463,GLA,qwen3.7-max,Pathogenic,Pathogenic,0.8,PM1;PM2;PP3,ClinVar,,15.87,
1310152,FLNC,qwen3.7-max,Pathogenic,Pathogenic,0.85,PVS1;PM2,"Gomez J, et al. Circulation. 2017;Brodehl A, et al. Eur J Hum Genet. 2017",,18.25,
1158041,NLRP1,qwen3.7-max,Benign,Uncertain significance,0.5,,,,13.16,
370237,SYNE1,qwen3.7-max,Benign,Likely benign,0.7,BP7,"Richards S, et al., Genet Med, 2015",,17.51,
4847806,SLC26A4,qwen3.7-max,Pathogenic,Pathogenic,0.85,PVS1;PM2,"Richards S, et al., Genet Med, 2015;Tayoun AA, et al., Genet Med, 2018",,20.94,
3202942,EP300,qwen3.7-max,Benign,Likely benign,0.7,BP7,,,19.27,
406084,SLC6A1,qwen3.7-max,Pathogenic,Uncertain significance,0.6,PM2;PP3,"Richards et al., Genet Med, 2015",,19.27,
4958431,B4GALT7,qwen3.7-max,Pathogenic,Pathogenic,0.8,PVS1;PM2,"Richards et al., Genet Med, 2015;Malfait et al., Hum Mutat, 2010",,21.38,
716433,PLEKHG2,qwen3.7-max,Benign,Likely benign,0.85,BP7,"Richards et al., Genet Med, 2015",,12.0,
4843721,BAP1,qwen3.7-max,Pathogenic,Pathogenic,0.95,PVS1;PM2,"Testa JR et al., Nat Genet, 2011;Popova T et al., Am J Hum Genet, 2013",,14.25,
440413,NPHS2,qwen3.7-max,Pathogenic,Pathogenic,0.95,PS4;PM2;PP3,"Boute N, et al., Nat Genet, 2000;Weber S, et al., J Am Soc Nephrol, 2004",,15.07,
720851,LETM1,qwen3.7-max,Benign,Uncertain significance,0.5,,,,16.18,
1585181,CHD4,qwen3.7-max,Benign,Benign,0.9,BP7,"Richards S, et al., Genet Med, 2015",,13.31,
1157015,TNFRSF1A,qwen3.7-max,Benign,Likely benign,0.7,BP7,"Richards S, et al., Genet Med, 2015",,11.25,
174229,NME8,qwen3.7-max,Benign,Likely benign,0.9,BP7,"Richards S, et al., Genet Med, 2015",,13.59,
4916669,EARS2,qwen3.7-max,Pathogenic,Pathogenic,0.85,PVS1;PM2,"Steenweg ME, Am J Hum Genet, 2012",,17.67,
737504,ERCC6,qwen3.7-max,Benign,Uncertain significance,0.6,PM2,,,13.67,
346719,COL18A1,qwen3.7-max,Benign,Likely benign,0.8,BP7,"Richards S, et al., Genet Med, 2015",,13.87,
251502,KIT,qwen3.7-max,Benign,Benign,0.9,BP7,,,19.49,
2849151,CTNNBL1,qwen3.7-max,Benign,Uncertain significance,0.5,,,,15.5,
4964522,CLN5,qwen3.7-max,Pathogenic,Pathogenic,0.9,PVS1;PM2,"Richards et al., Genet Med, 2015",,15.88,
422456,PHEX,qwen3.7-max,Pathogenic,Pathogenic,0.95,PVS1;PM2,"Richards S, et al., Genet Med, 2015",,13.16,
32077,C8B,qwen3.7-max,Pathogenic,Pathogenic,0.9,PVS1;PM2,"Richards et al., Genet Med, 2015",,22.21,
15400,NF1,qwen3.7-max,Pathogenic,Pathogenic,0.95,PVS1;PM2,"Richards et al., Genet Med, 2015",,13.11,
251737,DNAH5,qwen3.7-max,Benign,Uncertain significance,0.6,,,,11.67,
251610,WDR36,qwen3.7-max,Benign,Likely benign,0.7,BP7,"Richards et al., Genet Med, 2015",,15.62,
20685,AGXT,qwen3.7-max,Pathogenic,Uncertain significance,0.4,PM2,,,15.79,
357891,ATM,qwen3.7-max,Pathogenic,Pathogenic,0.9,PVS1;PM2,"Richards et al., Genet Med, 2015",,19.6,
3416798,NF1,qwen3.7-max,Pathogenic,Pathogenic,0.95,PVS1;PM2,"Richards S, Genet Med, 2015;Messiaen LM, Hum Mutat, 2000",,20.1,
4931734,COL2A1,qwen3.7-max,Pathogenic,Pathogenic,0.85,PM1;PM2;PP2;PP3,"Richards et al., Genet Med, 2015;Terhal et al., Hum Mutat, 2012",,23.7,
1276483,SUN1,qwen3.7-max,Benign,Uncertain significance,0.5,,,,10.45,
57661,USH2A,qwen3.7-max,Pathogenic,Pathogenic,0.85,PVS1;PM2,"Richards et al., Genet Med, 2015",,20.68,
1159738,KDM5C,qwen3.7-max,Benign,Uncertain significance,0.5,PM2,,,13.11,
3547018,SLC47A2,qwen3.7-max,Benign,Uncertain significance,0.5,,,,18.26,
4970462,ARFGEF1,qwen3.7-max,Pathogenic,Pathogenic,0.85,PVS1;PM2,"Sheen et al., Nat Genet, 2004",,19.12,
364955,B3GALNT2,qwen3.7-max,Benign,Likely benign,0.7,BP7,"Richards et al., Genet Med, 2015",,12.08,
4011939,SMAD3,qwen3.7-max,Pathogenic,Pathogenic,0.9,PVS1;PM2,"Richards S, et al., Genet Med, 2015",,13.89,
1272742,LRRC56,qwen3.7-max,Benign,Uncertain significance,0.4,PM2,,,13.43,
530689,CYBA,qwen3.7-max,Benign,Likely benign,0.8,BP7,,,13.38,
1153564,AHDC1,qwen3.7-max,Benign,Likely benign,0.8,BP7,"Richards et al., Genet Med, 2015",,15.49,
586375,ABCB11,qwen3.7-max,Pathogenic,Uncertain significance,0.4,PM2,"Richards S, et al., Genet Med, 2015",,14.82,
1157774,CARMIL2,qwen3.7-max,Benign,Uncertain significance,0.6,BP7,"Richards S, et al., Genet Med, 2015",,18.08,
4986723,RB1,qwen3.7-max,Benign,Likely benign,0.85,BP7,,,15.8,
3509724,TNFRSF1A,qwen3.7-max,Benign,Uncertain significance,0.8,,,,14.32,
184156,PALB2,qwen3.7-max,Pathogenic,Pathogenic,0.95,PVS1;PM2,"Antoniou AC et al., N Engl J Med, 2014",,29.4,
4794581,RPS6KC1,qwen3.7-max,Pathogenic,Uncertain significance,0.6,,,,18.09,
2825367,YIPF5,qwen3.7-max,Benign,Uncertain significance,0.5,,,,18.44,
4958362,PKD1,qwen3.7-max,Pathogenic,Pathogenic,0.85,PVS1;PM2,"Richards S, et al., Genet Med, 2015",,17.86,
4834585,BRCA2,qwen3.7-max,Pathogenic,Pathogenic,0.95,PVS1;PM2,"Richards S, et al., Genet Med, 2015;ENIGMA Consortium BRCA1/2 Classification Guidelines",,35.43,
289940,SLC3A1,qwen3.7-max,Benign,Pathogenic,0.75,PM2;PP3,"ClinVar, 2023",,22.2,
3836604,STX16,qwen3.7-max,Benign,Likely benign,0.9,BP7,"Richards S, et al. Genet Med. 2015",,14.21,
1534924,TNNT1,qwen3.7-max,Benign,Uncertain significance,0.6,,,,12.92,
1670657,SORD,qwen3.7-max,Pathogenic,Pathogenic,0.85,PVS1;PM2,"Cortese A, Nat Genet, 2020",,24.54,
268308,FLNB,qwen3.7-max,Benign,Likely benign,0.85,BP7,"Richards S, et al., Genet Med, 2015",,19.7,
4945776,VHL,qwen3.7-max,Pathogenic,Pathogenic,0.95,PVS1;PM2,"Richards S, et al., Genet Med, 2015",,11.99,
1521723,ATR,qwen3.7-max,Benign,Uncertain significance,0.6,BP7,,,15.61,
324013,CACNA2D4,qwen3.7-max,Benign,Uncertain significance,0.5,,,,21.62,
709753,FAT2,qwen3.7-max,Benign,Likely benign,0.7,BP7,,,19.01,
815254,VHL,qwen3.7-max,Pathogenic,Pathogenic,0.95,PVS1;PM2,"Richards S, et al., Genet Med, 2015",,17.81,
1554160,MICAL1,qwen3.7-max,Benign,Uncertain significance,0.5,,,,18.49,
1649348,AK7,qwen3.7-max,Benign,Uncertain significance,0.5,,,,13.88,
230151,OTOG,qwen3.7-max,Benign,Uncertain significance,0.5,,,,10.14,
1464726,GNPTG,qwen3.7-max,Pathogenic,Pathogenic,0.85,PVS1;PM2,"Richards S, et al., Genet Med, 2015",,17.57,
700871,ADAMTS13,qwen3.7-max,Benign,Likely benign,0.8,BP7,"Richards et al., Genet Med, 2015",,11.5,
4922070,PEX6,qwen3.7-max,Pathogenic,Pathogenic,0.85,PVS1;PM2,,,23.65,
503660,CTNNA3,qwen3.7-max,Benign,Uncertain significance,0.4,,,,18.46,
255135,OCA2,qwen3.7-max,Benign,Likely benign,0.8,BP7,,,12.51,
2096146,TRRAP,qwen3.7-max,Benign,Likely benign,0.7,BP7,,,15.73,
4798042,HPDL,qwen3.7-max,Pathogenic,Pathogenic,0.85,PVS1;PM2,"Richards S, et al., Genet Med, 2015",,16.49,
265149,PHEX,qwen3.7-max,Pathogenic,Pathogenic,0.95,PVS1;PM2,"GeneReviews: X-Linked Hypophosphatemia, 2022;ClinVar",,12.95,
4964786,COL4A3,qwen3.7-max,Pathogenic,Pathogenic,0.85,PVS1;PM2,"Richards et al., Genet Med, 2015",,28.15,
256146,NF1,qwen3.7-max,Benign,Uncertain significance,0.6,PM2;BP4,,,13.48,
229063,KLHL40,qwen3.7-max,Benign,Uncertain significance,0.5,PM2,,,16.23,
4805097,RBM20,qwen3.7-max,Pathogenic,Pathogenic,0.85,PVS1;PM2,"Richards S, et al., Genet Med, 2015",,15.07,
315213,TALDO1,qwen3.7-max,Benign,Uncertain significance,0.7,BP7,,,18.03,
190315,SDHAF1,qwen3.7-max,Benign,Pathogenic,0.75,PM1;PM2;PP3,"Ghezzi D, et al. Am J Hum Genet. 2009",,13.94,
4964493,SLC12A6,qwen3.7-max,Pathogenic,Pathogenic,0.85,PVS1;PM2,"Howard HC, et al., Nat Genet, 2002",,12.11,
1409098,C1QA,qwen3.7-max,Pathogenic,Pathogenic,0.85,PVS1;PM2,"Richards et al., Genet Med, 2015",,12.44,
4957411,ABCB4,qwen3.7-max,Pathogenic,Pathogenic,0.85,PVS1;PM2,"ClinVar, 2023, ABCB4 variant c.1731+2T>C",,18.37,
4924681,ACADM,qwen3.7-max,Pathogenic,Uncertain significance,0.5,PM2,,,17.98,
3893013,ABCB11,qwen3.7-max,Pathogenic,Pathogenic,0.85,PVS1;PM2,"Richards et al., Genet Med, 2015",,20.94,
55693,MYLK2,qwen3.7-max,Benign,Likely benign,0.9,BP7,,,15.06,
1200004,SORL1,qwen3.7-max,Benign,Uncertain significance,0.6,BP7,"Richards S, et al., Genet Med, 2015",,21.2,
2901650,BBS2,qwen3.7-max,Pathogenic,Pathogenic,0.85,PVS1;PM2,"Richards et al., Genet Med, 2015",,19.11,
779515,SLC37A4,qwen3.7-max,Benign,Uncertain significance,0.5,,,,16.58,
4924739,UMOD,qwen3.7-max,Pathogenic,Uncertain significance,0.5,PM2,,,18.21,
538034,FBN1,qwen3.7-max,Pathogenic,Pathogenic,0.85,PM1;PP2;PP3,"Judge DP, Dietz HC, Lancet, 2005;Robinson PN, et al., Hum Mutat, 2006",,28.54,
2890893,XPC,qwen3.7-max,Benign,Uncertain significance,0.8,,,,12.52,
175984,FBN1,qwen3.7-max,Benign,Uncertain significance,0.6,PM2,"Richards S, et al., Genet Med, 2015",,18.2,
101855,SELENON,qwen3.7-max,Benign,Uncertain significance,0.6,PM2;BP4,,,16.06,
45551,TTR,qwen3.7-max,Pathogenic,Pathogenic,0.95,PS4;PM2,"Uemichi et al., Hum Genet, 1994;Plante-Bordeneuve et al., Curr Opin Neurol, 2011",,20.83,
238040,RP1,qwen3.7-max,Pathogenic,Pathogenic,0.9,PVS1;PM2,"Pierce EA, Nat Genet, 1999;Bowne SJ, Hum Mol Genet, 1999",,19.34,
3198194,ABCB4,qwen3.7-max,Pathogenic,Pathogenic,0.85,PVS1;PM2,"Richards S, et al., Genet Med, 2015;Jacquemin E, et al., Gastroenterology, 1998",,26.23,
431772,CEP290,qwen3.7-max,Pathogenic,Pathogenic,0.9,PVS1;PM2,"Richards S, et al., Genet Med, 2015",,20.16,
779477,ITGA8,qwen3.7-max,Benign,Uncertain significance,0.5,PM2,"Richards et al., Genet Med, 2015",,12.61,
1421750,RAB27A,qwen3.7-max,Pathogenic,Uncertain significance,0.5,PM2,,,16.18,
214204,CPLANE1,qwen3.7-max,Pathogenic,Pathogenic,0.9,PVS1;PM2,"Romani et al., Nat Genet, 2012",,19.27,
230410,OTOGL,qwen3.7-max,Benign,Likely benign,0.8,BP7,"Richards et al., Genet Med, 2015",,18.33,
4980962,SUCLA2,qwen3.7-max,Pathogenic,Pathogenic,0.9,PVS1;PM2,ClinVar,,11.8,
187060,CBS,qwen3.7-max,Pathogenic,Pathogenic,0.7,PM2;PP3,"ClinVar, 2023",,18.72,
727970,BRD4,qwen3.7-max,Benign,Uncertain significance,0.8,,,,15.01,
256168,JUP,qwen3.7-max,Benign,Uncertain significance,0.6,,,,15.1,
734107,PTPN23,qwen3.7-max,Benign,Uncertain significance,0.7,PM2;PP3,"Richards et al., Genet Med, 2015",,16.21,
937559,CDH1,qwen3.7-max,Pathogenic,Pathogenic,0.95,PVS1;PM2,"Richards et al., Genet Med, 2015;Guilford et al., Nature, 1999",,18.18,
4837381,FANCC,qwen3.7-max,Pathogenic,Pathogenic,0.9,PVS1;PM2,"ClinVar, 2023",,25.17,
4938563,RB1,qwen3.7-max,Pathogenic,Pathogenic,0.95,PVS1;PM2,"Richards S et al., Genet Med, 2015;Dimaras H et al., Nat Rev Dis Primers, 2015",,16.73,
4850641,BRCA2,qwen3.7-max,Pathogenic,Pathogenic,0.95,PVS1;PM2,"Tavtigian SV, et al., Nat Genet, 1996;ClinVar, NCBI, 2023",,15.49,
265017,DDX3X,qwen3.7-max,Pathogenic,Pathogenic,0.95,PVS1;PM2,"Snijders Blok et al., Nat Commun, 2015",,17.68,
419758,PTEN,qwen3.7-max,Pathogenic,Pathogenic,0.95,PVS1;PM2,"ClinVar, NCBI, 2023",,19.54,
200110,MMUT,qwen3.7-max,Pathogenic,Pathogenic,0.95,PVS1;PM2,"Richards S, et al., Genet Med, 2015",,21.06,
4981371,ZNF462,qwen3.7-max,Pathogenic,Pathogenic,0.85,PVS1;PM2,"Richards S, et al., Genet Med, 2015;Kruszka P, et al., Am J Med Genet A, 2019",,14.5,
536494,BRCA1,qwen3.7-max,Pathogenic,Pathogenic,0.99,PVS1;PM2,"ClinGen BRCA1/2 VCEP, 2023;ENIGMA Consortium",,14.01,
1158610,LIG1,qwen3.7-max,Benign,Uncertain significance,0.4,PM2,,,13.43,
1158213,CYBC1,qwen3.7-max,Benign,Uncertain significance,0.5,,,,14.07,
203738,KCNQ2,qwen3.7-max,Benign,Uncertain significance,0.5,,,,13.97,
1274269,NEFH,qwen3.7-max,Benign,Uncertain significance,0.5,,,,15.13,
759008,MERTK,qwen3.7-max,Benign,Likely benign,0.8,BP7,"Richards S, et al., Genet Med, 2015",,18.31,
3816225,MBD4,qwen3.7-max,Pathogenic,Pathogenic,0.85,PVS1;PM2,"Rodrigues et al., Nat Genet, 2018",,24.06,
2174060,SACS,qwen3.7-max,Benign,Uncertain significance,0.6,PM2;PP3,"Richards et al., Genet Med, 2015",,13.34,
300091,SLC2A9,qwen3.7-max,Benign,Uncertain significance,0.5,PM2;PP3,,,13.86,
4956452,ANKRD11,qwen3.7-max,Pathogenic,Pathogenic,0.95,PVS1;PM2,"Sirmaci A et al., Am J Hum Genet, 2011",,17.03,
343969,GYS1,qwen3.7-max,Benign,Likely benign,0.7,BP7,,,15.22,
30731,HBA2,qwen3.7-max,Pathogenic,Pathogenic,0.95,PVS1;PM2,"Higgs DR, et al., Cold Spring Harb Perspect Med, 2012",,23.19,
264213,PKD2,qwen3.7-max,Pathogenic,Pathogenic,0.9,PVS1;PM2,"Richards et al., Genet Med, 2015;Cornec-Le Gall et al., Am J Hum Genet, 2013",,24.43,
4960581,MTO1,qwen3.7-max,Pathogenic,Uncertain significance,0.6,PM4,"Richards et al., Genet Med, 2015",,13.36,
245872,LDLR,qwen3.7-max,Pathogenic,Pathogenic,0.95,PVS1;PM2,"Richards et al., Genet Med, 2015;ClinGen LDLR Variant Curation Expert Panel",,18.07,
497834,TSPEAR,qwen3.7-max,Benign,Uncertain significance,0.7,BP7,"Richards S, et al., Genet Med, 2015",,19.35,
301757,PAX4,qwen3.7-max,Benign,Uncertain significance,0.6,PM2,,,20.01,
236736,LMNA,qwen3.7-max,Pathogenic,Pathogenic,0.85,PVS1;PM2,"Richards et al., Genet Med, 2015",,24.03,
39959,CTC1,qwen3.7-max,Pathogenic,Uncertain significance,0.4,PM2,,,14.34,
4967898,EDA,qwen3.7-max,Pathogenic,Pathogenic,0.9,PVS1;PM2,"Richards et al., Genet Med, 2015",,21.71,
1631641,FZD5,qwen3.7-max,Benign,Likely benign,0.85,BP7,"Richards et al., Genet Med, 2015",,12.92,
4923713,FLNC,qwen3.7-max,Pathogenic,Pathogenic,0.85,PVS1;PM2,"Walsh R, et al., Genet Med, 2017",,19.09,
1617470,MCM3AP,qwen3.7-max,Benign,Likely benign,0.7,BP7,,,17.89,
730847,DNAH10,qwen3.7-max,Benign,Uncertain significance,0.7,PM2,"Richards et al., Genet Med, 2015",,19.99,
71221,POMGNT1,qwen3.7-max,Pathogenic,Pathogenic,0.85,PVS1;PM2,"Clement et al., Hum Mutat, 2008",,18.23,
194182,CACNA1S,qwen3.7-max,Benign,Pathogenic,0.8,PM1;PM2;PP3,"Robinson et al., Hum Mutat, 2006",,22.92,
4973172,NF1,qwen3.7-max,Pathogenic,Pathogenic,0.95,PVS1;PM2,"Messiaen et al., Hum Mutat, 2000;Legius et al., Genet Med, 2021",,13.9,
4945519,BRCA2,qwen3.7-max,Pathogenic,Pathogenic,0.95,PVS1;PM2,"Richards S, et al., Genet Med, 2015",,13.62,
359779,FBP1,qwen3.7-max,Pathogenic,Pathogenic,0.85,PVS1;PM2,"Richards et al., Genet Med, 2015",,28.59,
4971071,UBE3A,qwen3.7-max,Pathogenic,Pathogenic,0.9,PVS1;PM2,"Richards et al., Genet Med, 2015",,23.65,
679944,PLG,qwen3.7-max,Benign,Uncertain significance,0.6,PM2;PP3,"Richards S, et al., Genet Med, 2015",,20.63,
30506,HBB,qwen3.7-max,Pathogenic,Uncertain significance,0.4,PM2,,,24.62,
1158448,FCHO1,qwen3.7-max,Benign,Uncertain significance,0.6,,,,12.87,
28912,ERBB2,qwen3.7-max,Benign,Benign,0.95,BA1,gnomAD;ClinVar,,18.22,
186956,ALDH3A2,qwen3.7-max,Pathogenic,Pathogenic,0.95,PVS1;PM2,"Rizzo WB, et al. Hum Mutat. 2013;Richards S, et al. Genet Med. 2015",,18.69,
4963879,MYO5B,qwen3.7-max,Pathogenic,Pathogenic,0.85,PVS1;PM2,"Richards S, et al., Genet Med, 2015",,20.97,
36718,SLC22A5,qwen3.7-max,Pathogenic,Pathogenic,0.95,PVS1;PM2,"Richards et al., Genet Med, 2015",,14.97,
1381430,NF1,qwen3.7-max,Pathogenic,Pathogenic,0.95,PVS1,"Richards et al., Genet Med, 2015",,16.73,
692067,LCA5,qwen3.7-max,Benign,Uncertain significance,0.5,PM2,"Richards et al., Genet Med, 2015",,12.8,
495394,SATB2,qwen3.7-max,Pathogenic,Pathogenic,0.95,PVS1;PM2,"Richards S et al., Genet Med, 2015;Zarate YA et al., Am J Med Genet A, 2012",,15.12,
1159218,TUBGCP6,qwen3.7-max,Benign,Uncertain significance,0.4,PM2,"Richards S, et al., Genet Med, 2015",,18.46,
1153654,JAK1,qwen3.7-max,Benign,Benign,0.9,BP7,"Richards S, et al., Genet Med, 2015",,14.49,
1158470,AP3D1,qwen3.7-max,Benign,Likely benign,0.9,BP7,"Richards et al., Genet Med, 2015",,12.63,
1607747,SLC9A3,qwen3.7-max,Benign,Uncertain significance,0.5,,,,14.2,
201803,ALDH7A1,qwen3.7-max,Pathogenic,Pathogenic,0.75,PM2;PP3,"Mills et al., Am J Hum Genet, 2006, 78(2):334-344",,19.54,
287899,DYSF,qwen3.7-max,Benign,Uncertain significance,0.6,PM2;BP4,"ClinVar, 2023",,15.95,
727787,LAMA1,qwen3.7-max,Benign,Uncertain significance,0.6,,,,13.59,
167973,CCDC88C,qwen3.7-max,Benign,Uncertain significance,0.4,,,,15.85,
260098,PALB2,qwen3.7-max,Pathogenic,Pathogenic,0.85,PVS1;PM2,"Richards S, et al., Genet Med, 2015",,23.91,
49410,COMP,qwen3.7-max,Pathogenic,Pathogenic,0.85,PM4;PP3,"Merrill et al., Am J Hum Genet, 1998;Unger et al., Hum Mutat, 2000",,19.21,
4933961,SMARCA1,qwen3.7-max,Pathogenic,Pathogenic,0.85,PVS1;PM2,"Richards S, et al., Genet Med, 2015",,18.26,
1156800,PC,qwen3.7-max,Benign,Uncertain significance,0.4,PM2,,,15.64,
4961575,TBX4,qwen3.7-max,Pathogenic,Pathogenic,0.85,PVS1;PM2,"Richards S, et al., Genet Med, 2015;Kerstjens-Franken M, et al., Am J Hum Genet, 2011",,13.31,
372145,DNM1,qwen3.7-max,Benign,Likely benign,0.7,BP7,,,14.08,
4827931,COL2A1,qwen3.7-max,Pathogenic,Pathogenic,0.95,PVS1;PM2,"Richards S, et al., Genet Med, 2015",,21.68,
425758,GCK,qwen3.7-max,Pathogenic,Pathogenic,0.85,PM1;PM2;PP3,"Osbak et al., Hum Mutat, 2009;ClinVar",,16.26,
4960936,CTCF,qwen3.7-max,Pathogenic,Pathogenic,0.85,PVS1;PM2,"Richards et al., Genet Med, 2015;Watson et al., Am J Hum Genet, 2014",,15.04,
4924268,DST,qwen3.7-max,Pathogenic,Pathogenic,0.85,PVS1;PM2,"Richards et al., Genet Med, 2015",,19.63,
4924808,CLCN1,qwen3.7-max,Pathogenic,Uncertain significance,0.6,PM4,"Richards S, et al., Genet Med, 2015",,15.47,
2889413,KAT6A,qwen3.7-max,Benign,Uncertain significance,0.6,BP7,,,20.75,
500282,MCM2,qwen3.7-max,Benign,Uncertain significance,0.6,BP7,,,16.84,
4906405,TTN,qwen3.7-max,Pathogenic,Pathogenic,0.8,PVS1;PM2,"Richards S, et al., Genet Med, 2015",,21.04,
229744,BAG3,qwen3.7-max,Pathogenic,Pathogenic,0.85,PVS1;PM2,"ClinVar, 2023",,16.18,
53280,CDH23,qwen3.7-max,Benign,Likely benign,0.8,BP7,"Richards S, et al., Genet Med, 2015",,9.73,
4924381,NF1,qwen3.7-max,Pathogenic,Pathogenic,0.95,PVS1;PM2,"Richards et al., Genet Med, 2015;ClinVar database",,9.29,
1566683,LTBP2,qwen3.7-max,Benign,Uncertain significance,0.5,,,,14.08,
364467,TARS2,qwen3.7-max,Benign,Uncertain significance,0.5,,,,12.21,
202328,STXBP1,qwen3.7-max,Pathogenic,Uncertain significance,0.6,PM2;PP3,"Richards et al., Genet Med, 2015",,18.89,
396844,ENG,qwen3.7-max,Pathogenic,Pathogenic,0.9,PVS1;PM2,"Richards et al., Genet Med, 2015",,22.24,
1607828,SLIT2,qwen3.7-max,Benign,Uncertain significance,0.8,BP7,"Richards S, et al., Genet Med, 2015",,17.7,
4837197,MEN1,qwen3.7-max,Pathogenic,Pathogenic,0.95,PVS1;PM2,"Richards et al., Genet Med, 2015;ClinVar",,14.88,
2022825,USP7,qwen3.7-max,Benign,Uncertain significance,0.4,,,,12.33,
4960812,HNF1A,qwen3.7-max,Pathogenic,Pathogenic,0.85,PM1;PM2;PP3,"Ellard S, et al. Diabetologia. 2000;Colclough K, et al. Hum Mutat. 2013",,26.59,
1804579,RET,qwen3.7-max,Pathogenic,Pathogenic,0.85,PVS1;PM2,"Edery P, Nature, 1994;Romeo G, Nature, 1994",,22.76,
252703,DNAH11,qwen3.7-max,Benign,Likely benign,0.7,BP7,,,22.68,
525913,ATM,qwen3.7-max,Pathogenic,Pathogenic,0.95,PVS1;PM2,"Richards S, et al., Genet Med, 2015",,19.72,
59195,TSC2,qwen3.7-max,Pathogenic,Pathogenic,0.95,PVS1;PM2,"Richards et al., Genet Med, 2015;Northrup et al., Am J Med Genet C Semin Med Genet, 2011",,19.66,
1651662,HMCN1,qwen3.7-max,Benign,Uncertain significance,0.5,,,,14.54,
4971896,DICER1,qwen3.7-max,Pathogenic,Pathogenic,0.95,PVS1;PM2,"Foulkes et al., N Engl J Med, 2011;Slade et al., Nature, 2011",,18.66,
106635,RAB3GAP1,qwen3.7-max,Pathogenic,Pathogenic,0.85,PVS1;PM2,"Richards et al., Genet Med, 2015;Tayoun et al., Genet Med, 2018",,17.9,
137388,ATRX,qwen3.7-max,Benign,Uncertain significance,0.4,PM2,,,13.78,
1523491,UPF3B,qwen3.7-max,Benign,Uncertain significance,0.6,BP7,"Richards S, et al., Genet Med, 2015",,20.09,
4957334,ATP8B1,qwen3.7-max,Pathogenic,Pathogenic,0.85,PVS1;PM2,"Richards S, et al., Genet Med, 2015",,16.89,
4800966,GALNT2,qwen3.7-max,Pathogenic,Uncertain significance,0.6,,,,28.14,
1658828,INPP5E,qwen3.7-max,Benign,Likely benign,0.7,BP7,"Richards et al., Genet Med, 2015",,14.86,
58609,TSC2,qwen3.7-max,Pathogenic,Pathogenic,0.95,PVS1;PM2,"Richards S, et al., Genet Med, 2015;Northrup H, et al., Am J Med Genet C Semin Med Genet, 2021",,10.13,
4939060,ATM,qwen3.7-max,Pathogenic,Pathogenic,0.95,PVS1;PM2,"Savitsky et al., Science, 1995;ClinVar",,15.12,
270590,PEX1,qwen3.7-max,Benign,Uncertain significance,0.5,PM2,,,14.63,
700242,PCLO,qwen3.7-max,Benign,Uncertain significance,0.8,,,,15.97,
1888705,CCDC88C,qwen3.7-max,Benign,Likely benign,0.9,BP7,"Richards et al., Genet Med, 2015",,15.71,
4809406,PNPLA1,qwen3.7-max,Pathogenic,Pathogenic,0.85,PVS1;PM2,"Grall A, et al., Nat Genet, 2012",,15.39,
1155308,ERMARD,qwen3.7-max,Benign,Uncertain significance,0.6,PM2,,,18.76,
712408,BICC1,qwen3.7-max,Benign,Uncertain significance,0.8,PM2,,,12.31,
4967548,MYBPC3,qwen3.7-max,Pathogenic,Pathogenic,0.9,PVS1;PM2,"Richards S, et al., Genet Med, 2015, ACMG/AMP guidelines for variant interpretation",,26.11,
3120621,MTR,qwen3.7-max,Benign,Uncertain significance,0.6,PM2;PP3,"Richards S, et al., Genet Med, 2015",,18.62,
1060984,FLNC,qwen3.7-max,Pathogenic,Pathogenic,0.9,PVS1;PM2,"Ortiz-Genga et al., J Am Coll Cardiol, 2016;Walsh et al., Genet Med, 2017",,31.0,
1155151,CWC27,qwen3.7-max,Benign,Uncertain significance,0.6,PM2,"Richards et al., Genet Med, 2015",,16.52,
240210,KPNA7,qwen3.7-max,Benign,Uncertain significance,0.5,,,,17.5,
2092614,C6,qwen3.7-max,Benign,Uncertain significance,0.4,PM2,,,12.59,
767934,CDH23,qwen3.7-max,Benign,Likely benign,0.8,BP7,"Richards et al., Genet Med, 2015",,15.09,
442334,COL18A1,qwen3.7-max,Benign,Uncertain significance,0.6,PM2;PP3,,,16.15,
4898689,NR5A1,qwen3.7-max,Pathogenic,Pathogenic,0.95,PVS1;PM2,"Bashamboo A, et al., Hum Mutat, 2010;Lin L, et al., J Clin Endocrinol Metab, 2007",,14.07,
272750,ZNF469,qwen3.7-max,Benign,Likely benign,0.8,BP7,"Richards et al., Genet Med, 2015",,11.06,
1520269,TBCK,qwen3.7-max,Benign,Uncertain significance,0.6,PM2,,,16.87,
4798155,LAMA1,qwen3.7-max,Pathogenic,Pathogenic,0.85,PVS1;PM2,"Aldinger KA, Nat Genet, 2014;Poretti A, Neurology, 2014",,19.74,
499309,TTN,qwen3.7-max,Benign,Uncertain significance,0.5,,,,15.48,
1245449,DNAJB13,qwen3.7-max,Benign,Benign,0.9,BP7,"Richards S, et al., Genet Med, 2015",,15.07,
4959603,CD59,qwen3.7-max,Pathogenic,Pathogenic,0.75,PM2;PP3,"Richards S, et al., Genet Med, 2015, ACMG/AMP guidelines",,16.63,
4906407,TTN,qwen3.7-max,Pathogenic,Pathogenic,0.8,PVS1;PM2,"Richards S, et al., Genet Med, 2015",,19.54,
1258387,MCM3AP,qwen3.7-max,Benign,Likely benign,0.8,BP7,,,20.69,
4906422,TTN,qwen3.7-max,Pathogenic,Pathogenic,0.85,PVS1;PM2,"Walsh R, et al., Genet Med, 2017",,18.76,
696433,HHAT,qwen3.7-max,Benign,Likely benign,0.7,BP7,"Richards et al., Genet Med, 2015",,16.15,
1598162,GUF1,qwen3.7-max,Benign,Uncertain significance,0.5,,,,12.01,
4963485,SNX27,qwen3.7-max,Pathogenic,Uncertain significance,0.6,PM2,,,12.88,
403960,DEPDC5,qwen3.7-max,Benign,Likely benign,0.8,BP7,"Richards et al., Genet Med, 2015",,17.07,
4967631,PALB2,qwen3.7-max,Pathogenic,Pathogenic,0.95,PVS1;PM2,"Antoniou AC, et al., N Engl J Med, 2014;Southey MC, et al., J Clin Oncol, 2010",,17.92,
1225449,DZIP1L,qwen3.7-max,Benign,Uncertain significance,0.4,PM2,,,11.34,
256172,STAT3,qwen3.7-max,Benign,Uncertain significance,0.5,BP7,,,16.2,
2101624,CPAMD8,qwen3.7-max,Benign,Uncertain significance,0.6,BP7,,,16.24,
3131173,PCARE,qwen3.7-max,Pathogenic,Pathogenic,0.85,PVS1;PM2,"Bujakowska et al., Hum Mutat, 2012",,16.54,
142031,MYH11,qwen3.7-max,Benign,Likely benign,0.8,BP7,"Richards S, et al., Genet Med, 2015",,23.77,
4961884,MYOCD,qwen3.7-max,Pathogenic,Pathogenic,0.85,PVS1;PM2,"Garg P, et al., Am J Hum Genet, 2021",,22.13,
539253,RAD50,qwen3.7-max,Benign,Uncertain significance,0.6,,,,17.67,
28970,RET,qwen3.7-max,Pathogenic,Pathogenic,0.95,PS3;PS4;PM1;PM2;PP1,"Eng C, et al. J Clin Endocrinol Metab. 1996;Hofstra RM, et al. Oncogene. 1997",,27.96,
2825875,SGCE,qwen3.7-max,Benign,Uncertain significance,0.6,,,,15.79,
714376,FAN1,qwen3.7-max,Benign,Uncertain significance,0.6,BP7,,,15.95,
99330,CACNA1C,qwen3.7-max,Benign,Likely benign,0.8,BP7,,,20.54,
140213,BLM,qwen3.7-max,Benign,Benign,0.95,BP7,"Richards S, et al., Genet Med, 2015",,8.47,
1609949,CTU2,qwen3.7-max,Benign,Likely benign,0.8,BP7,"Richards et al., Genet Med, 2015",,13.38,
759765,TSC1,qwen3.7-max,Benign,Uncertain significance,0.6,PM2,"Richards S, et al., Genet Med, 2015",,14.53,
972909,SCN2A,qwen3.7-max,Pathogenic,Pathogenic,0.85,PVS1;PM2,"Richards et al., Genet Med, 2015",,26.32,
2025782,MACF1,qwen3.7-max,Benign,Uncertain significance,0.4,,,,16.81,
1610363,CEP89,qwen3.7-max,Benign,Uncertain significance,0.5,,,,13.62,
131814,TCTN2,qwen3.7-max,Benign,Uncertain significance,0.6,BP7,"Richards S, et al., Genet Med, 2015",,14.34,
77233,KRT14,qwen3.7-max,Benign,Uncertain significance,0.5,PM2,"Richards et al., Genet Med, 2015",,18.15,
4837261,ZNF469,qwen3.7-max,Pathogenic,Pathogenic,0.85,PVS1;PM2,"Abu A, et al., Hum Mutat, 2008;Christensen AE, et al., Am J Hum Genet, 2013",,15.65,
17086,RDH12,qwen3.7-max,Pathogenic,Pathogenic,0.85,PVS1;PM2,"Richards et al., Genet Med, 2015",,21.34,
230812,MYOM1,qwen3.7-max,Benign,Likely benign,0.8,BP7,,,14.32,
256307,ACE,qwen3.7-max,Benign,Uncertain significance,0.6,BP7,"Richards S, et al., Genet Med, 2015",,13.4,
141799,LARS1,qwen3.7-max,Benign,Likely benign,0.7,BP7,,,14.81,
4957528,ATP8B1,qwen3.7-max,Pathogenic,Pathogenic,0.85,PVS1;PM2,"Bull et al., Nat Genet, 1998;ClinVar",,22.08,
4967642,CTNNA1,qwen3.7-max,Pathogenic,Pathogenic,0.9,PVS1;PM2,"Richards S, et al., Genet Med, 2015;ClinGen Sequence Variant Interpretation Working Group recommendations",,17.7,
1154395,P3H2,qwen3.7-max,Benign,Uncertain significance,0.8,,,,14.95,
467501,NF1,qwen3.7-max,Pathogenic,Pathogenic,0.85,PVS1;PM2,"Richards S, et al., Genet Med, 2015",,19.8,
4962369,CYLD;CYLD-AS2,qwen3.7-max,Pathogenic,Pathogenic,0.9,PVS1;PM2,"Richards S, et al., Genet Med, 2015",,22.76,
134230,CLN5,qwen3.7-max,Benign,Uncertain significance,0.7,PM2;BP4,"Richards et al., Genet Med, 2015",,11.11,
318534,VCP,qwen3.7-max,Benign,Uncertain significance,0.6,PM2,"Richards S, et al., Genet Med, 2015",,14.72,
77249,KRT14,qwen3.7-max,Pathogenic,Uncertain significance,0.6,PM4,"Richards S, et al., Genet Med, 2015, PMID: 25741868",,21.88,
18789,UROS,qwen3.7-max,Pathogenic,Pathogenic,0.85,PM2;PP3,"Ged C, et al. Hum Mol Genet. 1994",,27.36,
4967317,SETD5,qwen3.7-max,Pathogenic,Pathogenic,0.95,PVS1;PM2,"Richards et al., Genet Med, 2015",,17.93,
329701,HPD,qwen3.7-max,Benign,Uncertain significance,0.7,PM2,,,11.35,
99175,RYR1,qwen3.7-max,Benign,Uncertain significance,0.7,PM2;BP7,,,13.88,
17501,ADSL,qwen3.7-max,Pathogenic,Pathogenic,0.8,PM2;PP3;PM3,"ClinVar, 2023",,18.02,
1691187,ATP8B1,qwen3.7-max,Pathogenic,Pathogenic,0.9,PVS1;PM2,"Klomp et al., Gastroenterology, 2004",,25.08,
1948410,BRCA2,qwen3.7-max,Pathogenic,Pathogenic,0.9,PVS1;PM2,"Richards et al., Genet Med, 2015;Tavtigian et al., Nat Genet, 1996",,27.12,
610038,PIEZO1,qwen3.7-max,Benign,Likely benign,0.8,BP7,"Richards S, et al., Genet Med, 2015",,16.26,
1156502,KIF11,qwen3.7-max,Benign,Uncertain significance,0.6,BP4,,,14.58,
459570,NFKB2,qwen3.7-max,Benign,Uncertain significance,0.6,PM2,,,21.68,
4969412,LZTR1,qwen3.7-max,Pathogenic,Pathogenic,0.85,PVS1;PM2,"Richards S, et al., Genet Med, 2015",,29.22,
718770,COG2,qwen3.7-max,Benign,Likely benign,0.8,BP7,"Richards et al., Genet Med, 2015",,12.7,
4929869,DNAJB11,qwen3.7-max,Pathogenic,Pathogenic,0.85,PVS1;PM2,"Cornec-Le Gall E, Am J Hum Genet, 2019",,17.35,
241889,TGFB3,qwen3.7-max,Benign,Uncertain significance,0.8,BP7,,,88.25,
4803765,CDAN1,qwen3.7-max,Pathogenic,Uncertain significance,0.5,PM4,"Richards S, et al., Genet Med, 2015",,15.47,
187118,TCIRG1,qwen3.7-max,Pathogenic,Pathogenic,0.95,PVS1;PM2,"Frattini A, et al., Nat Genet, 2000;Richards S, et al., Genet Med, 2015",,16.14,
167772,ATP1A3,qwen3.7-max,Benign,Likely benign,0.85,BP7,"Richards S, et al., Genet Med, 2015",,25.57,
540959,ALPL,qwen3.7-max,Pathogenic,Pathogenic,0.75,PM2;PP3,"Mornet E, et al. Hum Mutat, 2000",,22.74,
255846,ADGRG1,qwen3.7-max,Benign,Likely benign,0.8,BP7,"Richards et al., Genet Med, 2015",,15.81,
4957793,ABCB11,qwen3.7-max,Pathogenic,Pathogenic,0.85,PVS1;PM2,"Richards S, et al., Genet Med, 2015",,24.84,
1897621,ADAMTS10,qwen3.7-max,Benign,Uncertain significance,0.5,PM2,,,13.4,
4939032,ATM,qwen3.7-max,Pathogenic,Pathogenic,0.95,PVS1;PM2,"Richards S, et al., Genet Med, 2015",,18.16,
139028,TET2,qwen3.7-max,Benign,Uncertain significance,0.6,PM2,"ClinVar, 2023",,17.88,
727166,KRT14,qwen3.7-max,Benign,Likely benign,0.8,BP7,,,10.18,
75301,PIK3R1,qwen3.7-max,Pathogenic,Pathogenic,0.8,PM1;PM2;PP3,"Deau et al., J Clin Invest, 2014;Elkaim et al., J Allergy Clin Immunol, 2014",,15.21,
4662689,MLH3,qwen3.7-max,Pathogenic,Pathogenic,0.85,PVS1;PM2,"Richards et al., Genet Med, 2015",,14.4,
4969376,LZTR1,qwen3.7-max,Pathogenic,Pathogenic,0.85,PVS1;PM2,"Johnston JJ, et al., Nat Genet, 2018;Piotrowski A, et al., Nat Genet, 2014",,25.24,
4644940,WDR81,qwen3.7-max,Benign,Uncertain significance,0.5,,,,10.61,
557386,RPL5,qwen3.7-max,Pathogenic,Pathogenic,0.85,PVS1;PM2,"Gazda HT, et al. Am J Hum Genet. 2008;83(6):769-776.",,15.37,
1159029,COL18A1,qwen3.7-max,Benign,Uncertain significance,0.5,,,,13.93,
4987041,MSH6,qwen3.7-max,Pathogenic,Pathogenic,0.95,PVS1;PM2,"Kansikas M, et al. Hum Mutat. 2017;ClinGen InSiGHT VCEP MSH6 guidelines",,17.82,
620664,CYP24A1,qwen3.7-max,Pathogenic,Uncertain significance,0.6,PM2;PP3,,,16.5,
366756,ALMS1,qwen3.7-max,Benign,Uncertain significance,0.6,PM2,,,12.47,
931805,COLQ,qwen3.7-max,Pathogenic,Uncertain significance,0.5,PM2;PP3,ClinVar,,19.74,
292865,HPGD,qwen3.7-max,Benign,Uncertain significance,0.5,PM2,,,14.78,
140124,ARX,qwen3.7-max,Benign,Uncertain significance,0.6,PM2,,,17.99,
4972747,MYBPC3,qwen3.7-max,Pathogenic,Pathogenic,0.95,PVS1;PM2,"Watkins H, et al., Nat Genet, 1995;Bonne G, et al., Nat Genet, 1995",,18.08,
1925231,ACTA1,qwen3.7-max,Pathogenic,Pathogenic,0.85,PM1;PM2;PP3,"Nowak KJ, et al., Nat Genet, 1999;Ryan MM, et al., Neurology, 2001",,18.43,
238115,KIF1B,qwen3.7-max,Benign,Uncertain significance,0.6,,,,15.34,
543443,ERCC8,qwen3.7-max,Pathogenic,Pathogenic,0.85,PVS1;PM2,"Richards S, et al., Genet Med, 2015",,14.87,
512737,MED12,qwen3.7-max,Pathogenic,Uncertain significance,0.6,PM2;BP4,"ClinVar, 2023",,12.18,
1593698,PCLO,qwen3.7-max,Benign,Likely benign,0.7,BP7,"Richards S, et al., Genet Med, 2015",,12.42,
861287,FGFR3,qwen3.7-max,Benign,Likely benign,0.8,BP7,,,16.35,
1607191,CASQ1,qwen3.7-max,Benign,Uncertain significance,0.5,,,,12.45,
4964508,SLC25A1,qwen3.7-max,Pathogenic,Pathogenic,0.95,PVS1;PM2,"Nota B, et al., Am J Hum Genet, 2013",,26.41,
1616852,CREB3L3,qwen3.7-max,Benign,Likely benign,0.8,BP7,"Richards et al., Genet Med, 2015",,11.72,
3110500,FLNC,qwen3.7-max,Pathogenic,Pathogenic,0.9,PVS1;PM2,"Ortiz-Genga et al., J Am Coll Cardiol, 2016;Valdes-Mas et al., Hum Mutat, 2014",,24.18,
47762,LRRK2,qwen3.7-max,Benign,Likely benign,0.9,BP7,"Richards et al., Genet Med, 2015",,13.02,
134466,ERCC6,qwen3.7-max,Benign,Uncertain significance,0.6,PM2;BP4,ClinVar,,10.57,
53521,LAMA4,qwen3.7-max,Benign,Uncertain significance,0.5,,,,15.22,
47877,CYP4V2,qwen3.7-max,Pathogenic,Pathogenic,0.95,PVS1;PS3;PM2,"Wada et al., Hum Mutat, 2015;Meng et al., Invest Ophthalmol Vis Sci, 2014",,37.99,
4917222,KIF14,qwen3.7-max,Pathogenic,Pathogenic,0.95,PVS1;PM2,"Filges et al., Am J Hum Genet, 2016",,19.04,
2872817,SLC45A2,qwen3.7-max,Pathogenic,Pathogenic,0.85,PVS1;PM2,"Newton JM, et al., Nat Genet, 2001",,13.15,
256552,HES7,qwen3.7-max,Benign,Likely benign,0.9,BP7,"Richards et al., Genet Med, 2015",,10.34,
4967622,NF1,qwen3.7-max,Pathogenic,Pathogenic,0.95,PVS1;PM2,"Richards et al., Genet Med, 2015;ClinVar",,13.55,
2067589,EP300,qwen3.7-max,Pathogenic,Pathogenic,0.95,PVS1;PM2,"Roelfsema JH, et al., Am J Hum Genet, 2005",,14.25,
105750,CEP290,qwen3.7-max,Pathogenic,Pathogenic,0.9,PVS1;PM2,"ClinVar, 2023, CEP290 variant c.5813_5817del",,12.59,
3064929,OBSCN,qwen3.7-max,Benign,Uncertain significance,0.9,,,,11.17,
4973120,NF1,qwen3.7-max,Pathogenic,Pathogenic,0.95,PVS1;PM2,"Richards et al., Genet Med, 2015",,14.39,
3033652,MBD4,qwen3.7-max,Pathogenic,Pathogenic,0.85,PVS1;PM2,"Rodrigues C, et al., Nat Commun, 2018",,22.9,
4844225,ELP1,qwen3.7-max,Pathogenic,Pathogenic,0.85,PVS1;PM2,"Slaugenhaupt JF, et al., Am J Hum Genet, 2001",,21.91,
21096,LITAF,qwen3.7-max,Pathogenic,Pathogenic,0.8,PM1;PM2;PP3,"Street et al., Am J Hum Genet, 2003",,19.05,
79575,RAG1,qwen3.7-max,Pathogenic,Uncertain significance,0.6,PM2;PP3,ClinVar,,13.19,
255867,CCDC78,qwen3.7-max,Benign,Likely benign,0.7,BP7,"Richards et al., Genet Med, 2015",,13.29,
4907674,MIMS1,qwen3.7-max,Pathogenic,Pathogenic,0.85,PVS1;PM2,,,15.47,
4987068,GALNT12,qwen3.7-max,Benign,Likely benign,0.8,BP7,"Richards S, et al., Genet Med, 2015",,21.9,
139563,MLH1,qwen3.7-max,Pathogenic,Pathogenic,0.95,PVS1;PM2,ClinVar;ACMG/AMP 2015 guidelines,,12.23,
256625,SMCHD1,qwen3.7-max,Benign,Likely benign,0.7,BP7,"Richards S, et al., Genet Med, 2015",,17.97,
4800884,POR,qwen3.7-max,Pathogenic,Pathogenic,0.9,PVS1;PM2,"Flück CE, et al., Nat Genet, 2004;Arlt W, et al., Nat Genet, 2004",,19.76,
1155181,ERBIN,qwen3.7-max,Benign,Likely benign,0.8,BP7,,,18.85,
50164,TSC2,qwen3.7-max,Benign,Uncertain significance,0.6,PM2;PP3,"ClinVar, 2023",,15.06,
547712,CAPN3,qwen3.7-max,Pathogenic,Pathogenic,0.85,PVS1;PM2,ClinVar,,19.05,
280227,LDLRAP1,qwen3.7-max,Benign,Uncertain significance,0.6,PM2,,,13.74,
15186,OAT,qwen3.7-max,Pathogenic,Pathogenic,0.95,PVS1;PM2,"Mitchell GA, et al., Am J Hum Genet, 1988;Wang T, et al., Hum Mutat, 1999",,15.16,
433002,APC,qwen3.7-max,Benign,Uncertain significance,0.5,PM2,"Richards et al., Genet Med, 2015",,12.18,
1489137,ERCC2,qwen3.7-max,Pathogenic,Pathogenic,0.85,PVS1;PM2,"Richards S, et al., Genet Med, 2015",,16.18,
4956411,TBC1D23,qwen3.7-max,Pathogenic,Pathogenic,0.85,PVS1;PM2,"Marin et al., Am J Hum Genet, 2017",,20.79,
336505,COG6,qwen3.7-max,Benign,Likely benign,0.8,BP7,"Richards et al., Genet Med, 2015",,14.74,
303944,RP1L1,qwen3.7-max,Benign,Benign,0.85,BP7,,,21.68,
728471,ARHGEF18,qwen3.7-max,Benign,Uncertain significance,0.5,,,,10.8,
28733,ABCB4,qwen3.7-max,Pathogenic,Pathogenic,0.9,PVS1;PM2,ClinVar;gnomAD,,11.55,
410288,CHD3,qwen3.7-max,Pathogenic,Pathogenic,0.75,PM1;PM2;PP3,"Snijders Blok L, et al., Nat Commun, 2018",,21.42,
3536386,SHANK2,qwen3.7-max,Pathogenic,Pathogenic,0.9,PVS1;PM2,"Berkel et al., Nat Genet, 2010;Pinto et al., Nature, 2010",,16.25,
1157350,IFT43,qwen3.7-max,Benign,Uncertain significance,0.5,,,,16.91,
140388,CD320,qwen3.7-max,Benign,Uncertain significance,0.6,BP7,"Richards et al., Genet Med, 2015",,19.98,
27287,CDH1,qwen3.7-max,Pathogenic,Pathogenic,0.95,PVS1;PM2,"Richards S, et al., Genet Med, 2015",,16.28,
4957264,ATP8B1,qwen3.7-max,Pathogenic,Pathogenic,0.9,PVS1;PM2,ClinVar;gnomAD,,17.64,
2158675,MYO7A,qwen3.7-max,Pathogenic,Pathogenic,0.85,PVS1;PM2,"Richards et al., Genet Med, 2015",,11.92,
373494,A2ML1,qwen3.7-max,Benign,Likely benign,0.85,BP4;BP7,,,17.39,
3640387,BRCA2,qwen3.7-max,Pathogenic,Pathogenic,0.95,PVS1;PM2,"Tavtigian SV, Nat Genet, 1996;ClinVar",,18.22,
717373,MYO18B,qwen3.7-max,Benign,Uncertain significance,0.5,PM2,"Richards S, et al., Genet Med, 2015",,12.09,
543136,EVC2,qwen3.7-max,Pathogenic,Pathogenic,0.9,PVS1;PM2,"Ruiz-Perez et al., Nat Genet, 2000",,19.29,
4947424,LRRC7,qwen3.7-max,Pathogenic,Uncertain significance,0.0,,,,9.47,
452388,SCN11A,qwen3.7-max,Benign,Uncertain significance,0.6,BP7,"Richards S, et al., Genet Med, 2015",,19.17,
4962479,MDGA2,qwen3.7-max,Pathogenic,Uncertain significance,0.7,PVS1;PM2,,,21.88,
1256829,MACF1,qwen3.7-max,Benign,Uncertain significance,0.5,,,,15.47,
324702,DYNC2H1,qwen3.7-max,Benign,Uncertain significance,0.5,PM2;PP3,"ClinVar, 2023",,14.05,
58205,TSC1,qwen3.7-max,Pathogenic,Pathogenic,0.95,PVS1;PM2,"Richards et al., Genet Med, 2015",,14.64,
4866785,MALL;NPHP1,qwen3.7-max,Pathogenic,Uncertain significance,0.0,,,,16.66,
331982,TGM5,qwen3.7-max,Pathogenic,Pathogenic,0.85,PVS1;PM2,"Richards et al., Genet Med, 2015",,17.39,
4986930,SDHA,qwen3.7-max,Pathogenic,Pathogenic,0.9,PVS1;PM2,"Richards S, et al., Genet Med, 2015;Burnichon N, et al., Hum Mol Genet, 2012",,20.71,
1897976,BCL11B,qwen3.7-max,Benign,Uncertain significance,0.6,PM2,"Punwani et al., N Engl J Med, 2016",,14.33,
1275150,GRIA3,qwen3.7-max,Benign,Uncertain significance,0.5,,,,14.17,
4907860,CFTR,qwen3.7-max,Pathogenic,Pathogenic,0.95,PVS1;PM2,ClinVar;CFTR2,,14.46,
1686723,CARD14,qwen3.7-max,Benign,Uncertain significance,0.4,,,,11.63,
4840859,NF1,qwen3.7-max,Pathogenic,Pathogenic,0.9,PVS1;PM2,"Richards S, et al., Genet Med, 2015",,21.1,
27701,PRKAR1A,qwen3.7-max,Pathogenic,Pathogenic,0.95,PVS1;PM2,"Richards et al., Genet Med, 2015;Kirschner et al., Hum Mutat, 2010",,17.38,
18242,FKTN,qwen3.7-max,Pathogenic,Pathogenic,0.9,PVS1;PM2,"Richards S, et al., Genet Med, 2015",,21.93,
1224371,CACNA2D2,qwen3.7-max,Benign,Uncertain significance,0.5,,,,15.4,
4983470,LYST,qwen3.7-max,Pathogenic,Pathogenic,0.9,PVS1;PM2,"Richards et al., Genet Med, 2015",,16.65,
1154976,CYFIP2,qwen3.7-max,Benign,Likely benign,0.7,BP7,,,20.3,
31343,FMO3,qwen3.7-max,Pathogenic,Pathogenic,0.85,PVS1;PM2,"Dolphin et al., Nat Genet, 1997;Treacy et al., Hum Mol Genet, 1998",,21.3,
651265,IDUA,qwen3.7-max,Pathogenic,Pathogenic,0.9,PVS1;PM2,"Richards et al., Genet Med, 2015;ClinVar, 2023",,21.07,
1154371,CLCN2,qwen3.7-max,Benign,Uncertain significance,0.6,BP7,"Richards et al., Genet Med, 2015",,17.05,
255251,SLC12A1,qwen3.7-max,Benign,Uncertain significance,0.6,PM2,,,16.91,
1273338,DCHS1,qwen3.7-max,Benign,Uncertain significance,0.5,,,,16.0,
4972250,DSP,qwen3.7-max,Pathogenic,Pathogenic,0.85,PVS1;PM2,ClinVar;gnomAD,,18.5,
452979,LRBA,qwen3.7-max,Benign,Uncertain significance,0.7,,,,12.89,
792133,MAMLD1,qwen3.7-max,Benign,Uncertain significance,0.5,,,,20.78,
54940,MYO15A,qwen3.7-max,Benign,Uncertain significance,0.5,PM2,,,14.76,
730730,DSCAML1,qwen3.7-max,Benign,Uncertain significance,0.5,,,,15.61,
801089,ABCB4,qwen3.7-max,Pathogenic,Pathogenic,0.85,PVS1;PM2,"Davit-Spraul A, et al., Hepatology, 2007",,18.37,
190699,FREM2,qwen3.7-max,Benign,Likely benign,0.8,BP7,"Richards et al., Genet Med, 2015",,18.08,
132791,ATM,qwen3.7-max,Pathogenic,Pathogenic,0.9,PVS1;PM2,"Richards S, et al., Genet Med, 2015",,25.18,
1156077,CRB2,qwen3.7-max,Benign,Likely benign,0.8,BP7,,,17.11,
4847567,DNAH9,qwen3.7-max,Pathogenic,Pathogenic,0.9,PVS1;PM2,"Wallmeier J, et al., Am J Hum Genet, 2014",,22.42,
18388,SRD5A2,qwen3.7-max,Pathogenic,Uncertain significance,0.6,PM2;BP4,"ClinVar, 2023",,19.29,
4968200,COL4A5,qwen3.7-max,Pathogenic,Pathogenic,0.85,PM1;PM2;PP3,"Savige J, et al. Front Genet. 2014;Barker DF, et al. Hum Mutat. 2012",,28.01,
1234932,VPS13C,qwen3.7-max,Benign,Uncertain significance,0.6,,,,15.68,
960210,NF1,qwen3.7-max,Pathogenic,Pathogenic,0.9,PVS1;PM2,"Richards S, et al., Genet Med, 2015",,28.26,
4954431,TMEM127,qwen3.7-max,Pathogenic,Pathogenic,0.9,PVS1;PM2,"Richards et al., Genet Med, 2015",,21.11,
3891244,subset of 36 genes: HNF1B,qwen3.7-max,Pathogenic,Uncertain significance,0.1,,,,13.21,
75648,TSC1,qwen3.7-max,Pathogenic,Pathogenic,0.95,PVS1;PM2,"Richards et al., Genet Med, 2015;ClinVar, 2023",,16.55,
4931717,WDFY3,qwen3.7-max,Pathogenic,Pathogenic,0.85,PVS1;PM2,"Richards S, et al., Genet Med, 2015",,16.74,
742194,ARHGEF18,qwen3.7-max,Benign,Uncertain significance,0.5,,,,11.92,
4325737,BRIP1,qwen3.7-max,Pathogenic,Pathogenic,0.9,PVS1;PM2,"Ramus SJ, et al. J Natl Cancer Inst. 2015;108(1):djv279.",,23.89,
4931396,PCNT,qwen3.7-max,Pathogenic,Pathogenic,0.85,PVS1;PM2,"Rauch A, et al., Nat Genet, 2008",,14.64,
799469,EPHB4;SLC12A9,qwen3.7-max,Benign,Uncertain significance,0.6,,,,14.86,
495651,ANKRD11,qwen3.7-max,Pathogenic,Pathogenic,0.95,PVS1;PM2,"Sirmaci A, et al. Am J Hum Genet. 2011",,18.37,
1286572,ATP2B2,qwen3.7-max,Benign,Likely benign,0.7,BP7,"Richards S, et al., Genet Med, 2015",,13.49,
1449784,MSH6,qwen3.7-max,Pathogenic,Pathogenic,0.95,PVS1;PM2,"Kastrinos et al., JAMA, 2011;Ten Broeke et al., J Clin Oncol, 2015",,19.68,
1170992,CYP26B1,qwen3.7-max,Benign,Uncertain significance,0.6,PM2;PP3,"Richards et al., Genet Med, 2015",,19.4,
372289,STT3A,qwen3.7-max,Benign,Likely benign,0.85,BP7,"Richards S, et al., Genet Med, 2015",,18.45,
313597,SLC6A5,qwen3.7-max,Benign,Likely benign,0.8,BP7,,,14.62,
1158581,MEGF8,qwen3.7-max,Benign,Likely benign,0.8,BP7,"Richards S, et al., Genet Med, 2015",,14.58,
101317,SLC2A1,qwen3.7-max,Benign,Likely benign,0.9,BP7,"Richards et al., Genet Med, 2015",,15.62,
2904817,PKHD1,qwen3.7-max,Pathogenic,Pathogenic,0.95,PVS1;PM2,"Bergmann C, Nat Rev Dis Primers, 2018",,17.05,
4801720,PGBD5,qwen3.7-max,Pathogenic,Uncertain significance,0.7,PM2,"Richards et al., Genet Med, 2015",,23.88,
961887,ATP8B1,qwen3.7-max,Pathogenic,Pathogenic,0.85,PVS1;PM2,"Bull LN, et al., Nat Genet, 1998, PMID: 9537325",,14.96,
361014,NF1,qwen3.7-max,Pathogenic,Pathogenic,0.95,PVS1;PM2,"Richards et al., Genet Med, 2015",,17.19,
1154221,KIDINS220,qwen3.7-max,Benign,Likely benign,0.7,BP7,"Richards et al., Genet Med, 2015",,11.38,
212924,CSRP3,qwen3.7-max,Pathogenic,Pathogenic,0.95,PVS1;PM2,"Geier et al., Circulation, 2003;Mohapatra et al., Biochem Biophys Res Commun, 2005;Arber et al., Cell, 1997",,22.39,
860155,CAPN3,qwen3.7-max,Pathogenic,Pathogenic,0.9,PVS1;PM2,"Richards S, et al., Genet Med, 2015",,21.97,
26906,FAH,qwen3.7-max,Pathogenic,Pathogenic,0.9,PVS1;PM2,ClinVar,,21.2,
1167928,MAP3K20,qwen3.7-max,Benign,Uncertain significance,0.6,,,,16.14,
2099634,KAT6B,qwen3.7-max,Benign,Uncertain significance,0.6,PM2;PP3,"Campeau et al., Nat Genet, 2012",,18.31,
791781,FAM171A2;GRN,qwen3.7-max,Pathogenic,Pathogenic,0.85,PVS1;PM2,"Baker M, et al., Nature, 2006",,22.15,
135273,NRXN1,qwen3.7-max,Benign,Uncertain significance,0.6,BP7,"Richards et al., Genet Med, 2015",,17.27,
2910825,KCNH2,qwen3.7-max,Pathogenic,Pathogenic,0.95,PVS1;PM2,"Richards et al., Genet Med, 2015",,15.56,
4960686,DIP2C,qwen3.7-max,Pathogenic,Uncertain significance,0.6,PM2,,,18.67,
304675,PDE4D,qwen3.7-max,Benign,Uncertain significance,0.4,PM2,,,19.65,
135244,NIN,qwen3.7-max,Benign,Uncertain significance,0.5,,,,22.68,
1154928,PCDH12,qwen3.7-max,Benign,Uncertain significance,0.6,PM2;PP3,"ClinVar, 2023",,16.34,
1159188,ADSL,qwen3.7-max,Benign,Uncertain significance,0.5,,,,19.35,
1573445,DNAH9,qwen3.7-max,Benign,Uncertain significance,0.6,PM2;PP3,,,11.97,
4907134,EPG5,qwen3.7-max,Pathogenic,Pathogenic,0.9,PVS1;PM2,"Cullup et al., Am J Hum Genet, 2013;Richards et al., Genet Med, 2015",,17.06,
4924772,COL4A5,qwen3.7-max,Pathogenic,Pathogenic,0.85,PVS1;PM2,"Richards S, et al., Genet Med, 2015;Savige J, et al., Front Genet, 2014",,20.09,
168324,NIPBL,qwen3.7-max,Benign,Uncertain significance,0.5,PM2,,,15.76,
464559,RYR3,qwen3.7-max,Benign,Likely benign,0.8,BP7,"Richards et al., Genet Med, 2015",,11.5,
1060724,MMUT,qwen3.7-max,Pathogenic,Pathogenic,0.95,PVS1;PM2,"Manoli I, Venditti CP. Methylmalonic Acidemia. GeneReviews. 2022.",,15.66,
251799,SPINK5,qwen3.7-max,Benign,Uncertain significance,0.5,,,,18.92,
3666398,FLCN,qwen3.7-max,Pathogenic,Pathogenic,0.85,PVS1;PM2,"Richards et al., Genet Med, 2015",,20.38,
1159086,CDC45,qwen3.7-max,Benign,Likely benign,0.8,BP7,"Richards et al., Genet Med, 2015",,19.92,
105033,ABCA4,qwen3.7-max,Pathogenic,Pathogenic,0.95,PVS1;PM2,"Allikmets R, et al. Nat Genet. 1997;Cremers FP, et al. Hum Mol Genet. 1998",,24.63,
469943,PIK3R2,qwen3.7-max,Benign,Uncertain significance,0.4,PM2;PP3,,,11.73,
301950,SYNE1,qwen3.7-max,Benign,Uncertain significance,0.7,PM2;BP4,,,15.68,
4942619,BRCA2,qwen3.7-max,Pathogenic,Pathogenic,0.95,PVS1;PM2,"Tavtigian et al., Nat Genet, 1996;ClinGen BRCA1/2 VCEP specifications, 2023",,17.9,
694226,FASN,qwen3.7-max,Benign,Uncertain significance,0.5,,,,13.62,
4957155,ABCB11,qwen3.7-max,Pathogenic,Pathogenic,0.85,PVS1;PM2,"Richards S, et al., Genet Med, 2015",,19.41,
4847512,AIPL1,qwen3.7-max,Pathogenic,Pathogenic,0.9,PVS1;PM2,"Sohocki MM, Nat Genet, 2000;Richards S, Genet Med, 2015",,35.19,
1159145,CSF2RB,qwen3.7-max,Benign,Likely benign,0.7,BP7,"Richards et al., Genet Med, 2015",,20.87,
4900514,BAG3,qwen3.7-max,Pathogenic,Pathogenic,0.85,PVS1;PM2,"Richards et al., Genet Med, 2015",,15.6,
134124,CDT1,qwen3.7-max,Benign,Likely benign,0.8,BP7,"Richards et al., Genet Med, 2015",,16.34,
278046,HMCN1,qwen3.7-max,Benign,Likely benign,0.9,BP7,"Richards et al., Genet Med, 2015",,12.19,
1245338,CPT1C,qwen3.7-max,Benign,Uncertain significance,0.6,,,,17.55,
4968125,TLK2,qwen3.7-max,Pathogenic,Pathogenic,0.95,PVS1;PM2,"Reijnders MR, et al., Am J Hum Genet, 2018",,17.34,
4844095,NF2,qwen3.7-max,Pathogenic,Pathogenic,0.95,PVS1;PM2,"Evans DG, GeneReviews, 2021",,18.31,
439931,PTEN,qwen3.7-max,Pathogenic,Pathogenic,0.95,PVS1;PM2,"Richards S, et al., Genet Med, 2015;ClinVar",,16.65,
4931709,SLC52A3,qwen3.7-max,Pathogenic,Pathogenic,0.9,PVS1;PM2,"Bosch et al., Am J Hum Genet, 2011",,25.28,
4957206,ABCB11,qwen3.7-max,Pathogenic,Pathogenic,0.9,PVS1;PM2,ClinVar;gnomAD,,23.78,
237263,LYST,qwen3.7-max,Benign,Uncertain significance,0.6,PM2,,,13.5,
1062352,MYBPC3,qwen3.7-max,Pathogenic,Pathogenic,0.95,PVS1;PM2,"Olivotto et al., J Am Coll Cardiol, 2008;Maron et al., Circulation, 2012",,18.64,
723727,BTRC,qwen3.7-max,Benign,Uncertain significance,0.5,PM2,,,14.15,
4958117,PRRT2,qwen3.7-max,Pathogenic,Pathogenic,0.95,PVS1,"Lee et al., Neurology, 2012",,24.32,
1311925,HIVEP2,qwen3.7-max,Benign,Likely benign,0.9,BP7,"Richards S, et al., Genet Med, 2015",,14.63,
4898581,CRB1,qwen3.7-max,Pathogenic,Pathogenic,0.85,PVS1;PM2,"Richards S, et al., Genet Med, 2015;Bujakowska KM, et al., Hum Mol Genet, 2012",,16.51,
724632,DCHS1,qwen3.7-max,Benign,Likely benign,0.7,BP7,"Richards et al., Genet Med, 2015",,14.75,
544956,GLDC,qwen3.7-max,Pathogenic,Pathogenic,0.95,PVS1;PM2,"Kure S, et al., J Hum Genet, 1998;ClinVar, 2023",,20.15,
177513,BBS4,qwen3.7-max,Benign,Likely benign,0.8,BP7,"Richards S, et al., Genet Med, 2015",,16.13,
4959121,BRCA2,qwen3.7-max,Pathogenic,Pathogenic,0.95,PVS1;PM2,"ClinVar, NCBI, 2023;ENIGMA Consortium, 2023",,11.47,
236595,CHEK2,qwen3.7-max,Pathogenic,Pathogenic,0.9,PVS1;PM2,"ClinVar, 2023",,24.36,
1640569,FBN3,qwen3.7-max,Benign,Uncertain significance,0.5,,,,18.57,
53905,GJB2,qwen3.7-max,Pathogenic,Pathogenic,0.95,PVS1;PM2,"ClinVar, 2023",,18.83,
33989,NPC1,qwen3.7-max,Pathogenic,Uncertain significance,0.6,PM2;PP3,ClinVar,,16.44,
531919,RBFOX3,qwen3.7-max,Benign,Uncertain significance,0.5,,,,15.6,
4959220,PKD1,qwen3.7-max,Pathogenic,Pathogenic,0.95,PVS1;PM2,"Cornec-Le Gall E, et al., Hum Mutat, 2013;Richards S, et al., Genet Med, 2015",,12.7,
139919,AARS2,qwen3.7-max,Benign,Uncertain significance,0.6,PM2,,,16.37,
99473,MET,qwen3.7-max,Benign,Uncertain significance,0.8,BP7,,,19.64,
15978,GLB1,qwen3.7-max,Pathogenic,Pathogenic,0.85,PM1;PM2;PP3,"ClinVar, GLB1 variant database, 2023",,23.25,
4968353,SPEN,qwen3.7-max,Pathogenic,Pathogenic,0.85,PVS1;PM2,"Radio F, et al., Am J Hum Genet, 2021",,17.7,
2087872,GORAB,qwen3.7-max,Pathogenic,Pathogenic,0.85,PVS1;PM2,"Hennies et al., Nat Genet, 2008",,17.57,
1662349,SLC44A4,qwen3.7-max,Benign,Uncertain significance,0.5,,,,21.8,
152754,AARS2,qwen3.7-max,Pathogenic,Pathogenic,0.9,PVS1;PM2,"Dallabona et al., Am J Hum Genet, 2014",,22.46,
1258175,MAP3K20,qwen3.7-max,Benign,Uncertain significance,0.5,PM2,,,14.77,
28541,POLG,qwen3.7-max,Pathogenic,Uncertain significance,0.6,PM2;PP3,ClinVar,,19.52,
1468107,SMARCA4,qwen3.7-max,Pathogenic,Pathogenic,0.9,PVS1;PM2,"Richards S, et al., Genet Med, 2015",,22.66,
1353305,RP1,qwen3.7-max,Pathogenic,Pathogenic,0.85,PVS1;PM2,"Pierce EA, et al., Nat Genet, 1999;Bowne SJ, et al., Hum Mol Genet, 2002",,19.5,
4963967,CD3E,qwen3.7-max,Pathogenic,Pathogenic,0.8,PVS1;PM2,"Riggs et al., Genet Med, 2020;Richards et al., Genet Med, 2015",,25.55,
3132845,PIGN,qwen3.7-max,Pathogenic,Pathogenic,0.9,PVS1;PM2,"Maydan G, et al., Am J Hum Genet, 2011",,25.26,
1977760,PDE6B,qwen3.7-max,Pathogenic,Pathogenic,0.9,PVS1;PM2,"Richards S, et al., Genet Med, 2015",,14.79,
4975777,FLNC,qwen3.7-max,Pathogenic,Pathogenic,0.85,PVS1;PM2,"Tayal U, JACC, 2021;Walsh R, Genet Med, 2017",,25.68,
134906,LAMC3,qwen3.7-max,Benign,Uncertain significance,0.5,PM2,,,19.38,
709300,NELFA,qwen3.7-max,Benign,Likely benign,0.8,BP7,"Richards S, et al., Genet Med, 2015",,13.33,
4976300,MLH1,qwen3.7-max,Pathogenic,Pathogenic,0.95,PVS1;PM2,"Richards et al., Genet Med, 2015",,21.94,
4807119,SPAST,qwen3.7-max,Pathogenic,Pathogenic,0.85,PVS1;PM2,ClinVar,,18.7,
36687,SLC22A5,qwen3.7-max,Pathogenic,Uncertain significance,0.6,PM2;PM4,"Richards et al., Genet Med, 2015;ClinVar database, SLC22A5",,17.36,
1856775,SMAD3,qwen3.7-max,Pathogenic,Pathogenic,0.9,PVS1;PM2,"Richards S, et al., Genet Med, 2015",,20.62,
4984653,LDLR,qwen3.7-max,Pathogenic,Pathogenic,0.95,PVS1;PM2,"Hobbs HH, et al., Hum Mutat, 1992;ClinGen LDLR Expert Panel Specifications",,19.81,
851313,MMACHC,qwen3.7-max,Pathogenic,Pathogenic,0.95,PVS1;PM2,"Lerner-Ellis JP, et al., Am J Hum Genet, 2006",,13.08,
779294,PMP2,qwen3.7-max,Benign,Uncertain significance,0.5,,,,14.13,
736383,ARPC1B,qwen3.7-max,Benign,Uncertain significance,0.6,PM2;PP3,"Richards S, et al., Genet Med, 2015",,17.21,
511434,ATP6V1B1,qwen3.7-max,Pathogenic,Pathogenic,0.9,PVS1;PM2,"Stover EH, et al., Am J Hum Genet, 2002",,19.89,
270378,NOTCH1,qwen3.7-max,Benign,Likely benign,0.8,BP4;BP7,"Richards S, et al., Genet Med, 2015",,21.91,
481159,DHDDS,qwen3.7-max,Pathogenic,Pathogenic,0.85,PVS1;PM2,"Zuchner et al., Nat Genet, 2011",,19.21,
53662,MYH6,qwen3.7-max,Benign,Likely benign,0.7,BP7,"Richards S, et al., Genet Med, 2015",,21.04,
1062870,BRCA2,qwen3.7-max,Pathogenic,Pathogenic,0.95,PVS1;PM2,"Tavtigian SV, Nat Genet, 1996;ClinGen BRCA1/2 VCEP guidelines, 2023",,16.21,
230525,COCH,qwen3.7-max,Benign,Uncertain significance,0.5,,,,14.28,
222739,TP53,qwen3.7-max,Benign,Uncertain significance,0.6,,,,14.18,
135594,RELN,qwen3.7-max,Benign,Likely benign,0.8,BP7,"Richards S, et al., Genet Med, 2015",,13.0,
1917112,DMD,qwen3.7-max,Benign,Uncertain significance,0.5,,,,13.58,
717203,PIGP,qwen3.7-max,Benign,Uncertain significance,0.6,PM2;PP3,"ClinVar, 2023",,12.8,
101664,BCOR,qwen3.7-max,Benign,Likely benign,0.9,BP7,"Richards S, et al., Genet Med, 2015",,13.19,
624002,RLBP1,qwen3.7-max,Pathogenic,Uncertain significance,0.6,PM2;PP3,"Richards S, et al., Genet Med, 2015",,18.52,
1364146,CLPB,qwen3.7-max,Pathogenic,Pathogenic,0.95,PVS1;PM2,"Wortmann et al., Am J Hum Genet, 2015;Kanabus et al., Am J Hum Genet, 2015",,17.68,
727693,DSG1,qwen3.7-max,Benign,Likely benign,0.8,BP7,"Richards S, et al., Genet Med, 2015",,15.37,
1227896,DNAH9,qwen3.7-max,Benign,Uncertain significance,0.6,PM2,,,14.33,
4986706,DICER1,qwen3.7-max,Benign,Likely benign,0.8,BP7,"Richards et al., Genet Med, 2015",,14.95,
249274,COL11A1,qwen3.7-max,Benign,Likely benign,0.8,BP7,"Richards S, et al., Genet Med, 2015",,15.1,
4962934,PHKG2,qwen3.7-max,Pathogenic,Pathogenic,0.85,PVS1;PM2,"Richards et al., Genet Med, 2015",,23.17,
1313377,IDUA,qwen3.7-max,Pathogenic,Pathogenic,0.9,PVS1;PM2,"Richards et al., Genet Med, 2015",,19.04,
227045,GBE1,qwen3.7-max,Pathogenic,Uncertain significance,0.5,PM2,,,15.08,
3640026,BRCA1,qwen3.7-max,Pathogenic,Pathogenic,0.95,PVS1;PM2,"Richards S, et al., Genet Med, 2015;ClinGen BRCA1/BRA2 VCEP specifications",,13.82,
254609,SCN8A,qwen3.7-max,Benign,Uncertain significance,0.5,BP7,,,18.03,
4975124,CTNNA1,qwen3.7-max,Pathogenic,Pathogenic,0.9,PVS1;PM2,"Richards S, et al., Genet Med, 2015",,25.0,
137333,ASXL1,qwen3.7-max,Benign,Uncertain significance,0.6,PM2,,,20.16,
251166,FYCO1,qwen3.7-max,Benign,Uncertain significance,0.6,PM2,,,16.09,
805631,SUFU,qwen3.7-max,Pathogenic,Pathogenic,0.95,PVS1;PM2,"Taylor MD et al., Nat Genet, 2002;Kijima C et al., J Hum Genet, 2012",,27.68,
275711,COL11A1,qwen3.7-max,Benign,Likely benign,0.7,BP4;BP7,"Richards S, et al., Genet Med, 2015",,22.1,
4974351,ATM,qwen3.7-max,Pathogenic,Pathogenic,0.95,PVS1;PM2,"Richards S, et al., Genet Med, 2015;Tavtigian SV, et al., Hum Mutat, 2018",,20.6,
4847406,SLC4A11,qwen3.7-max,Pathogenic,Pathogenic,0.85,PVS1;PM2,"Vithana et al., Mol Vis, 2006;Riazuddin et al., Invest Ophthalmol Vis Sci, 2010",,18.02,
721704,TBC1D32,qwen3.7-max,Benign,Uncertain significance,0.4,PM2,,,12.98,
342597,ABAT,qwen3.7-max,Benign,Likely benign,0.7,BP7,,,12.75,
257191,MYH14,qwen3.7-max,Benign,Uncertain significance,0.5,,,,13.34,
4894718,RPE65,qwen3.7-max,Pathogenic,Pathogenic,0.95,PVS1;PM2,"Richards S, et al., Genet Med, 2015",,22.69,
716060,LAMA1,qwen3.7-max,Benign,Uncertain significance,0.6,PM2,,,17.65,
3198589,SERPIND1,qwen3.7-max,Benign,Uncertain significance,0.4,PM2,,,15.51,
3408862,OPA1,qwen3.7-max,Pathogenic,Pathogenic,0.95,PVS1;PM2,"Delettre C et al., Nat Genet, 2000;Amati-Bonneau P et al., Hum Mol Genet, 2008",,15.09,
2102639,FNIP1,qwen3.7-max,Benign,Uncertain significance,0.5,,,,15.33,
101296,CLN5,qwen3.7-max,Benign,Uncertain significance,0.6,BP7,,,22.96,
4961093,BRCA2,qwen3.7-max,Pathogenic,Pathogenic,0.95,PVS1;PM2,"Tavtigian SV, Nat Genet, 1996;ClinVar",,22.99,
1399441,MCM3AP,qwen3.7-max,Pathogenic,Pathogenic,0.85,PVS1;PM2,"Richards S, et al., Genet Med, 2015",,23.08,
100219,DYSF,qwen3.7-max,Benign,Uncertain significance,0.5,,,,17.18,
1158388,DOCK6,qwen3.7-max,Benign,Uncertain significance,0.5,PM2,,,11.29,
4840926,IFT140,qwen3.7-max,Pathogenic,Pathogenic,0.85,PVS1;PM2,"Richards et al., Genet Med, 2015",,18.77,
186676,CLRN1,qwen3.7-max,Pathogenic,Pathogenic,0.9,PVS1;PM2,"Adato A, et al., Nat Genet, 2002",,15.52,
429637,OCA2,qwen3.7-max,Pathogenic,Pathogenic,0.85,PVS1;PM2,"Richards S, et al., Genet Med, 2015;ClinVar Database, NCBI",,18.67,
563994,BMPR1A,qwen3.7-max,Pathogenic,Pathogenic,0.95,PVS1;PM2,"Howe JR, et al., Science, 2001;Richards S, et al., Genet Med, 2015",,19.06,
586980,MSH6,qwen3.7-max,Benign,Uncertain significance,0.6,,,,15.12,
346889,PITPNM3,qwen3.7-max,Benign,Likely benign,0.8,BP7,,,15.04,
1523609,AP3B2,qwen3.7-max,Benign,Uncertain significance,0.6,,,,14.63,
134822,WASHC5,qwen3.7-max,Benign,Benign,0.9,BP7,"Richards S, et al., Genet Med, 2015",,18.3,
193855,DYSF,qwen3.7-max,Pathogenic,Pathogenic,0.85,PVS1;PM2,"Richards S, et al., Genet Med, 2015",,16.08,
4931123,VPS13B,qwen3.7-max,Pathogenic,Pathogenic,0.9,PVS1;PM2,"Kolehmainen et al., Nat Genet, 2003",,19.65,
256737,DNMT1,qwen3.7-max,Benign,Uncertain significance,0.6,PM2,,,19.43,
250158,LIMS2,qwen3.7-max,Benign,Uncertain significance,0.9,BP7,,,15.71,
609078,MYO3A,qwen3.7-max,Pathogenic,Uncertain significance,0.6,PM2,,,14.37,
79119,AIRE,qwen3.7-max,Pathogenic,Uncertain significance,0.6,PM2;BP4,"Oftedal BE, et al., N Engl J Med, 2015;Cetani F, et al., J Clin Endocrinol Metab, 2001",,21.34,
4957426,ABCB4,qwen3.7-max,Pathogenic,Pathogenic,0.85,PVS1;PM2,"Jacquemin E, et al., Gastroenterology, 2001;ClinVar",,24.48,
707199,EXOC8,qwen3.7-max,Benign,Uncertain significance,0.7,BP7,,,18.11,
1155036,GRM6,qwen3.7-max,Benign,Uncertain significance,0.6,PM2,,,13.09,
4974821,BRCA2,qwen3.7-max,Pathogenic,Pathogenic,0.95,PVS1;PM2,"Tavtigian SV, Nat Genet, 1996;ClinGen BRCA1/2 VCEP, Genet Med, 2020",,20.11,
361787,MECR,qwen3.7-max,Pathogenic,Pathogenic,0.8,PM2;PP3,"Heimer G, et al. Am J Hum Genet. 2016",,17.94,
390149,AK7,qwen3.7-max,Benign,Uncertain significance,0.6,PM2,,,13.57,
137978,FANCA,qwen3.7-max,Pathogenic,Pathogenic,0.95,PVS1;PM2,"Tischkowitz MD, et al., J Med Genet, 2000;ClinVar",,20.66,
30665,HBA2,qwen3.7-max,Pathogenic,Pathogenic,0.95,PS3;PM2,"Weatherall DJ, Blood, 2001;Proudfoot NJ, Nature, 1982",,21.34,
1562173,SBF1,qwen3.7-max,Benign,Likely benign,0.8,BP7,,,13.42,
251878,SQSTM1,qwen3.7-max,Benign,Likely benign,0.9,BP7,,,14.73,
734759,DMP1,qwen3.7-max,Benign,Uncertain significance,0.6,PM2;PP3,,,15.21,
4899052,RAG1,qwen3.7-max,Pathogenic,Pathogenic,0.85,PVS1;PM2,"Notarangelo LD, et al., Annu Rev Immunol, 2009",,23.29,
251609,WDR36,qwen3.7-max,Benign,Uncertain significance,0.5,,,,12.3,
1229048,LOXL3,qwen3.7-max,Benign,Uncertain significance,0.5,BP7,,,22.35,
166077,PAX2,qwen3.7-max,Pathogenic,Pathogenic,0.95,PVS1;PM2,"Sanyanusin et al., Nat Genet, 1995",,16.79,
16012,FANCI;POLG,qwen3.7-max,Pathogenic,Pathogenic,0.85,PVS1;PM2,"Smogorzewska A, et al., Mol Cell, 2007",,20.75,
4837280,ERCC6,qwen3.7-max,Pathogenic,Pathogenic,0.95,PVS1;PM2,"Richards S, et al., Genet Med, 2015;Laugel V, et al., Hum Mutat, 2010",,21.57,
26966,IDUA,qwen3.7-max,Pathogenic,Uncertain significance,0.6,PM2;PP3,,,19.46,
254979,PYGL,qwen3.7-max,Benign,Uncertain significance,0.6,,,,12.55,
367043,ALMS1,qwen3.7-max,Benign,Likely benign,0.85,BP7,"Richards et al., Genet Med, 2015",,18.55,
101124,RELN,qwen3.7-max,Benign,Uncertain significance,0.4,BP4,,,16.72,
36246,RET,qwen3.7-max,Pathogenic,Pathogenic,0.95,PS4;PM1;PP3,"Eng C, et al. Hum Mol Genet. 1996;Machens A, et al. J Clin Endocrinol Metab. 2004",,28.51,
1677509,ABCB4,qwen3.7-max,Pathogenic,Pathogenic,0.95,PVS1;PM2,"Jacquemin E, et al., Gastroenterology, 2001;Richards S, et al., Genet Med, 2015",,15.74,
1457753,NF1,qwen3.7-max,Pathogenic,Pathogenic,0.9,PVS1;PM2,"Fahsold R, et al., Am J Hum Genet, 2000;Messiaen LM, et al., Neurology, 2000",,26.1,
2842149,HSD17B3,qwen3.7-max,Pathogenic,Pathogenic,0.9,PVS1;PM2,"Richards S, et al., Genet Med, 2015;Andersson S, et al., Nat Genet, 1996",,23.39,
1455006,TMEM237,qwen3.7-max,Pathogenic,Pathogenic,0.9,PVS1;PM2,"Huang et al., Nat Genet, 2011",,22.82,
384403,PKD2,qwen3.7-max,Pathogenic,Pathogenic,0.95,PVS1;PM2,"Cornec-Le Gall E, Am J Hum Genet, 2013;Richards S, Genet Med, 2015",,13.17,
4910262,BCKDHA,qwen3.7-max,Pathogenic,Pathogenic,0.95,PVS1;PM2,ACMG/AMP 2015 guidelines;ClinVar,,18.54,
390469,ADA2,qwen3.7-max,Benign,Likely benign,0.8,BP7,"Richards et al., Genet Med, 2015",,18.93,
708911,COL7A1,qwen3.7-max,Benign,Uncertain significance,0.4,PM2;PP3,,,15.55,
237081,SERPINI1,qwen3.7-max,Benign,Uncertain significance,0.5,PM2,,,13.62,
205575,TCOF1,qwen3.7-max,Benign,Likely benign,0.9,BP7,"Richards S, et al., Genet Med, 2015",,11.78,
239236,SCN10A,qwen3.7-max,Benign,Likely benign,0.9,BP7,"Richards S, et al., Genet Med, 2015",,13.45,
230606,CIB2,qwen3.7-max,Benign,Uncertain significance,0.7,BP7,,,17.42,
1290553,PITRM1,qwen3.7-max,Benign,Uncertain significance,0.5,PM2,,,17.2,
1506994,MSH6,qwen3.7-max,Pathogenic,Pathogenic,0.95,PVS1;PM2,"Richards et al., Genet Med, 2015",,16.03,
700408,TG,qwen3.7-max,Benign,Likely benign,0.85,BP7,"Richards et al., Genet Med, 2015",,16.29,
414284,BMPR2,qwen3.7-max,Pathogenic,Uncertain significance,0.6,PM2,,,13.64,
2818863,U2AF2,qwen3.7-max,Benign,Likely benign,0.8,BP7,"Richards S, et al., Genet Med, 2015",,14.47,
1619433,SLC1A2,qwen3.7-max,Benign,Uncertain significance,0.5,,,,14.47,
249433,SPTA1,qwen3.7-max,Benign,Likely benign,0.8,BP7,"Richards et al., Genet Med, 2015",,13.4,
255043,PSEN1,qwen3.7-max,Benign,Uncertain significance,0.6,,,,14.17,
102416,COG7,qwen3.7-max,Benign,Uncertain significance,0.6,PM2,,,12.12,
852536,XPA,qwen3.7-max,Pathogenic,Uncertain significance,0.5,PM2;BP4,ClinVar,,27.92,
174226,NME8,qwen3.7-max,Benign,Uncertain significance,0.6,PM2;PP3,,,16.17,
3387746,PALB2,qwen3.7-max,Pathogenic,Pathogenic,0.95,PVS1;PM2,"Antoniou AC, et al., N Engl J Med, 2014;Tischkowitz M, et al., Lancet Oncol, 2007",,13.64,
292095,HGD,qwen3.7-max,Benign,Benign,0.9,BP7,"Richards et al., Genet Med, 2015",,13.15,
1673969,KATNIP,qwen3.7-max,Benign,Uncertain significance,0.7,PM2,,,18.84,
16175,STRA6,qwen3.7-max,Pathogenic,Uncertain significance,0.6,PM2;PP3,,,13.2,
4815997,IFT122,qwen3.7-max,Pathogenic,Pathogenic,0.85,PVS1;PM2,"Richards et al., Genet Med, 2015",,18.29,
1605801,NEBL,qwen3.7-max,Benign,Uncertain significance,0.5,BP7,,,17.09,
625304,INF2,qwen3.7-max,Pathogenic,Pathogenic,0.85,PM1;PM2;PP3,"Boyer O, et al., Nat Genet, 2010;Brown EJ, et al., Nat Genet, 2010",,15.51,
1663387,COPB2,qwen3.7-max,Benign,Uncertain significance,0.4,,,,13.85,
77510,LMNB1,qwen3.7-max,Benign,Uncertain significance,0.5,,,,10.58,
19203,TMPRSS15,qwen3.7-max,Pathogenic,Pathogenic,0.85,PVS1;PM2,"Richards S, et al., Genet Med, 2015",,17.95,
204570,SPTLC2,qwen3.7-max,Pathogenic,Uncertain significance,0.6,PM2;PP3,,,14.61,
39576,GALC,qwen3.7-max,Pathogenic,Pathogenic,0.85,PS4;PM2;PP3,"Wenger DA, et al., Hum Mutat, 2014",,21.19,
36422,BTD,qwen3.7-max,Benign,Likely benign,0.8,BP7,,,13.44,
956644,CPT1A,qwen3.7-max,Pathogenic,Pathogenic,0.85,PVS1;PM2,"ClinVar, 2023",,21.92,
349241,DNMT1,qwen3.7-max,Benign,Uncertain significance,0.4,PM2,,,15.45,
17429,ARG1,qwen3.7-max,Pathogenic,Pathogenic,0.9,PVS1;PM2,ClinVar;gnomAD,,21.07,
2102890,ALPK1,qwen3.7-max,Benign,Uncertain significance,0.6,PM2;PP3,"Richards et al., Genet Med, 2015",,16.17,
398393,CEP57,qwen3.7-max,Benign,Likely benign,0.8,BP7,"Richards et al., Genet Med, 2015",,12.15,
553648,FLCN,qwen3.7-max,Pathogenic,Pathogenic,0.9,PVS1;PM2,"Nickerson ML et al., Nat Genet, 2002",,15.69,
703400,ACAN,qwen3.7-max,Benign,Likely benign,0.8,BP7,"Richards S, et al., Genet Med, 2015",,16.68,
1064050,NF1,qwen3.7-max,Pathogenic,Pathogenic,0.95,PVS1;PM2,"Richards et al., Genet Med, 2015",,15.82,
165614,EDAR,qwen3.7-max,Benign,Likely benign,0.8,BP7,"Richards S, et al., Genet Med, 2015",,9.67,
467895,CHRNE,qwen3.7-max,Benign,Likely benign,0.8,BP7,"Richards et al., Genet Med, 2015",,11.36,
683956,KPNA7,qwen3.7-max,Benign,Uncertain significance,0.6,PM2,,,15.64,
1653164,ITGA3,qwen3.7-max,Benign,Uncertain significance,0.6,,,,11.25,
1331062,LOX,qwen3.7-max,Pathogenic,Pathogenic,0.85,PVS1;PM2,"Guo et al., Am J Hum Genet, 2016",,16.4,
1585126,HMCN1,qwen3.7-max,Benign,Uncertain significance,0.5,,,,12.26,
397522,PTEN,qwen3.7-max,Pathogenic,Pathogenic,0.95,PVS1;PM2,"Richards et al., Genet Med, 2015",,15.87,
4957660,ABCB4,qwen3.7-max,Pathogenic,Pathogenic,0.85,PVS1;PM2,"Richards S, et al., Genet Med, 2015;ClinVar",,19.92,
32464,COL7A1,qwen3.7-max,Pathogenic,Pathogenic,0.95,PVS1;PM2,"Has C, et al., Hum Mutat, 2020",,16.53,
501660,RIPOR2,qwen3.7-max,Benign,Uncertain significance,0.5,,,,15.48,
4951107,CTNND2,qwen3.7-max,Pathogenic,Pathogenic,0.85,PVS1;PM2,"Richards S, et al., Genet Med, 2015",,18.96,
221331,ALMS1,qwen3.7-max,Benign,Uncertain significance,0.6,PM2,,,14.46,
102097,HUWE1,qwen3.7-max,Benign,Likely benign,0.8,BP4;BP7,"Richards S, et al., Genet Med, 2015",,16.36,
1544640,FASN,qwen3.7-max,Benign,Likely benign,0.7,BP7,,,14.96,
54989,TMEM127,qwen3.7-max,Benign,Likely benign,0.8,BP7,,,16.07,
390935,SDHB,qwen3.7-max,Pathogenic,Pathogenic,0.95,PVS1;PM2,"Baysal BE, et al. Science. 2000;Neumann HP, et al. N Engl J Med. 2004",,31.6,
543879,ERCC8,qwen3.7-max,Pathogenic,Pathogenic,0.95,PVS1;PM2,"Laugel V, et al., Hum Mutat, 2010",,10.96,
933282,TAP1,qwen3.7-max,Pathogenic,Pathogenic,0.9,PVS1;PM2,ClinVar;OMIM,,13.46,
1609688,KMT2E,qwen3.7-max,Benign,Uncertain significance,0.5,PM2,"Richards et al., Genet Med, 2015",,12.89,
257179,ODAD1,qwen3.7-max,Benign,Likely benign,0.8,BP7,,,13.75,
4946251,BAP1,qwen3.7-max,Pathogenic,Pathogenic,0.95,PVS1;PM2,"Popova T, et al., Am J Hum Genet, 2013;Testa JR, et al., Nat Genet, 2011",,11.89,
779954,INSR,qwen3.7-max,Benign,Benign,0.8,BP4,"Richards et al., Genet Med, 2015",,14.85,
1235022,CREBBP,qwen3.7-max,Benign,Uncertain significance,0.5,,,,15.94,
477314,BRCA2,qwen3.7-max,Pathogenic,Pathogenic,0.95,PVS1;PM2,"Richards S, et al., Genet Med, 2015",,13.2,
4969800,APC,qwen3.7-max,Pathogenic,Pathogenic,0.95,PVS1;PM2,"Groden J, et al., Cell, 1991;Leppert M, et al., Science, 1991",,21.14,
249486,EPHA2,qwen3.7-max,Benign,Likely benign,0.9,BP7,"Richards et al., Genet Med, 2015",,17.91,
2751670,APC,qwen3.7-max,Pathogenic,Pathogenic,0.95,PVS1;PM2,"Richards S, et al., Genet Med, 2015",,13.98,
278996,HMCN1,qwen3.7-max,Benign,Uncertain significance,0.5,,,,18.7,
4930140,CAPRIN1,qwen3.7-max,Pathogenic,Pathogenic,0.85,PVS1;PM2,"Richards S, et al., Genet Med, 2015",,15.13,
49027,PTPN11,qwen3.7-max,Pathogenic,Pathogenic,0.8,PM2;PP3,"Tartaglia et al., Nat Genet, 2001",,17.81,
588821,ABCB4,qwen3.7-max,Pathogenic,Pathogenic,0.95,PVS1;PM2,ClinVar,,17.41,
1546341,ZDBF2,qwen3.7-max,Benign,Uncertain significance,0.9,,,,17.87,
44374,ATP7B,qwen3.7-max,Pathogenic,Uncertain significance,0.6,PM2;PP3,"ClinVar, 2023",,19.63,
460419,BLNK,qwen3.7-max,Benign,Uncertain significance,0.5,PM2,,,11.53,
657271,TNNT2,qwen3.7-max,Benign,Likely benign,0.7,BP4,"Richards S, et al., Genet Med, 2015",,16.83,
455236,SLC6A3,qwen3.7-max,Benign,Likely benign,0.9,BP7,"Richards S, et al., Genet Med, 2015",,15.7,
214324,CEP290,qwen3.7-max,Pathogenic,Pathogenic,0.85,PVS1;PM2,"Sayer JA, et al., Nat Genet, 2006;den Hollander AI, et al., Nat Genet, 2006",,20.47,
230896,MYOM1,qwen3.7-max,Benign,Uncertain significance,0.5,,,,14.41,
4967560,HSD17B10,qwen3.7-max,Pathogenic,Pathogenic,0.75,PM2;PP3,ClinVar,,19.54,
691087,HDAC4,qwen3.7-max,Benign,Uncertain significance,0.6,BP7,,,16.25,
1635656,UNC80,qwen3.7-max,Benign,Likely benign,0.7,BP7,"Richards et al., Genet Med, 2015",,22.71,
4926805,ATP7B,qwen3.7-max,Pathogenic,Pathogenic,0.95,PVS1;PM2,"ClinVar, 2023",,15.6,
4853406,LAMB3,qwen3.7-max,Pathogenic,Pathogenic,0.95,PVS1;PM2,"Richards et al., Genet Med, 2015",,15.23,
1918863,ALG6,qwen3.7-max,Pathogenic,Pathogenic,0.9,PVS1;PM2,"Richards S, et al., Genet Med, 2015",,28.7,
135292,IL4I1;NUP62,qwen3.7-max,Benign,Benign,0.9,BP7,,,18.79,
4929984,USH2A,qwen3.7-max,Pathogenic,Pathogenic,0.95,PVS1;PM2,"Baux D, et al., Hum Mutat, 2014;Lenassi E, et al., Hum Mutat, 2010",,14.31,
868516,MAT1A,qwen3.7-max,Benign,Likely benign,0.7,BP4,"Richards S, et al., Genet Med, 2015",,17.57,
1155797,SAMD9L,qwen3.7-max,Benign,Likely benign,0.8,BP7,,,14.59,
26854,MECP2,qwen3.7-max,Pathogenic,Pathogenic,0.95,PVS1;PM2,"Amir RE, Nat Genet, 1999;Christodoulou J, Hum Mutat, 2010",,38.34,
153373,MECP2,qwen3.7-max,Pathogenic,Pathogenic,0.95,PVS1;PM2,"Richards et al., Genet Med, 2015;Amberger et al., Nucleic Acids Res, 2019",,11.05,
4957402,ABCB4,qwen3.7-max,Pathogenic,Pathogenic,0.9,PVS1;PM2,"Richards et al., Genet Med, 2015",,26.76,
1156306,ERCC6L2,qwen3.7-max,Benign,Uncertain significance,0.5,,,,13.04,
48154,ADAMTSL4,qwen3.7-max,Pathogenic,Pathogenic,0.85,PVS1;PM2,"Ahram et al., Hum Mutat, 2015",,22.24,
4644297,TELO2,qwen3.7-max,Pathogenic,Pathogenic,0.85,PVS1;PM2,"Richards et al., Genet Med, 2015",,19.69,
270771,CFI,qwen3.7-max,"Pathogenic/Pathogenic, low penetrance",Pathogenic,0.9,PVS1;PM2,"Fremeaux-Bacchi V et al., Blood, 2013;Richards S et al., Genet Med, 2015",,15.39,
108404,PAH,qwen3.7-max,Pathogenic,Pathogenic,0.75,PM2;PP3,"ClinVar, 2023",,20.45,
367574,FAT4,qwen3.7-max,Benign,Likely benign,0.7,BP7,,,15.09,
724036,COL13A1,qwen3.7-max,Benign,Uncertain significance,0.6,BP7,"Richards et al., Genet Med, 2015",,18.2,
21004,RP1,qwen3.7-max,Pathogenic,Pathogenic,0.85,PVS1;PM2,"Bowne SJ, Hum Mol Genet, 2002;Pierce EA, Nat Genet, 1999",,20.61,
104114,MAPT,qwen3.7-max,Pathogenic,Pathogenic,0.95,PS3;PM2;PP3,"Hutton et al., Nature, 1998;Grover et al., Hum Mol Genet, 1999",,35.3,
1666234,TTC7A,qwen3.7-max,Benign,Likely benign,0.8,BP7,,,15.64,
236391,BRIP1,qwen3.7-max,Pathogenic,Pathogenic,0.85,PVS1;PM2,"Seal S, et al., Nat Genet, 2006;Rafnar T, et al., Nat Genet, 2011",,25.74,
255250,SLC12A1,qwen3.7-max,Benign,Likely benign,0.7,BP7,,,16.48,
2737328,ALPK3,qwen3.7-max,Pathogenic,Pathogenic,0.85,PVS1;PM2,"Almannai et al., Hum Mutat, 2018;Sen-Chowdhry et al., JACC, 2020",,23.06,
131982,APOE,qwen3.7-max,Pathogenic,Uncertain significance,0.6,PM4,,,28.2,
104324,GRIN2B,qwen3.7-max,Benign,Benign,0.9,BP7,"Richards S, et al., Genet Med, 2015",,14.24,
141184,GFM2,qwen3.7-max,Benign,Uncertain significance,0.4,PM2,,,14.83,
1666296,FLNB,qwen3.7-max,Benign,Likely benign,0.8,BP4;BP7,,,12.88,
986106,CRX,qwen3.7-max,Pathogenic,Pathogenic,0.85,PVS1;PM2,"Richards et al., Genet Med, 2015",,18.93,
1154404,P3H2,qwen3.7-max,Benign,Uncertain significance,0.6,BP7,,,23.59,
4850669,CTC1,qwen3.7-max,Pathogenic,Pathogenic,0.85,PVS1;PM2,"Anderson BH, et al. Nat Genet. 2012;44(3):338-342.",,15.86,
4984629,SUZ12,qwen3.7-max,Pathogenic,Pathogenic,0.85,PVS1;PM2,"ClinVar database, 2023",,27.4,
4967677,CTNNA1,qwen3.7-max,Pathogenic,Pathogenic,0.9,PVS1;PM2,"Richards S, et al., Genet Med, 2015",,19.44,
707354,GJB4,qwen3.7-max,Benign,Likely benign,0.7,BP4;BP7,"Richards et al., Genet Med, 2015",,19.59,
1157840,ADAMTS18,qwen3.7-max,Benign,Uncertain significance,0.6,PM2,"Richards S, et al., Genet Med, 2015",,14.89,
441915,SLC12A3,qwen3.7-max,Pathogenic,Uncertain significance,0.6,PM2;PP3,"Richards S, et al., Genet Med, 2015",,15.42,
2166750,MEN1,qwen3.7-max,Pathogenic,Pathogenic,0.85,PVS1;PM2,"Richards S, et al., Genet Med, 2015",,24.93,
468588,CARD14,qwen3.7-max,Benign,Uncertain significance,0.7,BP7,,,18.12,
3055180,KMT2D,qwen3.7-max,Benign,Uncertain significance,0.6,BP1;PM2,"Richards et al., Genet Med, 2015",,15.3,
4837268,NFKB1,qwen3.7-max,Pathogenic,Pathogenic,0.95,PVS1;PM2,"Fliegau et al., J Exp Med, 2017",,22.52,
268752,CAPN3,qwen3.7-max,Pathogenic,Uncertain significance,0.5,PM2;PP3,"Richards et al., Genet Med, 2015",,13.48,
354275,RIT1,qwen3.7-max,Pathogenic,Pathogenic,0.85,PM1;PM2;PP3,"Aoki Y, et al., Nat Genet, 2013;Yaoita M, et al., J Hum Genet, 2016",,21.2,
101745,VPS13B,qwen3.7-max,Benign,Likely benign,0.7,BP7,"Richards et al., Genet Med, 2015",,17.45,
4963679,SDHA,qwen3.7-max,Benign,Uncertain significance,0.6,BP7,,,17.27,
4958125,MECP2,qwen3.7-max,Pathogenic,Pathogenic,0.95,PVS1;PM2,"Amir RE, Nat Genet, 1999;Neul JL, Ann Neurol, 2010",,21.64,
2806558,MUC5B,qwen3.7-max,Benign,Uncertain significance,0.8,,,,15.9,
4973078,APC,qwen3.7-max,Pathogenic,Pathogenic,0.95,PVS1;PM2,"Groden J, et al., Cell, 1991;Miyoshi Y, et al., Hum Mol Genet, 1992",,18.64,
4962936,PAH,qwen3.7-max,Pathogenic,Pathogenic,0.95,PVS1;PM2,"Blau N, et al., Hum Mutat, 2010;Scriver CR, et al., Hum Mutat, 2000",,20.89,
805167,FLG,qwen3.7-max,Pathogenic,Pathogenic,0.9,PVS1;PM2,"Smith FJ et al., Nat Genet, 2006",,17.33,
305464,MCM4,qwen3.7-max,Benign,Likely benign,0.8,BP7,,,15.56,
780037,MYO18B,qwen3.7-max,Benign,Uncertain significance,0.5,,,,24.16,
1157428,RYR3,qwen3.7-max,Benign,Uncertain significance,0.6,BP7,,,14.58,
20720,SCO2,qwen3.7-max,Pathogenic,Pathogenic,0.95,PS3;PM2;PP3,"Papadopoulou et al., Nat Genet, 1999;Jaksch et al., Hum Mol Genet, 2000",,20.88,
1154377,MASP1,qwen3.7-max,Benign,Likely benign,0.8,BP7,"Richards et al., Genet Med, 2015",,13.84,
4978516,CHEK2,qwen3.7-max,Pathogenic,Pathogenic,0.85,PVS1;PM2,"Cybulski C, et al., J Natl Cancer Inst, 2004;Tung N, et al., Cancer Res, 2015",,24.6,
4969528,MAP1B,qwen3.7-max,Pathogenic,Pathogenic,0.8,PVS1;PM2,"Richards S, et al., Genet Med, 2015",,15.13,
68118,CFTR,qwen3.7-max,Pathogenic,Pathogenic,0.9,PVS1;PM2,"Richards et al., Genet Med, 2015",,22.18,
656065,COX8A,qwen3.7-max,Benign,Likely benign,0.7,BP7,,,14.73,
71377,CEP290,qwen3.7-max,Pathogenic,Pathogenic,0.95,PVS1;PM2,"den Hollander AI, Nat Genet, 2006;Coppieters F, Hum Mutat, 2010",,17.87,
19278,OPA3,qwen3.7-max,Pathogenic,Pathogenic,0.85,PVS1;PM2,"Richards S, et al., Genet Med, 2015",,17.89,
432850,HBA2,qwen3.7-max,Pathogenic,Benign,0.8,BP4,"ClinVar, HBA2 variant database, 2023",,26.08,
445702,FLCN,qwen3.7-max,Pathogenic,Pathogenic,0.95,PVS1;PM2,"Nickerson ML, Nat Genet, 2002;ClinVar",,16.83,
3853699,ATP7B,qwen3.7-max,Pathogenic,Pathogenic,0.95,PVS1;PM2,"Coffey AJ, et al., J Med Genet, 2013;Tarnacka B, et al., Acta Neurol Scand, 2000",,14.25,
368592,KLHL40,qwen3.7-max,Benign,Likely benign,0.85,BP7,"Richards et al., Genet Med, 2015",,16.27,
755311,CTCF,qwen3.7-max,Benign,Likely benign,0.8,BP7,"Richards et al., Genet Med, 2015",,14.02,
174202,DNAH11,qwen3.7-max,Benign,Likely benign,0.8,BP7,,,17.18,
250572,PNKD,qwen3.7-max,Benign,Likely benign,0.9,BP7,"Richards S, et al., Genet Med, 2015",,12.28,
1156265,CEP78,qwen3.7-max,Benign,Uncertain significance,0.6,,,,15.29,
1158356,LAMA1,qwen3.7-max,Benign,Uncertain significance,0.5,,,,18.18,
1153584,COL9A2,qwen3.7-max,Benign,Benign,0.85,BP7,"Richards S, et al., Genet Med, 2015",,9.93,
745401,AP3D1,qwen3.7-max,Benign,Uncertain significance,0.6,PM2,,,17.19,
104452,GUCY2D,qwen3.7-max,Benign,Likely benign,0.7,BP7,"Richards S, et al., Genet Med, 2015",,18.25,
230803,CCDC40,qwen3.7-max,Benign,Uncertain significance,0.5,PM2,,,14.39,
1154700,PROM1,qwen3.7-max,Benign,Likely benign,0.8,BP7,"Richards S, et al., Genet Med, 2015",,12.38,
4797029,BAIAP2,qwen3.7-max,Pathogenic,Uncertain significance,0.8,PM2,,,18.73,
505222,HOMER2,qwen3.7-max,Benign,Uncertain significance,0.8,,,,14.59,
21834,DHCR7,qwen3.7-max,Pathogenic,Pathogenic,0.8,PM2;PM3;PP3,"Witsch-Baumgartner et al., Am J Hum Genet, 2001",,22.56,
250704,OTOF,qwen3.7-max,Benign,Benign,0.9,BP7,"Richards S, et al., Genet Med, 2015",,16.28,
18607,IVD,qwen3.7-max,Pathogenic,Pathogenic,0.9,PM3;PP1;PP3;PP5,"Ensenauer et al., Mol Genet Metab, 2004;ClinVar",,27.76,
153198,MECP2,qwen3.7-max,Benign,Uncertain significance,0.4,PM2;BP4,"Amir RE, et al., Nat Genet, 1999;ClinVar variant ID for MECP2 c.1376C>T",,15.93,
634594,LAMA2,qwen3.7-max,Pathogenic,Pathogenic,0.85,PVS1;PM2,"Richards S, et al., Genet Med, 2015",,19.76,
1153749,SAMD11,qwen3.7-max,Benign,Likely benign,0.9,BP7,"Richards et al., Genet Med, 2015",,17.47,
464912,FBN1,qwen3.7-max,Pathogenic,Pathogenic,0.85,PVS1;PM2,"Richards et al., Genet Med, 2015;Loeys et al., Hum Mutat, 2010",,16.5,
214425,CLCN2,qwen3.7-max,Benign,Uncertain significance,0.5,,,,15.38,
249363,KCND3,qwen3.7-max,Benign,Uncertain significance,0.6,,,,18.71,
4924273,DST,qwen3.7-max,Pathogenic,Pathogenic,0.85,PVS1;PM2,"Edvardson S, et al., Am J Hum Genet, 2012",,21.83,
1311452,LGR4,qwen3.7-max,Benign,Uncertain significance,0.8,,,,16.94,
1226281,RRAS2,qwen3.7-max,Benign,Uncertain significance,0.6,PM2;BP4,,,15.36,
4816962,SMAD6,qwen3.7-max,Pathogenic,Pathogenic,0.85,PVS1;PM2,"ClinVar, 2023, https://www.ncbi.nlm.nih.gov/clinvar/",,16.93,
420823,NF1,qwen3.7-max,Pathogenic,Pathogenic,0.9,PVS1;PM2,"Richards S, et al., Genet Med, 2015;ClinGen SVI Recommendations",,35.45,
4909466,COL4A5,qwen3.7-max,Pathogenic,Pathogenic,0.85,PM1;PM2;PP3,"Savige J, Front Genet, 2014;Marcocci E, Hum Mutat, 2009",,29.56,
106649,KCNH5,qwen3.7-max,Pathogenic,Uncertain significance,0.6,PM2;PP3,"Richards et al., Genet Med, 2015, ACMG/AMP guidelines",,17.82,
76232,TSC2,qwen3.7-max,Pathogenic,Uncertain significance,0.5,,,,14.33,
192348,SALL1,qwen3.7-max,Benign,Likely benign,0.7,BP4;BP6,"Kohlhase J, et al., Nat Genet, 1998",,18.05,
169719,PCNT,qwen3.7-max,Benign,Uncertain significance,0.6,BP7,"Richards et al., Genet Med, 2015",,15.8,
1901931,ADAMTS10,qwen3.7-max,Pathogenic,Pathogenic,0.9,PVS1;PM2,"Dagoneau N, Am J Hum Genet, 2006",,23.98,
4938372,BRIP1,qwen3.7-max,Pathogenic,Pathogenic,0.9,PVS1;PM2,"Richards et al., Genet Med, 2015",,24.06,
4862492,CCDC88C,qwen3.7-max,Pathogenic,Pathogenic,0.85,PVS1;PM2,"Alazami et al., Hum Mutat, 2015",,30.21,
1641512,CFD,qwen3.7-max,Benign,Uncertain significance,0.5,,,,22.88,
197175,KCNH2,qwen3.7-max,Pathogenic,Pathogenic,0.9,PVS1;PM2,"Splawski I, et al., Cell, 1997;gnomAD, 2023",,25.48,
223875,GLA,qwen3.7-max,Pathogenic,Pathogenic,0.85,PM1;PM2;PP3,ClinVar,,23.0,
4837438,ERCC6L2,qwen3.7-max,Pathogenic,Pathogenic,0.9,PVS1;PM2,"Richards S, et al., Genet Med, 2015;Tummala H, et al., Blood, 2015",,27.49,
1925550,MLH1,qwen3.7-max,Pathogenic,Pathogenic,0.95,PVS1;PM2,ClinVar,,18.99,
3042920,KDM6A,qwen3.7-max,Benign,Likely benign,0.8,BP4;BP7,,,20.28,
736797,ALDOB,qwen3.7-max,Benign,Uncertain significance,0.6,PM2;PP3,"Tolan et al., Hum Mutat, 1995",,15.6,
4986111,NBEA,qwen3.7-max,Pathogenic,Pathogenic,0.85,PVS1;PM2,"Castermans et al., Hum Mol Genet, 2010;ClinVar",,18.07,
746527,TOE1,qwen3.7-max,Benign,Uncertain significance,0.4,PM2,,,13.92,
478874,RAD51C,qwen3.7-max,Benign,Uncertain significance,0.7,,,,17.04,
1158532,PLEKHG2,qwen3.7-max,Benign,Uncertain significance,0.6,PM2,,,20.88,
4986676,BRCA1,qwen3.7-max,Pathogenic,Pathogenic,0.95,PVS1;PM2,ClinVar,,16.51,
350461,C3,qwen3.7-max,Benign,Likely benign,0.7,BP7,,,11.92,
4845974,IMPDH1,qwen3.7-max,Pathogenic,Pathogenic,0.85,PVS1;PM2,"Richards S, et al., Genet Med, 2015",,18.01,
705428,SLC4A11,qwen3.7-max,Benign,Likely benign,0.8,BP7,,,17.24,
2901279,GLDC,qwen3.7-max,Pathogenic,Uncertain significance,0.6,PM2;PP3,"Richards S, et al., Genet Med, 2015",,18.83,
652906,NF1,qwen3.7-max,Pathogenic,Uncertain significance,0.6,PM2;PP3,"Richards S, et al., Genet Med, 2015",,20.66,
4958105,POMT1,qwen3.7-max,Pathogenic,Pathogenic,0.95,PVS1;PM2,"Beltran-Valero de Bernabe D, et al., Am J Hum Genet, 2002",,17.82,
1481530,MYBPC3,qwen3.7-max,Pathogenic,Pathogenic,0.85,PVS1;PM2,"Richards S, et al., Genet Med, 2015",,26.65,
4959658,POLG,qwen3.7-max,Pathogenic,Pathogenic,0.85,PVS1;PM2,"Van Goethem et al., Nat Genet, 2001;Richards et al., Genet Med, 2015",,31.77,
456329,TAP2,qwen3.7-max,Benign,Uncertain significance,0.5,,,,18.1,
1793170,MSH6,qwen3.7-max,Pathogenic,Pathogenic,0.95,PVS1;PM2,"Richards et al., Genet Med, 2015",,16.05,
390460,RTEL1,qwen3.7-max,Benign,Pathogenic,0.75,PM2;PP3,ClinVar,,20.64,
2670957,PKD1,qwen3.7-max,Pathogenic,Pathogenic,0.85,PVS1;PM2,"Cornec-Le Gall E, et al., Am J Hum Genet, 2013;Richards S, et al., Genet Med, 2015",,18.32,
4953063,MED12L,qwen3.7-max,Pathogenic,Uncertain significance,0.7,PM2,,,30.05,
21629,ABCB11,qwen3.7-max,Pathogenic,Uncertain significance,0.5,PM2,,,15.48,
101233,PROM1,qwen3.7-max,Benign,Uncertain significance,0.6,BP4,"Richards et al., Genet Med, 2015",,22.11,
256111,CRYBA1,qwen3.7-max,Benign,Uncertain significance,0.6,BP7,,,15.34,
327525,EXT2,qwen3.7-max,Benign,Benign,0.9,BP7,"Richards S, et al., Genet Med, 2015",,13.15,
3548008,DNAH17,qwen3.7-max,Pathogenic,Pathogenic,0.85,PVS1;PM2,"Richards et al., Genet Med, 2015",,15.07,
1276474,LEMD2,qwen3.7-max,Benign,Uncertain significance,0.5,PM2,"Richards S, et al., Genet Med, 2015",,16.38,
1158225,ARHGEF15,qwen3.7-max,Benign,Likely benign,0.7,BP7,,,14.72,
34497,CDK5RAP2,qwen3.7-max,Benign,Uncertain significance,0.6,PM2,,,13.93,
4954414,CTNNA1,qwen3.7-max,Pathogenic,Pathogenic,0.85,PVS1;PM2,"Richards S, et al., Genet Med, 2015",,18.55,
3159768,PRPF4,qwen3.7-max,Benign,Uncertain significance,0.6,PM2,"Richards et al., Genet Med, 2015",,16.33,
2802054,GCK,qwen3.7-max,Pathogenic,Uncertain significance,0.5,,,,16.99,
197159,KCNH2,qwen3.7-max,Pathogenic,Pathogenic,0.95,PVS1;PM2,"Richards et al., Genet Med, 2015",,15.88,
1619525,CFH,qwen3.7-max,Benign,Uncertain significance,0.4,PM2;BP4,,,17.11,
1155290,DTNBP1,qwen3.7-max,Benign,Uncertain significance,0.5,,,,21.26,
4962466,NRAP,qwen3.7-max,Pathogenic,Pathogenic,0.8,PVS1;PM2,"Richards et al., Genet Med, 2015",,21.81,
4961950,ARSA,qwen3.7-max,Pathogenic,Pathogenic,0.95,PVS1;PM2,"Regis S, et al., Hum Mutat, 2005;ClinVar",,23.44,
1662068,PLOD3,qwen3.7-max,Benign,Uncertain significance,0.5,,,,15.8,
255413,MESP2,qwen3.7-max,Benign,Uncertain significance,0.6,PM2;PP3,,,13.13,
244116,CHRNE;MINK1;C17orf107,qwen3.7-max,Pathogenic,Pathogenic,0.9,PVS1;PM2,"Richards et al., Genet Med, 2015",,19.96,
1868123,PLPBP,qwen3.7-max,Pathogenic,Pathogenic,0.85,PVS1;PM2,"Richards et al., Genet Med, 2015",,28.27,
285274,ITGA6,qwen3.7-max,Benign,Uncertain significance,0.5,PM2;BP4,,,16.31,
1393665,HYCC1,qwen3.7-max,Pathogenic,Pathogenic,0.95,PVS1;PM2,"Zara F, et al., Nat Genet, 2006",,19.43,
1575260,RBM20,qwen3.7-max,Benign,Uncertain significance,0.8,,"Richards S, et al., Genet Med, 2015, ACMG/AMP guidelines for variant interpretation",,15.96,
68035,CFTR,qwen3.7-max,Pathogenic,Pathogenic,0.9,PVS1;PM2,"Richards et al., Genet Med, 2015",,24.86,
482118,FLCN,qwen3.7-max,Pathogenic,Pathogenic,0.95,PVS1;PM2,"Richards S, et al., Genet Med, 2015",,17.07,
723591,JAK2,qwen3.7-max,Benign,Likely benign,0.9,BP7,"Richards S, et al., Genet Med, 2015",,15.12,
2148076,RELN,qwen3.7-max,Benign,Uncertain significance,0.8,BP7,"Richards S, et al., Genet Med, 2015",,21.82,
4986766,MLH3,qwen3.7-max,Benign,Likely benign,0.7,BP7,"Richards et al., Genet Med, 2015",,12.78,
2812485,RHCE,qwen3.7-max,Benign,Uncertain significance,0.5,PM2;PP3,"ClinVar, 2023",,17.56,
1948676,MSH3,qwen3.7-max,Pathogenic,Pathogenic,0.85,PVS1;PM2,"Richards S, et al., Genet Med, 2015",,20.66,
4798124,LGI1,qwen3.7-max,Pathogenic,Uncertain significance,0.6,PM2,"Richards S, et al., Genet Med, 2015",,18.98,
52676,SLC26A4,qwen3.7-max,Pathogenic,Pathogenic,0.85,PVS1;PM2,"Richards S, et al., Genet Med, 2015",,19.72,
23322,CAV3;SSUH2,qwen3.7-max,Pathogenic,Uncertain significance,0.6,PM2;PP3,"Merlini L, et al., Neurology, 2002;Woodman SE, et al., J Biol Chem, 2004",,21.73,
4964001,EVC2,qwen3.7-max,Pathogenic,Pathogenic,0.85,PVS1;PM2,"Richards et al., Genet Med, 2015",,18.86,
2905254,GAA,qwen3.7-max,Pathogenic,Pathogenic,0.9,PVS1;PM2,"Richards S, et al., Genet Med, 2015",,23.16,
151853,CHEK2,qwen3.7-max,Benign,Benign,0.9,BP7,"Richards et al., Genet Med, 2015",,12.74,
1175467,BHLHA9,qwen3.7-max,Benign,Likely benign,0.9,BP7,"Richards S, et al., Genet Med, 2015",,15.64,
4921837,PKHD1,qwen3.7-max,Pathogenic,Pathogenic,0.9,PVS1;PM2,"Onuchic LF, et al., Nat Genet, 2002",,26.05,
1153626,MYSM1,qwen3.7-max,Benign,Uncertain significance,0.5,,,,11.96,
1153510,DEGS1,qwen3.7-max,Benign,Likely benign,0.8,BP7,"Richards et al., Genet Med, 2015",,14.07,
577552,SLC12A3,qwen3.7-max,Pathogenic,Uncertain significance,0.6,PM2;PP3,ClinVar,,17.02,
18080,ATM,qwen3.7-max,Pathogenic,Pathogenic,0.95,PVS1;PM2,"Richards et al., Genet Med, 2015;ClinVar",,14.0,
4837378,NF1,qwen3.7-max,Pathogenic,Pathogenic,0.95,PVS1;PM2,"Richards et al., Genet Med, 2015;Tayoun et al., Genet Med, 2018",,14.37,
54183,PKP2,qwen3.7-max,Pathogenic,Pathogenic,0.9,PVS1;PM2,"Richards et al., Genet Med, 2015;Gerull et al., Nat Genet, 2004",,23.88,
441375,CHAT,qwen3.7-max,Benign,Likely benign,0.7,BP7,"Richards S, et al., Genet Med, 2015",,17.49,
543606,IDUA,qwen3.7-max,Pathogenic,Pathogenic,0.85,PVS1;PM2,"Richards S, et al., Genet Med, 2015",,23.4,
2751085,BRIP1,qwen3.7-max,Pathogenic,Pathogenic,0.95,PVS1;PM2,"ClinVar, 2023;Ramus et al., J Natl Cancer Inst, 2015",,16.87,
4945530,ABCA3,qwen3.7-max,Benign,Uncertain significance,0.6,PM2;BP4,,,16.87,
706782,CASQ1,qwen3.7-max,Benign,Uncertain significance,0.4,PM2,,,11.3,
2106766,NUP93,qwen3.7-max,Benign,Likely benign,0.85,BP7,"Richards et al., Genet Med, 2015",,22.22,
1567975,CYFIP2,qwen3.7-max,Benign,Likely benign,0.7,BP7,,,13.47,
3136396,CNGB3,qwen3.7-max,Pathogenic,Pathogenic,0.85,PVS1;PM2,"Kohl S, et al., Nat Genet, 2000",,19.13,
700750,COL27A1,qwen3.7-max,Benign,Likely benign,0.9,BP7,"Richards S, et al., Genet Med, 2015",,16.95,
1154208,POLR1A,qwen3.7-max,Benign,Uncertain significance,0.6,PM2;PP3,,,15.31,
104716,RPE65,qwen3.7-max,Pathogenic,Pathogenic,0.75,PM2;PP3,ClinVar,,17.28,
135045,MED17,qwen3.7-max,Benign,Likely benign,0.8,BP4;BP7,,,18.98,
135607,ROGDI,qwen3.7-max,Benign,Likely benign,0.8,BP7,"Richards S, et al., Genet Med, 2015",,17.91,
134534,FLNC,qwen3.7-max,Benign,Likely benign,0.8,BP7,"Richards S, et al., Genet Med, 2015",,13.94,
256710,CCBE1,qwen3.7-max,Benign,Uncertain significance,0.5,,,,13.88,
1458244,LZTR1,qwen3.7-max,Pathogenic,Pathogenic,0.95,PVS1;PM2,"Johnston JJ, et al., Nat Genet, 2018;Piotrowski A, et al., Nat Genet, 2014",,16.44,
1156491,PAPSS2,qwen3.7-max,Benign,Likely benign,0.8,BP7,"Richards et al., Genet Med, 2015",,20.4,
4986943,MLH3,qwen3.7-max,Pathogenic,Pathogenic,0.85,PVS1;PM2,ClinVar;gnomAD,,19.48,
251484,WDR19,qwen3.7-max,Benign,Uncertain significance,0.6,PM2;PP3,"Richards S, et al., Genet Med, 2015, ACMG/AMP guidelines for variant interpretation",,15.2,
186957,ALDH3A2,qwen3.7-max,Pathogenic,Uncertain significance,0.6,PM2;PP3,"ClinVar, ALDH3A2, 2023",,16.71,
736440,TG,qwen3.7-max,Benign,Likely benign,0.8,BP7,"Richards S, et al., Genet Med, 2015",,11.19,
3781487,MSH6,qwen3.7-max,Pathogenic,Pathogenic,0.95,PVS1;PM2,"Plon SE, et al., Hum Mutat, 2008;ClinVar",,17.03,
4929837,GBA1,qwen3.7-max,Pathogenic,Uncertain significance,0.6,PM2,"Richards S, et al., Genet Med, 2015",,21.6,
716264,CPAMD8,qwen3.7-max,Benign,Uncertain significance,0.6,BP7,,,14.74,
239992,KCNH2,qwen3.7-max,Benign,Benign,0.9,BP7,"Richards et al., Genet Med, 2015",,15.24,
4824315,SLC25A20,qwen3.7-max,Pathogenic,Pathogenic,0.95,PVS1;PM2,ClinVar;OMIM,,15.31,
4873854,FANCD2,qwen3.7-max,Pathogenic,Pathogenic,0.95,PVS1;PM2,ClinVar,,19.57,
4986995,BLM,qwen3.7-max,Pathogenic,Pathogenic,0.95,PVS1;PM2,"Ellis NA, et al., Cell, 1995;German J, et al., Am J Hum Genet, 1994",,19.34,
309957,CUBN,qwen3.7-max,Benign,Uncertain significance,0.5,PM2,,,13.79,
4955351,NR4A2,qwen3.7-max,Pathogenic,Uncertain significance,0.4,PM2,,,15.47,
150221,ZMPSTE24,qwen3.7-max,Benign,Benign,0.9,BP7,"Richards S, et al., Genet Med, 2015",,13.11,
266018,LTBP4,qwen3.7-max,Benign,Uncertain significance,0.6,PM2,,,16.57,
402564,RAD51D,qwen3.7-max,Pathogenic,Pathogenic,0.9,PVS1;PM2,"Richards S, et al., Genet Med, 2015",,18.86,
40026,CCDC40,qwen3.7-max,Pathogenic,Pathogenic,0.85,PVS1;PM2,"Blanchon S, et al., Am J Hum Genet, 2012",,21.3,
1640233,IGSF10,qwen3.7-max,Benign,Uncertain significance,0.8,,,,19.41,
1630723,POGLUT1,qwen3.7-max,Benign,Uncertain significance,0.5,,,,14.18,
4967326,MKKS,qwen3.7-max,Pathogenic,Pathogenic,0.85,PVS1;PM2,"Katsanis N et al., Nat Genet, 2000;Slavotinek AM et al., Hum Mol Genet, 2000",,24.37,
249610,CACNA1S,qwen3.7-max,Benign,Uncertain significance,0.7,PM2,,,16.07,
1154545,DNASE1L3,qwen3.7-max,Benign,Benign,0.95,BP7,"Richards et al., Genet Med, 2015",,13.52,
4986092,DYSF,qwen3.7-max,Pathogenic,Pathogenic,0.9,PVS1;PM2,"Richards et al., Genet Med, 2015",,17.6,
1867837,ALDH5A1,qwen3.7-max,Pathogenic,Uncertain significance,0.6,PM2;PP3,"ClinVar, 2023",,19.67,
334482,C3,qwen3.7-max,Benign,Uncertain significance,0.5,,,,15.7,
431579,USH2A,qwen3.7-max,Pathogenic,Pathogenic,0.95,PVS1;PM2,"Richards S, et al., Genet Med, 2015",,30.4,
2025820,MAST1,qwen3.7-max,Benign,Uncertain significance,0.5,,,,13.03,
256045,MYH3,qwen3.7-max,Benign,Uncertain significance,0.8,PM2,"Richards S, et al., Genet Med, 2015",,11.48,
18929,HEXA,qwen3.7-max,Pathogenic,Pathogenic,0.9,PVS1;PM2,"Paw et al., J Biol Chem, 1990;ClinVar",,32.01,
203037,POLG,qwen3.7-max,Benign,Uncertain significance,0.8,,,,15.75,
4956382,PIGN,qwen3.7-max,Pathogenic,Pathogenic,0.95,PVS1;PM2,"Maydan G, et al., Am J Hum Genet, 2011",,19.59,
719599,FN1,qwen3.7-max,Benign,Likely benign,0.9,BP7,"Richards S, et al., Genet Med, 2015",,12.97,
4875177,TTLL5,qwen3.7-max,Pathogenic,Pathogenic,0.85,PVS1;PM2,"Sergouniotis et al., Hum Mol Genet, 2014",,18.8,
467596,TMC6,qwen3.7-max,Benign,Uncertain significance,0.5,,,,12.31,
3496521,F8,qwen3.7-max,Pathogenic,Pathogenic,0.95,PVS1;PM2,"Richards et al., Genet Med, 2015",,14.3,
135982,TBC1D24,qwen3.7-max,Benign,Likely benign,0.7,BP7,"Richards S, et al., Genet Med, 2015",,17.06,
697232,WDR35,qwen3.7-max,Benign,Uncertain significance,0.5,BP7,,,19.03,
4939756,ZFHX3,qwen3.7-max,Pathogenic,Pathogenic,0.8,PVS1;PM2,,,16.03,
508868,MED17,qwen3.7-max,Benign,Uncertain significance,0.5,,"Richards et al., Genet Med, 2015",,21.74,
4883789,PCCB,qwen3.7-max,Pathogenic,Uncertain significance,0.6,PM2;PP3,ClinVar,,15.96,
140819,DMD,qwen3.7-max,Benign,Likely benign,0.8,BP7,"Richards et al., Genet Med, 2015",,23.39,
707077,CENPF,qwen3.7-max,Benign,Uncertain significance,0.6,PM2,,,16.75,
299537,FRAS1,qwen3.7-max,Benign,Uncertain significance,0.5,PM2,,,11.27,
4841023,LRBA,qwen3.7-max,Pathogenic,Pathogenic,0.95,PVS1;PM2,"Lopez-Herrera G, et al., Nat Immunol, 2012",,18.89,
135554,REEP1,qwen3.7-max,Benign,Likely benign,0.8,BP4;BP7,ClinVar,,17.53,
579356,ARID1B,qwen3.7-max,Benign,Likely benign,0.8,BP7,"Richards S, et al., Genet Med, 2015",,16.81,
255435,VPS33B,qwen3.7-max,Benign,Uncertain significance,0.4,,,,14.92,
340396,RHBDF2,qwen3.7-max,Benign,Pathogenic,0.85,PS1;PM2;PP3;PP4,"Blaydon DC, Nat Genet, 2012",,19.77,
4960328,JARID2,qwen3.7-max,Pathogenic,Pathogenic,0.85,PVS1;PM2,"Richards et al., Genet Med, 2015",,25.26,
1591157,TIMMDC1,qwen3.7-max,Benign,Uncertain significance,0.5,,,,12.49,
1215097,MC3R,qwen3.7-max,Benign,Uncertain significance,0.5,PM2,,,10.48,
4924740,CDK5RAP2,qwen3.7-max,Pathogenic,Pathogenic,0.9,PVS1;PM2,"Richards S, et al., Genet Med, 2015;Bond J, et al., Nat Genet, 2005",,25.27,
33914,G6PC1,qwen3.7-max,Pathogenic,Pathogenic,0.9,PVS1;PM2,"Richards S, et al., Genet Med, 2015",,14.41,
55683,MYLK2,qwen3.7-max,Benign,Likely benign,0.8,BP7,"Richards S, et al., Genet Med, 2015",,12.65,
4931093,RNU6-1,qwen3.7-max,Pathogenic,Uncertain significance,0.6,PM2,"Richards et al., Genet Med, 2015",,22.46,
169691,PCNT,qwen3.7-max,Benign,Likely benign,0.7,BP7,"Richards S, et al., Genet Med, 2015",,15.76,
254025,HEPACAM,qwen3.7-max,Benign,Likely benign,0.8,BP7,"Richards S, et al., Genet Med, 2015",,19.1,
4840844,MFSD8,qwen3.7-max,Pathogenic,Pathogenic,0.95,PVS1;PM2,"Siintola et al., Brain, 2007",,14.96,
390584,PRKCD,qwen3.7-max,Benign,Likely benign,0.8,BP7,,,14.95,
2895564,SLC4A1,qwen3.7-max,Pathogenic,Pathogenic,0.95,PVS1;PM2,"Richards et al., Genet Med, 2015",,18.21,
4984664,PTPRQ,qwen3.7-max,Pathogenic,Uncertain significance,0.5,,,,18.5,
17128,GCDH,qwen3.7-max,Pathogenic,Pathogenic,0.95,PS3;PM2;PP3,"Zschocke et al., Hum Mutat, 2000;Christensen et al., Hum Mutat, 2004",,18.54,
17309,MFN2,qwen3.7-max,Pathogenic,Uncertain significance,0.5,PM2;PP3,,,13.25,
206949,CHRND,qwen3.7-max,Benign,Likely benign,0.7,BP4,"Richards et al., Genet Med, 2015",,15.25,
1654073,PTPN23,qwen3.7-max,Benign,Uncertain significance,0.5,,,,14.6,
2101623,MAST1,qwen3.7-max,Benign,Likely benign,0.7,BP7,ClinVar,,13.38,
1255491,PLOD3,qwen3.7-max,Benign,Uncertain significance,0.4,PM2,"Richards S, et al., Genet Med, 2015",,13.1,
464160,GALC,qwen3.7-max,Benign,Likely benign,0.8,BP7,"Richards et al., Genet Med, 2015",,15.38,
251579,FRAS1,qwen3.7-max,Benign,Likely benign,0.7,BP7,"Richards et al., Genet Med, 2015",,15.38,
1644568,SLMAP,qwen3.7-max,Benign,Uncertain significance,0.4,,,,16.39,
26322,DMD,qwen3.7-max,Pathogenic,Pathogenic,0.95,PVS1;PM2,"Richards et al., Genet Med, 2015",,18.24,
1155351,SLC39A7,qwen3.7-max,Benign,Benign,0.9,BP7,,,16.36,
2825380,PPP2R2B,qwen3.7-max,Benign,Benign,0.95,,"Holmes SE, et al., Nat Genet, 1999",,19.73,
16292,P3H1,qwen3.7-max,Pathogenic,Pathogenic,0.9,PVS1;PM2,"Richards et al., Genet Med, 2015",,26.77,
2811352,KLHL10,qwen3.7-max,Benign,Uncertain significance,0.5,,,,13.16,
471952,LARGE1,qwen3.7-max,Benign,Likely benign,0.85,BP7,"Richards S, et al., Genet Med, 2015",,17.23,
1279567,YWHAG,qwen3.7-max,Benign,Uncertain significance,0.5,BP7,"Richards S, et al., Genet Med, 2015",,27.79,
4976517,MSH3,qwen3.7-max,Pathogenic,Pathogenic,0.85,PVS1;PM2,"Richards S et al., Genet Med, 2015",,22.13,
760100,PACS2,qwen3.7-max,Benign,Uncertain significance,0.5,,,,19.56,
1330742,BRCA2,qwen3.7-max,Pathogenic,Pathogenic,0.95,PVS1;PM2,ClinVar;ENIGMA,,18.04,
1560417,DISP1,qwen3.7-max,Benign,Uncertain significance,0.6,PM2,,,13.96,
1153820,NBAS,qwen3.7-max,Benign,Uncertain significance,0.7,BP7,"Richards S, et al., Genet Med, 2015",,15.65,
720202,STAG1,qwen3.7-max,Benign,Likely benign,0.9,BP7,"Richards et al., Genet Med, 2015",,14.52,
965844,ABCC9,qwen3.7-max,Benign,Likely benign,0.7,BP7,"Richards S, et al., Genet Med, 2015",,26.39,
4972718,LDLR,qwen3.7-max,Pathogenic,Pathogenic,0.85,PVS1;PM2,"Richards S, et al., Genet Med, 2015",,23.08,
317831,KRT2,qwen3.7-max,Benign,Likely benign,0.8,BP7,"Richards S, et al., Genet Med, 2015",,13.71,
466935,FANCA,qwen3.7-max,Pathogenic,Pathogenic,0.9,PVS1;PM2,"Richards S, et al., Genet Med, 2015",,18.38,
28052,RHO,qwen3.7-max,Pathogenic,Pathogenic,0.99,PS3;PS4;PM2;PP1;PP3,"Dryja et al., Nature, 1990;Sung et al., PNAS, 1991;Mendes et al., Hum Mol Genet, 2005",,17.79,
143091,TAFAZZIN,qwen3.7-max,Benign,Uncertain significance,0.4,,,,15.62,
4967735,AGA,qwen3.7-max,Pathogenic,Pathogenic,0.9,PVS1;PM2,"Richards et al., Genet Med, 2015",,19.02,
275846,MASP2,qwen3.7-max,Benign,Likely benign,0.8,BP7,"Richards et al., Genet Med, 2015",,15.19,
1108698,PIGS,qwen3.7-max,Pathogenic,Pathogenic,0.95,PVS1;PM2,"Richards et al., Genet Med, 2015",,22.88,
715969,MOCOS,qwen3.7-max,Benign,Uncertain significance,0.5,PM2,,,13.39,
4986753,NF1,qwen3.7-max,Benign,Likely benign,0.8,BP7,"Richards S, et al., Genet Med, 2015",,11.44,
4952089,BRCA2,qwen3.7-max,Pathogenic,Pathogenic,0.99,PVS1;PM2,ClinVar;ENIGMA Consortium,,18.67,
508834,LAMC3,qwen3.7-max,Benign,Likely benign,0.7,BP7,,,18.01,
615264,RRAS2,qwen3.7-max,Pathogenic,Uncertain significance,0.6,PM2;PM4,"Richards S, et al., Genet Med, 2015",,18.78,
1612206,LRRK1,qwen3.7-max,Benign,Likely benign,0.8,BP7,,,16.71,
3893027,ABCB11,qwen3.7-max,Pathogenic,Pathogenic,0.85,PVS1;PM2,"Richards S, et al., Genet Med, 2015",,21.92,
16522,HMBS,qwen3.7-max,Pathogenic,Pathogenic,0.95,PVS1;PM2,"Puy H, et al., Am J Hum Genet, 1997;Whatley SD, et al., Hum Mutat, 2009",,17.87,
420787,NF1,qwen3.7-max,Pathogenic,Pathogenic,0.95,PVS1;PM2,"Richards et al., Genet Med, 2015;ClinVar",,15.38,
31366,FGFR3,qwen3.7-max,Pathogenic,Pathogenic,1.0,PS4;PM1;PM2;PP5,"Rousseau F, et al., Nature, 1994;Shiang R, et al., Cell, 1994",,23.02,
504324,DYNC1H1,qwen3.7-max,Benign,Uncertain significance,0.6,,,,20.93,
4835763,MSH6,qwen3.7-max,Pathogenic,Pathogenic,0.95,PVS1;PM2,"Richards et al., Genet Med, 2015;Kastrinos et al., Gastroenterology, 2011",,19.15,
440013,PIK3R1,qwen3.7-max,Pathogenic,Pathogenic,0.95,PVS1;PS3;PM2,"Lucas et al., Nat Immunol, 2014;Deau et al., J Clin Invest, 2014;Elgizouli et al., J Allergy Clin Immunol, 2015",,36.49,
100203,DYSF,qwen3.7-max,Pathogenic,Pathogenic,0.85,PVS1;PM2,"Richards S, et al., Genet Med, 2015",,23.91,
398165,ANO3,qwen3.7-max,Benign,Uncertain significance,0.5,,,,17.99,
683186,RHOA,qwen3.7-max,Pathogenic,Uncertain significance,0.5,PM2,,,15.05,
3412414,MARK2,qwen3.7-max,Pathogenic,Pathogenic,0.8,PVS1;PM2,"Richards S, et al., Genet Med, 2015",,19.7,
288054,CD96,qwen3.7-max,Benign,Uncertain significance,0.6,PM2;PP3,,,15.99,
469885,MEGF8,qwen3.7-max,Benign,Likely benign,0.85,BP7,"Richards S, et al., Genet Med, 2015",,17.67,
4958670,DMD,qwen3.7-max,Pathogenic,Pathogenic,0.95,PVS1;PM2,"Richards S, et al., Genet Med, 2015, ACMG/AMP guidelines for variant interpretation",,27.08,
4986155,MME,qwen3.7-max,Pathogenic,Pathogenic,0.85,PVS1;PM2,"Auer-Grumbach M, et al., Am J Hum Genet, 2015",,24.04,
4798041,NOS3,qwen3.7-max,Pathogenic,Uncertain significance,0.5,,,,14.24,
2104312,SYNE2,qwen3.7-max,Benign,Uncertain significance,0.5,,,,15.59,
711554,PRKDC,qwen3.7-max,Benign,Uncertain significance,0.6,PM2,,,15.33,
520717,APC,qwen3.7-max,Pathogenic,Pathogenic,0.95,PVS1,"Richards S, et al., Genet Med, 2015",,23.35,
19950,LPIN1,qwen3.7-max,Pathogenic,Pathogenic,0.9,PVS1;PM2,"Zeharia A, et al. Am J Hum Genet. 2008",,29.38,
4974159,TP53,qwen3.7-max,Pathogenic,Pathogenic,0.95,PVS1;PM2,"Richards et al., Genet Med, 2015;ClinGen TP53 VCEP specifications, 2019",,21.16,
271677,CNGB1,qwen3.7-max,Benign,Uncertain significance,0.7,BP7,,,19.2,
421076,ATM,qwen3.7-max,Pathogenic,Pathogenic,0.85,PVS1;PM2,"Richards S, et al., Genet Med, 2015",,22.41,
4957291,ABCB11,qwen3.7-max,Pathogenic,Pathogenic,0.85,PVS1;PM2,"Richards S, et al., Genet Med, 2015",,27.37,
331807,NDUFAF1,qwen3.7-max,Benign,Uncertain significance,0.7,BP7,,,21.6,
134735,CRPPA,qwen3.7-max,Benign,Likely benign,0.9,BP7,"Richards S, et al., Genet Med, 2015",,13.92,
4847551,ANK1,qwen3.7-max,Pathogenic,Pathogenic,0.85,PVS1;PM2,"GeneReviews: Hereditary Spherocytosis, 2017;ClinVar ANK1 variant records",,23.25,
257289,STXBP2,qwen3.7-max,Benign,Uncertain significance,0.6,,,,18.21,
535160,DMD,qwen3.7-max,Pathogenic,Pathogenic,0.95,PVS1;PM2,"Richards et al., Genet Med, 2015;ClinGen DMD VCEP specifications",,20.13,
277265,RFX5,qwen3.7-max,Benign,Likely benign,0.8,BP7,,,12.79,
134206,CHRND,qwen3.7-max,Benign,Likely benign,0.8,BP7,,,14.47,
1245344,CSGALNACT1,qwen3.7-max,Benign,Uncertain significance,0.6,PM2,,,18.42,
1157625,ERCC4,qwen3.7-max,Benign,Uncertain significance,0.5,,,,13.82,
321549,ERCC6,qwen3.7-max,Benign,Likely benign,0.8,BP7,"Richards et al., Genet Med, 2015",,15.78,
1157857,ADAMTS18,qwen3.7-max,Benign,Uncertain significance,0.4,PM2,,,14.14,
290778,NBEAL2,qwen3.7-max,Benign,Likely benign,0.8,BP7,"Richards et al., Genet Med, 2015",,20.03,
623326,PKD1,qwen3.7-max,Pathogenic,Pathogenic,0.9,PVS1;PM2,"Richards et al., Genet Med, 2015",,29.38,
4968370,PGAP2,qwen3.7-max,Pathogenic,Pathogenic,0.85,PVS1;PM2,"Richards S, et al., Genet Med, 2015",,26.37,
2009483,SKIC2,qwen3.7-max,Pathogenic,Pathogenic,0.8,PVS1;PM2,,,21.9,
1531677,WDR1,qwen3.7-max,Benign,Likely benign,0.7,BP7,"Richards et al., Genet Med, 2015",,20.47,
1672144,STING1,qwen3.7-max,Benign,Uncertain significance,0.5,,,,16.9,
1062122,ATM,qwen3.7-max,Pathogenic,Pathogenic,0.95,PVS1;PM2,"Richards et al., Genet Med, 2015",,19.07,
249568,TOR1AIP1,qwen3.7-max,Benign,Likely benign,0.8,BP7,"Richards S, et al., Genet Med, 2015",,20.59,
718584,PLXNA2,qwen3.7-max,Benign,Uncertain significance,0.5,,,,15.27,
249704,KCNH1,qwen3.7-max,Benign,Uncertain significance,0.6,BP7,"Richards et al., Genet Med, 2015",,17.05,
716918,MYH7B,qwen3.7-max,Benign,Uncertain significance,0.5,,,,15.17,
195270,GLE1,qwen3.7-max,Benign,Uncertain significance,0.5,PM2,,,16.71,
295024,SUMF1,qwen3.7-max,Benign,Uncertain significance,0.6,PM2,,,17.19,
256431,UNC13D,qwen3.7-max,Benign,Likely benign,0.8,BP7,,,19.79,
1213493,AQP5,qwen3.7-max,Benign,Likely benign,0.8,BP7,"Richards S, et al., Genet Med, 2015",,19.33,
721294,PDE6A,qwen3.7-max,Benign,Likely benign,0.8,BP7,"Richards et al., Genet Med, 2015",,17.55,
1155344,TAP1,qwen3.7-max,Benign,Uncertain significance,0.6,BP7,,,20.07,
1790772,MLH3,qwen3.7-max,Pathogenic,Pathogenic,0.85,PVS1;PM2,"Richards et al., Genet Med, 2015",,17.63,
4973285,POT1,qwen3.7-max,Pathogenic,Pathogenic,0.85,PVS1;PM2,"Robles-Espinoza et al., Nat Genet, 2014;Shi et al., Nat Genet, 2016",,19.38,
1153592,SLC6A9,qwen3.7-max,Benign,Likely benign,0.8,BP7,"Richards S, et al., Genet Med, 2015",,21.11,
255878,WWOX,qwen3.7-max,Benign,Uncertain significance,0.5,,,,12.15,
333499,COL4A1,qwen3.7-max,Benign,Benign,0.85,BP7,"Richards S, et al., Genet Med, 2015",,22.1,
4963506,PCBP1,qwen3.7-max,Pathogenic,Uncertain significance,0.5,PVS1,,,22.69,
696041,VPS13D,qwen3.7-max,Benign,Likely benign,0.7,BP7,,,23.8,
251084,TNK2,qwen3.7-max,Benign,Likely benign,0.8,BP7,"Richards et al., Genet Med, 2015",,13.02,
465434,PALB2,qwen3.7-max,Pathogenic,Pathogenic,0.95,PVS1;PM2,"Antoniou et al., Nat Genet, 2014;Southey et al., Cancer Res, 2011",,30.58,
21891,PRKAG2,qwen3.7-max,Pathogenic,Pathogenic,0.85,PM5;PP3,"Arad M, et al., J Clin Invest, 2002;ClinVar",,19.25,
318056,RPS26,qwen3.7-max,Benign,Uncertain significance,0.4,,,,14.77,
254983,PYGL,qwen3.7-max,Benign,Likely benign,0.8,BP7,"Richards S, et al., Genet Med, 2015",,24.22,
4933722,TG,qwen3.7-max,Pathogenic,Pathogenic,0.85,PVS1;PM2,"Targovnik HM, et al., Mol Cell Endocrinol, 2011;Pardo V, et al., Eur J Endocrinol, 2009",,16.92,
4025807,NF1,qwen3.7-max,Pathogenic,Pathogenic,0.95,PVS1;PM2,"ClinVar, 2023",,18.76,
4824219,ATP2A2,qwen3.7-max,Pathogenic,Pathogenic,0.85,PVS1;PM2,"Sakuntabhai et al., Nat Genet, 1999",,28.76,
1542278,LRP6,qwen3.7-max,Benign,Uncertain significance,0.6,BP7,,,18.6,
101245,PDE6C,qwen3.7-max,Benign,Likely benign,0.8,BP7,"Richards et al., Genet Med, 2015",,14.81,
2923742,SLC7A9,qwen3.7-max,Benign,Likely benign,0.8,BP7,"Richards et al., Genet Med, 2015",,13.16,
240224,GATA4,qwen3.7-max,Benign,Likely benign,0.7,BP7,"Richards S, et al., Genet Med, 2015",,12.85,
55125,CDH23,qwen3.7-max,Benign,Uncertain significance,0.5,PM2;PP3,,,16.41,
3186504,SHANK3,qwen3.7-max,Benign,Uncertain significance,0.5,,,,16.92,
135938,SYNE2,qwen3.7-max,Benign,Likely benign,0.8,BP7,"Richards et al., Genet Med, 2015",,14.88,
719691,SP110,qwen3.7-max,Benign,Uncertain significance,0.6,BP7,"Richards S, et al., Genet Med, 2015",,19.71,
264158,COL7A1,qwen3.7-max,Pathogenic,Pathogenic,0.95,PVS1;PM2,"Richards S, et al., Genet Med, 2015",,17.8,
1168710,PKD1,qwen3.7-max,Pathogenic,Pathogenic,0.95,PVS1;PM2,"Cornec-Le Gall E, et al., Am J Hum Genet, 2013",,19.77,
1291931,TSPYL1,qwen3.7-max,Benign,Uncertain significance,0.5,PM4,,,18.2,
331492,TRPM1,qwen3.7-max,Benign,Uncertain significance,0.4,PM2,,,12.49,
260857,FGF12,qwen3.7-max,Pathogenic,Uncertain significance,0.6,PM2;PP3,ClinVar,,19.48,
4967687,MLH3,qwen3.7-max,Pathogenic,Pathogenic,0.85,PVS1;PM2,"Richards S, et al., Genet Med, 2015",,25.33,
135095,MYH3,qwen3.7-max,Benign,Likely benign,0.9,BP7,"Richards S, et al., Genet Med, 2015",,15.16,
1175185,COL27A1,qwen3.7-max,Benign,Likely benign,0.7,BP7,,,19.7,
3523771,GLS,qwen3.7-max,Pathogenic,Pathogenic,0.85,PVS1;PM2,"Richards S, et al., Genet Med, 2015",,15.82,
55315,TMEM43,qwen3.7-max,Benign,Uncertain significance,0.6,PM2;PP3,,,14.42,
4964236,H19,qwen3.7-max,Benign,Uncertain significance,0.5,,,,14.75,
845377,BRCA1,qwen3.7-max,Pathogenic,Pathogenic,0.95,PVS1,"Tavtigian SV, et al., Hum Mutat, 2008;ClinVar variant ID 54955",,16.23,
4931333,DMD,qwen3.7-max,Pathogenic,Pathogenic,0.85,PVS1,"Richards S, et al., Genet Med, 2015",,22.91,
4931212,PKD1L1,qwen3.7-max,Pathogenic,Pathogenic,0.85,PVS1;PM2,"Richards S, et al., Genet Med, 2015",,13.25,
135058,MID1,qwen3.7-max,Benign,Likely benign,0.8,BP7,"Richards et al., Genet Med, 2015",,15.13,
406756,ERCC8;NDUFAF2,qwen3.7-max,Pathogenic,Pathogenic,0.9,PVS1;PM2,"Richards S, et al., Genet Med, 2015;Hoefs SJ, et al., Hum Mol Genet, 2011",,36.57,
375851,TUBB3,qwen3.7-max,Benign,Uncertain significance,0.6,PM2,,,18.37,
4975293,DDX41,qwen3.7-max,Pathogenic,Pathogenic,0.95,PVS1;PM2,"Polprasert C, et al. J Clin Oncol. 2015;Lewinsohn M, et al. Blood. 2019",,22.17,
1153656,JAK1,qwen3.7-max,Benign,Uncertain significance,0.5,,,,16.5,
264108,ATP6V1B1,qwen3.7-max,Pathogenic,Uncertain significance,0.6,PM2;PP3,"Richards et al., Genet Med, 2015",,15.86,
255734,SLX4,qwen3.7-max,Benign,Likely benign,0.8,BP7,,,16.86,
44976,HBB,qwen3.7-max,Pathogenic,Uncertain significance,0.4,BP7,"Richards et al., Genet Med, 2015, ACMG/AMP guidelines;ClinVar database",,17.83,
98588,MMUT,qwen3.7-max,Benign,Uncertain significance,0.4,PM2,,,19.79,
135306,ORC1,qwen3.7-max,Benign,Uncertain significance,0.5,PM2,,,15.21,
4889772,TGFB2,qwen3.7-max,Pathogenic,Pathogenic,0.95,PVS1;PM2,"Richards et al., Genet Med, 2015",,16.95,
790495,APC,qwen3.7-max,Pathogenic,Pathogenic,0.99,PVS1;PM2,"Groden J et al., Cell, 1991;Nishisho I et al., Science, 1991",,15.75,
142800,SERAC1,qwen3.7-max,Benign,Likely benign,0.8,BP7,"Richards S, et al., Genet Med, 2015",,25.52,
1228477,OBSCN,qwen3.7-max,Benign,Likely benign,0.8,BP7,"Richards et al., Genet Med, 2015",,23.09,
373891,ABCD4,qwen3.7-max,Benign,Likely benign,0.8,BP7,"Richards et al., Genet Med, 2015",,13.43,
363510,TP53,qwen3.7-max,Pathogenic,Pathogenic,0.75,PM1;PM2;PP3,"IARC TP53 Database, 2023",,31.63,
545163,GNE,qwen3.7-max,Pathogenic,Pathogenic,0.95,PVS1;PM2,"Eisenberg et al., Nat Genet, 2001;Nishino et al., Nature, 2002",,20.33,
641726,BRCA2,qwen3.7-max,Pathogenic,Pathogenic,0.95,PVS1;PM2,"ENIGMA Consortium, ClinVar, 2023;Richards S, et al., Genet Med, 2015",,20.6,
2802076,ABCB4,qwen3.7-max,Pathogenic,Pathogenic,0.85,PVS1;PM2,"Richards et al., Genet Med, 2015",,23.42,
51836,MYBPC3,qwen3.7-max,Pathogenic,Pathogenic,0.95,PVS1;PM2,"Richards et al., Genet Med, 2015;Walsh et al., JACC, 2017",,26.33,
15504,ALDOB,qwen3.7-max,Pathogenic,Pathogenic,0.9,PM2;PP3;PS4,"Cross et al., Hum Mol Genet, 1994;Ali et al., Hum Mutat, 1998",,25.84,
358524,SGSH,qwen3.7-max,Pathogenic,Pathogenic,0.95,PVS1;PM2,"Richards et al., Genet Med, 2015",,24.38,
508828,ARHGEF10,qwen3.7-max,Benign,Likely benign,0.8,BP7,,,26.58,
4951092,COL1A1,qwen3.7-max,Pathogenic,Pathogenic,0.95,PVS1;PM2,"Willing et al., Nat Genet, 1992;ClinVar",,21.08,
52897,RYR2,qwen3.7-max,Benign,Likely benign,0.8,BP7,,,16.59,
1060626,EPM2A,qwen3.7-max,Pathogenic,Pathogenic,0.9,PVS1;PM2,"Minassian et al., Nat Genet, 1998",,29.57,
304921,BMP1,qwen3.7-max,Benign,Likely benign,0.9,BP7,"Richards S, et al., Genet Med, 2015",,21.83,
266861,DYSF,qwen3.7-max,Pathogenic,Uncertain significance,0.5,PM2,,,19.65,
1153606,C8A,qwen3.7-max,Benign,Likely benign,0.8,BP7,"Richards et al., Genet Med, 2015",,18.13,
1588864,CYC1,qwen3.7-max,Benign,Likely benign,0.7,BP7,"Richards S, et al., Genet Med, 2015",,22.73,
4828745,NF1,qwen3.7-max,Pathogenic,Pathogenic,0.95,PVS1;PM2,"ClinGen NF1 VCEP specifications, 2022;Fahsold et al., Am J Hum Genet, 2000",,17.14,
100024,TPM2,qwen3.7-max,Benign,Uncertain significance,0.6,PM2,,,18.54,
738890,KITLG,qwen3.7-max,Benign,Uncertain significance,0.5,PM2,,,23.69,
236286,BRIP1,qwen3.7-max,Pathogenic,Pathogenic,0.9,PVS1;PM2,"Seal S, et al., Nat Genet, 2006;Tavtigian SV, et al., Nat Genet, 2006",,37.88,
1182396,ASPH,qwen3.7-max,Benign,Uncertain significance,0.4,,,,20.59,
205560,DNAAF11,qwen3.7-max,Pathogenic,Pathogenic,0.85,PVS1;PM2,"Richards et al., Genet Med, 2015",,31.74,
3500836,ERFL,qwen3.7-max,Benign,Uncertain significance,0.9,,,,17.4,
1271493,TNXB,qwen3.7-max,Benign,Uncertain significance,0.5,,,,19.53,
490378,DYSF,qwen3.7-max,Pathogenic,Uncertain significance,0.6,PM2,,,20.59,
1687704,ABCA2,qwen3.7-max,Benign,Likely benign,0.8,BP7,"Richards S, et al., Genet Med, 2015, PMID: 25741868",,22.17,
1272114,NUP205,qwen3.7-max,Benign,Likely benign,0.8,BP7,"Richards S, et al., Genet Med, 2015",,19.32,
447558,GABRD,qwen3.7-max,Benign,Likely benign,0.8,BP7,"Richards S, et al., Genet Med, 2015",,14.45,
299505,FRAS1,qwen3.7-max,Benign,Uncertain significance,0.7,PM2;BP7,"Richards et al., Genet Med, 2015",,19.23,
4195033,LMX1B,qwen3.7-max,Pathogenic,Uncertain significance,0.6,PM2;PP3,ClinVar,,25.11,
4986991,NF1,qwen3.7-max,Pathogenic,Pathogenic,0.95,PVS1;PM2,"Messiaen LM, Hum Mutat, 2000;Fahsold R, Am J Hum Genet, 2000",,24.44,
255239,DUOX2,qwen3.7-max,Benign,Likely benign,0.8,BP7,"Richards S, et al., Genet Med, 2015",,20.02,
4964779,MEI1,qwen3.7-max,Pathogenic,Pathogenic,0.85,PVS1;PM2,ClinVar,,24.51,
105196,ABCA4,qwen3.7-max,Pathogenic,Pathogenic,0.95,PVS1;PM2;PP3,"Zernant J, Hum Mutat, 2014;Cremers FPM, Prog Retin Eye Res, 2018",,25.71,
4930103,MYT1L,qwen3.7-max,Pathogenic,Pathogenic,0.85,PVS1,,,22.99,
1637865,PPP2R1A,qwen3.7-max,Benign,Uncertain significance,0.4,,,,22.43,
32662,CACNA1S,qwen3.7-max,Pathogenic,Pathogenic,0.95,PS3;PS4;PM2;PP3,"Sokolov et al., Nature, 2007;Jurkat-Rott et al., Hum Mol Genet, 2000;Matthews et al., Brain, 2009",,24.98,
180387,ATM,qwen3.7-max,Pathogenic,Pathogenic,0.95,PVS1;PM2,"Richards S, et al., Genet Med, 2015",,19.98,
4643436,CEP120,qwen3.7-max,Pathogenic,Pathogenic,0.85,PVS1;PM2,"Richards S, et al., Genet Med, 2015",,21.55,
1063241,BUB1B,qwen3.7-max,Pathogenic,Pathogenic,0.85,PVS1;PM2,"Hanks S, Nat Genet, 2004;Richards S, Genet Med, 2015",,29.41,
698583,EVC2,qwen3.7-max,Benign,Uncertain significance,0.6,PM2,,,13.05,
642637,GPHN,qwen3.7-max,Pathogenic,Pathogenic,0.85,PVS1;PM2,"Schwarz et al., Am J Hum Genet, 2001",,24.47,
177752,GM2A,qwen3.7-max,Benign,Benign,0.9,BP7,"Richards S, et al., Genet Med, 2015",,19.19,
184625,NF1,qwen3.7-max,Pathogenic,Pathogenic,0.95,PVS1;PM2,"Messiaen et al., Hum Mutat, 2000;ACMG/AMP 2015 guidelines",,30.64,
4848314,DYSF,qwen3.7-max,Benign,Uncertain significance,0.6,BP4,,,22.55,
724664,CLCF1,qwen3.7-max,Benign,Pathogenic,0.85,PVS1;PM2,"GeneReviews, Cold-Induced Sweating Syndrome, 2018",,32.73,
1159201,MRTFA,qwen3.7-max,Benign,Uncertain significance,0.5,,,,16.67,
4971523,CACNA1E,qwen3.7-max,Pathogenic,Pathogenic,0.85,PVS1;PM2,"Richards S, et al., Genet Med, 2015",,30.14,
134524,FLNC,qwen3.7-max,Benign,Likely benign,0.7,BP7,,,17.29,
2739017,FLNC,qwen3.7-max,Pathogenic,Pathogenic,0.9,PVS1;PM2,"Ortiz-Genga et al., J Am Coll Cardiol, 2016;Tayal et al., J Am Coll Cardiol, 2017",,31.15,
253716,CACNB2,qwen3.7-max,Benign,Uncertain significance,0.6,,,,12.45,
1245396,DDRGK1,qwen3.7-max,Benign,Uncertain significance,0.6,,,,15.23,
302135,PDE6A,qwen3.7-max,Benign,Likely benign,0.8,BP7,,,12.55,
812278,BLM,qwen3.7-max,Pathogenic,Pathogenic,0.85,PVS1;PM2,"Richards S, et al., Genet Med, 2015",,23.88,
4844277,FRAS1,qwen3.7-max,Pathogenic,Pathogenic,0.9,PVS1;PM2,"Slavotinek AM, Nat Genet, 2003",,17.98,
378833,ACO2,qwen3.7-max,Benign,Likely benign,0.7,BP7,,,14.74,
351873,COL18A1,qwen3.7-max,Benign,Likely benign,0.8,BP7,"Richards S, et al., Genet Med, 2015",,16.2,
33004,SERPINA1,qwen3.7-max,Pathogenic,Uncertain significance,0.6,PM2,ClinVar,,25.87,
1280373,TUBA1A,qwen3.7-max,Benign,Likely benign,0.8,BP7,"Richards S, et al., Genet Med, 2015",,16.83,
4835280,KRIT1,qwen3.7-max,Pathogenic,Pathogenic,0.95,PVS1,"Richards et al., Genet Med, 2015",,19.22,
29041,MATR3,qwen3.7-max,Pathogenic,Uncertain significance,0.6,PM2;PP3,"Johnson JO, Nat Neurosci, 2014",,19.39,
192302,SERPINH1,qwen3.7-max,Benign,Likely benign,0.8,BP7,"Richards et al., Genet Med, 2015",,15.77,
4934867,FAH,qwen3.7-max,Pathogenic,Pathogenic,0.95,PVS1;PM2,"Bergman AJ, et al., Hum Mutat, 1998;ClinVar",,20.28,
733708,POGLUT1,qwen3.7-max,Benign,Likely benign,0.8,BP7,,,15.33,
1087432,CTSB,qwen3.7-max,Benign,Uncertain significance,0.5,,,,15.3,
3989438,MLH3,qwen3.7-max,Pathogenic,Pathogenic,0.85,PVS1;PM2,"Richards et al., Genet Med, 2015;ClinGen Sequence Variant Interpretation Working Group, 2020",,27.48,
4908604,ERCC6L2,qwen3.7-max,Pathogenic,Pathogenic,0.95,PVS1;PM2,"Bluteau et al., Nat Genet, 2014;Tummala et al., Blood, 2015",,29.01,
169733,PCNT,qwen3.7-max,Benign,Likely benign,0.9,BP7,"Richards S, et al., Genet Med, 2015",,15.2,
310078,CLCN1,qwen3.7-max,Benign,Likely benign,0.8,BP7,,,16.5,
260658,LDLR,qwen3.7-max,Pathogenic,Uncertain significance,0.6,PM4,"Richards S, et al., Genet Med, 2015",,22.92,
1421961,EPG5,qwen3.7-max,Pathogenic,Pathogenic,0.95,PVS1;PM2,"Cullup et al., Nat Genet, 2013",,18.24,
365514,RANBP2,qwen3.7-max,Benign,Uncertain significance,0.4,,,,13.09,
1169331,FOCAD,qwen3.7-max,Benign,Uncertain significance,0.5,,,,13.22,
2190736,TRPC3,qwen3.7-max,Benign,Likely benign,0.7,BP7,"Richards S, et al. Genet Med. 2015",,15.52,
4959090,GJC2,qwen3.7-max,Pathogenic,Pathogenic,0.85,PVS1;PM2,"Uhlenberg C, Am J Hum Genet, 2004",,39.14,
304777,PDE8B,qwen3.7-max,Benign,Likely benign,0.7,BP7,,,22.35,
54761,VCL,qwen3.7-max,Benign,Likely benign,0.8,BP7,"Richards S, et al., Genet Med, 2015",,18.46,
489829,DOCK6,qwen3.7-max,Pathogenic,Pathogenic,0.95,PVS1;PM2,"Richards S, et al., Genet Med, 2015;Shaheen R, et al., Am J Hum Genet, 2011",,23.05,
15790,ZFYVE26,qwen3.7-max,Pathogenic,Pathogenic,0.85,PVS1;PM2,"Richards S, et al., Genet Med, 2015",,23.48,
4960209,PKD1,qwen3.7-max,Pathogenic,Pathogenic,0.85,PVS1;PM2,"Cornec-Le Gall E, et al., Am J Hum Genet, 2013",,14.32,
2835909,GAA,qwen3.7-max,Pathogenic,Pathogenic,0.95,PVS1;PM2,"Richards et al., Genet Med, 2015",,15.2,
1565753,TAP2,qwen3.7-max,Benign,Uncertain significance,0.5,,,,19.81,
1849007,MSH6,qwen3.7-max,Pathogenic,Pathogenic,0.95,PVS1;PM2,"Richards et al., Genet Med, 2015",,20.06,
1363434,FAM111A,qwen3.7-max,Benign,Uncertain significance,0.6,PM2;PP3,"Isidor B, et al. Am J Hum Genet. 2013",,17.15,
306761,C2,qwen3.7-max,Benign,Likely benign,0.8,BP7,"Richards et al., Genet Med, 2015",,14.28,
350556,MCOLN1,qwen3.7-max,Benign,Uncertain significance,0.6,PM2;PP3,,,21.17,
1687362,BICRA,qwen3.7-max,Benign,Likely benign,0.8,BP7,"Richards S, et al., Genet Med, 2015",,17.21,
1828082,MLH1,qwen3.7-max,Pathogenic,Pathogenic,0.95,PVS1;PM2,ClinVar;ACMG/AMP 2015 guidelines,,27.1,
281239,TBCE,qwen3.7-max,Benign,Likely benign,0.8,BP7,"Richards S, et al., Genet Med, 2015",,16.0,
1595335,SERPINB7,qwen3.7-max,Benign,Uncertain significance,0.6,PM2,"Yin et al., J Invest Dermatol, 2014",,30.2,
288349,MYLK,qwen3.7-max,Benign,Uncertain significance,0.6,PM2;PP3,"Richards S, et al., Genet Med, 2015",,12.85,
342728,EPOR,qwen3.7-max,Benign,Uncertain significance,0.6,BP1,"Perrotta S, et al., Blood, 2004",,24.0,
257104,ACTN4,qwen3.7-max,Benign,Benign,0.9,BP7,"Richards S, et al., Genet Med, 2015",,13.56,
4930284,KIF1A,qwen3.7-max,Pathogenic,Pathogenic,0.9,PVS1;PM2,"Richards S, et al., Genet Med, 2015",,17.58,
199948,MMACHC,qwen3.7-max,Pathogenic,Pathogenic,0.95,PVS1;PM2,"Lerner-Ellis JP, et al., Nat Genet, 2006",,24.78,
1610593,SLC16A1,qwen3.7-max,Benign,Benign,0.8,BP7,,,17.19,
31271,FH,qwen3.7-max,Pathogenic,Pathogenic,0.95,PVS1;PM2,"Tomlinson IP, et al. Nat Genet. 2002;30(2):151-152.",,16.19,
1873170,COCH,qwen3.7-max,Pathogenic,Uncertain significance,0.6,,"Robertson et al., Hum Mol Genet, 1998;Kemper et al., Hum Mol Genet, 2001",,36.62,
4956375,PKD1,qwen3.7-max,Pathogenic,Pathogenic,0.95,PVS1;PM2,"Richards S, et al., Genet Med, 2015;Cornec-Le Gall E, et al., Am J Hum Genet, 2013",,17.88,
4971493,CACNA1A,qwen3.7-max,Pathogenic,Pathogenic,0.85,PVS1;PM2,"Richards et al., Genet Med, 2015",,25.83,
256646,LPIN2,qwen3.7-max,Benign,Uncertain significance,0.6,,,,15.7,
2689435,LARS1,qwen3.7-max,Pathogenic,Pathogenic,0.85,PVS1;PM2,OMIM:615438;ClinVar,,18.63,
180455,ATM,qwen3.7-max,Pathogenic,Pathogenic,0.9,PVS1;PM2,"Tavtigian SV, et al., Hum Mutat, 2018;ClinVar database, NCBI",,16.27,
551816,VHL,qwen3.7-max,Pathogenic,Pathogenic,0.85,PVS1;PM2,"Richards S, et al., Genet Med, 2015",,19.9,
1156779,SLC22A12,qwen3.7-max,Benign,Likely benign,0.7,BP7,"Richards S, et al., Genet Med, 2015",,13.62,
255246,DUOXA2,qwen3.7-max,Benign,Likely benign,0.8,BP7,,,13.09,
70676,GLDC,qwen3.7-max,Pathogenic,Pathogenic,0.95,PVS1;PM2,"Richards S, et al., Genet Med, 2015",,15.75,
170960,RDH11,qwen3.7-max,Pathogenic,Pathogenic,0.85,PVS1;PM2,"Richards et al., Genet Med, 2015",,25.03,
414256,BMPR2,qwen3.7-max,Pathogenic,Uncertain significance,0.6,PM2;BP4,"ClinVar, 2023",,18.55,
4968378,LINS1,qwen3.7-max,Pathogenic,Pathogenic,0.85,PVS1;PM2,"Basel-Vanagaite et al., Am J Hum Genet, 2013;Richards et al., Genet Med, 2015",,24.19,
374483,EIF2AK4,qwen3.7-max,Benign,Uncertain significance,0.5,PM2;PP3,,,19.27,
4931712,KMT2B,qwen3.7-max,Pathogenic,Pathogenic,0.85,PVS1;PM2,"Zech M, et al., Nat Genet, 2016",,16.48,
4946776,UBR5,qwen3.7-max,Pathogenic,Uncertain significance,0.6,PVS1,"Richards et al., Genetics in Medicine, 2015",,27.1,
853050,FPR1,qwen3.7-max,Benign,Uncertain significance,0.5,PM2,,,20.8,
976547,TP53,qwen3.7-max,Pathogenic,Pathogenic,0.95,PS3;PM1;PM2;PM5;PP3,"Kato et al., Cancer Res, 2003;ClinVar",,19.82,
1053040,MED27,qwen3.7-max,Pathogenic,Pathogenic,0.85,PVS1;PM2,"Richards et al., Genet Med, 2015",,20.22,
1159268,COL4A5,qwen3.7-max,Benign,Uncertain significance,0.6,PM2;BP4,"Richards et al., Genet Med, 2015",,18.76,
4967271,CFAP54,qwen3.7-max,Pathogenic,Pathogenic,0.85,PVS1;PM2,"Richards et al., Genet Med, 2015",,21.1,
4938580,POT1,qwen3.7-max,Pathogenic,Pathogenic,0.85,PVS1;PM2,"Robles-Espinoza et al., Nat Genet, 2014;Shi et al., Nat Genet, 2016",,26.16,
57740,USH2A,qwen3.7-max,Benign,Uncertain significance,0.5,PM2,,,13.55,
4945527,BRCA2,qwen3.7-max,Pathogenic,Pathogenic,0.99,PVS1;PM2,"Richards et al., Genet Med, 2015;ClinGen BRCA1/2 VCEP guidelines, 2023",,15.23,
252991,SPAG1,qwen3.7-max,Benign,Uncertain significance,0.6,,,,13.08,
248834,DICER1,qwen3.7-max,Pathogenic,Pathogenic,0.95,PVS1;PM2,"Foulkes WD, et al., N Engl J Med, 2011;Slade I, et al., Nature, 2011",,20.04,
1243636,LHB,qwen3.7-max,Benign,Uncertain significance,0.7,PM2;BP7,,,17.15,
4962419,CHD8,qwen3.7-max,Pathogenic,Uncertain significance,0.7,PM2;BP1,"Bernier et al., Cell, 2014",,22.41,
1236942,LZTS1,qwen3.7-max,Benign,Uncertain significance,0.4,PM2,,,15.14,
4961818,PNPT1,qwen3.7-max,Pathogenic,Pathogenic,0.85,PVS1;PM2,"Vedrenne C, et al., Am J Hum Genet, 2012",,15.19,
304233,HSPB3,qwen3.7-max,Benign,Likely benign,0.9,BP7,"Richards S, et al., Genet Med, 2015",,14.27,
235230,PALB2,qwen3.7-max,Pathogenic,Pathogenic,0.95,PVS1;PM2,"Antoniou AC, et al., N Engl J Med, 2014;Southey MC, et al., J Clin Oncol, 2010",,24.09,
1551115,COL17A1,qwen3.7-max,Benign,Uncertain significance,0.4,PM2;BP7,"Richards S, et al., Genet Med, 2015",,14.25,
4968124,OPA1,qwen3.7-max,Pathogenic,Pathogenic,0.9,PVS1;PM2,,,15.92,
1159556,POLA1,qwen3.7-max,Benign,Uncertain significance,0.4,,,,13.31,
2744056,FOCAD,qwen3.7-max,Benign,Uncertain significance,0.5,,,,13.06,
1324888,EPS8L2,qwen3.7-max,Pathogenic,Pathogenic,0.85,PVS1;PM2,ClinVar,,16.75,
367367,STT3B,qwen3.7-max,Benign,Likely benign,0.9,BP7,"Richards et al., Genet Med, 2015",,12.45,
1445016,DNAAF5,qwen3.7-max,Pathogenic,Pathogenic,0.85,PVS1;PM2,"Loges NT, et al. Am J Hum Genet. 2008;83(4):529-536.",,18.91,
315609,SBF2,qwen3.7-max,Benign,Uncertain significance,0.6,PM2,,,17.13,
3743109,C2CD3,qwen3.7-max,Pathogenic,Pathogenic,0.85,PVS1;PM2,"Thauvin-Robinet C, et al., Am J Hum Genet, 2014",,15.1,
2867207,MYO18B,qwen3.7-max,Pathogenic,Pathogenic,0.85,PVS1;PM2,"Richards S, et al., Genet Med, 2015",,17.71,
1593626,LAMA5,qwen3.7-max,Benign,Likely benign,0.75,BP4;BP7,"Richards et al., Genet Med, 2015",,21.8,
741578,MAN2B1,qwen3.7-max,Benign,Uncertain significance,0.4,PM2,,,11.53,
254923,MYH6,qwen3.7-max,Benign,Uncertain significance,0.6,,"Richards S, et al., Genet Med, 2015",,21.3,
357138,ACADM,qwen3.7-max,Pathogenic,Pathogenic,0.95,PVS1;PM2,"Richards et al., Genet Med, 2015",,16.4,
51582,FBN1,qwen3.7-max,Benign,Benign,0.9,BP7,"Richards S, et al., Genet Med, 2015",,13.33,
790428,TBCK,qwen3.7-max,Benign,Uncertain significance,0.6,PM2,,,14.06,
587972,ABCB4,qwen3.7-max,Pathogenic,Pathogenic,0.85,PVS1;PM2,"Richards et al., Genet Med, 2015",,14.04,
1268172,DNAH9,qwen3.7-max,Benign,Uncertain significance,0.6,,,,13.94,
1158276,MOCOS,qwen3.7-max,Benign,Uncertain significance,0.4,PM2,,,11.66,
79577,RAG1,qwen3.7-max,Pathogenic,Uncertain significance,0.6,PM2;PP3,ClinVar,,17.6,
638728,RBM20,qwen3.7-max,Pathogenic,Pathogenic,0.9,PVS1;PM2,"Richards et al., Genet Med, 2015",,16.07,
4964102,CFHR4,qwen3.7-max,Benign,Uncertain significance,0.5,,,,23.09,
1589998,LRRK1,qwen3.7-max,Benign,Likely benign,0.8,BP7,,,18.73,
4967322,KDM5C,qwen3.7-max,Pathogenic,Pathogenic,0.95,PVS1;PM2,"Richards S, et al., Genet Med, 2015;Jensen LR, et al., Am J Hum Genet, 2005",,24.6,
4957568,ATP8B1,qwen3.7-max,Pathogenic,Pathogenic,0.85,PVS1;PM2,"Richards S, et al., Genet Med, 2015;ClinVar",,23.31,
4958606,FARS2,qwen3.7-max,Pathogenic,Pathogenic,0.85,PVS1;PM2,ClinVar,,16.9,
1156750,ASRGL1,qwen3.7-max,Benign,Likely benign,0.8,BP7,"Richards et al., Genet Med, 2015",,16.43,
1212183,IL11RA,qwen3.7-max,Benign,Uncertain significance,0.5,,,,15.82,
267480,DYSF,qwen3.7-max,Pathogenic,Uncertain significance,0.6,PM2;PP3,ClinVar,,18.73,
4888907,SZT2,qwen3.7-max,Pathogenic,Pathogenic,0.95,PVS1;PM2,"Shen D, et al., Am J Hum Genet, 2013;ACMG/AMP 2015 Guidelines",,15.52,
474022,APC,qwen3.7-max,Pathogenic,Pathogenic,0.95,PVS1;PM2,"Richards S, et al., Genet Med, 2015",,17.59,
4973103,NF1,qwen3.7-max,Pathogenic,Pathogenic,0.95,PVS1;PM2,"Messiaen et al., Hum Mutat, 2000;ClinVar",,22.64,
1156902,TCTN1,qwen3.7-max,Benign,Uncertain significance,0.8,,,,14.17,
251682,DNAH5,qwen3.7-max,Benign,Uncertain significance,0.6,,,,14.88,
3226960,TCF4,qwen3.7-max,Pathogenic,Pathogenic,0.95,PVS1;PM2,"Amiel J, Nat Genet, 2007;Zweier C, Am J Hum Genet, 2007",,19.82,
99666,FLNA,qwen3.7-max,Benign,Likely benign,0.9,BP7,"Richards et al., Genet Med, 2015",,16.52,
615756,F9,qwen3.7-max,Pathogenic,Pathogenic,0.95,PVS1;PM2,"Richards et al., Genet Med, 2015",,15.37,
4974862,BRIP1,qwen3.7-max,Pathogenic,Pathogenic,0.9,PVS1;PM2,"Richards S, et al., Genet Med, 2015",,21.5,
1155310,GMNN,qwen3.7-max,Benign,Uncertain significance,0.5,PM2,,,15.1,
3799485,TMEM127,qwen3.7-max,Pathogenic,Pathogenic,0.9,PVS1;PM2,"Yao L, et al., Nat Genet, 2010",,16.66,
4844099,NF1,qwen3.7-max,Pathogenic,Pathogenic,0.9,PVS1;PM2,"Legius E, et al. Hum Mutat. 2002;Fahsold R, et al. Am J Hum Genet. 2000",,25.9,
4960318,TACR3,qwen3.7-max,Pathogenic,Pathogenic,0.9,PVS1;PM2,"Topaloglu AK, et al., Nat Genet, 2009",,18.46,
1585613,DHTKD1,qwen3.7-max,Benign,Uncertain significance,0.4,,,,14.89,
4850840,TSC2,qwen3.7-max,Pathogenic,Pathogenic,0.95,PVS1;PM2,"Northrup H, et al., Genet Med, 2021;Richards S, et al., Genet Med, 2015",,17.97,
3747966,SIN3A,qwen3.7-max,Benign,Uncertain significance,0.6,PM2,,,16.62,
102025,BBS1,qwen3.7-max,Benign,Uncertain significance,0.6,PM2;BP4,"Richards et al., Genet Med, 2015",,16.57,
547886,FANCA,qwen3.7-max,Pathogenic,Pathogenic,0.85,PVS1;PM2,"Richards et al., Genet Med, 2015",,18.59,
214207,CPLANE1,qwen3.7-max,Pathogenic,Pathogenic,0.9,PVS1;PM2,"Romani et al., Nat Genet, 2012",,19.74,
141332,PIEZO2,qwen3.7-max,Pathogenic,Uncertain significance,0.4,PM2,,,14.47,
1158563,ARHGEF1,qwen3.7-max,Benign,Likely benign,0.8,BP7,"Richards et al., Genet Med, 2015",,16.8,
54626,WFS1,qwen3.7-max,Benign,Uncertain significance,0.5,BP4;BP7,,,24.73,
736095,SNX10,qwen3.7-max,Benign,Likely benign,0.9,BP7,"Richards S, et al., Genet Med, 2015",,15.5,
708650,IGSF10,qwen3.7-max,Benign,Likely benign,0.8,BP7,"Richards S, et al., Genet Med, 2015",,12.72,
4898700,DRC2,qwen3.7-max,Pathogenic,Pathogenic,0.85,PVS1;PM2,"Richards S, et al., Genet Med, 2015",,25.85,
1710077,BRAF,qwen3.7-max,Benign,Uncertain significance,0.6,BP7,,,15.74,
141048,FBN2,qwen3.7-max,Benign,Likely benign,0.7,BP4;BP7,"Richards et al., Genet Med, 2015",,17.21,
3148263,VPS13C,qwen3.7-max,Pathogenic,Pathogenic,0.9,PVS1;PM2,"Lesage S, et al., Nat Genet, 2016",,19.84,
454300,CEP120,qwen3.7-max,Benign,Uncertain significance,0.5,PM2,,,12.48,
1238149,FAT2,qwen3.7-max,Benign,Uncertain significance,0.8,,,,17.07,
4968550,F8,qwen3.7-max,Pathogenic,Pathogenic,0.95,PVS1;PM2,"Graw J, et al., Hum Genet, 2005",,16.67,
28710,ALPL,qwen3.7-max,Pathogenic,Pathogenic,0.85,PS3;PM2;PP3;PM1,"Mornet E, Hum Mutat, 2000;Whyte MP, Medicine, 2006",,22.58,
1622846,NAA15,qwen3.7-max,Benign,Benign,0.9,BP7,"Richards S, et al., Genet Med, 2015",,13.18,
2926322,PKP2,qwen3.7-max,Pathogenic,Pathogenic,0.85,PVS1;PM2,,,17.58,
4844155,HNF1A,qwen3.7-max,Pathogenic,Pathogenic,0.95,PVS1;PM2,"Ellard S, et al. Hum Mutat, 2000;Fajans SS, et al. Diabetologia, 2001;ClinGen SVI Recommendations for PVS1",,22.27,
4958821,PCDH15,qwen3.7-max,Pathogenic,Pathogenic,0.9,PVS1;PM2,"Ahmed ZM et al., Nat Genet, 2001",,22.89,
1059090,ABCB11,qwen3.7-max,Pathogenic,Pathogenic,0.85,PVS1;PM2,"Richards S, et al., Genet Med, 2015",,24.48,
846648,CTC1,qwen3.7-max,Pathogenic,Pathogenic,0.85,PVS1;PM2,"Walne et al., Nat Genet, 2012",,19.47,
1880520,GALNS,qwen3.7-max,Benign,Uncertain significance,0.5,,,,15.96,
1861676,KCNJ1,qwen3.7-max,Pathogenic,Pathogenic,0.8,PM2;PM1;PP3,"Simon DB et al., Nat Genet, 1996, ROMK mutations in Bartter syndrome",,18.93,
1643660,HELLS,qwen3.7-max,Benign,Uncertain significance,0.6,PM2;PP3,"Richards et al., Genet Med, 2015",,21.44,
517601,CASP10,qwen3.7-max,Benign,Benign,0.9,BP7,,,12.4,
3084288,AR,qwen3.7-max,Benign,Likely benign,0.8,BP7,,,13.51,
1984665,CDC73,qwen3.7-max,Benign,Uncertain significance,0.6,PM2,,,14.26,
729451,MAMLD1,qwen3.7-max,Benign,Uncertain significance,0.6,PM2,ClinVar,,16.03,
456302,DCDC2,qwen3.7-max,Benign,Likely benign,0.8,BP7,,,14.69,
316039,MUSK,qwen3.7-max,Benign,Likely benign,0.9,BP7,"Richards S, et al., Genet Med, 2015",,14.85,
4799525,DARS2,qwen3.7-max,Pathogenic,Pathogenic,0.75,PM2;PP3,"Scheper et al., Nat Genet, 2007",,24.15,
45333,PCSK9,qwen3.7-max,Benign,Uncertain significance,0.4,,,,16.68,
1310243,TMEM260,qwen3.7-max,Pathogenic,Pathogenic,0.85,PVS1;PM2,,,23.21,
4973924,SETD1A,qwen3.7-max,Pathogenic,Pathogenic,0.85,PVS1;PM2,"Singh T, et al., Nat Neurosci, 2016",,15.68,
18878,IRAK4,qwen3.7-max,Pathogenic,Pathogenic,0.9,PVS1;PM2,"Picard C, et al., Science, 2003",,22.76,
302622,CSF1R,qwen3.7-max,Benign,Uncertain significance,0.5,PM2,"Rademakers R, et al., Nat Genet, 2011",,14.74,
1182614,CAMK2B,qwen3.7-max,Benign,Likely benign,0.8,BP7,"Richards S, et al., Genet Med, 2015",,15.44,
151086,PALB2,qwen3.7-max,Pathogenic,Pathogenic,0.9,PVS1;PM2,"Antoniou et al., N Engl J Med, 2014;Southey et al., Cancer Res, 2010",,19.04,
512397,INSL3,qwen3.7-max,Pathogenic,Pathogenic,0.85,PVS1;PM2,"Ferlin A, et al., J Clin Endocrinol Metab, 2003",,22.68,
1598811,NUP85,qwen3.7-max,Benign,Uncertain significance,0.5,,,,14.95,
2070002,PALB2,qwen3.7-max,Pathogenic,Pathogenic,0.95,PVS1;PM2,"Antoniou AC et al., Nat Genet, 2014;Southey MC et al., J Clin Oncol, 2016",,25.54,
1281181,FAT2,qwen3.7-max,Benign,Uncertain significance,0.7,BP7,"Richards et al., Genet Med, 2015",,18.18,
134546,FLNC,qwen3.7-max,Benign,Benign,0.9,BP7,"Richards et al., Genet Med, 2015",,13.4,
1887587,ARSB,qwen3.7-max,Pathogenic,Pathogenic,0.95,PVS1;PM2,"Valayannopoulos V, Orphanet J Rare Dis, 2010",,23.09,
4957782,ABCB11,qwen3.7-max,Pathogenic,Pathogenic,0.85,PVS1;PM2,"Richards S, et al., Genet Med, 2015",,23.91,
1612584,ABCD1,qwen3.7-max,Benign,Uncertain significance,0.6,PM2;BP4,,,15.1,
1222102,CYP51A1,qwen3.7-max,Benign,Uncertain significance,0.5,,,,12.6,
309083,TGFBR1,qwen3.7-max,Benign,Uncertain significance,0.5,,,,9.09,
1155948,NKX2-6,qwen3.7-max,Benign,Likely benign,0.8,BP7,"Richards S, et al., Genet Med, 2015",,19.16,
714469,DUOXA2,qwen3.7-max,Benign,Likely benign,0.8,BP7,"Richards S, et al., Genet Med, 2015",,19.87,
4961893,SLC2A9,qwen3.7-max,Pathogenic,Pathogenic,0.9,PVS1;PM2,"Matsuo H, et al., Am J Hum Genet, 2008",,15.42,
256786,CACNA1A,qwen3.7-max,Benign,Benign,0.8,BP7,"Richards et al., Genet Med, 2015",,18.55,
2115723,ZNF687,qwen3.7-max,Benign,Uncertain significance,0.6,PM2,,,17.23,
3809503,MBD4,qwen3.7-max,Pathogenic,Pathogenic,0.85,PVS1;PM2,"Rodrigues M, Nat Genet, 2018",,22.36,
1585228,MTR,qwen3.7-max,Benign,Uncertain significance,0.4,PM2,,,16.36,
622344,PROM1,qwen3.7-max,Pathogenic,Pathogenic,0.95,PVS1;PM2,"Maw et al., Hum Mol Genet, 2000;Zhang et al., Hum Mutat, 2007",,21.87,
2043810,ANKRD26,qwen3.7-max,Benign,Uncertain significance,0.4,,,,13.69,
1609661,VPS13D,qwen3.7-max,Benign,Uncertain significance,0.8,BP7,"Richards S, et al., Genet Med, 2015",,28.11,
299184,ADAMTS2,qwen3.7-max,Benign,Uncertain significance,0.6,BP7,,,18.95,
4966459,NPHP4,qwen3.7-max,Pathogenic,Pathogenic,0.85,PVS1;PM2,"Otto EA, et al., Nat Genet, 2003;Richards S, et al., Genet Med, 2015",,23.99,
1153826,NBAS,qwen3.7-max,Benign,Uncertain significance,0.6,PM2;BP4,"Richards S, et al., Genet Med, 2015",,16.88,
465730,CACNA1H,qwen3.7-max,Benign,Uncertain significance,0.6,PM2,"ClinVar, 2023",,16.43,
1885468,COL5A1,qwen3.7-max,Benign,Uncertain significance,0.7,PM2;BP1,"Symoens et al., Hum Mutat, 2012;Malfait et al., Hum Mutat, 2013",,22.3,
390518,DGAT1,qwen3.7-max,Benign,Likely benign,0.8,BP7,"Richards et al., Genet Med, 2015",,18.64,
918140,FANCL,qwen3.7-max,Pathogenic,Likely benign,0.8,BP7,,,20.0,
314085,WRN,qwen3.7-max,Benign,Likely benign,0.8,BP7,"Richards S, et al., Genet Med, 2015",,14.49,
4847469,PRKCSH,qwen3.7-max,Pathogenic,Pathogenic,0.9,PVS1;PM2,"Richards et al., Genet Med, 2015",,29.12,
1225333,DZIP1L,qwen3.7-max,Benign,Likely benign,0.8,BP7,"Richards S, et al., Genet Med, 2015",,15.64,
1155189,AP3B1,qwen3.7-max,Benign,Uncertain significance,0.5,,,,15.17,
707622,AFF3,qwen3.7-max,Benign,Uncertain significance,0.7,BP7,"Richards S, et al., Genet Med, 2015",,18.97,
276964,EPHA2,qwen3.7-max,Benign,Benign,0.9,BP7,"Richards S, et al., Genet Med, 2015",,14.94,
134165,CHAT,qwen3.7-max,Benign,Likely benign,0.7,BP7,,,19.56,
1017436,SLC6A5,qwen3.7-max,Pathogenic,Pathogenic,0.85,PVS1;PM2,"Rees MI, et al., Nat Genet, 2003",,26.89,
703498,TELO2,qwen3.7-max,Benign,Uncertain significance,0.6,PM2;PP3,"Richards S, et al., Genet Med, 2015, ACMG/AMP guidelines for variant interpretation",,15.94,
718500,KIF14,qwen3.7-max,Benign,Uncertain significance,0.6,PM2,,,11.63,
4964780,MEI1,qwen3.7-max,Pathogenic,Pathogenic,0.85,PVS1;PM2,"ClinVar, 2023",,25.75,
1153623,C8B,qwen3.7-max,Benign,Uncertain significance,0.5,PM2,,,14.64,
370717,LAMB1,qwen3.7-max,Benign,Likely benign,0.7,BP7,,,23.05,
98777,ABCA4,qwen3.7-max,Pathogenic,Pathogenic,0.95,PS3;PM2;PM3,"Zernant et al., Hum Mutat, 2014;Sangermano et al., Genet Med, 2019",,22.86,
1156411,ODAD2,qwen3.7-max,Benign,Uncertain significance,0.5,PM2,,,16.79,
792170,MECP2,qwen3.7-max,Pathogenic,Pathogenic,0.95,PVS1;PM2,"Amir et al., Nat Genet, 1999;Richards et al., Genet Med, 2015",,18.26,
48864,BRAF,qwen3.7-max,Benign,Likely benign,0.8,BP7,"Richards S, et al., Genet Med, 2015",,14.82,
237316,LYST,qwen3.7-max,Benign,Uncertain significance,0.5,PM2,,,13.36,
4960940,PKD1,qwen3.7-max,Pathogenic,Pathogenic,0.9,PVS1;PM2,"Richards S, et al., Genet Med, 2015;Cornec-Le Gall E, et al., Am J Hum Genet, 2013",,27.22,
4967649,BRCA2,qwen3.7-max,Pathogenic,Pathogenic,0.95,PVS1;PM2,"Tavtigian SV, Nat Genet, 1996;ClinGen BRCA1/BRCA2 VCEP guidelines, 2023",,18.99,
204543,RBP3,qwen3.7-max,Benign,Uncertain significance,0.6,PM2,"Richards et al., Genet Med, 2015",,16.12,
3835122,RPGR,qwen3.7-max,Pathogenic,Pathogenic,0.9,PVS1;PM2,"Richards et al., Genet Med, 2015;Bader et al., Hum Mol Genet, 2003",,17.73,
295216,ITPR1,qwen3.7-max,Benign,Uncertain significance,0.5,BP4,,,20.93,
1588594,TNFRSF4,qwen3.7-max,Benign,Uncertain significance,0.5,,,,15.76,
1062879,BRCA2,qwen3.7-max,Pathogenic,Pathogenic,0.95,PVS1;PM2,"Richards S, et al., Genet Med, 2015;ClinGen BRCA1/2 VCEP Specifications, 2023",,19.16,
1428519,MECP2,qwen3.7-max,Pathogenic,Pathogenic,0.95,PVS1;PM2,"Amberger et al., OMIM, 2021;ClinVar",,18.42,
1622155,MYO5A,qwen3.7-max,Benign,Likely benign,0.8,BP7,,,12.03,
1609378,SCN1A,qwen3.7-max,Benign,Uncertain significance,0.5,,,,10.52,
304542,CYP11B1,qwen3.7-max,Benign,Likely benign,0.8,BP7,"Richards S, et al., Genet Med, 2015",,14.13,
4986618,RNF43,qwen3.7-max,Benign,Likely benign,0.8,BP7,"Richards S, et al., Genet Med, 2015",,18.67,
4985510,TSC2,qwen3.7-max,Pathogenic,Pathogenic,0.95,PVS1;PM2,"Nellist M, et al., Hum Mol Genet, 1999;Abou Tayoun AN, et al., Genet Med, 2018",,35.82,
3054957,NTHL1,qwen3.7-max,Pathogenic,Pathogenic,0.9,PVS1;PM2,"Weren RD, Nat Genet, 2015",,21.25,
2840816,CTNNA1,qwen3.7-max,Pathogenic,Pathogenic,0.85,PVS1;PM2,"Richards S, et al., Genet Med, 2015",,22.57,
4819589,TBK1,qwen3.7-max,Pathogenic,Pathogenic,0.9,PVS1;PM2,"Freischmidt A et al., Nat Neurosci, 2015",,20.6,
194324,ATP1A2,qwen3.7-max,Benign,Likely benign,0.8,BP7,"Richards S, et al., Genet Med, 2015",,22.18,
4924768,COL7A1,qwen3.7-max,Pathogenic,Uncertain significance,0.6,PM2;PP3,ClinVar,,21.16,
53390,ATP6V1B1,qwen3.7-max,Benign,Uncertain significance,0.4,,,,14.69,
24949,RPGR,qwen3.7-max,Pathogenic,Pathogenic,0.95,PVS1;PM2,"Sharon D, et al. Invest Ophthalmol Vis Sci, 2020;ClinVar",,15.95,
321323,LTBP2,qwen3.7-max,Benign,Uncertain significance,0.5,PM2;PP3,,,10.62,
313731,HR,qwen3.7-max,Benign,Uncertain significance,0.5,,,,19.02,
251544,EVC,qwen3.7-max,Benign,Likely benign,0.8,BP7,,,22.07,
238060,CEP290,qwen3.7-max,Pathogenic,Pathogenic,0.95,PVS1;PM2,"den Hollander et al., Nat Genet, 2006;Coppieters et al., Hum Mutat, 2010",,16.0,
396285,DNAH11,qwen3.7-max,Pathogenic,Pathogenic,0.9,PVS1;PM2,"Richards et al., Genet Med, 2015",,22.34,
359763,STXBP1,qwen3.7-max,Pathogenic,Uncertain significance,0.4,,,,18.65,
133599,PALB2,qwen3.7-max,Pathogenic,Pathogenic,0.95,PVS1;PM2,"Rahman N et al., Nat Genet, 2007;Richards S et al., Genet Med, 2015",,23.39,
4974348,TSC2,qwen3.7-max,Pathogenic,Pathogenic,0.95,PVS1;PM2,"Richards et al., Genet Med, 2015;ClinVar",,18.1,
307646,EXT1,qwen3.7-max,Benign,Uncertain significance,0.7,BP7,"Richards et al., Genet Med, 2015",,15.02,
20000,ASPM,qwen3.7-max,Pathogenic,Pathogenic,0.85,PVS1;PM2,"Bond J, et al., Nat Genet, 2002;Nicholas AK, et al., Am J Hum Genet, 2009",,15.77,
250976,PLOD2,qwen3.7-max,Benign,Uncertain significance,0.4,,,,16.14,
1159184,ADSL,qwen3.7-max,Benign,Uncertain significance,0.4,,,,15.89,
703069,LRRK1,qwen3.7-max,Benign,Uncertain significance,0.5,PM2,,,10.68,
151130,ATM,qwen3.7-max,Pathogenic,Pathogenic,0.85,PVS1;PM2,"Richards S, et al., Genet Med, 2015;ClinVar",,16.65,
249439,SPTA1,qwen3.7-max,Benign,Uncertain significance,0.5,PM2,,,16.25,
135398,PLEC,qwen3.7-max,Benign,Likely benign,0.7,BP7,"Richards et al., Genet Med, 2015",,13.7,
4969710,NF1,qwen3.7-max,Pathogenic,Pathogenic,0.95,PVS1;PM2,"Richards S, et al., Genet Med, 2015;Fahsold R, et al., Am J Hum Genet, 2000",,17.6,
281586,MERTK,qwen3.7-max,Benign,Likely benign,0.7,BP7,"Richards S, et al., Genet Med, 2015",,16.59,
1250774,HACD1,qwen3.7-max,Benign,Uncertain significance,0.6,PM2,,,15.63,
728069,AP3D1,qwen3.7-max,Benign,Benign,0.9,BP7,"Richards S, et al., Genet Med, 2015",,13.93,
254254,B4GAT1,qwen3.7-max,Benign,Likely benign,0.7,BP7,"Richards S, et al., Genet Med, 2015",,13.68,
478578,BRCA1,qwen3.7-max,Pathogenic,Pathogenic,0.99,PVS1;PM2,"ClinVar, NCBI, 2023;ENIGMA Consortium, Hum Mutat, 2020",,14.77,
4958828,CDH1,qwen3.7-max,Pathogenic,Pathogenic,0.95,PVS1;PM2,"Richards et al., Genet Med, 2015;Guilford et al., Nature, 1998",,16.57,
444192,SLC25A13,qwen3.7-max,Pathogenic,Pathogenic,0.9,PVS1;PM2,"Kobayashi K, et al., Nat Genet, 1999",,23.65,
27084,FANCC,qwen3.7-max,Pathogenic,Pathogenic,0.7,PM2;PP3,ClinVar,,20.84,
46845,BTD,qwen3.7-max,Pathogenic,Pathogenic,0.7,PM2;PP3,"Wolf B, Mol Genet Metab, 2011",,19.49,
1237945,CAST,qwen3.7-max,Benign,Likely benign,0.7,BP7,"Richards et al., Genet Med, 2015",,14.86,
1154969,ITK,qwen3.7-max,Benign,Uncertain significance,0.5,,,,18.65,
34295,CACNA1F,qwen3.7-max,Pathogenic,Pathogenic,0.9,PVS1;PM2,"Richards et al., Genet Med, 2015",,21.09,
553605,COL4A4,qwen3.7-max,Pathogenic,Pathogenic,0.9,PVS1;PM2,"Richards S, et al., Genet Med, 2015;Savige J, et al., Front Genet, 2014",,24.24,
1483907,CDH1,qwen3.7-max,Pathogenic,Pathogenic,0.9,PVS1;PM2,"Richards S, et al., Genet Med, 2015;Guilford P, et al., Nature, 1999",,24.28,
3047151,CTNNA1,qwen3.7-max,Pathogenic,Pathogenic,0.85,PVS1;PM2,"Richards S, et al., Genet Med, 2015",,18.32,
135300,ORC1,qwen3.7-max,Benign,Uncertain significance,0.6,PM2;BP4,,,15.56,
4958553,FGB,qwen3.7-max,Pathogenic,Pathogenic,0.85,PVS1;PM2,"Richards S, et al., Genet Med, 2015;Casini A, et al., Haematologica, 2018",,18.09,
1155394,MOCS1,qwen3.7-max,Benign,Uncertain significance,0.4,,,,14.73,
729074,SPECC1L,qwen3.7-max,Benign,Uncertain significance,0.5,PM2,,,15.29,
1491287,ADAMTS2,qwen3.7-max,Pathogenic,Pathogenic,0.85,PVS1;PM2,"Colige et al., Nat Genet, 1999",,15.93,
1538474,PLA2G6,qwen3.7-max,Benign,Likely benign,0.8,BP7,,,15.39,
1216569,CPAMD8,qwen3.7-max,Benign,Uncertain significance,0.6,,,,13.38,
2840232,DNAH17,qwen3.7-max,Benign,Uncertain significance,0.6,PM2;BP4,,,14.52,
24413,SCN5A,qwen3.7-max,Pathogenic,Pathogenic,0.9,PVS1;PM2,ClinVar;gnomAD,,20.97,
135861,SYNE1,qwen3.7-max,Benign,Uncertain significance,0.7,BP7,"Richards S, et al., Genet Med, 2015",,17.93,
1158817,ATRN,qwen3.7-max,Benign,Uncertain significance,0.5,,,,16.39,
710422,SLC44A4,qwen3.7-max,Benign,Uncertain significance,0.5,,,,13.64,
21796,PKP2,qwen3.7-max,Pathogenic,Pathogenic,0.85,PVS1;PM2,"Richards S, et al., Genet Med, 2015;ClinGen SVI PVS1 recommendations",,32.12,
1564764,DICER1,qwen3.7-max,Benign,Uncertain significance,0.8,,,,16.85,
151274,PALB2,qwen3.7-max,Pathogenic,Pathogenic,0.9,PVS1;PM2,"Antoniou et al., N Engl J Med, 2014;Southey et al., J Clin Oncol, 2016",,26.48,
226048,PEX6,qwen3.7-max,Pathogenic,Pathogenic,0.95,PVS1;PM2,"Richards et al., Genet Med, 2015",,16.56,
4934949,MSH2,qwen3.7-max,Pathogenic,Pathogenic,0.95,PVS1;PM2,"Riggs et al., Genet Med, 2020;Kast et al., Gastroenterology, 2014",,25.16,
249298,COL11A1,qwen3.7-max,Benign,Uncertain significance,0.7,,,,22.16,
283697,ITGA6,qwen3.7-max,Benign,Benign,0.9,BP7,"Richards S, et al., Genet Med, 2015",,17.33,
1646920,TTN,qwen3.7-max,Benign,Uncertain significance,0.7,,,,11.52,
4844256,LARS1,qwen3.7-max,Pathogenic,Pathogenic,0.85,PVS1;PM2,"Richards et al., Genet Med, 2015",,21.27,
801244,ABCB4,qwen3.7-max,Pathogenic,Pathogenic,0.95,PVS1;PM2,"Richards S, et al., Genet Med, 2015",,14.46,
481689,SCN5A,qwen3.7-max,Pathogenic,Pathogenic,0.85,PVS1;PM2,"Richards et al., Genet Med, 2015",,22.49,
139051,TET2,qwen3.7-max,Benign,Uncertain significance,0.6,PM2;PP3,"ClinVar, 2023",,19.14,
1060172,APC,qwen3.7-max,Pathogenic,Pathogenic,0.95,PVS1;PM2,"Groden J, et al., Cell, 1991;Nishisho I, et al., Science, 1991",,13.97,
321129,OAT,qwen3.7-max,Benign,Uncertain significance,0.7,PM2;BP7,"Richards et al., Genet Med, 2015",,23.55,
703926,DRC4,qwen3.7-max,Benign,Likely benign,0.7,BP7,"Richards S, et al., Genet Med, 2015",,13.49,
1928193,SMARCAL1,qwen3.7-max,Pathogenic,Uncertain significance,0.6,PM2;PP3,,,14.44,
4934959,PRKN,qwen3.7-max,Pathogenic,Pathogenic,0.95,PVS1,"Kitada et al., Nature, 1998",,24.66,
1167633,DMXL2,qwen3.7-max,Benign,Likely benign,0.9,BP7,"Richards et al., Genet Med, 2015",,12.91,
284639,ABCA12,qwen3.7-max,Benign,Likely benign,0.8,BP7,"Richards S, et al., Genet Med, 2015",,15.94,
4968743,FGFR3,qwen3.7-max,Pathogenic,Pathogenic,0.85,PM1;PM2;PM4,"Bellus et al., Nat Genet, 1995;Tavormina et al., Am J Hum Genet, 1995",,23.67,
18183,KCNQ1,qwen3.7-max,Pathogenic,Pathogenic,0.85,PM1;PM2;PP3,"ClinVar, NCBI, 2023",,18.23,
4967635,TP53,qwen3.7-max,Pathogenic,Pathogenic,0.95,PVS1;PM2,ClinVar;gnomAD,,17.95,
1534483,NNT,qwen3.7-max,Benign,Uncertain significance,0.5,,,,18.58,
611700,RP1,qwen3.7-max,Pathogenic,Pathogenic,0.85,PVS1;PM2,"Pierce EA, et al., Nat Genet, 1999;Bowne SJ, et al., Hum Mol Genet, 2002",,15.09,
505227,EIF2AK4,qwen3.7-max,Benign,Uncertain significance,0.5,,,,18.13,
4977609,TCF20,qwen3.7-max,Pathogenic,Pathogenic,0.85,PVS1;PM2,"Vetrini et al., Genet Med, 2018",,19.0,
3411974,COL2A1,qwen3.7-max,Pathogenic,Pathogenic,0.9,PVS1;PM2,"Richards et al., Genet Med, 2015",,17.26,
1161577,SLC27A4,qwen3.7-max,Pathogenic,Pathogenic,0.85,PVS1;PM2,"Klar J, et al., Am J Hum Genet, 2009",,20.94,
682754,TRAPPC9,qwen3.7-max,Pathogenic,Pathogenic,0.9,PVS1;PM2,"Richards et al., Genet Med, 2015",,17.62,
538110,NF1,qwen3.7-max,Pathogenic,Pathogenic,0.95,PVS1;PM2,"ClinVar, 2023;Fahsold et al., Am J Hum Genet, 2000",,14.93,
453319,DNAH1,qwen3.7-max,Benign,Uncertain significance,0.5,PM2,,,13.99,
1158696,ARHGEF18,qwen3.7-max,Benign,Uncertain significance,0.5,BP7,,,18.94,
700367,CTSB,qwen3.7-max,Benign,Likely benign,0.8,BP7,"Richards et al., Genet Med, 2015",,19.87,
699528,SLC44A4,qwen3.7-max,Benign,Uncertain significance,0.5,,,,18.54,
251249,FLNB,qwen3.7-max,Benign,Likely benign,0.85,BP7,"Richards et al., Genet Med, 2015",,21.71,
847287,MAN2B1,qwen3.7-max,Pathogenic,Pathogenic,0.9,PVS1;PM2,"Richards et al., Genet Med, 2015",,13.78,
4962470,NRAP,qwen3.7-max,Pathogenic,Pathogenic,0.8,PVS1;PM2,"Richards et al., Genet Med, 2015",,16.53,
731067,CLUAP1,qwen3.7-max,Benign,Uncertain significance,0.5,,,,15.91,
4951199,EBF3,qwen3.7-max,Pathogenic,Pathogenic,0.85,PVS1;PM2,"Chao et al., Am J Hum Genet, 2017",,19.32,
1153197,MTOR,qwen3.7-max,Benign,Uncertain significance,0.6,BP7,"Richards et al., Genet Med, 2015;ClinVar",,18.01,
1159065,ADA2,qwen3.7-max,Benign,Likely benign,0.7,BP7,,,15.74,
3414437,IDS,qwen3.7-max,Pathogenic,Pathogenic,0.95,PVS1;PM2,"Richards et al., Genet Med, 2015",,17.58,
1940363,IARS1,qwen3.7-max,Benign,Uncertain significance,0.4,,,,17.42,
1610524,HTT,qwen3.7-max,Benign,Uncertain significance,0.5,,,,14.66,
1158403,DNASE2,qwen3.7-max,Benign,Uncertain significance,0.5,,,,14.76,
1562058,CCNQ,qwen3.7-max,Benign,Uncertain significance,0.6,,,,18.7,
4959023,COL4A3,qwen3.7-max,Pathogenic,Pathogenic,0.85,PVS1;PM2,"Richards et al., Genet Med, 2015",,19.98,
1157102,COL4A2,qwen3.7-max,Benign,Likely benign,0.8,BP7,"Richards et al., Genet Med, 2015",,11.33,
151765,ATM,qwen3.7-max,Pathogenic,Pathogenic,0.9,PVS1;PM2,"Richards S, et al., Genet Med, 2015",,21.44,
929432,CHEK2,qwen3.7-max,Pathogenic,Pathogenic,0.9,PVS1;PM2,"Richards et al., Genet Med, 2015",,21.77,
29059,CXCR4,qwen3.7-max,Pathogenic,Pathogenic,0.95,PVS1;PM2;PS4,"Hernandez PA, Nat Genet, 2003;Tassone L, Blood, 2010",,23.38,
137358,ATM,qwen3.7-max,Benign,Uncertain significance,0.6,PM2,,,11.58,
1650453,KIF20A,qwen3.7-max,Benign,Likely benign,0.7,BP7,"Richards et al., Genet Med, 2015",,15.28,
231989,NF1,qwen3.7-max,Pathogenic,Pathogenic,0.95,PVS1;PM2,"Richards et al., Genet Med, 2015",,19.24,
20340,CTDP1,qwen3.7-max,Pathogenic,Pathogenic,0.95,PVS1;PS3;PM2,"Varon et al., Nature Genetics, 2003",,19.31,
16096,DARS2,qwen3.7-max,Pathogenic,Uncertain significance,0.7,PM2,,,23.36,
55604,PCDH15,qwen3.7-max,Benign,Likely benign,0.8,BP7,,,14.82,
1153653,JAK1,qwen3.7-max,Benign,Likely benign,0.9,BP7,"Richards et al., Genet Med, 2015",,12.92,
4933927,NEXMIF,qwen3.7-max,Pathogenic,Pathogenic,0.85,PVS1;PM2,"Farwell et al., Am J Med Genet A, 2014;Stouffs et al., Hum Mutat, 2012",,17.56,
724510,MS4A1,qwen3.7-max,Benign,Likely benign,0.8,BP7,,,12.56,
192383,ETFDH,qwen3.7-max,Pathogenic,Pathogenic,0.9,PVS1;PM2,"Richards S, et al., Genet Med, 2015",,16.14,
4986354,NF1,qwen3.7-max,Pathogenic,Pathogenic,0.9,PVS1;PM2,"ClinGen NF1 VCEP specifications, 2022;ACMG/AMP variant interpretation guidelines, 2015",,22.84,
1212820,LAMA5,qwen3.7-max,Benign,Likely benign,0.8,BP7,"Richards et al., Genet Med, 2015",,11.8,
266536,MYO15A,qwen3.7-max,Pathogenic,Pathogenic,0.85,PVS1;PM2,"Richards S, et al., Genet Med, 2015;Shearer AE, et al., Hum Mutat, 2013",,16.39,
1159526,SH3KBP1,qwen3.7-max,Benign,Uncertain significance,0.6,PM2;PP3,,,17.21,
1015385,GLA,qwen3.7-max,Pathogenic,Pathogenic,0.8,PM1;PM2;PP3,"Garman SC, Garboczk DN, J Mol Biol, 2002;Lukas J, et al., Hum Mutat, 2004",,18.8,
4811582,ALPK3,qwen3.7-max,Pathogenic,Pathogenic,0.85,PVS1;PM2,OMIM: ALPK3;ClinGen Cardiomyopathy VCEP,,22.65,
730375,CAST,qwen3.7-max,Benign,Likely benign,0.7,BP4,,,18.41,
725079,DDX11,qwen3.7-max,Benign,Uncertain significance,0.6,PM2,,,9.36,
530329,RBFOX1,qwen3.7-max,Benign,Likely benign,0.7,BP7,,,12.3,
1919417,SACS,qwen3.7-max,Benign,Uncertain significance,0.6,PM2;BP4,ClinVar,,11.73,
1270855,USP7,qwen3.7-max,Benign,Uncertain significance,0.7,BP7,,,15.21,
135221,NHS,qwen3.7-max,Benign,Likely benign,0.8,BP7,"Richards S, et al., Genet Med, 2015",,14.35,
4831871,LDLR,qwen3.7-max,Pathogenic,Pathogenic,0.9,PVS1;PM2,"Richards et al., Genet Med, 2015",,19.94,
1547825,DLL1,qwen3.7-max,Benign,Uncertain significance,0.5,,,,15.46,
4959624,C8A,qwen3.7-max,Benign,Uncertain significance,0.5,,,,14.08,
4843420,FANCD2,qwen3.7-max,Pathogenic,Pathogenic,0.95,PVS1;PM2,ClinVar;gnomAD,,14.21,
259635,TMCO1,qwen3.7-max,Pathogenic,Pathogenic,0.85,PVS1;PM2,"Xin B, Am J Hum Genet, 2011",,17.97,
173141,TTN,qwen3.7-max,Pathogenic,Pathogenic,0.8,PVS1;PM2,"Richards S, et al., Genet Med, 2015;ClinGen TTN VCEP specifications",,16.09,
21112,RECQL4,qwen3.7-max,Pathogenic,Uncertain significance,0.6,PM2;PP3,"ClinVar, 2023",,14.71,
433789,PIEZO1,qwen3.7-max,Benign,Uncertain significance,0.5,,,,12.06,
857101,CHM,qwen3.7-max,Pathogenic,Pathogenic,0.95,PVS1;PM2,"Macdonald et al., Hum Mutat, 2015",,14.53,
4957435,ABCB4,qwen3.7-max,Pathogenic,Pathogenic,0.85,PVS1;PM2,"Richards S, et al., Genet Med, 2015",,22.45,
1225805,TMEM240,qwen3.7-max,Benign,Uncertain significance,0.6,PM2,"Delague et al., Am J Hum Genet, 2014",,13.95,
30509,HBB,qwen3.7-max,Pathogenic,Uncertain significance,0.5,,,,14.3,
716569,LIG1,qwen3.7-max,Benign,Uncertain significance,0.5,PM2,,,12.88,
57351,OTOF,qwen3.7-max,Pathogenic,Pathogenic,0.9,PVS1;PM2,"Yasunaga S, et al., Nat Genet, 1999",,19.6,
982061,PIEZO1,qwen3.7-max,Benign,Uncertain significance,0.6,BP7,,,17.26,
4801123,PTPRQ,qwen3.7-max,Pathogenic,Likely benign,0.8,BP7,"Richards et al., Genet Med, 2015",,10.91,
101312,SLC2A1,qwen3.7-max,Benign,Likely benign,0.8,BP7,"Richards S, et al., Genet Med, 2015",,19.16,
346559,AFG3L2,qwen3.7-max,Benign,Uncertain significance,0.5,,,,17.1,
302401,CFB,qwen3.7-max,Benign,Likely benign,0.8,BP7,,,13.19,
54745,VCL,qwen3.7-max,Benign,Likely benign,0.9,BP7,"Richards S, et al., Genet Med, 2015",,14.7,
574420,NF1,qwen3.7-max,Pathogenic,Pathogenic,0.95,PVS1;PM2,"ClinVar, NCBI, 2023;Richards et al., Genet Med, 2015",,12.55,
4169511,MLH3,qwen3.7-max,Pathogenic,Pathogenic,0.85,PVS1;PM2,"ClinVar, 2023",,19.67,
1320721,VWF,qwen3.7-max,Pathogenic,Pathogenic,0.85,PVS1;PM2,"Richards et al., Genet Med, 2015",,16.95,
4962457,CXCR2,qwen3.7-max,Pathogenic,Uncertain significance,0.5,,,,13.95,
195593,AGL,qwen3.7-max,Benign,Likely benign,0.8,BP4,"Richards et al., Genet Med, 2015",,13.04,
1157091,TPP2,qwen3.7-max,Benign,Uncertain significance,0.5,,,,15.34,
1794000,SMARCA4,qwen3.7-max,Pathogenic,Pathogenic,0.95,PVS1;PM2,"Richards S et al., Genet Med, 2015",,16.09,
1650891,LIFR,qwen3.7-max,Benign,Uncertain significance,0.4,PM2,,,14.41,
4986665,GALNT12,qwen3.7-max,Benign,Likely benign,0.9,BP7,"Richards S, et al., Genet Med, 2015",,14.25,
410826,KCNQ2,qwen3.7-max,Pathogenic,Pathogenic,0.75,PM1;PM2;PP3,"Allen AS, Nat Genet, 2013;EuroEPINOMICS-RES Consortium, Am J Hum Genet, 2014",,16.6,
1668139,COL7A1,qwen3.7-max,Pathogenic,Pathogenic,0.85,PM1;PM2;PP3,"ClinVar;Dang et al., Hum Mutat, 2008",,32.67,
4946257,BAP1,qwen3.7-max,Pathogenic,Pathogenic,0.95,PVS1;PM2,"Testa JR, et al., Nat Genet, 2011;Popova T, et al., Am J Hum Genet, 2013",,20.48,
31479,FBN1,qwen3.7-max,Pathogenic,Pathogenic,0.85,PM1;PM2;PP3,"Robinson PN, et al. Hum Mutat. 2011;Judge DP, Dietz HC. Lancet. 2005",,25.57,
519877,TLR3,qwen3.7-max,Benign,Likely benign,0.8,BP7,,,11.66,
1060730,PKHD1,qwen3.7-max,Pathogenic,Pathogenic,0.9,PVS1;PM2,"Bergmann C, et al., Nat Genet, 2004;Richards S, et al., Genet Med, 2015",,18.26,
54892,PRKAG2,qwen3.7-max,Benign,Uncertain significance,0.5,,,,14.92,
4976165,KCNQ1,qwen3.7-max,Pathogenic,Pathogenic,0.9,PVS1;PM2,"Richards et al., Genet Med, 2015",,20.33,
1159280,COL4A5,qwen3.7-max,Benign,Pathogenic,0.8,PM1;PM2;PP3,"Richards S, et al., Genet Med, 2015;Savige J, et al., Front Genet, 2014",,24.0,
53292,PDZD7,qwen3.7-max,Benign,Uncertain significance,0.6,BP7,,,18.78,
4801143,RAD51C,qwen3.7-max,Pathogenic,Pathogenic,0.95,PVS1,"Meindl et al., Nat Genet, 2010;Riggs et al., Genet Med, 2020",,17.83,
4986415,KIF5B,qwen3.7-max,Pathogenic,Uncertain significance,0.6,PM2,,,12.64,
4976996,PMS2,qwen3.7-max,Pathogenic,Pathogenic,0.95,PVS1;PM2,"Richards et al., Genet Med, 2015",,12.6,
54230,PKP2,qwen3.7-max,Pathogenic,Pathogenic,0.9,PVS1;PM2,"Richards S, et al., Genet Med, 2015",,21.92,
195212,GHR,qwen3.7-max,Benign,Benign,0.9,BP7,"Richards S, et al., Genet Med, 2015",,15.54,
1609598,TBC1D32,qwen3.7-max,Benign,Likely benign,0.7,BP7,,,11.92,
2969490,CNGA1,qwen3.7-max,Pathogenic,Pathogenic,0.9,PVS1;PM2,"Richards et al., Genet Med, 2015",,14.15,
441418,KCNC1,qwen3.7-max,Benign,Likely benign,0.8,BP7,,,14.08,
4935396,MLH3,qwen3.7-max,Pathogenic,Pathogenic,0.85,PVS1;PM2,"ClinVar, 2023",,15.19,
2081510,KRT6A,qwen3.7-max,Benign,Likely benign,0.9,BP7,"Richards S, et al., Genet Med, 2015",,13.53,
479238,TP53,qwen3.7-max,Pathogenic,Pathogenic,0.85,PM1;PM2;PP3,"ClinVar, 2023;IARC TP53 Database, 2023",,23.61,
547566,HEXA,qwen3.7-max,Pathogenic,Pathogenic,0.9,PVS1;PM2,"Richards S, et al., Genet Med, 2015",,19.74,
512752,SLC16A2,qwen3.7-max,Pathogenic,Pathogenic,0.95,PVS1;PM2,"Friesema EC, et al., Mol Endocrinol, 2003;Schwartz CE, et al., Am J Hum Genet, 2005",,16.44,
1273923,REN,qwen3.7-max,Benign,Likely benign,0.7,BP7,"Richards S, et al., Genet Med, 2015",,14.53,
17921,HSD3B7,qwen3.7-max,Pathogenic,Pathogenic,0.85,PVS1;PM2,"Richards et al., Genet Med, 2015;Setchell et al., J Clin Invest, 2003",,20.82,
4986136,TBK1,qwen3.7-max,Pathogenic,Pathogenic,0.95,PVS1;PM2,"Freischmidt A et al., Nat Neurosci, 2015;Cirulli ET et al., Science, 2015",,18.5,
1610397,MEN1,qwen3.7-max,Benign,Uncertain significance,0.6,,,,15.27,
27809,SURF1,qwen3.7-max,Pathogenic,Pathogenic,0.95,PVS1;PM2,"Tiranti et al., Am J Hum Genet, 1998;Zhu et al., Hum Mutat, 1998",,16.5,
4963193,ATP2B2,qwen3.7-max,Pathogenic,Pathogenic,0.8,PVS1;PM2,"Richards et al., Genet Med, 2015",,15.91,
75106,B4GALNT1,qwen3.7-max,Pathogenic,Pathogenic,0.85,PVS1;PM2,"Richards et al., Genet Med, 2015",,21.57,
3307293,ATM,qwen3.7-max,Pathogenic,Pathogenic,0.95,PVS1;PM2,"Richards S, et al., Genet Med, 2015;Tavtigian SV, et al., Genet Med, 2020",,14.5,
1238737,CTU2,qwen3.7-max,Benign,Uncertain significance,0.5,,,,16.4,
1161783,ASPM,qwen3.7-max,Pathogenic,Pathogenic,0.9,PVS1;PM2,"Bond J et al., Nat Genet, 2002, PMID: 12205561",,23.33,
2808954,LRRC7,qwen3.7-max,Benign,Likely benign,0.8,BP7,,,16.36,
375465,A2ML1,qwen3.7-max,Benign,Benign,0.9,BP7,"Richards S, et al., Genet Med, 2015",,17.12,
1318581,RNPC3,qwen3.7-max,Benign,Likely benign,0.7,BP7,,,24.96,
1156814,LRP5,qwen3.7-max,Benign,Likely benign,0.7,BP4,,,16.85,
101619,OPA1,qwen3.7-max,Benign,Uncertain significance,0.7,BP4,,,19.98,
1572239,PHIP,qwen3.7-max,Benign,Uncertain significance,0.6,BP7,,,15.33,
4962957,ATM,qwen3.7-max,Pathogenic,Pathogenic,0.85,PVS1;PM2,"Richards et al., Genet Med, 2015",,29.8,
4986970,NF1,qwen3.7-max,Pathogenic,Pathogenic,0.95,PVS1;PM2,"Richards et al., Genet Med, 2015;Messiaen et al., Hum Mutat, 2000",,19.11,
1230333,BRCA2,qwen3.7-max,Pathogenic,Pathogenic,0.95,PVS1;PM2,"ClinVar, NCBI, 2023",,14.64,
3047798,MID1,qwen3.7-max,Benign,Likely benign,0.8,BP7,"Richards et al., Genet Med, 2015",,14.54,
15297,XPC,qwen3.7-max,Pathogenic,Pathogenic,0.9,PVS1;PM2,"Richards et al., Genet Med, 2015",,20.02,
4850739,GNPAT,qwen3.7-max,Pathogenic,Pathogenic,0.9,PVS1;PM2,,,12.04,
4952812,CHD7,qwen3.7-max,Pathogenic,Pathogenic,0.9,PVS1;PM2,"Vissers et al., Nat Genet, 2004",,16.67,
4968393,GNAO1,qwen3.7-max,Pathogenic,Pathogenic,0.85,PVS1;PM2,"Nakamura et al., Am J Hum Genet, 2013;Feng et al., Hum Mutat, 2017",,20.44,
4957738,ABCB4,qwen3.7-max,Pathogenic,Pathogenic,0.9,PVS1;PM2,"Richards S, et al., Genet Med, 2015",,17.74,
184734,NF1,qwen3.7-max,Pathogenic,Pathogenic,0.95,PVS1;PM2,"Richards S, et al., Genet Med, 2015",,16.86,
533776,CFAP298,qwen3.7-max,Pathogenic,Pathogenic,0.85,PVS1;PM2,,,13.65,
495453,COL7A1,qwen3.7-max,Pathogenic,Pathogenic,0.85,PVS1;PM2,"Richards et al., Genet Med, 2015",,23.75,
28369,PTPN11,qwen3.7-max,Pathogenic,Pathogenic,0.95,PM1;PS4;PP3,"Tartaglia et al., Nat Genet, 2001;ClinVar",,24.61,
800131,GPI,qwen3.7-max,Benign,Uncertain significance,0.5,,,,16.58,
57586,USH2A,qwen3.7-max,Benign,Uncertain significance,0.6,PM2,"Richards S, et al., Genet Med, 2015",,14.46,
4960694,OTOGL,qwen3.7-max,Pathogenic,Pathogenic,0.85,PVS1;PM2,"Richards et al., Genet Med, 2015",,14.98,
1156843,ACER3,qwen3.7-max,Benign,Uncertain significance,0.5,PM2,,,10.94,
250978,AGTR1,qwen3.7-max,Benign,Likely benign,0.85,BP7,"Richards et al., Genet Med, 2015",,13.12,
3500266,DDX11,qwen3.7-max,Benign,Likely benign,0.85,BP7,"Richards S, et al., Genet Med, 2015",,12.93,
4968620,AMPD2;LOC126805822,qwen3.7-max,Pathogenic,Pathogenic,0.85,PVS1;PM2,"Richards et al., Genet Med, 2015",,14.06,
325592,ACVRL1,qwen3.7-max,Benign,Likely benign,0.85,BP7,"Richards et al., Genet Med, 2015",,13.76,
133999,CACNA1A,qwen3.7-max,Benign,Uncertain significance,0.5,PM2;PP3,,,18.86,
57138,USH1C,qwen3.7-max,Benign,Uncertain significance,0.5,,,,15.85,
727130,PGAP3,qwen3.7-max,Benign,Uncertain significance,0.5,PM2,,,12.24,
734996,DOCK2,qwen3.7-max,Benign,Likely benign,0.8,BP7,,,14.41,
2810330,PRKD1,qwen3.7-max,Benign,Uncertain significance,0.5,PM2,,,18.05,
1153214,WARS2,qwen3.7-max,Benign,Likely benign,0.8,BP7,"Richards et al., Genet Med, 2015",,11.53,
4850454,FGG,qwen3.7-max,Pathogenic,Pathogenic,0.85,PVS1;PM2,"Richards S, et al., Genet Med, 2015;Peyvandi F, et al., Haemophilia, 2012",,15.98,
4930246,ABCD1,qwen3.7-max,Pathogenic,Pathogenic,0.95,PVS1;PM2,"Engelen et al., Orphanet J Rare Dis, 2012;Richards et al., Genet Med, 2015",,19.15,
4967734,AGA,qwen3.7-max,Pathogenic,Uncertain significance,0.5,PM2;PP3,,,15.62,
3866110,TTN,qwen3.7-max,Pathogenic,Uncertain significance,0.7,PVS1,"Walsh R, et al., Genet Med, 2017",,31.19,
464398,USP8,qwen3.7-max,Benign,Likely benign,0.8,BP7,,,14.96,
724729,C2CD3,qwen3.7-max,Benign,Likely benign,0.85,BP7,"Richards S, et al., Genet Med, 2015",,12.76,
4931441,DNAH5,qwen3.7-max,Pathogenic,Pathogenic,0.85,PVS1;PM2,"Richards S, et al., Genet Med, 2015",,27.97,
731841,ADCY10,qwen3.7-max,Benign,Benign,0.9,BP7,"Richards S, et al., Genet Med, 2015",,11.24,
4967645,MLH3,qwen3.7-max,Pathogenic,Pathogenic,0.85,PVS1;PM2,"Richards S, et al., Genet Med, 2015",,24.24,
4961885,MYOCD,qwen3.7-max,Pathogenic,Pathogenic,0.85,PVS1;PM2,"Richards S, et al., Genet Med, 2015",,19.51,
1158867,RBCK1,qwen3.7-max,Benign,Uncertain significance,0.7,PM2,"Richards et al., Genet Med, 2015",,16.72,
257880,PHKA1,qwen3.7-max,Benign,Likely benign,0.8,BP7,"Richards et al., Genet Med, 2015",,19.91,
327851,FOXN1,qwen3.7-max,Benign,Likely benign,0.9,BP7,,,15.13,
1673152,DYNC2I2,qwen3.7-max,Benign,Likely benign,0.85,BP7,"Richards et al., Genet Med, 2015",,17.28,
1155626,PRKAG2,qwen3.7-max,Benign,Uncertain significance,0.8,,,,12.87,
1059382,MSH6,qwen3.7-max,Pathogenic,Pathogenic,0.95,PVS1;PM2,"Richards et al., Genet Med, 2015",,23.98,
683791,DNAH8,qwen3.7-max,Benign,Likely benign,0.9,BP7,"Richards S, et al., Genet Med, 2015",,13.47,
314200,FGFR1,qwen3.7-max,Benign,Likely benign,0.9,BP4;BP7,"Richards et al., Genet Med, 2015",,19.18,
1384188,OCA2,qwen3.7-max,Pathogenic,Uncertain significance,0.5,PM2,,,12.82,
1196118,ACTN1,qwen3.7-max,Benign,Uncertain significance,0.5,PM2,,,11.48,
266128,MTHFR,qwen3.7-max,Benign,Uncertain significance,0.5,PM2,,,17.12,
712412,ANK3,qwen3.7-max,Benign,Uncertain significance,0.5,PM2,,,11.06,
29678,KRT5,qwen3.7-max,Pathogenic,Pathogenic,0.85,PM1;PM2;PP3,"Szeverenyi I, et al. Hum Mutat. 2008",,29.46,
4930312,SYNGAP1,qwen3.7-max,Pathogenic,Pathogenic,0.95,PVS1;PM2,"Hamdan FF et al., N Engl J Med, 2009;ClinGen SYNGAP1 VCEP specifications",,17.94,
71079,NPHS1,qwen3.7-max,Pathogenic,Pathogenic,0.95,PVS1;PM2,"Richards S, et al. Genet Med. 2015",,16.67,
1154800,PIGG,qwen3.7-max,Benign,Uncertain significance,0.5,PM2,"Richards S, et al., Genet Med, 2015",,18.45,
17303,CYBA,qwen3.7-max,Pathogenic,Pathogenic,0.9,PVS1;PM2,"Richards et al., Genet Med, 2015",,17.73,
167809,ATR,qwen3.7-max,Benign,Likely benign,0.8,BP7,,,10.7,
4866825,MSL3,qwen3.7-max,Pathogenic,Pathogenic,0.8,PM2;PP3;PP4,"Basilicata MF, et al., Am J Hum Genet, 2018",,20.29,
2954253,DNAH11,qwen3.7-max,Pathogenic,Pathogenic,0.85,PVS1;PM2,"Richards S, et al., Genet Med, 2015",,23.53,
1153559,AHDC1,qwen3.7-max,Benign,Uncertain significance,0.5,PM4,,,17.24,
18943,HEXA,qwen3.7-max,Pathogenic,Pathogenic,0.95,PVS1;PM2,"Triggs-Raine et al., PNAS, 1990",,13.49,
4931383,PSMC5,qwen3.7-max,Pathogenic,Uncertain significance,0.5,PM2,,,14.01,
2154228,PMM2,qwen3.7-max,Pathogenic,Uncertain significance,0.6,PM2;PP3,"Matthijs G, et al., Nat Genet, 1997",,17.01,
3520901,COL7A1,qwen3.7-max,Pathogenic,Pathogenic,0.85,PVS1;PM2,"Richards S, et al., Genet Med, 2015",,24.4,
4938512,BAP1,qwen3.7-max,Benign,Uncertain significance,0.6,PM2,,,10.97,
255793,SALL1,qwen3.7-max,Benign,Likely benign,0.9,BP7,"Richards S, et al., Genet Med, 2015",,15.34,
67641,KCNQ1,qwen3.7-max,Pathogenic,Pathogenic,0.95,PVS1;PM2,"Splawski I, et al. Cell. 1997;Richards S, et al. Genet Med. 2015",,18.56,
417649,MLH1,qwen3.7-max,Pathogenic,Pathogenic,0.95,PVS1;PM2,"ClinVar, 2023, MLH1 c.1336_1337del",,14.39,
4847648,ATP7B,qwen3.7-max,Pathogenic,Pathogenic,0.95,PVS1;PM2,"ClinVar, NCBI, 2023",,19.49,
4973129,NF1,qwen3.7-max,Pathogenic,Pathogenic,0.95,PVS1;PM2,"Messiaen et al., Hum Mutat, 2000;ClinVar",,17.94,
1687043,KCNQ1;KCNQ1OT1,qwen3.7-max,Benign,Pathogenic,0.9,PVS1;PS3;PM2,ClinVar,,16.53,
4931730,IHH,qwen3.7-max,Pathogenic,Pathogenic,0.85,PVS1;PM2,"Richards et al., Genet Med, 2015",,17.69,
249602,CACNA1S,qwen3.7-max,Benign,Likely benign,0.8,BP7,"Richards et al., Genet Med, 2015",,14.07,
250908,GP9,qwen3.7-max,Benign,Likely benign,0.8,BP7,,,18.91,
1156700,SLC1A2,qwen3.7-max,Benign,Likely benign,0.8,BP7,"Richards et al., Genet Med, 2015",,17.41,
4924274,DST,qwen3.7-max,Pathogenic,Pathogenic,0.85,PVS1;PM2,"Edvardson et al., Am J Hum Genet, 2012;Groves et al., Hum Mutat, 2010",,25.1,
1247184,ADAMTS9,qwen3.7-max,Benign,Uncertain significance,0.6,,,,13.17,
424314,LDLR,qwen3.7-max,Pathogenic,Pathogenic,0.95,PVS1;PM2,"Hobbs HH, Hum Mutat, 1992;ClinVar, 2023",,18.77,
4934782,NAA15,qwen3.7-max,Pathogenic,Pathogenic,0.9,PVS1;PM2,"Richards et al., Genet Med, 2015;OMIM, 2023",,25.16,
1256143,MYO18B,qwen3.7-max,Benign,Uncertain significance,0.5,,,,12.99,
727302,NLRP1,qwen3.7-max,Benign,Uncertain significance,0.6,BP7,,,20.64,
57011,TTN,qwen3.7-max,Benign,Uncertain significance,0.6,PM2,,,16.24,
256298,TBX4,qwen3.7-max,Benign,Likely benign,0.7,BP7,"Richards et al., Genet Med, 2015",,18.03,
4969024,GLI3,qwen3.7-max,Pathogenic,Pathogenic,0.95,PVS1;PM2,"Johnston JJ, et al., Hum Mutat, 2010",,21.69,
1158564,ARHGEF1,qwen3.7-max,Benign,Uncertain significance,0.7,,,,16.34,
1155657,DNAH11,qwen3.7-max,Benign,Likely benign,0.9,BP7,"Richards et al., Genet Med, 2015",,12.82,
4861968,AMHR2,qwen3.7-max,Pathogenic,Pathogenic,0.95,PVS1,"Josso N, et al., Hum Mutat, 2005",,22.11,
318342,DOCK8,qwen3.7-max,Benign,Uncertain significance,0.6,PM2;BP7,"Zhang et al., N Engl J Med, 2009",,16.14,
3735221,TMEM147,qwen3.7-max,Pathogenic,Pathogenic,0.7,PVS1;PM2,"Richards et al., Genet Med, 2015",,23.49,
20937,SCN4A,qwen3.7-max,Pathogenic,Pathogenic,0.95,PS3;PM1;PM2;PM5;PP3,"Chahine M, et al., FEBS Lett, 1994;Yang N, et al., Neuron, 1994;Vicart S, et al., Neurology, 2004",,29.23,
192719,OCA2,qwen3.7-max,Benign,Likely benign,0.8,BP7,"Richards S, et al., Genet Med, 2015",,12.7,
4967904,EIPR1,qwen3.7-max,Pathogenic,Uncertain significance,0.5,,,,16.09,
4810002,CNNM4,qwen3.7-max,Benign,Uncertain significance,0.5,,,,22.72,
259927,KCNV2,qwen3.7-max,Pathogenic,Pathogenic,0.85,PVS1;PM2,"Wu et al., Nat Genet, 2006",,16.71,
1330880,CYP1B1,qwen3.7-max,Pathogenic,Pathogenic,0.85,PVS1;PM2,"Stoilov et al., Hum Mol Genet, 1998;Richards et al., Genet Med, 2015",,18.53,
1280707,NLGN2,qwen3.7-max,Benign,Likely benign,0.8,BP7,,,10.63,
1660698,ZHX3,qwen3.7-max,Benign,Uncertain significance,0.6,BP7,,,15.35,
1035792,COL7A1,qwen3.7-max,Pathogenic,Uncertain significance,0.6,PM2,ClinGen SVI COL7A1 variant curation specifications,,18.35,
4960672,ADGRL1,qwen3.7-max,Pathogenic,Uncertain significance,0.7,PM2,,,26.5,
55242,CDH23,qwen3.7-max,Pathogenic,Pathogenic,0.85,PVS1;PM2,"Richards S, et al., Genet Med, 2015",,33.93,
960878,NF1,qwen3.7-max,Pathogenic,Pathogenic,0.95,PVS1;PM2,"Richards et al., Genet Med, 2015",,15.96,
214327,CEP290,qwen3.7-max,Pathogenic,Pathogenic,0.95,PVS1;PM2,"Sayer JA, Nat Genet, 2006;den Hollander AI, Nat Genet, 2006",,22.22,
4017025,FLCN,qwen3.7-max,Pathogenic,Pathogenic,0.9,PVS1;PM2,"Nickerson ML, Nat Genet, 2002",,19.85,
790755,ABCB4,qwen3.7-max,Pathogenic,Pathogenic,0.95,PVS1;PM2,"Richards S, et al., Genet Med, 2015;ClinVar",,20.06,
3049220,LZTR1,qwen3.7-max,Pathogenic,Pathogenic,0.85,PVS1;PM2,"Johnston JJ, et al., Nat Genet, 2018",,17.66,
15981,GLB1,qwen3.7-max,Pathogenic,Uncertain significance,0.5,PM2,,,11.96,
1276060,KATNB1,qwen3.7-max,Benign,Uncertain significance,0.6,PM2,"Richards et al., Genet Med, 2015",,14.69,
1661871,DYSF,qwen3.7-max,Benign,Uncertain significance,0.5,PM2,,,15.17,
1378745,UNC80,qwen3.7-max,Pathogenic,Pathogenic,0.85,PVS1;PM2,"Richards S, et al., Genet Med, 2015",,13.77,
4968342,RORB,qwen3.7-max,Pathogenic,Pathogenic,0.9,PVS1;PM2,"Richards et al., Genet Med, 2015",,18.6,
1158480,AP3D1,qwen3.7-max,Benign,Uncertain significance,0.6,,,,11.28,
1471489,COL1A1,qwen3.7-max,Pathogenic,Pathogenic,0.95,PVS1;PM2,"Marini JC et al., Nat Rev Dis Primers, 2017",,17.07,
102281,PKHD1,qwen3.7-max,Pathogenic,Pathogenic,0.85,PVS1;PM2,"Bergmann C, et al., Nat Genet, 2004",,22.87,
1063933,NF1,qwen3.7-max,Pathogenic,Pathogenic,0.9,PVS1;PM2,"Richards et al., Genet Med, 2015",,24.65,
4930721,MSH2,qwen3.7-max,Pathogenic,Pathogenic,0.95,PVS1;PM2,ClinVar;gnomAD,,16.08,
1158534,PLEKHG2,qwen3.7-max,Benign,Likely benign,0.7,BP7,,,12.34,
611834,ANKRD11,qwen3.7-max,Pathogenic,Pathogenic,0.95,PVS1;PM2,"Sirmaci A, Am J Hum Genet, 2011",,15.8,
729330,NXF5,qwen3.7-max,Benign,Uncertain significance,0.5,,,,15.27,
314244,ADAM9,qwen3.7-max,Benign,Uncertain significance,0.5,,,,11.86,
303162,AARS2,qwen3.7-max,Benign,Likely benign,0.9,BP7,"Richards et al., Genet Med, 2015",,10.0,
318604,CEP290,qwen3.7-max,Benign,Uncertain significance,0.6,,,,15.89,
1156067,C5,qwen3.7-max,Benign,Likely benign,0.9,BP7,"Richards et al., Genet Med, 2015",,13.8,
133335,NBN,qwen3.7-max,Pathogenic,Pathogenic,0.85,PVS1;PM2,"Varon et al., Cell, 1998",,18.15,
4946255,BAP1,qwen3.7-max,Pathogenic,Pathogenic,0.95,PVS1;PM2,"Richards et al., Genet Med, 2015;Poplawski et al., Genet Med, 2018",,14.51,
721403,GRM6,qwen3.7-max,Benign,Uncertain significance,0.7,PM2;PP3,"Richards S, et al., Genet Med, 2015",,13.62,
1318277,DDX41,qwen3.7-max,Pathogenic,Pathogenic,0.9,PVS1;PM2,"Polprasert C, et al. JAMA Oncol. 2015",,25.63,
4986978,BRIP1,qwen3.7-max,Pathogenic,Pathogenic,0.9,PVS1;PM2,"Richards S, et al., Genet Med, 2015",,17.55,
256062,MYH3,qwen3.7-max,Benign,Likely benign,0.8,BP4;BP7,"Richards et al., Genet Med, 2015",,15.76,
4924683,KCNB1,qwen3.7-max,Pathogenic,Pathogenic,0.7,PM2;PM4,"Richards et al., Genet Med, 2015",,20.01,
304337,LIFR,qwen3.7-max,Benign,Uncertain significance,0.6,PM2;PP3,,,14.38,
2040117,KIF12,qwen3.7-max,Benign,Uncertain significance,0.7,BP7,,,11.34,
390699,COL18A1,qwen3.7-max,Pathogenic,Pathogenic,0.9,PVS1;PM2,"Richards S, et al., Genet Med, 2015",,19.07,
173537,SFTPB,qwen3.7-max,Benign,Likely benign,0.8,BP7,"Richards et al., Genet Med, 2015",,11.87,
1220302,CCDC141,qwen3.7-max,Benign,Uncertain significance,0.6,PM2;BP4,,,12.94,
174128,WHRN,qwen3.7-max,Benign,Uncertain significance,0.5,PM2,,,12.46,
1063590,PALB2,qwen3.7-max,Pathogenic,Pathogenic,0.95,PVS1;PM2,"Antoniou et al., N Engl J Med, 2014;Southey et al., J Clin Oncol, 2016",,19.0,
420550,RB1,qwen3.7-max,Pathogenic,Pathogenic,0.9,PVS1;PM2;PP3;PP4,"Lohmann DR, et al., Hum Mutat, 2003;Rushlow DE, et al., PLoS Genet, 2013",,21.2,
1534198,AP4B1,qwen3.7-max,Benign,Uncertain significance,0.5,,,,13.16,
730165,POLR1A,qwen3.7-max,Benign,Uncertain significance,0.5,PM2,,,16.93,
135741,SGCA,qwen3.7-max,Benign,Benign,0.9,BP7,"Richards et al., Genet Med, 2015",,11.82,
136045,TMEM70,qwen3.7-max,Benign,Uncertain significance,0.5,PM2,,,13.82,
18091,ARSA,qwen3.7-max,Pathogenic,Pathogenic,0.8,PM2;PP3,ClinVar,,27.82,
453783,LRBA,qwen3.7-max,Benign,Uncertain significance,0.6,PM2,"Richards S, et al., Genet Med, 2015",,11.05,
1662264,DNAH8,qwen3.7-max,Benign,Uncertain significance,0.7,,,,16.7,
1156987,IRAK4,qwen3.7-max,Benign,Uncertain significance,0.5,,,,20.46,
4955346,ATP2A2,qwen3.7-max,Pathogenic,Pathogenic,0.95,PVS1;PM2,"Ruiz-Perez VL, et al. Nat Genet. 1999;Richards S, et al. Genet Med. 2015",,16.96,
139443,ATM,qwen3.7-max,Pathogenic,Pathogenic,0.95,PVS1;PM2,"Richards S, et al., Genet Med, 2015",,17.33,
2750888,APC,qwen3.7-max,Pathogenic,Pathogenic,0.95,PVS1;PM2,"Richards et al., Genet Med, 2015",,14.07,
4801189,CDH23,qwen3.7-max,Pathogenic,Pathogenic,0.85,PVS1;PM2,"Richards et al., Genet Med, 2015",,22.38,
1056126,CHD4,qwen3.7-max,Pathogenic,Uncertain significance,0.6,PM2,"Sifrim A, et al., Nat Genet, 2016",,19.6,
256861,NPHS1,qwen3.7-max,Benign,Uncertain significance,0.6,PM2;BP4,ClinVar,,16.95,
135103,MYH3,qwen3.7-max,Benign,Likely benign,0.7,BP7,,,15.52,
4907873,HNF1A,qwen3.7-max,Pathogenic,Pathogenic,0.85,PVS1;PM2,"Ellard S, Colclough K, Hum Mutat, 2006",,19.88,
4968151,FBN2,qwen3.7-max,Pathogenic,Pathogenic,0.85,PM1;PM2;PP2;PP3,"Wang et al., Hum Mutat, 2006;Fredericks et al., Am J Med Genet A, 2003",,16.1,
54177,PKP2,qwen3.7-max,Pathogenic,Pathogenic,0.85,PVS1;PM2,"Richards S, et al., Genet Med, 2015",,21.46,
460877,JMJD1C,qwen3.7-max,Benign,Uncertain significance,0.5,,,,12.65,
1544408,FAR1,qwen3.7-max,Benign,Uncertain significance,0.6,PM2,"Richards S, et al., Genet Med, 2015",,19.48,
2134057,FOXN1,qwen3.7-max,Pathogenic,Pathogenic,0.85,PVS1;PM2,"Richards S, et al., Genet Med, 2015",,16.49,
4972025,DNAAF1,qwen3.7-max,Pathogenic,Pathogenic,0.9,PVS1;PM2,"Knowles MR, et al., N Engl J Med, 2013",,22.5,
2101490,DHX37,qwen3.7-max,Benign,Uncertain significance,0.4,PM2,,,11.27,
4812951,NF1,qwen3.7-max,Pathogenic,Pathogenic,0.95,PVS1;PM2,"Richards et al., Genetics in Medicine, 2015;ClinVar NF1 variant database",,16.92,
4899634,ADAR,qwen3.7-max,Pathogenic,Uncertain significance,0.6,PM2;PP3,"Richards et al., Genet Med, 2015",,14.95,
4958182,B4GALT7,qwen3.7-max,Pathogenic,Pathogenic,0.85,PVS1;PM2,"Malfait et al., Am J Med Genet C Semin Med Genet, 2010;Richards et al., Genet Med, 2015",,16.79,
508091,LZTR1,qwen3.7-max,Benign,Uncertain significance,0.5,,,,16.64,
100331,DMD,qwen3.7-max,Pathogenic,Pathogenic,0.95,PVS1;PM2,"Richards S, et al., Genet Med, 2015",,21.28,
1154686,LRBA,qwen3.7-max,Benign,Likely benign,0.8,BP7,"Richards et al., Genet Med, 2015",,14.81,
846879,EPG5,qwen3.7-max,Pathogenic,Pathogenic,0.9,PVS1;PM2,"Cullup et al., Am J Hum Genet, 2013",,14.07,
2739983,JAG1,qwen3.7-max,Pathogenic,Pathogenic,0.85,PVS1;PM2,"Kamath BM, et al., GeneReviews, 2012",,20.27,
29022,AKT1,qwen3.7-max,Pathogenic,Pathogenic,0.95,PS3;PM1;PP3,"Lindhurst et al., N Engl J Med, 2011",,20.28,
2751730,BRIP1,qwen3.7-max,Pathogenic,Pathogenic,0.9,PVS1;PM2,"Rafnar T et al., Nat Genet, 2011;Seal S et al., Nat Genet, 2006",,26.03,
4974117,TNXB,qwen3.7-max,Pathogenic,Pathogenic,0.85,PVS1;PM2,,,14.25,
1156812,LRP5,qwen3.7-max,Benign,Likely benign,0.7,BP4,"Richards et al., Genet Med, 2015",,19.36,
4870860,ZNF469,qwen3.7-max,Pathogenic,Pathogenic,0.85,PVS1;PM2,"Christensen AE, et al., Am J Hum Genet, 2010",,24.37,
142154,NDUFA9,qwen3.7-max,Benign,Likely benign,0.7,BP7,,,20.25,
628503,NEB,qwen3.7-max,Pathogenic,Likely benign,0.8,BP7,,,10.64,
1154119,AGBL5,qwen3.7-max,Benign,Uncertain significance,0.5,,,,11.55,
194453,DSPP,qwen3.7-max,Benign,Uncertain significance,0.6,PM2,,,16.35,
4837285,NDUFV1,qwen3.7-max,Pathogenic,Pathogenic,0.9,PVS1;PM2,ClinVar,,18.99,
140018,AFG3L2,qwen3.7-max,Benign,Uncertain significance,0.7,BP7,,,14.87,
644082,NTHL1,qwen3.7-max,Pathogenic,Pathogenic,0.95,PVS1;PM2,"Weren RD, et al., Nat Genet, 2015;Broderick P, et al., Gastroenterology, 2017",,18.22,
1546018,SLIT2,qwen3.7-max,Benign,Likely benign,0.8,BP7,"Richards S, et al., Genet Med, 2015",,13.23,
30200,HBB,qwen3.7-max,Pathogenic,Pathogenic,0.95,PS3;PM3;PP4,"Weatherall DJ, Blood, 2006;Fucharoen S, et al., Cold Spring Harb Perspect Med, 2012",,27.16,
542058,COL4A3,qwen3.7-max,Pathogenic,Pathogenic,0.9,PVS1;PM2,"Richards S, et al., Genet Med, 2015;Savige J, et al., Front Genet, 2014",,31.22,
4825798,MYBPC3,qwen3.7-max,Pathogenic,Pathogenic,0.9,PVS1;PM2,"Richards S, et al., Genet Med, 2015",,28.45,
255165,BUB1B,qwen3.7-max,Benign,Likely benign,0.7,BP7,,,13.64,
705852,MYO18B,qwen3.7-max,Benign,Likely benign,0.8,BP7,"Richards et al., Genet Med, 2015",,19.01,
1153262,IL6R,qwen3.7-max,Benign,Likely benign,0.8,BP7,"Richards S, et al., Genet Med, 2015",,11.35,
698279,EOGT,qwen3.7-max,Benign,Likely benign,0.8,BP7,"Richards et al., Genet Med, 2015",,19.21,
133768,AGRN,qwen3.7-max,Benign,Likely benign,0.8,BP7,,,15.15,
27037,G6PC1,qwen3.7-max,Pathogenic,Pathogenic,0.95,PS3;PM2;PP3,"Lei KJ, et al. J Clin Invest. 1994;Chou JY, et al. Hum Mutat. 2002",,28.96,
230797,CCDC40,qwen3.7-max,Benign,Uncertain significance,0.6,PM2;PP3,"Richards S, et al., Genet Med, 2015",,19.79,
2842226,AGXT,qwen3.7-max,Pathogenic,Pathogenic,0.85,PVS1;PM2,"Danpure CJ, et al., Am J Hum Genet, 1989",,22.89,
4898613,CACNA1A,qwen3.7-max,Pathogenic,Pathogenic,0.85,PVS1;PM2,"Richards et al., Genet Med, 2015",,21.02,
514069,DNAH9,qwen3.7-max,Pathogenic,Pathogenic,0.95,PVS1;PM2,"Wallmeier J, et al., Am J Hum Genet, 2014",,21.92,
4962378,LDLR,qwen3.7-max,Pathogenic,Pathogenic,0.9,PVS1;PM2,"Richards et al., Genet Med, 2015, ACMG/AMP guidelines;ClinVar database",,22.57,
779774,ADAMTS18,qwen3.7-max,Benign,Uncertain significance,0.6,PM2,"Richards S, et al., Genet Med, 2015",,15.87,
4931092,RNU6-1,qwen3.7-max,Pathogenic,Uncertain significance,0.5,,,,18.04,
4976302,MLH1,qwen3.7-max,Pathogenic,Pathogenic,0.9,PVS1;PM2,"Richards S, et al., Genet Med, 2015;ClinVar database",,18.19,
1530892,PNPLA1,qwen3.7-max,Benign,Uncertain significance,0.6,PM2;BP4,,,17.17,
729745,CSF2RA,qwen3.7-max,Benign,Uncertain significance,0.5,PM2;PP3,ClinVar,,22.65,
1601076,GPAA1,qwen3.7-max,Benign,Likely benign,0.8,BP7,,,16.22,
379813,TXNRD2,qwen3.7-max,Benign,Likely benign,0.7,BP7,"Richards S, et al., Genet Med, 2015",,13.07,
19375,EIF2B2,qwen3.7-max,Pathogenic,Uncertain significance,0.6,PM2;PP3,"Richards S, et al., Genet Med, 2015, ACMG/AMP guidelines",,12.91,
213817,ANO5,qwen3.7-max,Pathogenic,Pathogenic,0.95,PVS1;PM2,"Bolduc et al., Am J Hum Genet, 2010",,19.14,
308561,LMBRD1,qwen3.7-max,Benign,Uncertain significance,0.5,PM2,,,14.0,
2998934,NF1,qwen3.7-max,Pathogenic,Pathogenic,0.95,PVS1;PM2,"Fahsold et al., Am J Hum Genet, 2000;Messiaen et al., Hum Mutat, 2000",,13.56,
452062,TFG,qwen3.7-max,Benign,Uncertain significance,0.6,PM2;BP7,,,18.88,
58639,PKD1;TSC2,qwen3.7-max,Benign,Uncertain significance,0.5,,,,19.77,
25782,GLA,qwen3.7-max,Pathogenic,Pathogenic,0.95,PVS1;PM2,"Germain DP, Orphanet J Rare Dis, 2010;Eng CM, Am J Hum Genet, 1994",,21.8,
247398,CTNNB1,qwen3.7-max,Pathogenic,Pathogenic,0.95,PVS1;PM2,"de Ligt et al., N Engl J Med, 2012;Kuechler et al., Hum Mutat, 2015",,22.52,
1275574,RIPOR2,qwen3.7-max,Benign,Likely benign,0.85,BP7,"Richards S, et al., Genet Med, 2015",,15.53,
2095704,ADGRE2,qwen3.7-max,Benign,Uncertain significance,0.6,PM2;PP3,,,15.69,
201157,SLC2A1,qwen3.7-max,Pathogenic,Pathogenic,0.85,PM1;PM2;PP3,"Klepper et al., Neurology, 2001;De Giorgis et al., J Inherit Metab Dis, 2012",,22.41,
243643,TXNRD2,qwen3.7-max,Benign,Likely benign,0.9,BP7,"Richards et al., Genet Med, 2015",,14.27,
31747,MEN1,qwen3.7-max,Pathogenic,Uncertain significance,0.6,PM4,,,18.71,
1574486,UBR1,qwen3.7-max,Benign,Uncertain significance,0.5,,,,16.06,
985016,PKD1,qwen3.7-max,Pathogenic,Pathogenic,0.95,PVS1;PM2,"Cornec-Le Gall E, et al., Am J Hum Genet, 2013;Audrezet MP, et al., Hum Mutat, 2012",,16.84,
4951749,FBN1,qwen3.7-max,Pathogenic,Pathogenic,0.95,PVS1;PM2,"Richards et al., Genet Med, 2015;Faivre et al., Hum Mutat, 2007",,20.27,
496803,C6,qwen3.7-max,Pathogenic,Pathogenic,0.85,PVS1;PM2,"Richards S, et al., Genet Med, 2015",,14.31,
4930097,KMT2A,qwen3.7-max,Pathogenic,Pathogenic,0.9,PVS1;PM2,"Richards et al., Genet Med, 2015",,21.99,
779681,SORL1,qwen3.7-max,Benign,Uncertain significance,0.6,,,,15.73,
320633,ALX4,qwen3.7-max,Benign,Benign,0.9,BP7,,,9.83,
4799642,F9,qwen3.7-max,Pathogenic,Pathogenic,0.75,PM2;PP3;PM1,"Thompson AR, et al., Hum Mutat, 2004;Peyvandi F, et al., J Thromb Haemost, 2012",,23.31,
3784389,COL2A1,qwen3.7-max,Pathogenic,Pathogenic,0.9,PVS1;PM2,"Richards S, et al., Genet Med, 2015",,27.8,
253033,DNAAF11,qwen3.7-max,Benign,Uncertain significance,0.5,PM2,,,17.13,
192436,FBXO7,qwen3.7-max,Benign,Uncertain significance,0.6,PM2,,,12.76,
646449,AXIN2,qwen3.7-max,Pathogenic,Pathogenic,0.85,PVS1;PM2,"Lammi L, et al., Am J Hum Genet, 2004;Marvin ML, et al., Clin Genet, 2011",,23.27,
446972,SLC35A3,qwen3.7-max,Benign,Uncertain significance,0.4,,,,30.25,
135297,OCRL,qwen3.7-max,Benign,Uncertain significance,0.5,PM2,,,14.52,
536159,DYSF,qwen3.7-max,Pathogenic,Pathogenic,0.85,PVS1;PM2,"Richards S, et al., Genet Med, 2015;Abou Tayoun AN, et al., Genet Med, 2018",,16.38,
4962474,MDGA2,qwen3.7-max,Pathogenic,Uncertain significance,0.5,PVS1;PM2,,,25.48,
1015335,AXIN2,qwen3.7-max,Pathogenic,Pathogenic,0.9,PVS1;PM2,"Lammi L, et al., Am J Hum Genet, 2004",,17.86,
308330,DST,qwen3.7-max,Benign,Uncertain significance,0.6,PM2;PP3,"Richards S, et al., Genet Med, 2015",,19.02,
1210304,OTOG,qwen3.7-max,Pathogenic,Pathogenic,0.85,PVS1;PM2,"Richards S, et al., Genet Med, 2015",,12.74,
1648808,ZDBF2,qwen3.7-max,Benign,Uncertain significance,0.8,,,,18.78,
1662134,ATRX,qwen3.7-max,Benign,Uncertain significance,0.5,,,,19.2,
256638,SMCHD1,qwen3.7-max,Benign,Benign,0.9,BP7,"Richards et al., Genet Med, 2015",,14.02,
134276,COLQ,qwen3.7-max,Benign,Uncertain significance,0.6,PM2;PP3,,,15.24,
108522,PAH,qwen3.7-max,Pathogenic,Pathogenic,0.8,PM1;PM2;PP3,"ClinVar, 2023",,18.79,
134969,LRP2,qwen3.7-max,Benign,Likely benign,0.8,BP7,,,17.71,
4986862,RB1,qwen3.7-max,Benign,Likely benign,0.7,BP4,,,15.6,
703589,KATNIP,qwen3.7-max,Benign,Likely benign,0.8,BP7,,,17.02,
4934573,PTCH1,qwen3.7-max,Pathogenic,Pathogenic,0.95,PVS1;PM2,"Richards et al., Genet Med, 2015",,14.9,
252295,TNXB,qwen3.7-max,Benign,Likely benign,0.8,BP7,,,15.16,
1013805,CRX,qwen3.7-max,Pathogenic,Pathogenic,0.9,PVS1;PM2,,,20.32,
1063924,NF1,qwen3.7-max,Pathogenic,Pathogenic,0.9,PVS1;PM2,"Messiaen et al., Hum Mutat, 2000;Fahsold et al., Am J Hum Genet, 2000",,24.78,
521247,SPINK5,qwen3.7-max,Benign,Uncertain significance,0.4,PM4,,,17.2,
488239,TRAP1,qwen3.7-max,Benign,Uncertain significance,0.5,PM2,,,14.48,
4799649,MRPS14,qwen3.7-max,Pathogenic,Uncertain significance,0.5,,,,15.23,
672452,LDLR,qwen3.7-max,Pathogenic,Pathogenic,0.95,PVS1;PM2,"Hobbs HH, Hum Mutat, 1992;Fouchier SW, Hum Mutat, 2005",,20.7,
250726,XDH,qwen3.7-max,Benign,Uncertain significance,0.6,PM2;BP4,,,16.51,
250045,AGL,qwen3.7-max,Benign,Uncertain significance,0.5,PM2;PP3,,,17.05,
4967679,ATM,qwen3.7-max,Pathogenic,Pathogenic,0.95,PVS1;PM2,"Richards et al., Genet Med, 2015;ClinVar",,19.53,
23472,PMP22,qwen3.7-max,Pathogenic,Pathogenic,0.8,PM2;PP3,"Lupski et al., Nat Genet, 1996;Roa et al., Neurology, 1996",,19.7,
4943227,SIX1,qwen3.7-max,Pathogenic,Pathogenic,0.95,PVS1;PM2,"Richards et al., Genet Med, 2015",,13.28,
4930808,RAG1,qwen3.7-max,Pathogenic,Pathogenic,0.85,PVS1;PM2,"Richards S, et al., Genet Med, 2015",,20.57,
3191989,KDM2B,qwen3.7-max,Benign,Uncertain significance,0.6,PM2,,,18.76,
1060105,APC,qwen3.7-max,Pathogenic,Pathogenic,0.95,PVS1,"Richards S, et al., Genet Med, 2015",,16.26,
441908,SLC12A3,qwen3.7-max,Pathogenic,Pathogenic,0.85,PVS1;PM2,"Richards et al., Genet Med, 2015",,17.47,
846911,SMAD4,qwen3.7-max,Pathogenic,Pathogenic,0.9,PVS1;PM2,"Richards S, et al., Genet Med, 2015",,16.36,
1313164,FANCA,qwen3.7-max,Pathogenic,Pathogenic,0.95,PVS1;PM2,"Morgan NV, et al., Hum Mutat, 2008",,18.79,
182930,CDKN2A,qwen3.7-max,Pathogenic,Uncertain significance,0.6,PM4,"Richards S, et al., Genet Med, 2015",,18.89,
134957,LRP2,qwen3.7-max,Benign,Uncertain significance,0.5,,,,13.7,
140821,DNAJB2,qwen3.7-max,Benign,Uncertain significance,0.6,BP7,,,16.23,
1417736,BLM,qwen3.7-max,Pathogenic,Pathogenic,0.85,PVS1;PM2,"Richards S, et al., Genet Med, 2015",,16.54,
448030,CEP104,qwen3.7-max,Benign,Likely benign,0.8,BP7,"Richards et al., Genet Med, 2015",,16.31,
17382,MCEE,qwen3.7-max,Pathogenic,Pathogenic,0.9,PVS1;PM2,"Richards S, et al., Genet Med, 2015",,22.4,
257103,ACTN4,qwen3.7-max,Benign,Likely benign,0.8,BP7,"Richards S, et al., Genet Med, 2015",,15.28,
409907,RAD51D,qwen3.7-max,Pathogenic,Pathogenic,0.95,PVS1;PM2,"Richards S, et al., Genet Med, 2015;ClinVar",,18.07,
4967050,ABCA4,qwen3.7-max,Pathogenic,Pathogenic,0.85,PVS1;PM2,"Richards et al., Genet Med, 2015",,17.62,
4798149,RPGR,qwen3.7-max,Pathogenic,Pathogenic,0.85,PVS1;PM2,"Richards et al., Genet Med, 2015",,15.55,
2065249,ALPK1,qwen3.7-max,Benign,Likely benign,0.7,BP7,,,18.24,
1156723,SERPING1,qwen3.7-max,Benign,Uncertain significance,0.5,PM2,,,15.89,
190296,IFITM5,qwen3.7-max,Benign,Uncertain significance,0.5,PM2,,,14.7,
32044,GJB2,qwen3.7-max,Pathogenic,Pathogenic,0.95,PVS1;PM2,"Shearer AE, et al., Hum Mutat, 2013;Snoeckx RL, et al., Hum Mutat, 2005",,16.7,
254144,WT1,qwen3.7-max,Benign,Likely benign,0.8,BP7,,,12.8,
338340,KRT9,qwen3.7-max,Benign,Likely benign,0.8,BP7,"Richards et al., Genet Med, 2015",,22.96,
414164,BMPR2,qwen3.7-max,Pathogenic,Uncertain significance,0.6,PM2;PP3,"Richards et al., Genet Med, 2015",,20.35,
700366,CTSB,qwen3.7-max,Benign,Likely benign,0.8,BP7,"Richards et al., Genet Med, 2015",,14.04,
17060,SLC6A19,qwen3.7-max,Benign,Uncertain significance,0.5,PM2,,,17.02,
1281837,CASZ1,qwen3.7-max,Benign,Likely benign,0.8,BP7,,,15.6,
67604,KCNQ1,qwen3.7-max,Pathogenic,Pathogenic,0.85,PM1;PM2;PP3;PS4,"Kapplinger JD, Heart Rhythm, 2009;Splawski I, Science, 1997",,20.44,
4956327,MVK,qwen3.7-max,Pathogenic,Pathogenic,0.95,PVS1;PM2,"Houten SM, et al. Hum Mol Genet. 1999;8(4):551-556.",,18.41,
4986928,DICER1,qwen3.7-max,Pathogenic,Pathogenic,0.95,PVS1;PM2,"Slade I, et al., Nature, 2011;Foulkes WD, et al., N Engl J Med, 2014",,22.03,
337941,TRPV3,qwen3.7-max,Benign,Likely benign,0.8,BP7,,,18.16,
851531,RB1,qwen3.7-max,Pathogenic,Pathogenic,0.95,PVS1;PM2,"Richards S et al., Genet Med, 2015;ClinGen SVI Splicing Recommendations, 2020",,15.65,
55371,PDZD7,qwen3.7-max,Benign,Benign,0.9,BP7,"Richards et al., Genet Med, 2015",,13.52,
378452,IQSEC2,qwen3.7-max,Benign,Benign,0.8,BP7,"Richards S, et al., Genet Med, 2015",,13.47,
581314,CCM2,qwen3.7-max,Pathogenic,Pathogenic,0.85,PVS1;PM2,"Richards S, et al., Genet Med, 2015;ClinVar database",,16.9,
4967656,MLH1,qwen3.7-max,Pathogenic,Pathogenic,0.95,PVS1;PM2;PP3,"ClinVar, 2023",,30.19,
4987024,BRCA1,qwen3.7-max,Pathogenic,Pathogenic,0.95,PVS1;PM2,"Richards S, et al., Genet Med, 2015;ClinGen BRCA1/BRCA2 VCEP Guidelines, 2023",,16.68,
4924673,FGF14,qwen3.7-max,Pathogenic,Uncertain significance,0.6,PM2;PP3,,,13.47,
1156048,COL27A1,qwen3.7-max,Benign,Likely benign,0.7,BP7,,,14.62,
1269815,TCF4,qwen3.7-max,Benign,Uncertain significance,0.4,,,,14.42,
4959712,VPS13C,qwen3.7-max,Pathogenic,Pathogenic,0.9,PVS1;PM2,"Lesage S, et al., Nat Genet, 2016",,20.21,
2101811,SALL4,qwen3.7-max,Benign,Likely benign,0.8,BP7,,,21.0,
2898656,ABCB11,qwen3.7-max,Pathogenic,Pathogenic,0.9,PVS1;PM2,"Strautnieks SS, Nat Genet, 1998;Richards S, Genet Med, 2015",,26.11,
4960921,CFAP20,qwen3.7-max,Pathogenic,Uncertain significance,0.5,PM2,,,14.87,
1302769,TANGO2,qwen3.7-max,Pathogenic,Pathogenic,0.9,PVS1;PM2,"Miyake et al., Nat Genet, 2016",,24.75,
723745,COL17A1,qwen3.7-max,Benign,Uncertain significance,0.5,PM2,,,12.48,
514270,CHD7,qwen3.7-max,Pathogenic,Pathogenic,0.95,PVS1;PM2,"Vissers LE, Nature, 2004;Bergman JE, Hum Mutat, 2011",,17.93,
4986696,RB1,qwen3.7-max,Benign,Uncertain significance,0.5,,,,11.1,
254230,SMPD1,qwen3.7-max,Benign,Likely benign,0.85,BP7,"Richards et al., Genet Med, 2015",,16.08,
4978866,COL5A2,qwen3.7-max,Pathogenic,Pathogenic,0.85,PM1;PM2;PP3,"Symoens et al., Hum Mutat, 2012",,23.69,
420674,TP53,qwen3.7-max,Pathogenic,Pathogenic,0.95,PVS1;PM2;PS4,"Fortuno C, et al., Genet Med, 2018;ClinVar",,21.02,
713171,C2CD3,qwen3.7-max,Benign,Likely benign,0.8,BP7,"Richards et al., Genet Med, 2015",,12.85,
98377,GAA,qwen3.7-max,Benign,Likely benign,0.7,BP7,"Richards et al., Genet Med, 2015",,20.16,
1166656,SMARCA2,qwen3.7-max,Pathogenic,Pathogenic,0.85,PM2;PP3;PS2,"Sousa SB, et al., Am J Med Genet A, 2012;Van Houdt JK, et al., Nat Genet, 2012",,19.56,
134536,FLNC,qwen3.7-max,Benign,Likely benign,0.8,BP7,"Richards S, et al., Genet Med, 2015",,19.56,
1159204,MRTFA,qwen3.7-max,Benign,Uncertain significance,0.5,,,,20.53,
4836478,BRCA2,qwen3.7-max,Pathogenic,Pathogenic,0.95,PVS1;PM2,"ClinVar, NCBI, 2023;ENIGMA Consortium, Hum Mutat, 2012",,9.88,
4986982,CTNNA1,qwen3.7-max,Pathogenic,Pathogenic,0.9,PVS1;PM2,"Richards et al., Genet Med, 2015",,14.63,
1393539,TSC1,qwen3.7-max,Pathogenic,Pathogenic,0.95,PVS1;PM2,"Richards S, et al., Genet Med, 2015;ClinVar, 2023",,19.62,
4952377,SDHAF2,qwen3.7-max,Pathogenic,Pathogenic,0.85,PVS1;PM2,"Bayley JP, Nat Genet, 2010;Hao HX, Nature, 2009",,23.34,
1527998,DNAH9,qwen3.7-max,Benign,Likely benign,0.9,BP7,"Richards et al., Genet Med, 2015",,19.23,
1531930,POC5,qwen3.7-max,Benign,Uncertain significance,0.4,PM2,"Richards et al., Genet Med, 2015",,16.09,
703595,SRRM2,qwen3.7-max,Benign,Likely benign,0.8,BP7,"Richards et al., Genet Med, 2015",,14.05,
2047697,DDX41,qwen3.7-max,Benign,Uncertain significance,0.5,,,,15.08,
777697,ARHGEF10,qwen3.7-max,Benign,Uncertain significance,0.6,,,,19.72,
1158679,PALM,qwen3.7-max,Benign,Uncertain significance,0.5,,,,12.81,
475863,ATM,qwen3.7-max,Pathogenic,Pathogenic,0.9,PVS1;PM2,"ClinVar;Richards et al., Genet Med, 2015",,22.08,
1216383,VPS13D,qwen3.7-max,Benign,Uncertain significance,0.6,BP7,"Richards et al., Genet Med, 2015",,14.89,
372273,STT3A,qwen3.7-max,Benign,Uncertain significance,0.6,PM2;BP4,,,14.31,
815738,STK11,qwen3.7-max,Pathogenic,Pathogenic,0.85,PVS1;PM2,"Richards S, et al., Genet Med, 2015",,27.97,
966887,NF1,qwen3.7-max,Pathogenic,Pathogenic,0.95,PVS1;PM2,"Richards S, et al., Genet Med, 2015;ClinVar",,19.57,
4959862,CFTR,qwen3.7-max,Pathogenic,Pathogenic,0.9,PVS1;PM2,"Richards et al., Genet Med, 2015",,25.1,
467579,NF1,qwen3.7-max,Pathogenic,Pathogenic,0.95,PVS1;PM2;PP3,"Messiaen LM et al., Hum Mutat, 2000;Richards S et al., Genet Med, 2015",,27.12,
4181888,RPGRIP1L,qwen3.7-max,Pathogenic,Pathogenic,0.85,PVS1;PM2,"Richards et al., Genet Med, 2015",,18.7,
29178,MYH3,qwen3.7-max,Pathogenic,Pathogenic,0.95,PS4;PM1;PM2;PP3,"Toydemir RM, et al., Nat Genet, 2006;Chong SS, et al., Am J Hum Genet, 2003",,23.61,
177630,COL11A1,qwen3.7-max,Benign,Likely benign,0.7,BP7,"Richards S, et al., Genet Med, 2015",,21.41,
1535239,PPP2R5B,qwen3.7-max,Benign,Uncertain significance,0.6,,,,13.68,
1662115,HMCN1,qwen3.7-max,Benign,Uncertain significance,0.5,,,,12.37,
169933,DCX,qwen3.7-max,Pathogenic,Pathogenic,0.95,PVS1;PM2,"Des Portes V, et al., Cell, 1998;Gleeson JG, et al., Cell, 1998",,15.2,
1156675,TH,qwen3.7-max,Benign,Uncertain significance,0.5,,,,17.58,
140881,DTNA,qwen3.7-max,Benign,Uncertain significance,0.7,BP7,,,11.93,
1631921,SCN3A,qwen3.7-max,Benign,Uncertain significance,0.6,BP7,"Richards S, et al., Genet Med, 2015",,18.25,
2048116,NIN,qwen3.7-max,Benign,Uncertain significance,0.5,,,,8.8,
1545503,HDAC8,qwen3.7-max,Benign,Likely benign,0.8,BP7,"Richards S, et al., Genet Med, 2015",,14.3,
285266,ITGA6,qwen3.7-max,Benign,Likely benign,0.7,BP7,,,13.05,
526003,IL10RA,qwen3.7-max,Benign,Uncertain significance,0.6,PM2;PP3,"Richards S, et al., Genet Med, 2015",,18.77,
1248534,PRKCSH,qwen3.7-max,Benign,Benign,0.85,BP1;BP4,"Li et al., Am J Hum Genet, 2003;Davila et al., Nat Genet, 2004",,24.66,
99165,RYR1,qwen3.7-max,Benign,Likely benign,0.9,BP7,"Richards S, et al., Genet Med, 2015",,12.33,
1661072,CACNA1H,qwen3.7-max,Benign,Uncertain significance,0.6,BP4;BP7,"Richards et al., Genet Med, 2015",,15.35,
2931679,FOCAD,qwen3.7-max,Benign,Likely benign,0.7,BP7,,,16.1,
221277,MSH6,qwen3.7-max,Pathogenic,Pathogenic,0.95,PVS1;PM2,ClinVar;ACMG/AMP 2015 guidelines,,15.16,
4961197,KMT2D,qwen3.7-max,Pathogenic,Pathogenic,0.9,PVS1;PM2,"Ng SB, et al., Nat Genet, 2010",,21.86,
167865,BIN1,qwen3.7-max,Benign,Likely benign,0.8,BP7,,,11.85,
245636,LDLR,qwen3.7-max,Pathogenic,Pathogenic,0.95,PVS1;PM2,"Richards S, et al., Genet Med, 2015",,15.11,
1249862,PKD1L1,qwen3.7-max,Benign,Likely benign,0.7,BP7,,,21.45,
168684,MCPH1,qwen3.7-max,Benign,Uncertain significance,0.6,PM2;BP4,"Richards S, et al., Genet Med, 2015",,12.85,
755143,ITGAM,qwen3.7-max,Benign,Likely benign,0.8,BP7,,,18.0,
142624,RMRP,qwen3.7-max,Benign,Uncertain significance,0.5,,,,13.07,
708315,CCDC88A,qwen3.7-max,Benign,Uncertain significance,0.5,,,,18.82,
801094,ABCB4,qwen3.7-max,Pathogenic,Pathogenic,0.95,PVS1;PM2,"Jacquemin E, et al., Gastroenterology, 1998;Richards S, et al., Genet Med, 2015",,21.58,
3557020,MLH3,qwen3.7-max,Pathogenic,Pathogenic,0.85,PVS1;PM2,"ClinVar, NCBI, 2023;Plon SE et al., Hum Mutat, 2008",,19.6,
391527,SCN3A,qwen3.7-max,Benign,Likely benign,0.8,BP7,"Richards S, et al., Genet Med, 2015",,20.49,
424406,SGPL1,qwen3.7-max,Pathogenic,Uncertain significance,0.5,PM2;PP3,"Lovric S, et al., Nat Genet, 2017",,18.81,
3212982,COL6A3,qwen3.7-max,Pathogenic,Pathogenic,0.9,PVS1;PM2,"Butterfield et al., Hum Mutat, 2013",,22.05,
4967671,TMEM127,qwen3.7-max,Pathogenic,Pathogenic,0.85,PVS1;PM2,"Yao L, et al., Nat Genet, 2010",,19.3,
3169538,HMOX1,qwen3.7-max,Pathogenic,Pathogenic,0.85,PVS1;PM2,"Richards S, et al., Genet Med, 2015",,19.88,
609758,HK1,qwen3.7-max,Benign,Likely benign,0.8,BP7,,,12.69,
4984453,FAM149B1,qwen3.7-max,Pathogenic,Pathogenic,0.8,PVS1;PM2,,,19.54,
285029,ACVR1,qwen3.7-max,Benign,Uncertain significance,0.6,BP7,,,12.44,
715178,CTU2,qwen3.7-max,Benign,Likely benign,0.8,BP7,"Richards et al., Genet Med, 2015",,11.02,
230276,P2RX2,qwen3.7-max,Benign,Uncertain significance,0.4,PM2,,,12.0,
1571979,EIF2AK2,qwen3.7-max,Benign,Likely benign,0.8,BP7,"Richards S, et al., Genet Med, 2015",,15.23,
168857,KMT2A,qwen3.7-max,Benign,Likely benign,0.7,BP7,"Richards S, et al., Genet Med, 2015",,13.35,
311384,AP5Z1,qwen3.7-max,Benign,Uncertain significance,0.4,,,,14.96,
403614,DNAAF3,qwen3.7-max,Pathogenic,Pathogenic,0.85,PVS1;PM2,"Onoufriadis A, et al., Am J Hum Genet, 2013",,17.07,
2910207,ATM,qwen3.7-max,Pathogenic,Pathogenic,0.95,PVS1;PM2,"Richards S, et al., Genet Med, 2015;ClinGen SVI Recommendations for PVS1, 2018",,26.63,
4847289,INPP5E,qwen3.7-max,Pathogenic,Pathogenic,0.95,PVS1;PM2,"Bielas et al., Nat Genet, 2009",,24.46,
577948,PHEX,qwen3.7-max,Pathogenic,Pathogenic,0.95,PVS1;PM2,ClinVar,,15.51,
705426,POFUT1,qwen3.7-max,Benign,Uncertain significance,0.4,PM2,,,18.3,
333215,FANCI,qwen3.7-max,Benign,Likely benign,0.7,BP7,"Richards et al., Genet Med, 2015",,14.83,
190345,TPRN,qwen3.7-max,Benign,Uncertain significance,0.6,PM2,,,16.31,
1274151,SLMAP,qwen3.7-max,Benign,Uncertain significance,0.5,,,,12.94,
1058915,RAB3GAP1,qwen3.7-max,Pathogenic,Pathogenic,0.9,PVS1;PM2,"Aligianis et al., Nat Genet, 2005",,17.13,
3392296,MLH3,qwen3.7-max,Pathogenic,Pathogenic,0.85,PVS1;PM2,"Richards et al., Genet Med, 2015",,16.94,
4907091,WDR45,qwen3.7-max,Pathogenic,Pathogenic,0.9,PVS1;PM2,"Haack TB, et al., Am J Hum Genet, 2012",,18.76,
4981733,CDKN1B,qwen3.7-max,Pathogenic,Pathogenic,0.9,PVS1;PM2,"Pellegata et al., PNAS, 2006",,17.28,
141285,ELP1,qwen3.7-max,Benign,Uncertain significance,0.5,,,,15.96,
4943432,LRRC7,qwen3.7-max,Pathogenic,Uncertain significance,0.0,,,,8.46,
1157207,RNF31,qwen3.7-max,Benign,Likely benign,0.7,BP7,"Richards et al., Genet Med, 2015",,14.77,
511253,HMGCL,qwen3.7-max,Pathogenic,Pathogenic,0.9,PVS1;PM2,"Richards S, et al., Genet Med, 2015",,22.52,
4927684,CFTR,qwen3.7-max,Pathogenic,Pathogenic,0.95,PVS1;PM2,ClinVar;CFTR2,,16.43,
4974785,BRCA2,qwen3.7-max,Pathogenic,Pathogenic,0.99,PVS1;PM2,"ClinVar, 2023;ENIGMA Consortium, 2023",,16.09,
4928048,GNE,qwen3.7-max,Pathogenic,Pathogenic,0.95,PVS1;PM2,"Eisenberg et al., Nature Genetics, 2001;Nishino et al., Nature Genetics, 2002",,20.71,
30497,HBB,qwen3.7-max,Pathogenic,Benign,0.85,BP4;BP7,"ClinVar, NCBI, 2023",,16.74,
237651,ABCA4,qwen3.7-max,Pathogenic,Uncertain significance,0.6,PM2;PP3,ClinVar,,11.38,
4850784,RARS2,qwen3.7-max,Pathogenic,Pathogenic,0.95,PVS1;PM2,"Edvardson S, et al., Am J Hum Genet, 2007",,13.88,
168622,CHD7,qwen3.7-max,Benign,Likely benign,0.8,BP7,"Richards S, et al., Genet Med, 2015",,12.78,
429997,BRIP1,qwen3.7-max,Pathogenic,Pathogenic,0.85,PVS1;PM2,"Seal S, et al., Nat Genet, 2006;Tavtigian SV, et al., Nat Genet, 2006",,16.28,
1164573,SCARF2,qwen3.7-max,Benign,Likely benign,0.8,BP7,"Richards S, et al., Genet Med, 2015",,21.14,
1892086,SKIC2,qwen3.7-max,Pathogenic,Pathogenic,0.85,PVS1;PM2,"Richards S, et al., Genet Med, 2015",,19.06,
2109738,MAN2B1,qwen3.7-max,Pathogenic,Pathogenic,0.95,PVS1;PM2,"Berg T, et al., Am J Hum Genet, 1999",,19.41,
27039,G6PC1,qwen3.7-max,Pathogenic,Pathogenic,0.9,PVS1;PM2,"Lei KJ, et al. J Clin Invest. 1993;Chou JY, et al. Curr Mol Med. 2002",,25.01,
257371,SALL4,qwen3.7-max,Benign,Likely benign,0.85,BP4;BP7,"Richards et al., Genet Med, 2015",,19.69,
299693,ANTXR2,qwen3.7-max,Benign,Likely benign,0.8,BP7,"Richards S, et al., Genet Med, 2015",,14.82,
4866877,IFT140,qwen3.7-max,Pathogenic,Pathogenic,0.85,PVS1;PM2,"Richards et al., Genet Med, 2015",,17.84,
4975651,FH,qwen3.7-max,Pathogenic,Pathogenic,0.9,PVS1;PM2,"Richards et al., Genet Med, 2015",,27.03,
1314922,LARP7,qwen3.7-max,Pathogenic,Pathogenic,0.9,PVS1;PM2,"Alazami et al., Am J Hum Genet, 2012",,25.46,
131896,SMARCA4,qwen3.7-max,Benign,Likely benign,0.8,BP7,"Richards et al., Genet Med, 2015",,18.07,
339597,SPTLC2,qwen3.7-max,Benign,Likely benign,0.8,BP7,"Richards et al., Genet Med, 2015",,15.33,
2848606,PTEN,qwen3.7-max,Pathogenic,Pathogenic,0.95,PVS1;PM2,"Richards et al., Genet Med, 2015;ClinGen PTEN Variant Curation Expert Panel, 2020",,18.94,
22858,PTEN,qwen3.7-max,Pathogenic,Pathogenic,0.95,PVS1;PM2,"Marsh DJ, Hum Mol Genet, 1997;Eng C, Nat Rev Genet, 2003",,18.16,
3112497,FLNC,qwen3.7-max,Pathogenic,Pathogenic,0.85,PVS1;PM2,"Richards et al., Genet Med, 2015;Tayoun et al., Genet Med, 2018",,16.79,
4898657,NPR2,qwen3.7-max,Pathogenic,Pathogenic,0.85,PVS1;PM2,"Wang et al., Am J Hum Genet, 2012",,23.44,
4970946,SMARCE1,qwen3.7-max,Pathogenic,Pathogenic,0.95,PVS1;PM2,"Smith MJ, et al., Nat Genet, 2013;Tsurusako A, et al., Am J Med Genet A, 2013",,16.72,
4844204,ASPM,qwen3.7-max,Pathogenic,Pathogenic,0.85,PVS1;PM2,"Bond et al., Nat Genet, 2002",,18.21,
574384,NF1,qwen3.7-max,Pathogenic,Pathogenic,0.9,PVS1;PM2,"Richards S, et al., Genet Med, 2015",,32.57,
140387,CD320,qwen3.7-max,Benign,Uncertain significance,0.5,PM2,,,16.76,
4945794,MLH1,qwen3.7-max,Pathogenic,Pathogenic,0.95,PVS1;PM2,"Richards et al., Genetics in Medicine, 2015",,20.74,
420801,NF1,qwen3.7-max,Pathogenic,Pathogenic,0.95,PVS1;PM2,"Messiaen LM, et al., Hum Mutat, 2000;ACMG/AMP guidelines, Genet Med, 2015",,19.6,
722039,GNMT,qwen3.7-max,Benign,Likely benign,0.8,BP7,"Richards S, et al., Genet Med, 2015",,20.52,
496342,SCN5A,qwen3.7-max,Pathogenic,Pathogenic,0.95,PVS1;PM2,"Richards S, et al., Genet Med, 2015",,20.04,
4906410,TTN,qwen3.7-max,Pathogenic,Pathogenic,0.8,PVS1,"Richards S, et al., Genet Med, 2015",,23.27,
1157683,LAT,qwen3.7-max,Benign,Uncertain significance,0.5,,,,12.02,
451002,NLRC4,qwen3.7-max,Benign,Benign,0.9,BP7,"Richards et al., Genet Med, 2015",,14.0,
1156682,KCNQ1,qwen3.7-max,Benign,Uncertain significance,0.6,,,,19.0,
3121991,DYRK1B,qwen3.7-max,Benign,Uncertain significance,0.5,,,,21.13,
840788,BRCA2,qwen3.7-max,Pathogenic,Pathogenic,0.95,PVS1,ClinVar;ENIGMA Consortium,,17.47,
1616763,POC5,qwen3.7-max,Benign,Likely benign,0.8,BP7,"Richards et al., Genet Med, 2015",,16.62,
447352,CD247,qwen3.7-max,Benign,Likely benign,0.8,BP7,,,19.59,
371163,SFXN4,qwen3.7-max,Benign,Uncertain significance,0.5,,,,19.97,
231012,SYNE4,qwen3.7-max,Benign,Likely benign,0.85,BP4;BP7,"Richards S, et al., Genet Med, 2015",,28.87,
4960935,OPHN1,qwen3.7-max,Pathogenic,Pathogenic,0.85,PVS1,"Richards et al., Genet Med, 2015",,21.35,
39291,KIF22,qwen3.7-max,Pathogenic,Pathogenic,0.85,PM1;PM2;PM5;PP3,"Boyden ED, et al., Am J Hum Genet, 2011",,27.1,
4837401,FANCE,qwen3.7-max,Pathogenic,Pathogenic,0.95,PVS1;PM2,"Wang et al., Nat Genet, 2001",,17.23,
4957296,ABCB11,qwen3.7-max,Pathogenic,Pathogenic,0.9,PVS1;PM2,"Richards S, et al., Genet Med, 2015",,27.3,
425622,PURA,qwen3.7-max,Pathogenic,Pathogenic,0.95,PVS1;PM2,"Reijnders et al., Am J Hum Genet, 2015",,15.78,
4957249,ABCB11,qwen3.7-max,Pathogenic,Pathogenic,0.85,PVS1;PM2,"Strautnieks SS, Nat Genet, 1998",,27.48,
1553507,MRPS34,qwen3.7-max,Benign,Pathogenic,0.85,PVS1;PM2,"Lake NJ, Am J Hum Genet, 2017",,17.81,
2819913,SLC6A1,qwen3.7-max,Benign,Uncertain significance,0.6,,,,19.35,
52885,RYR2,qwen3.7-max,Benign,Uncertain significance,0.5,,,,20.16,
455418,DOCK2,qwen3.7-max,Benign,Likely benign,0.7,BP7,,,15.6,
906386,WFS1,qwen3.7-max,Pathogenic,Pathogenic,0.85,PVS1;PM2,"Barrett TG, et al., Nat Genet, 1998",,26.24,
1687492,SLC6A1,qwen3.7-max,Benign,Uncertain significance,0.5,BP7,"Richards S, et al., Genet Med, 2015",,21.4,
1630679,MAMLD1,qwen3.7-max,Benign,Uncertain significance,0.6,PM2;BP4,"Kalfa N, et al., J Clin Endocrinol Metab, 2008;Chen Y, et al., J Urol, 2012",,18.45,
4959657,CD40,qwen3.7-max,Pathogenic,Pathogenic,0.85,PVS1;PM2,"Richards S, et al., Genet Med, 2015",,23.08,
1064106,NF1,qwen3.7-max,Pathogenic,Pathogenic,0.95,PVS1;PM2,"Messiaen et al., Hum Mutat, 2000;Fahsold et al., Am J Hum Genet, 2000",,23.31,
1251096,CEP104,qwen3.7-max,Benign,Uncertain significance,0.5,,,,18.39,
2977539,MAN2B1,qwen3.7-max,Pathogenic,Pathogenic,0.95,PVS1;PM2,"Richards S, et al., Genet Med, 2015",,17.73,
4971044,ATM,qwen3.7-max,Pathogenic,Pathogenic,0.95,PVS1;PM2,"Richards S, et al., Genet Med, 2015",,16.52,
4958623,KIAA0586,qwen3.7-max,Pathogenic,Pathogenic,0.85,PVS1;PM2,"Bachmann-Gagescu R, et al., Nat Genet, 2015",,27.5,
1572682,NDUFS7,qwen3.7-max,Benign,Likely benign,0.8,BP7,,,15.56,
839965,PFKM,qwen3.7-max,Pathogenic,Pathogenic,0.85,PVS1;PM2,"ACMG/AMP guidelines, Genet Med, 2015;Raben et al., Nat Genet, 1994",,21.05,
4803684,CDHR1,qwen3.7-max,Pathogenic,Pathogenic,0.85,PVS1;PM2,"Richards S, et al., Genet Med, 2015",,21.36,
1593844,TYMP,qwen3.7-max,Benign,Uncertain significance,0.5,,,,16.23,
135846,SYNE1,qwen3.7-max,Benign,Uncertain significance,0.7,PM2;BP4,,,17.06,
1652005,POC5,qwen3.7-max,Benign,Uncertain significance,0.5,PM2,,,13.01,
1657650,C2CD3,qwen3.7-max,Benign,Benign,0.9,BP7,"Richards et al., Genet Med, 2015",,15.7,
335871,AARS1,qwen3.7-max,Benign,Likely benign,0.8,BP7,"Richards et al., Genet Med, 2015",,16.94,
4966922,SCYL1,qwen3.7-max,Pathogenic,Pathogenic,0.85,PVS1;PM2,"Richards et al., Genet Med, 2015",,25.32,
4837091,GJB1,qwen3.7-max,Pathogenic,Pathogenic,0.9,PVS1;PM2,"Richards S, et al., Genet Med, 2015",,24.06,
1618015,SEC24D,qwen3.7-max,Benign,Uncertain significance,0.6,,,,14.62,
701177,TCF7L2,qwen3.7-max,Benign,Uncertain significance,0.6,,,,15.55,
731013,HERC1,qwen3.7-max,Benign,Uncertain significance,0.8,,,,13.25,
4982741,GAA,qwen3.7-max,Pathogenic,Pathogenic,0.95,PVS1;PM2,ClinVar,,29.5,
4986922,PALB2,qwen3.7-max,Pathogenic,Pathogenic,0.95,PVS1;PM2,"Richards et al., Genet Med, 2015;Tavtigian et al., Genet Med, 2018",,19.33,
250591,COL4A4,qwen3.7-max,Benign,Benign,0.9,BP7,"Richards S, et al., Genet Med, 2015",,11.16,
132116,PALB2,qwen3.7-max,Pathogenic,Pathogenic,0.95,PVS1;PM2,"Antoniou AC, et al., N Engl J Med, 2014;Southey MC, et al., J Clin Oncol, 2016",,15.63,
1623854,KIF1A,qwen3.7-max,Benign,Uncertain significance,0.7,BP7,"Richards et al., Genet Med, 2015",,18.59,
496140,CDC14A,qwen3.7-max,Benign,Likely benign,0.8,BP7,"Richards S, et al., Genet Med, 2015",,13.38,
238294,SZT2,qwen3.7-max,Benign,Likely benign,0.85,BP4;BP7,"Richards et al., Genet Med, 2015",,15.8,
4827896,MFRP,qwen3.7-max,Pathogenic,Pathogenic,0.9,PVS1;PM2,"Ayala-Ramirez et al., Invest Ophthalmol Vis Sci, 2006",,23.07,
200154,ASL,qwen3.7-max,Pathogenic,Pathogenic,0.95,PVS1;PM2,"ClinVar, 2023",,20.9,
447190,PLEKHM2,qwen3.7-max,Benign,Likely benign,0.8,BP7,"Richards S, et al., Genet Med, 2015",,15.71,
1157853,ADAMTS18,qwen3.7-max,Benign,Likely benign,0.7,BP7,"Richards et al., Genet Med, 2015",,13.23,
4969943,APC,qwen3.7-max,Pathogenic,Pathogenic,0.95,PVS1;PM2,"Nishisho I, et al., Science, 1991;Groden J, et al., Cell, 1991",,58.09,
631127,NGLY1,qwen3.7-max,Pathogenic,Pathogenic,0.9,PVS1;PM2,"Enns et al., Am J Hum Genet, 2014",,19.13,
1934843,PKD2,qwen3.7-max,Pathogenic,Pathogenic,0.95,PVS1;PM2,"Richards S, et al., Genet Med, 2015;Pei Y, et al., Hum Mutat, 2001",,21.17,
3609157,ATM,qwen3.7-max,Pathogenic,Pathogenic,0.9,PVS1;PM2,"Richards S, et al., Genet Med, 2015;ClinGen ATM VCEP specifications",,25.12,
1623240,KIZ,qwen3.7-max,Benign,Uncertain significance,0.5,,,,15.15,
1281379,TTN,qwen3.7-max,Benign,Uncertain significance,0.6,,,,17.08,
518154,IFT172,qwen3.7-max,Benign,Uncertain significance,0.5,PM2,,,18.64,
4836697,GRIN1,qwen3.7-max,Pathogenic,Pathogenic,0.95,PVS1;PM2,"Lemke JR, Am J Hum Genet, 2012",,15.51,
711947,RIGI,qwen3.7-max,Benign,Likely benign,0.7,BP7,,,17.44,
1060283,DNAH5,qwen3.7-max,Pathogenic,Pathogenic,0.9,PVS1;PM2,"Richards et al., Genet Med, 2015",,20.61,
4954662,CHD8,qwen3.7-max,Pathogenic,Pathogenic,0.95,PVS1;PM2,"Bernier R, et al., Cell, 2014",,15.01,
4795545,PSMB10,qwen3.7-max,Benign,Uncertain significance,0.6,BP7,"Richards S, et al., Genet Med, 2015, ACMG/AMP guidelines",,19.04,
2905088,CYP7B1,qwen3.7-max,Pathogenic,Pathogenic,0.9,PVS1;PM2,"Richards S, et al., Genet Med, 2015",,20.02,
195608,TRIOBP,qwen3.7-max,Benign,Uncertain significance,0.7,PM2;PM4,"Shahin H, et al., Science, 2002;Shearer AE, et al., Hum Mutat, 2013",,24.93,
252984,COL1A2,qwen3.7-max,Benign,Benign,0.9,BP7,"Richards et al., Genet Med, 2015",,14.15,
1054199,ALDOB,qwen3.7-max,Pathogenic,Uncertain significance,0.6,PM2;PP3,ClinVar,,20.22,
3540149,PROS1,qwen3.7-max,Pathogenic,Pathogenic,0.85,PVS1;PM2,"Richards et al., Genet Med, 2015",,23.97,
4962460,CXCR2,qwen3.7-max,Pathogenic,Uncertain significance,0.5,,,,21.36,
4898125,ELANE,qwen3.7-max,Pathogenic,Pathogenic,0.85,PVS1;PM2;PP3,"Germeshausen et al., Blood, 2007;Klein et al., Blood, 2007",,27.02,
2118376,TRAK1,qwen3.7-max,Benign,Likely benign,0.8,BP7,"Richards et al., Genet Med, 2015",,13.81,
703674,CLUAP1,qwen3.7-max,Benign,Uncertain significance,0.5,,,,13.04,
4957357,ATP8B1,qwen3.7-max,Pathogenic,Pathogenic,0.9,PVS1;PM2,"Richards S, et al., Genet Med, 2015;Tayoun ANA, et al., Genet Med, 2018",,24.45,
4907991,BRCA1,qwen3.7-max,Pathogenic,Pathogenic,0.95,PVS1;PM2,ClinGen BRCA1 VCEP guidelines;ACMG/ClinGen SV guidelines,,19.94,
763694,HPS3,qwen3.7-max,Benign,Likely benign,0.8,BP7,"Richards et al., Genet Med, 2015",,12.79,
2523685,KCNQ2,qwen3.7-max,Pathogenic,Pathogenic,0.85,PVS1;PM2,"Richards S, et al., Genet Med, 2015",,25.85,
278642,LAMB3,qwen3.7-max,Benign,Uncertain significance,0.4,PM2;PP3,,,17.38,
1631859,ERBB4,qwen3.7-max,Benign,Uncertain significance,0.5,,,,12.37,
19820,LDLRAP1,qwen3.7-max,Pathogenic,Pathogenic,0.9,PVS1;PM2,"ClinVar, 2023",,21.45,
2975645,PALB2,qwen3.7-max,Pathogenic,Pathogenic,0.9,PVS1;PM2,"Richards S, et al., Genet Med, 2015",,27.23,
46972,GNPTAB,qwen3.7-max,Pathogenic,Uncertain significance,0.6,PM2;PP3,,,14.44,
4934380,COL7A1,qwen3.7-max,Pathogenic,Pathogenic,0.9,PVS1;PM2,"Richards S, et al., Genet Med, 2015",,18.14,
2797026,APC,qwen3.7-max,Pathogenic,Pathogenic,0.95,PVS1;PM2,"Nishisho I, Science, 1991;Groden J, Cell, 1991",,13.37,
963293,SOS2,qwen3.7-max,Benign,Uncertain significance,0.5,,,,16.17,
1601784,IFT57,qwen3.7-max,Benign,Likely benign,0.7,BP7,,,18.24,
359643,BRAF,qwen3.7-max,Pathogenic,Pathogenic,0.85,PM1;PM2;PP3,"Niihori et al., Nat Genet, 2006;Rodriguez-Viciana et al., Nature, 2006",,25.26,
2841693,PMS2,qwen3.7-max,Pathogenic,Pathogenic,0.85,PVS1;PM2,"Richards S, et al., Genet Med, 2015",,28.67,
325146,KMT2D,qwen3.7-max,Benign,Uncertain significance,0.6,PM2,,,17.64,
52959,RYR2,qwen3.7-max,Benign,Uncertain significance,0.7,PM2;BP4,,,15.04,
3194479,GCK,qwen3.7-max,Pathogenic,Pathogenic,0.85,PVS1;PM2,"Richards et al., Genet Med, 2015",,29.65,
4967680,BRCA1,qwen3.7-max,Pathogenic,Pathogenic,0.95,PVS1;PM2,"Richards et al., Genet Med, 2015",,22.62,
1608530,JAK3,qwen3.7-max,Benign,Uncertain significance,0.6,PM2;BP4,"Richards S, et al., Genet Med, 2015",,13.56,
4958862,ARID1B,qwen3.7-max,Pathogenic,Pathogenic,0.95,PVS1;PM2,"Hoyer J, Am J Hum Genet, 2012;Santen GW, Nat Genet, 2012",,18.84,
722559,PKD1L1,qwen3.7-max,Benign,Uncertain significance,0.5,BP7,,,22.5,
1175651,MYO15A,qwen3.7-max,Pathogenic,Pathogenic,0.95,PVS1;PM2,"Friedman TB, et al., Science, 1998",,21.98,
551522,ABCA4,qwen3.7-max,Pathogenic,Pathogenic,0.95,PVS1;PS3;PM2,"Sangermano et al., Genet Med, 2019;Zernant et al., Hum Mutat, 2014",,23.84,
1521957,SLC41A1,qwen3.7-max,Benign,Benign,0.9,BP7,,,10.09,
2751146,APC,qwen3.7-max,Pathogenic,Pathogenic,0.95,PVS1,"Richards S, et al., Genet Med, 2015;Nishisho I, et al., Science, 1991",,15.94,
4986614,GALNT12,qwen3.7-max,Benign,Likely benign,0.7,BP7,,,12.44,
215177,COL11A1,qwen3.7-max,Benign,Uncertain significance,0.4,PM2,"Richards S, et al., Genet Med, 2015",,16.87,
2955371,BUB1,qwen3.7-max,Benign,Likely benign,0.7,BP4,"Richards S, et al., Genet Med, 2015",,20.51,
4854694,COMP,qwen3.7-max,Pathogenic,Pathogenic,0.85,PM1;PM2;PP3,"Maddox et al., J Biol Chem, 2000;Czarny-Ratajczak et al., Hum Mutat, 2001",,23.97,
730602,COL27A1,qwen3.7-max,Benign,Uncertain significance,0.6,PM2,,,18.24,
4803428,LPIN2,qwen3.7-max,Pathogenic,Pathogenic,0.8,PVS1;PM2,"Ferguson PJ, Nat Genet, 2005",,17.29,
4971069,UBE3A,qwen3.7-max,Pathogenic,Pathogenic,0.9,PVS1;PM2,"Kishino T, Nat Genet, 1997;Matsuura T, Nat Genet, 1997",,26.33,
4974849,BRCA2,qwen3.7-max,Pathogenic,Pathogenic,0.95,PVS1;PM2,"Richards S, et al., Genet Med, 2015",,12.51,
1211612,SPEG,qwen3.7-max,Benign,Uncertain significance,0.6,BP7,"Richards S, et al., Genet Med, 2015",,15.93,
720560,DNAH1,qwen3.7-max,Benign,Likely benign,0.7,BP7,,,16.68,
508480,PLS3,qwen3.7-max,Benign,Likely benign,0.8,BP7,"Richards et al., Genet Med, 2015",,15.14,
363461,TP53,qwen3.7-max,Pathogenic,Pathogenic,0.85,PM1;PM2;PP3,"Kato S, et al., Proc Natl Acad Sci U S A, 2003;ClinVar",,29.07,
4924991,GBA1,qwen3.7-max,Pathogenic,Pathogenic,0.9,PVS1;PM2,"Hruska KS et al., Hum Mutat, 2008",,24.57,
245976,LDLR,qwen3.7-max,Pathogenic,Pathogenic,0.95,PVS1;PM2,"Richards S, et al., Genet Med, 2015;ClinVar",,23.28,
30440,HBB,qwen3.7-max,Pathogenic,Pathogenic,0.9,PVS1;PM2,"Richards S, et al., Genet Med, 2015",,37.0,
40447,MYOZ2,qwen3.7-max,Benign,Uncertain significance,0.5,,,,19.23,
1061138,KRIT1,qwen3.7-max,Pathogenic,Pathogenic,0.95,PVS1;PM2,"Richards S, et al., Genet Med, 2015",,15.55,
2414747,GAA,qwen3.7-max,Pathogenic,Pathogenic,0.9,PVS1;PM2,"Richards et al., Genet Med, 2015",,20.53,
4934963,LDLR,qwen3.7-max,Pathogenic,Pathogenic,0.85,PVS1;PM2,"Richards S, et al., Genet Med, 2015;Riggs ER, et al., Genet Med, 2020",,20.34,
4967689,FH,qwen3.7-max,Pathogenic,Pathogenic,0.9,PVS1;PM2,"Richards et al., Genet Med, 2015",,20.22,
1649318,PLOD3,qwen3.7-max,Benign,Uncertain significance,0.5,BP7,,,15.45,
27817,SDHB,qwen3.7-max,Pathogenic,Pathogenic,0.95,PVS1;PM2,"Baysal BE, Science, 2000;Astuti D, Am J Hum Genet, 2001",,19.07,
281507,TACSTD2,qwen3.7-max,Benign,Uncertain significance,0.6,PM2;BP4,"Richards et al., Genet Med, 2015",,16.07,
1155597,KIAA1549,qwen3.7-max,Benign,Likely benign,0.8,BP7,"Richards S, et al., Genet Med, 2015",,16.73,
1155127,SLC9A3,qwen3.7-max,Benign,Likely benign,0.8,BP7,,,12.89,
1159506,CDKL5,qwen3.7-max,Benign,Benign,0.8,BP7,"Richards et al., Genet Med, 2015",,17.92,
777647,TRRAP,qwen3.7-max,Benign,Uncertain significance,0.8,,,,17.97,
191883,CACNA1A,qwen3.7-max,Benign,Likely benign,0.8,BP7,"Richards S, et al., Genet Med, 2015",,9.97,
2429781,BRCA2,qwen3.7-max,Pathogenic,Pathogenic,0.95,PVS1;PM2,ClinVar;gnomAD,,13.25,
1341979,NEXN,qwen3.7-max,Pathogenic,Pathogenic,0.85,PVS1;PM2,"Richards S, et al., Genet Med, 2015;ClinVar",,20.27,
22997,MYOC,qwen3.7-max,Benign,Uncertain significance,0.6,PM2,,,14.92,
1087595,WDR11,qwen3.7-max,Pathogenic,Pathogenic,0.85,PVS1;PM2,"Kim HG et al., Am J Hum Genet, 2010",,16.5,
139986,ACTN2,qwen3.7-max,Benign,Likely benign,0.9,BP7,"Richards et al., Genet Med, 2015",,11.48,
719468,CERKL,qwen3.7-max,Benign,Uncertain significance,0.8,PM2,,,14.94,
4819230,NPHP3,qwen3.7-max,Pathogenic,Pathogenic,0.9,PVS1;PM2,"Richards S, et al., Genet Med, 2015;Hildebrandt F, et al., Nat Genet, 1997",,15.84,
4822422,GALT,qwen3.7-max,Pathogenic,Uncertain significance,0.6,PM2;PP3,ClinVar,,19.89,
269651,ABCB11,qwen3.7-max,Pathogenic,Pathogenic,0.85,PVS1;PM2,"Richards S, et al., Genet Med, 2015;Strauss KA, et al., Hepatology, 2013",,19.22,
1835490,SMARCA4,qwen3.7-max,Pathogenic,Pathogenic,0.9,PVS1;PM2,"Witkowski et al., Nat Genet, 2014;Tsurusaki et al., Nat Genet, 2012",,22.9,
4866766,"covers 17 genes, none of which curated to show dosage sensitivity",qwen3.7-max,Pathogenic,Uncertain significance,0.6,,,,17.11,
134393,DYSF,qwen3.7-max,Benign,Likely benign,0.85,BP7,"Richards et al., Genet Med, 2015",,13.87,
4800990,COG2,qwen3.7-max,Pathogenic,Pathogenic,0.9,PVS1;PM2,"Foulquier F, Hum Mol Genet, 2007",,25.43,
379235,EMD,qwen3.7-max,Pathogenic,Pathogenic,0.95,PVS1;PM2,"Bonne et al., Nat Genet, 1994",,15.85,
3118525,NAXE,qwen3.7-max,Pathogenic,Pathogenic,0.85,PVS1;PM2,ClinVar,,19.4,
1639623,ANXA11,qwen3.7-max,Benign,Uncertain significance,0.5,BP7,,,17.87,
467997,EPG5,qwen3.7-max,Benign,Uncertain significance,0.5,PM2,"Richards et al., Genet Med, 2015",,16.99,
4930259,KMT2A,qwen3.7-max,Pathogenic,Pathogenic,0.95,PVS1;PM2,"Jones WD, et al., Am J Hum Genet, 2012",,18.69,
1158272,DSG1,qwen3.7-max,Benign,Likely benign,0.8,BP7,,,15.34,
1635346,IFT56,qwen3.7-max,Benign,Likely benign,0.8,BP7,,,22.07,
1541718,RUSC2,qwen3.7-max,Benign,Uncertain significance,0.5,PM2,,,15.23,
1311705,GBA1,qwen3.7-max,Pathogenic,Pathogenic,0.85,PVS1;PM2,"Richards S, et al., Genet Med, 2015",,25.23,
4938974,NF2,qwen3.7-max,Pathogenic,Pathogenic,0.9,PVS1;PM2,"Evans DG, GeneReviews, 2021",,26.27,
213829,CAPN3,qwen3.7-max,Pathogenic,Pathogenic,0.75,PM2;PM1;PP3,"ClinVar, 2023",,19.85,
1926327,DCTN1,qwen3.7-max,Benign,Uncertain significance,0.8,,,,12.68,
729498,HCFC1,qwen3.7-max,Benign,Likely benign,0.85,BP4;BP7,"Richards et al., Genet Med, 2015",,21.44,
57669,USH2A,qwen3.7-max,Benign,Uncertain significance,0.6,PM2;BP4,"Richards S, et al., Genet Med, 2015",,13.58,
176150,ABCA3,qwen3.7-max,Benign,Likely benign,0.8,BP7,"Richards et al., Genet Med, 2015",,16.25,
3557065,MLH3,qwen3.7-max,Pathogenic,Pathogenic,0.85,PVS1;PM2,"Palles C, et al., Nat Genet, 2013;Richards S, et al., Genet Med, 2015",,18.94,
320977,CUBN,qwen3.7-max,Benign,Likely benign,0.8,BP7,"Richards et al., Genet Med, 2015",,14.88,
1432007,IFNAR1,qwen3.7-max,Pathogenic,Pathogenic,0.85,PVS1;PM2,"Richards et al., Genet Med, 2015",,24.25,
3106974,RPE65,qwen3.7-max,Pathogenic,Pathogenic,0.9,PVS1;PM2,"Marlhens F, et al. Nat Genet. 1997;17(2):139-140.",,27.63,
544814,STAR,qwen3.7-max,Pathogenic,Pathogenic,0.85,PVS1;PM2,"Bose HS, et al., N Engl J Med, 1996;Richards S, et al., Genet Med, 2015",,19.05,
1588563,FBN3,qwen3.7-max,Benign,Benign,0.9,BP7,"Richards et al., Genet Med, 2015",,14.09,
536394,ATM,qwen3.7-max,Pathogenic,Pathogenic,0.85,PVS1;PM2,"Richards S, et al., Genet Med, 2015;Tavtigian SV, et al., Hum Mutat, 2018",,19.83,
250620,COL4A3,qwen3.7-max,Benign,Pathogenic,0.85,PM1;PM2;PP3,"Savige J et al., Front Genet, 2014;Savige J et al., Hum Mutat, 2016",,23.93,
793065,PKD2,qwen3.7-max,Pathogenic,Pathogenic,0.85,PVS1;PM2,"Cornec-Le Gall E, et al., Am J Hum Genet, 2013;ACMG/AMP 2015 guidelines",,13.08,
4933937,CLCN1,qwen3.7-max,Pathogenic,Pathogenic,0.9,PVS1;PM2,"Richards S, et al., Genet Med, 2015",,21.84,
4930258,MARK2,qwen3.7-max,Pathogenic,Pathogenic,0.8,PVS1;PM2,"Richards S, et al., Genet Med, 2015",,14.38,
1464417,ATM,qwen3.7-max,Pathogenic,Pathogenic,0.95,PVS1;PM2,"Richards et al., Genet Med, 2015",,16.82,
205416,NF1,qwen3.7-max,Pathogenic,Pathogenic,0.7,PM2;PP3,"ClinVar, 2023",,17.59,
1651271,CLCN6,qwen3.7-max,Benign,Uncertain significance,0.5,,,,16.77,
306689,ELN,qwen3.7-max,Benign,Benign,0.85,BP4;BP7,"Richards S, et al., Genet Med, 2015, ACMG/AMP guidelines",,17.13,
2739571,TP53,qwen3.7-max,Pathogenic,Pathogenic,0.95,PVS1;PM2,"ClinVar, 2023;gnomAD, 2023",,19.84,
422158,NF1,qwen3.7-max,Pathogenic,Pathogenic,0.95,PVS1,"Messiaen LM, et al. Hum Mutat. 2000;Fahsold R, et al. Am J Hum Genet. 2000",,18.74,
4873294,TBXAS1,qwen3.7-max,Pathogenic,Pathogenic,0.9,PVS1;PM2,"Richards et al., Genet Med, 2015",,15.34,
4866882,KMT2D,qwen3.7-max,Pathogenic,Pathogenic,0.95,PVS1;PM2,"Ng et al., Nat Genet, 2010;Richards et al., Genet Med, 2015",,18.17,
4199743,GLA,qwen3.7-max,Pathogenic,Pathogenic,0.95,PVS1;PM2,"Germain DP, J Inherit Metab Dis, 2010",,14.9,
4959891,C1S,qwen3.7-max,Benign,Uncertain significance,0.5,,,,14.71,
905706,PMP22,qwen3.7-max,Benign,Uncertain significance,0.4,,,,17.69,
278227,CFHR5,qwen3.7-max,Benign,Uncertain significance,0.5,,,,12.64,
4925155,SMCHD1,qwen3.7-max,Pathogenic,Pathogenic,0.85,PVS1;PM2,"Richards et al., Genet Med, 2015",,21.43,
453753,LRBA,qwen3.7-max,Benign,Uncertain significance,0.5,PM2,,,17.32,
1782278,BCS1L,qwen3.7-max,Pathogenic,Pathogenic,0.85,PVS1;PM2,"Richards S, et al., Genet Med, 2015",,14.95,
1155063,IL7R,qwen3.7-max,Benign,Uncertain significance,0.6,,,,20.38,
102139,MMAB,qwen3.7-max,Benign,Uncertain significance,0.5,PM2,,,17.1,
323364,POLR3A,qwen3.7-max,Benign,Uncertain significance,0.5,,,,15.98,
4799528,DARS2,qwen3.7-max,Pathogenic,Uncertain significance,0.5,PM2,,,14.71,
4850572,CCN6,qwen3.7-max,Pathogenic,Pathogenic,0.9,PVS1;PM2,"Spranger et al., Nat Genet, 1999",,15.21,
4959665,ABCG8,qwen3.7-max,Pathogenic,Pathogenic,0.9,PVS1;PM2,"Lu K et al., Nat Genet, 2001",,20.48,
1317546,PKDCC,qwen3.7-max,Benign,Likely benign,0.8,BP7,"Richards et al., Genet Med, 2015",,13.91,
212296,CCDC39,qwen3.7-max,Pathogenic,Pathogenic,0.95,PVS1;PM2,"Merveille et al., Am J Hum Genet, 2011",,16.45,
4874554,ACADSB,qwen3.7-max,Benign,Uncertain significance,0.7,BP7,,,15.97,
378611,TXNRD2,qwen3.7-max,Benign,Uncertain significance,0.7,BP7,"Richards et al., Genet Med, 2015",,15.32,
1253950,TRIP13,qwen3.7-max,Benign,Uncertain significance,0.5,PM2,,,13.14,
453938,APC,qwen3.7-max,Pathogenic,Pathogenic,0.95,PVS1,"Richards S, et al., Genet Med, 2015;Fearnhead N, et al., Hum Mol Genet, 2001",,16.11,
1636636,TUBB2A,qwen3.7-max,Benign,Pathogenic,0.85,PM1;PM2;PP3,"Poirier K, et al., Am J Hum Genet, 2013",,25.07,
1489470,HADHA,qwen3.7-max,Pathogenic,Pathogenic,0.9,PVS1;PM2,"Richards S, et al. Genet Med. 2015",,25.39,
431705,EYS,qwen3.7-max,Pathogenic,Pathogenic,0.85,PVS1;PM2,"Richards et al., Genet Med, 2015",,15.67,
250890,UMPS,qwen3.7-max,Benign,Likely benign,0.8,BP7,"Richards S, et al., Genet Med, 2015",,15.2,
4967696,APC,qwen3.7-max,Pathogenic,Pathogenic,0.95,PVS1;PM2,"Groden J, et al., Cell, 1991;Leppert M, et al., Science, 1991",,17.74,
23023,TWIST1,qwen3.7-max,Pathogenic,Pathogenic,0.95,PVS1;PM2,"el Ghouzzi V et al., Nat Genet, 1997;Howard TD et al., Nat Genet, 1997",,19.48,
135597,RFX6,qwen3.7-max,Benign,Likely benign,0.8,BP7,"Richards et al., Genet Med, 2015",,16.73,
4961924,COL1A1,qwen3.7-max,Pathogenic,Pathogenic,0.95,PVS1;PM2,"Richards et al., Genet Med, 2015;Willing et al., Nat Genet, 1992",,18.89,
140304,NDUFAF5,qwen3.7-max,Benign,Uncertain significance,0.5,,,,12.84,
2820215,FBXW7,qwen3.7-max,Benign,Uncertain significance,0.9,,,,13.75,
249611,CACNA1S,qwen3.7-max,Benign,Uncertain significance,0.4,PM2;BP4,"Richards et al., Genet Med, 2015",,14.68,
2094108,CPAMD8,qwen3.7-max,Benign,Likely benign,0.8,BP7,,,16.9,
1544268,HMBS,qwen3.7-max,Benign,Uncertain significance,0.6,,,,15.99,
251268,FLNB,qwen3.7-max,Benign,Likely benign,0.8,BP7,,,12.34,
641420,CEP290,qwen3.7-max,Pathogenic,Pathogenic,0.9,PVS1;PM2,"Richards et al., Genet Med, 2015",,21.36,
1402551,KMT2D,qwen3.7-max,Benign,Uncertain significance,0.6,PM2,,,16.03,
184531,NF1,qwen3.7-max,Pathogenic,Pathogenic,0.9,PVS1;PM2,"Messiaen et al., Hum Mutat, 2000;Fahsold et al., Hum Mutat, 2000",,26.64,
4932128,NCAPD3,qwen3.7-max,Benign,Uncertain significance,0.6,PM2;PP3,,,10.14,
1156837,PDE2A,qwen3.7-max,Benign,Uncertain significance,0.6,BP7,"Richards et al., Genet Med, 2015",,16.66,
137224,ALK,qwen3.7-max,Benign,Uncertain significance,0.6,PM2,,,15.37,
756270,ALOXE3,qwen3.7-max,Benign,Likely benign,0.9,BP7,,,14.0,
4847580,ERCC6,qwen3.7-max,Pathogenic,Pathogenic,0.95,PVS1;PM2,ClinVar,,17.15,
254902,INF2,qwen3.7-max,Benign,Likely benign,0.8,BP7,"Richards S, et al., Genet Med, 2015",,16.04,
101854,SELENON,qwen3.7-max,Pathogenic,Pathogenic,0.9,PVS1;PM2,"Ferreiro A, et al., Neurology, 2004;Richards S, et al., Genet Med, 2015",,24.88,
700562,GSR,qwen3.7-max,Benign,Uncertain significance,0.6,PM2,,,13.47,
550527,ARSB,qwen3.7-max,Pathogenic,Pathogenic,0.95,PVS1;PM2,"ClinVar, 2023;gnomAD, 2023",,17.06,
57163,USH1C,qwen3.7-max,Benign,Uncertain significance,0.6,PM2,,,15.97,
2972000,PTS,qwen3.7-max,Pathogenic,Pathogenic,0.9,PVS1;PM2,"Richards S, et al., Genet Med, 2015",,22.65,
2855883,DICER1,qwen3.7-max,Pathogenic,Pathogenic,0.9,PVS1;PM2,"Slade I, et al. Nature. 2011;471(7339):512-515",,18.03,
1544433,FBN3,qwen3.7-max,Benign,Uncertain significance,0.6,PM2,,,20.9,
300830,DST,qwen3.7-max,Benign,Uncertain significance,0.7,BP7,"Richards S, et al., Genet Med, 2015",,23.98,
1524302,KRT6B,qwen3.7-max,Benign,Uncertain significance,0.6,PM2;PP3,"Smith FJD, et al., J Invest Dermatol, 2005",,27.43,
1059653,CLRN1,qwen3.7-max,Pathogenic,Pathogenic,0.95,PVS1;PM2,"Richards S, et al. Genet Med. 2015;Adato A, et al. Hum Mol Genet. 2002",,18.15,
943673,BAP1,qwen3.7-max,Pathogenic,Pathogenic,0.95,PVS1;PM2,"Testa JR et al., Nat Genet, 2011;Popova T et al., Am J Hum Genet, 2013",,18.06,
4898550,KIAA0586,qwen3.7-max,Pathogenic,Pathogenic,0.9,PVS1;PM2,"Roosing S, et al. Am J Hum Genet. 2015",,18.17,
442316,COL18A1,qwen3.7-max,Benign,Uncertain significance,0.5,,,,16.99,
4931058,UBAP1L,qwen3.7-max,Pathogenic,Uncertain significance,0.5,,,,17.13,
1622296,KREMEN1,qwen3.7-max,Benign,Likely benign,0.9,BP7,"Richards S, et al., Genet Med, 2015",,15.43,
440012,PIK3R1,qwen3.7-max,Pathogenic,Pathogenic,0.85,PVS1;PM2,"Richards S, et al., Genet Med, 2015",,23.54,
1273487,LRRC56,qwen3.7-max,Benign,Uncertain significance,0.4,PM2,,,19.65,
1648442,SBF1,qwen3.7-max,Benign,Uncertain significance,0.5,,,,13.69,
1710108,ZNF462,qwen3.7-max,Benign,Likely benign,0.7,BP7,,,17.25,
719329,ACVR1,qwen3.7-max,Benign,Likely benign,0.8,BP7,"Richards et al., Genet Med, 2015",,17.99,
53618,MYH6,qwen3.7-max,Benign,Likely benign,0.8,BP7,"Richards S, et al., Genet Med, 2015",,19.56,
4934401,SPG7,qwen3.7-max,Pathogenic,Pathogenic,0.9,PVS1;PM2,"Casari et al., Am J Hum Genet, 1998",,23.58,
4847728,LAMB3,qwen3.7-max,Pathogenic,Pathogenic,0.9,PVS1;PM2,"Richards S, et al., Genet Med, 2015, ACMG/AMP guidelines for variant interpretation",,22.36,
1818548,ATM,qwen3.7-max,Pathogenic,Pathogenic,0.9,PVS1;PM2,"Richards et al., Genet Med, 2015;ClinGen ATM VCEP guidelines",,22.39,
3093069,AR,qwen3.7-max,Benign,Uncertain significance,0.5,PM2,,,19.28,
4900561,SUFU,qwen3.7-max,Pathogenic,Pathogenic,0.9,PVS1;PM2,"Richards S, et al., Genet Med, 2015",,37.13,
1199733,CKAP2L,qwen3.7-max,Benign,Uncertain significance,0.6,PM2;PP3,,,12.15,
1863360,PKD1,qwen3.7-max,Pathogenic,Pathogenic,0.95,PVS1;PM2,"Cornec-Le Gall E, Am J Hum Genet, 2013;Richards S, Genet Med, 2015",,17.59,
100806,COL6A3,qwen3.7-max,Benign,Likely benign,0.8,BP7,,,19.01,
991882,RELN,qwen3.7-max,Benign,Likely benign,0.8,BP7,"Richards S, et al., Genet Med, 2015",,16.55,
4824372,HEXA,qwen3.7-max,Pathogenic,Pathogenic,0.85,PM2;PM1;PP3,"Richards S, et al., Genet Med, 2015, ACMG/AMP guidelines",,22.46,
212399,APC,qwen3.7-max,Pathogenic,Pathogenic,0.99,PVS1;PM2,ClinVar;gnomAD,,17.4,
2524544,EYA1,qwen3.7-max,Pathogenic,Pathogenic,0.95,PVS1;PM2,"Abdelhak S, et al., Nat Genet, 1997;Richards S, et al., Genet Med, 2015",,23.58,
4847297,MMUT,qwen3.7-max,Pathogenic,Pathogenic,0.9,PVS1;PM2,"Richards S, et al., Genet Med, 2015",,18.89,
1548964,KRT6B,qwen3.7-max,Benign,Likely benign,0.8,BP7,"Richards et al., Genet Med, 2015",,13.91,
4907886,B3GALNT2,qwen3.7-max,Pathogenic,Pathogenic,0.85,PVS1;PM2,"Stevens E, et al., Am J Hum Genet, 2013",,22.68,
135697,SCN8A,qwen3.7-max,Benign,Likely benign,0.8,BP7,"Richards S, et al., Genet Med, 2015",,20.32,
268359,CAPN3,qwen3.7-max,Pathogenic,Pathogenic,0.85,PVS1;PM2,"Richards et al., Genet Med, 2015",,17.52,
1167757,LAMA5,qwen3.7-max,Benign,Likely benign,0.8,BP7,,,13.28,
4877443,MIPEP,qwen3.7-max,Pathogenic,Pathogenic,0.9,PVS1;PM2,"Richards et al., Genet Med, 2015",,16.44,
222413,DICER1,qwen3.7-max,Pathogenic,Pathogenic,0.9,PVS1;PM2,"Slade et al., Nature, 2011;Hill et al., Hum Mutat, 2013",,23.64,
167898,CPLANE1,qwen3.7-max,Benign,Likely benign,0.8,BP7,"Richards S, et al., Genet Med, 2015",,13.26,
638388,VPS13A,qwen3.7-max,Pathogenic,Pathogenic,0.85,PVS1;PM2,"Richards et al., Genet Med, 2015",,26.85,
314996,CUBN,qwen3.7-max,Benign,Uncertain significance,0.5,PM2,,,16.37,
4956478,CIC,qwen3.7-max,Pathogenic,Pathogenic,0.85,PVS1;PM2,"Lu et al., Am J Hum Genet, 2017",,22.8,
3010756,DLST,qwen3.7-max,Benign,Uncertain significance,0.6,PM2;PP3,,,14.76,
45526,TGFBR2,qwen3.7-max,Benign,Likely benign,0.9,BP7,"Richards et al., Genet Med, 2015",,16.46,
1573749,UNC80,qwen3.7-max,Benign,Uncertain significance,0.5,,,,13.96,
26916,PRSS1,qwen3.7-max,Pathogenic,Pathogenic,0.95,PS4;PM2;PP1;PP3,"Ferec et al., Nat Genet, 1999;Howes et al., Hum Mutat, 2004",,25.12,
4961894,TNFAIP3,qwen3.7-max,Pathogenic,Pathogenic,0.85,PVS1;PM2,"Zhou Q, Nat Genet, 2016",,19.47,
906390,GCK,qwen3.7-max,Pathogenic,Pathogenic,0.85,PM1;PM2;PP3,ClinVar;OMIM,,24.62,
4960622,MSH2,qwen3.7-max,Pathogenic,Pathogenic,0.95,PVS1;PM2,"Kansikas et al., Hum Mutat, 2017;ClinVar InSiGHT",,35.72,
577497,PKD1,qwen3.7-max,Pathogenic,Pathogenic,0.95,PVS1;PM2,"Richards S, et al., Genet Med, 2015;Cornec-Le Gall E, et al., Am J Hum Genet, 2013",,20.59,
2161479,CCDC39,qwen3.7-max,Pathogenic,Pathogenic,0.85,PVS1;PM2,"Merveille et al., Am J Hum Genet, 2011",,16.37,
4962947,SLURP1,qwen3.7-max,Pathogenic,Pathogenic,0.95,PVS1;PM2,"Fischer et al., Am J Hum Genet, 2001;Charfeddine et al., Am J Hum Genet, 2003",,18.32,
644051,NTHL1,qwen3.7-max,Pathogenic,Pathogenic,0.85,PVS1;PM2,"Richards S, et al., Genet Med, 2015",,22.29,
985109,PKD1,qwen3.7-max,Pathogenic,Pathogenic,0.9,PVS1;PM2,"Cornec-Le Gall E, et al., Am J Hum Genet, 2013",,20.82,
4967567,CLCN1,qwen3.7-max,Pathogenic,Likely benign,0.8,BP7,,,17.8,
570850,NF1,qwen3.7-max,Pathogenic,Pathogenic,0.85,PVS1,"Richards S, et al., Genet Med, 2015",,16.76,
1153449,PLXNA2,qwen3.7-max,Benign,Uncertain significance,0.5,,,,16.88,
4963462,PCCB,qwen3.7-max,Pathogenic,Uncertain significance,0.8,,"Richards S, et al., Genet Med, 2015",,15.25,
4960326,TCF4,qwen3.7-max,Pathogenic,Pathogenic,0.85,PVS1;PM2,"Richards et al., Genet Med, 2015;Amiel et al., Nat Genet, 2007",,27.7,
728385,PPP2R1A,qwen3.7-max,Benign,Likely benign,0.85,BP7,"Richards et al., Genet Med, 2015",,18.73,
778696,DRP2,qwen3.7-max,Benign,Uncertain significance,0.4,,,,19.69,
1615869,XYLT1,qwen3.7-max,Benign,Uncertain significance,0.5,,,,13.16,
280213,NLRP3,qwen3.7-max,Benign,Uncertain significance,0.5,,,,14.08,
4979877,PALB2,qwen3.7-max,Pathogenic,Pathogenic,0.85,PVS1;PM2,"Antoniou AC, et al., N Engl J Med, 2014;Southey MC, et al., J Clin Oncol, 2014",,20.32,
4850921,SPTB,qwen3.7-max,Pathogenic,Pathogenic,0.95,PVS1;PM2,"Richards S, et al., Genet Med, 2015",,21.1,
2161470,P2RY12,qwen3.7-max,Benign,Likely benign,0.8,BP7,,,13.68,
4957636,ABCB4,qwen3.7-max,Pathogenic,Pathogenic,0.85,PVS1;PM2,"Richards S, et al., Genet Med, 2015",,21.78,
191624,GLI3,qwen3.7-max,Benign,Uncertain significance,0.7,BP7,"Richards S, et al., Genet Med, 2015",,17.6,
541843,COL4A4,qwen3.7-max,Pathogenic,Pathogenic,0.85,PVS1;PM2,"Richards S, et al. Genet Med. 2015;Savige J, et al. Front Genet. 2014",,19.92,
1842110,VHL,qwen3.7-max,Pathogenic,Uncertain significance,0.6,PM2;PP3,"ClinVar, 2023",,18.34,
443183,CHRNG,qwen3.7-max,Pathogenic,Pathogenic,0.95,PVS1;PM2,"Vogt et al., Am J Hum Genet, 2009",,23.63,
1154047,ARMC9,qwen3.7-max,Benign,Uncertain significance,0.5,,,,17.09,
1387270,ABCB11,qwen3.7-max,Pathogenic,Pathogenic,0.9,PVS1;PM2,"Richards S, et al., Genet Med, 2015",,21.48,
68178,CFTR,qwen3.7-max,Pathogenic,Pathogenic,0.95,PM2;PP3;PS4,"CFTR2, 2023;ClinVar",,16.42,
4987000,BLM,qwen3.7-max,Pathogenic,Pathogenic,0.85,PVS1;PM2,"Ellis NA et al., Cell, 1995;German J et al., Nat Genet, 1994",,24.49,
230404,OTOGL,qwen3.7-max,Benign,Likely benign,0.85,BP7,"Richards S, et al., Genet Med, 2015",,14.62,
1612813,IGSF10,qwen3.7-max,Benign,Uncertain significance,0.5,,,,16.8,
1610596,FA2H,qwen3.7-max,Benign,Uncertain significance,0.7,BP7,,,14.26,
4845978,DYSF,qwen3.7-max,Pathogenic,Pathogenic,0.85,PVS1;PM2,ClinVar;gnomAD,,20.72,
256084,FLCN,qwen3.7-max,Benign,Uncertain significance,0.6,PM2;BP4,"Richards S, et al., Genet Med, 2015",,17.41,
624951,MFN2,qwen3.7-max,Pathogenic,Pathogenic,0.85,PVS1;PM2,ClinVar,,18.94,
288770,SAG,qwen3.7-max,Benign,Uncertain significance,0.6,PM2;BP4,,,15.71,
1317940,PNPLA8,qwen3.7-max,Benign,Uncertain significance,0.6,,,,10.71,
18005,NPC1,qwen3.7-max,Pathogenic,Uncertain significance,0.6,PM2;PP3,"Richards S, Genet Med, 2015",,16.26,
727371,BPTF,qwen3.7-max,Benign,Uncertain significance,0.5,PM2,,,15.27,
1158475,AP3D1,qwen3.7-max,Benign,Uncertain significance,0.6,BP7,"Richards et al., Genet Med, 2015",,26.27,
182969,BMPR1A,qwen3.7-max,Benign,Likely benign,0.9,BP7,"Richards et al., Genet Med, 2015",,15.7,
4920112,CTC1,qwen3.7-max,Pathogenic,Pathogenic,0.85,PVS1;PM2,"Walne AJ, et al., Nat Genet, 2012",,14.16,
140547,COL3A1,qwen3.7-max,Benign,Likely benign,0.8,BP7,"Richards S, et al., Genet Med, 2015",,13.0,
778906,OBSL1,qwen3.7-max,Benign,Uncertain significance,0.5,,,,12.79,
2901448,MAT1A,qwen3.7-max,Pathogenic,Uncertain significance,0.5,PM2,ClinVar,,16.04,
210203,TBX5,qwen3.7-max,Pathogenic,Pathogenic,0.95,PVS1;PM2,"Basson CT, et al. Nat Genet. 1997;15(1):30-35.",,19.39,
237252,MAN2B1,qwen3.7-max,Benign,Uncertain significance,0.6,PM2;PP3,,,17.23,
4906433,ANKRD11,qwen3.7-max,Pathogenic,Pathogenic,0.95,PVS1;PM2,"Sirmaci A, et al., Am J Hum Genet, 2011",,22.04,
729089,MYO18B,qwen3.7-max,Benign,Likely benign,0.8,BP7,"Richards et al., Genet Med, 2015",,14.42,
1877911,PTEN,qwen3.7-max,Pathogenic,Uncertain significance,0.5,PM2;PP3,"ClinVar, 2023",,20.79,
101163,FOXG1,qwen3.7-max,Benign,Likely benign,0.8,BP7,,,16.73,
4959782,VARS2,qwen3.7-max,Pathogenic,Pathogenic,0.9,PVS1;PM2,"Fahiminiya S, et al. Hum Mol Genet. 2014",,32.76,
4928967,PEX7,qwen3.7-max,Pathogenic,Pathogenic,0.85,PVS1;PM2,,,19.93,
211950,TRMU,qwen3.7-max,Pathogenic,Pathogenic,0.85,PVS1;PM2,"Zeharia et al., Am J Hum Genet, 2009",,30.2,
251289,GBE1,qwen3.7-max,Benign,Uncertain significance,0.5,,,,12.28,
973282,COL4A3,qwen3.7-max,Pathogenic,Pathogenic,0.95,PVS1;PM2,"Richards S et al., Genet Med, 2015;Savige J et al., Front Genet, 2014",,23.81,
1153649,JAK1,qwen3.7-max,Benign,Uncertain significance,0.5,BP7,,,14.68,
2866892,TRPV6,qwen3.7-max,Benign,Uncertain significance,0.5,PM2,,,10.74,
801667,ASS1,qwen3.7-max,Pathogenic,Pathogenic,0.75,PM2;PP3,ClinVar,,19.16,
254876,ZIC2,qwen3.7-max,Benign,Likely benign,0.8,BP7,,,17.87,
259671,MPL,qwen3.7-max,Pathogenic,Pathogenic,0.95,PVS1;PM2,ClinVar,,14.05,
739448,CERS3,qwen3.7-max,Benign,Likely benign,0.8,BP7,,,17.32,
4957745,ABCB4,qwen3.7-max,Pathogenic,Pathogenic,0.9,PVS1;PM2,"Richards et al., Genet Med, 2015",,19.55,
264312,CLCN1,qwen3.7-max,Pathogenic,Pathogenic,0.75,PM2;PP3,"Lossin et al., Hum Mutat, 2002;Sun et al., Neurology, 2011",,18.5,
3085797,APOB,qwen3.7-max,Benign,Uncertain significance,0.5,,,,13.97,
756844,CRLF1,qwen3.7-max,Benign,Uncertain significance,0.4,PM2,"Richards S, et al., Genet Med, 2015",,13.8,
344314,GPR179,qwen3.7-max,Benign,Likely benign,0.8,BP7,"Richards S, et al., Genet Med, 2015",,17.1,
200653,HOGA1,qwen3.7-max,Pathogenic,Pathogenic,0.85,PVS1;PM2,"Belostotsky R, et al. Am J Hum Genet. 2011",,19.53,
369409,COG5,qwen3.7-max,Benign,Uncertain significance,0.6,BP7,"Richards et al., Genet Med, 2015",,23.46,
4931356,NF2,qwen3.7-max,Pathogenic,Pathogenic,0.9,PVS1;PM2,"Richards S et al., Genet Med, 2015",,27.4,
740164,ARMC5,qwen3.7-max,Benign,Uncertain significance,0.7,PM2;BP1,,,16.59,
4971608,CAPRIN1,qwen3.7-max,Pathogenic,Pathogenic,0.85,PVS1;PM2,"Richards S, et al., Genet Med, 2015",,19.22,
705967,TCF20,qwen3.7-max,Benign,Likely benign,0.8,BP7,"Richards et al., Genet Med, 2015",,12.99,
1544826,KDF1,qwen3.7-max,Benign,Likely benign,0.8,BP7,"Richards et al., Genet Med, 2015",,14.33,
4837164,SLC2A1,qwen3.7-max,Pathogenic,Pathogenic,0.7,PM4;PP3,"Klepper J, et al., Neurology, 2008;De Giorgis V, et al., Hum Mutat, 2012",,27.1,
249432,SPTA1,qwen3.7-max,Benign,Uncertain significance,0.5,PM2,,,13.56,
1438812,LTBP3,qwen3.7-max,Pathogenic,Pathogenic,0.85,PVS1;PM2,"McInerney-Leo AM, et al., Am J Hum Genet, 2013;OMIM: LTBP3 (602090)",,29.93,
852282,NEDD4L,qwen3.7-max,Benign,Likely benign,0.8,BP7,,,14.63,
4958128,CHEK2,qwen3.7-max,Pathogenic,Pathogenic,0.9,PVS1;PM2,"Cybulski C, et al., J Natl Cancer Inst, 2004;Weischer M, et al., J Clin Oncol, 2012",,21.06,
2893006,GCDH,qwen3.7-max,Benign,Uncertain significance,0.4,,,,13.5,
1270658,DNAH9,qwen3.7-max,Benign,Uncertain significance,0.7,,,,16.7,
1159701,WDR45,qwen3.7-max,Benign,Uncertain significance,0.8,,,,16.75,
728480,ARHGEF18,qwen3.7-max,Benign,Likely benign,0.8,BP7,,,19.79,
19106,SAMHD1,qwen3.7-max,Pathogenic,Pathogenic,0.85,PVS1;PM2,"Rice GI, et al., Nat Genet, 2009",,28.79,
4962374,LRP5,qwen3.7-max,Pathogenic,Pathogenic,0.85,PVS1;PM2,"Richards S, et al., Genet Med, 2015",,15.19,
3226470,FILIP1,qwen3.7-max,Pathogenic,Uncertain significance,0.6,PVS1;PM2,,,17.92,
1273777,LBX1,qwen3.7-max,Pathogenic,Pathogenic,0.75,PVS1;PM2,"Richards S, et al., Genet Med, 2015",,14.31,
23681,GHR,qwen3.7-max,Pathogenic,Pathogenic,0.85,PVS1;PM2,"Woods KA, et al., Nature, 1996;Laron Z, et al., Pediatr Endocrinol Rev, 2005",,16.29,
1630703,TRAPPC3,qwen3.7-max,Benign,Likely benign,0.9,BP7,,,13.81,
1253751,VPS13A,qwen3.7-max,Benign,Uncertain significance,0.7,BP7,"Richards S, et al., Genet Med, 2015",,14.66,
4984658,DMD,qwen3.7-max,Pathogenic,Pathogenic,0.95,PVS1,"Aartsma-Rus A, et al., Hum Mutat, 2006;Tuffery-Giraud S, et al., Hum Mutat, 2009",,23.59,
2138391,FOXC2,qwen3.7-max,Benign,Likely benign,0.8,BP7,"Richards S, et al., Genet Med, 2015",,23.94,
976361,TRPV4,qwen3.7-max,Pathogenic,Likely benign,0.9,BP7,"Richards et al., Genet Med, 2015",,13.81,
194791,FGFR3,qwen3.7-max,Benign,Likely benign,0.85,BP4;BP7,"Richards et al., Genet Med, 2015",,16.4,
45777,ATP1A3,qwen3.7-max,Pathogenic,Pathogenic,0.95,PS4;PM1;PP3,"Heinzen et al., Nat Genet, 2012;Rosewich et al., Ann Neurol, 2012",,19.44,
4916524,CAPN1,qwen3.7-max,Pathogenic,Pathogenic,0.9,PVS1;PM2,"Wang et al., Am J Hum Genet, 2016",,18.3,
800474,ALMS1,qwen3.7-max,Pathogenic,Pathogenic,0.9,PVS1;PM2,"Marshall JD et al., Nat Genet, 2002",,19.93,
1157420,RYR3,qwen3.7-max,Benign,Uncertain significance,0.5,,,,20.06,
140894,EARS2,qwen3.7-max,Benign,Likely benign,0.8,BP7,,,11.04,
241585,A2ML1,qwen3.7-max,Benign,Uncertain significance,0.4,,,,15.61,
1539073,CACNA1C,qwen3.7-max,Benign,Uncertain significance,0.8,,,,13.36,
3136816,TUB,qwen3.7-max,Benign,Uncertain significance,0.8,,,,20.53,
1259958,FAT1,qwen3.7-max,Benign,Uncertain significance,0.8,PM2,,,15.16,
4814237,EIF2B1,qwen3.7-max,Pathogenic,Pathogenic,0.85,PVS1;PM2,"Leegwater et al., Nat Genet, 2001",,25.89,
4930381,GYS1,qwen3.7-max,Pathogenic,Pathogenic,0.85,PVS1;PM2,"Richards S, et al., Genet Med, 2015",,15.99,
177753,GNPTAB,qwen3.7-max,Benign,Likely benign,0.8,BP7,,,12.98,
1623003,SUCO,qwen3.7-max,Benign,Likely benign,0.7,BP7,"Richards et al., Genet Med, 2015",,18.74,
1157555,EFL1,qwen3.7-max,Benign,Uncertain significance,0.4,PM2,,,14.06,
17320,MFN2,qwen3.7-max,Pathogenic,Pathogenic,0.85,PM1;PM2;PP3,"Zhu et al., Am J Hum Genet, 2005;Verhoeven et al., Neurology, 2006",,22.97,
343355,MMP2,qwen3.7-max,Benign,Likely benign,0.9,BP7,"Richards S, et al., Genet Med, 2015",,14.49,
4956442,TSC2,qwen3.7-max,Pathogenic,Uncertain significance,0.5,PM2,,,16.33,
825799,COL4A3,qwen3.7-max,Pathogenic,Pathogenic,0.9,PVS1;PM2,"Richards S, et al., Genet Med, 2015;Savige J, et al., Front Genet, 2014",,25.91,
4800645,LAMA1,qwen3.7-max,Pathogenic,Pathogenic,0.85,PVS1;PM2,"Poretti A, et al., Nat Genet, 2014",,22.7,
17280,NCF2,qwen3.7-max,Pathogenic,Pathogenic,0.85,PVS1;PM2,"Richards S, et al., Genet Med, 2015",,18.68,
23647,MYBPC3,qwen3.7-max,Pathogenic,Uncertain significance,0.6,PM2,,,15.47,
700436,GPIHBP1,qwen3.7-max,Benign,Pathogenic,0.75,PM2;PP3,"Wang J, et al. J Clin Lipidol. 2017;Charriere S, et al. J Clin Lipidol. 2016",,19.24,
967091,RBP3,qwen3.7-max,Pathogenic,Pathogenic,0.85,PVS1;PM2,"Arno et al., Hum Mutat, 2016",,17.4,
186860,GJB2,qwen3.7-max,Pathogenic,Pathogenic,0.95,PVS1;PM2,"Snoeckx et al., Hum Mutat, 2005;Estivill et al., Am J Hum Genet, 1998",,22.93,
2751882,BARD1,qwen3.7-max,Pathogenic,Pathogenic,0.9,PVS1,"Richards S, et al., Genet Med, 2015",,16.03,
2037122,NCKAP1L,qwen3.7-max,Benign,Uncertain significance,0.4,,,,15.63,
1225471,NPR3,qwen3.7-max,Benign,Likely benign,0.7,BP4;BP7,,,16.15,
28311,FGFR2,qwen3.7-max,Pathogenic,Pathogenic,0.99,PS4;PM1;PM2;PP5,"Wilkie et al., Nat Genet, 1995;Oldridge et al., Hum Mol Genet, 1999",,22.81,
791648,PMM2,qwen3.7-max,Pathogenic,Pathogenic,0.85,PVS1;PM2,"Matthijs G, et al., Nat Genet, 1997",,20.3,
172908,USH2A,qwen3.7-max,Benign,Uncertain significance,0.5,PM2,,,15.71,
336367,ABAT,qwen3.7-max,Benign,Uncertain significance,0.5,PM2,,,16.52,
1454712,ABCD1,qwen3.7-max,Pathogenic,Pathogenic,0.7,PM2;PP3,"Richards et al., Genet Med, 2015",,18.92,
4854525,AGPS,qwen3.7-max,Benign,Uncertain significance,0.5,BP7,"Richards et al., Genet Med, 2015",,18.24,
628210,PGM1,qwen3.7-max,Pathogenic,Pathogenic,0.85,PVS1;PM2,"Tegtmeyer et al., Am J Hum Genet, 2014",,15.26,
650001,DMD,qwen3.7-max,Pathogenic,Pathogenic,0.95,PVS1;PM2,"Richards et al., Genet Med, 2015",,13.86,
1869648,CHRNA3,qwen3.7-max,Benign,Uncertain significance,0.6,,,,13.06,
1620351,PITRM1,qwen3.7-max,Benign,Uncertain significance,0.5,,,,13.7,
1154712,LETM1,qwen3.7-max,Benign,Uncertain significance,0.6,BP7,,,14.72,
514460,CUL3,qwen3.7-max,Pathogenic,Pathogenic,0.85,PVS1;PM2,"Richards S, et al., Genet Med, 2015",,25.61,
1312909,DMD,qwen3.7-max,Pathogenic,Pathogenic,0.95,PVS1;PM2,"Flanigan KM, et al. Hum Mutat. 2009",,19.53,
4198643,COL1A1,qwen3.7-max,Pathogenic,Pathogenic,0.9,PVS1;PM2,"Richards et al., Genet Med, 2015;Willing et al., Nat Genet, 1992",,31.5,
790321,ADCY5,qwen3.7-max,Benign,Likely benign,0.8,BP7,"Richards et al., Genet Med, 2015",,13.25,
4847408,CEP250,qwen3.7-max,Pathogenic,Pathogenic,0.85,PVS1;PM2,"Richards S, et al., Genet Med, 2015",,16.96,
1679347,LMOD2,qwen3.7-max,Pathogenic,Pathogenic,0.85,PVS1;PM2,"Richards et al., Genet Med, 2015",,13.12,
370705,LAMB1,qwen3.7-max,Benign,Likely benign,0.8,BP7,,,14.26,
4801200,DMD,qwen3.7-max,Pathogenic,Pathogenic,0.95,PVS1,"Monaco AP, et al., Nature, 1986;Aartsma-Rus A, et al., Hum Mutat, 2006",,22.59,
1063921,NF1,qwen3.7-max,Pathogenic,Pathogenic,0.95,PVS1;PM2,"Richards et al., Genet Med, 2015",,14.47,
726304,AP3B2,qwen3.7-max,Benign,Likely benign,0.85,BP7,"Richards et al., Genet Med, 2015",,12.36,
1158729,CFD,qwen3.7-max,Benign,Uncertain significance,0.4,,,,14.04,
4924742,TTN,qwen3.7-max,Pathogenic,Pathogenic,0.85,PVS1;PM2,"Herman et al., N Engl J Med, 2012;Richards et al., Genet Med, 2015",,25.19,
3409308,SLC39A13-AS1,qwen3.7-max,Benign,Uncertain significance,0.8,,,,13.69,
1559201,P4HB,qwen3.7-max,Benign,Uncertain significance,0.6,,,,16.64,
1598352,LIG1,qwen3.7-max,Benign,Uncertain significance,0.6,PM2,,,13.86,
23624,SLC12A3,qwen3.7-max,Pathogenic,Pathogenic,0.75,PM2;PP3,"Simon DB, et al., Nat Genet, 1996",,22.06,
652215,DYNC2H1,qwen3.7-max,Pathogenic,Pathogenic,0.85,PVS1;PM2,"Richards et al., Genet Med, 2015",,21.05,
2154238,IL12RB1,qwen3.7-max,Pathogenic,Pathogenic,0.85,PVS1;PM2,"de Beaucoudrey L, et al., J Exp Med, 2008;Richards S, et al., Genet Med, 2015",,19.68,
34103,ESCO2,qwen3.7-max,Pathogenic,Pathogenic,0.95,PVS1;PM2,"Vega et al., Nat Genet, 2005;Gordillo et al., Hum Mutat, 2008",,18.86,
1155201,VCAN,qwen3.7-max,Benign,Likely benign,0.7,BP7,"Richards et al., Genet Med, 2015",,17.47,
4930266,IGF1R,qwen3.7-max,Pathogenic,Pathogenic,0.85,PVS1;PM2,"Abuzzahab et al., N Engl J Med, 2003",,23.39,
1481295,EVC2,qwen3.7-max,Pathogenic,Pathogenic,0.95,PVS1;PM2,"Richards et al., Genet Med, 2015",,18.26,
1588222,CCDC141,qwen3.7-max,Benign,Uncertain significance,0.6,PM2,,,10.61,
190790,CLCN7,qwen3.7-max,Benign,Likely benign,0.85,BP7,"Richards S, et al., Genet Med, 2015",,12.78,
4986374,TANC2,qwen3.7-max,Pathogenic,Pathogenic,0.85,PVS1,"Richards S, et al., Genet Med, 2015",,13.43,
270418,NOTCH1,qwen3.7-max,Benign,Likely benign,0.8,BP7,"Richards S, et al., Genet Med, 2015",,16.28,
791343,EXOSC8,qwen3.7-max,Benign,Likely benign,0.7,BP7,,,11.8,
134950,LRP2,qwen3.7-max,Benign,Likely benign,0.8,BP7,,,15.44,
134718,INPP5E,qwen3.7-max,Benign,Likely benign,0.8,BP4;BP7,"Richards et al., Genet Med, 2015",,22.01,
4841018,CARMIL2,qwen3.7-max,Pathogenic,Pathogenic,0.85,PVS1;PM2,"Schober et al., J Exp Med, 2017",,15.85,
243705,DEPDC5,qwen3.7-max,Benign,Uncertain significance,0.6,PM2;PP3,"Baulac et al., Nat Genet, 2013",,15.92,
4821305,SERPING1,qwen3.7-max,Pathogenic,Pathogenic,0.95,PVS1;PM2,"Richards et al., Genet Med, 2015",,12.83,
916813,ALPL,qwen3.7-max,Pathogenic,Pathogenic,0.9,PVS1;PM2,"Whyte MP, et al., Bone, 2012",,26.41,
4967629,SDHA,qwen3.7-max,Pathogenic,Pathogenic,0.85,PVS1;PM2,"Burnichon N, et al., Hum Mol Genet, 2012;Alston CL, et al., Am J Hum Genet, 2012",,22.01,
4964810,COL4A3,qwen3.7-max,Pathogenic,Pathogenic,0.9,PVS1;PM2,"Richards S, et al., Genet Med, 2015;Savige J, et al., Front Genet, 2014",,20.28,
4987014,CHEK2,qwen3.7-max,Pathogenic,Pathogenic,0.9,PVS1;PM2,"Richards S, et al., Genet Med, 2015;ClinVar database, NCBI",,23.31,
141992,MTR,qwen3.7-max,Benign,Benign,0.95,BA1,"gnomAD, 2023;ClinVar, 2023",,22.04,
135946,SYNE2,qwen3.7-max,Benign,Uncertain significance,0.5,,,,15.48,
2048950,WRN,qwen3.7-max,Benign,Uncertain significance,0.6,PM2,"Richards S, et al., Genet Med, 2015",,12.07,
3877450,BRIP1,qwen3.7-max,Pathogenic,Pathogenic,0.95,PVS1;PM2,"Richards S, et al., Genet Med, 2015",,19.39,
57488,FHL2,qwen3.7-max,Benign,Likely benign,0.8,BP7,"Richards S, et al., Genet Med, 2015",,14.53,
455196,HARS1,qwen3.7-max,Benign,Uncertain significance,0.5,PM2;PP3,ClinVar,,22.8,
4971921,DICER1,qwen3.7-max,Pathogenic,Pathogenic,0.9,PVS1;PM2,"Slade I, et al. Nature, 2011;Richards S, et al. Genet Med, 2015",,28.55,
575108,PIGT,qwen3.7-max,Pathogenic,Pathogenic,0.85,PVS1;PM2,"Richards et al., Genet Med, 2015",,28.14,
508860,CD3D,qwen3.7-max,Benign,Likely benign,0.7,BP7,"Richards S, et al. Genet Med. 2015",,25.63,
1380087,BARD1,qwen3.7-max,Pathogenic,Pathogenic,0.9,PVS1;PM2,"Tavtigian SV, et al., Nat Genet, 2001",,17.08,
495463,KMT2A,qwen3.7-max,Pathogenic,Pathogenic,0.95,PVS1;PM2,"Richards et al., Genet Med, 2015;Jones et al., Am J Hum Genet, 2012",,18.3,
1608368,NPPC,qwen3.7-max,Benign,Likely benign,0.9,BP7,,,13.71,
141452,TSEN2,qwen3.7-max,Benign,Likely benign,0.7,BP7,,,16.43,
1158830,CEP250,qwen3.7-max,Benign,Uncertain significance,0.5,,,,13.49,
254898,INF2,qwen3.7-max,Benign,Uncertain significance,0.6,BP7,,,16.8,
238185,SDHB,qwen3.7-max,Pathogenic,Pathogenic,0.9,PVS1;PM2,"Richards S, et al., Genet Med, 2015",,28.21,
2167306,LAMA2,qwen3.7-max,Pathogenic,Pathogenic,0.85,PVS1;PM2,"Richards et al., Genet Med, 2015",,15.73,
104644,RPGR,qwen3.7-max,Pathogenic,Pathogenic,0.9,PVS1;PM2,"Richards S, et al., Genet Med, 2015",,15.78,
4978497,CHD8,qwen3.7-max,Pathogenic,Pathogenic,0.9,PVS1;PM2,"Bernier R, et al., Cell, 2014",,22.8,
4968397,EYA1,qwen3.7-max,Pathogenic,Pathogenic,0.95,PVS1;PM2,OMIM: 601653;ClinVar,,16.12,
4939573,PTEN,qwen3.7-max,Pathogenic,Pathogenic,0.95,PVS1;PM2,"Richards S, et al., Genet Med, 2015;ClinVar",,12.72,
4959461,ENPP1,qwen3.7-max,Pathogenic,Pathogenic,0.85,PVS1;PM2,"Richards S, et al., Genet Med, 2015;Tayoun AA, et al., Hum Mutat, 2018",,18.3,
2805674,UBE4B,qwen3.7-max,Benign,Uncertain significance,0.5,,,,12.16,
4690061,ANKRD11,qwen3.7-max,Pathogenic,Pathogenic,0.9,PVS1;PM2,"Richards et al., Genet Med, 2015;Tunovic et al., Am J Med Genet A, 2012",,18.49,
30503,HBB,qwen3.7-max,Pathogenic,Pathogenic,0.9,PM2;PS3;PP4,"Orkin SH, et al., Nature, 1982;Thein SL, et al., Blood, 1990",,24.74,
406118,NPHP3,qwen3.7-max,Benign,Uncertain significance,0.6,PM2,,,12.77,
30486,HBB,qwen3.7-max,Pathogenic,Uncertain significance,0.4,PM2;PP3,ClinVar,,37.65,
1158402,DNASE2,qwen3.7-max,Benign,Likely benign,0.7,BP7,"Richards S, et al., Genet Med, 2015",,18.96,
4957087,ABCB11,qwen3.7-max,Pathogenic,Pathogenic,0.9,PVS1;PM2,"Richards S, et al., Genet Med, 2015",,20.28,
1435590,PALB2,qwen3.7-max,Pathogenic,Pathogenic,0.9,PVS1;PM2,"Richards S, et al., Genet Med, 2015",,19.51,
131940,SAMHD1,qwen3.7-max,Pathogenic,Pathogenic,0.85,PVS1;PM2,"Rice GI, et al., Nat Genet, 2009",,18.74,
2094099,MTHFS,qwen3.7-max,Benign,Uncertain significance,0.5,PM2,,,16.94,
4986833,MBD4,qwen3.7-max,Benign,Likely benign,0.9,BP7,,,13.89,
1646757,CHD4,qwen3.7-max,Benign,Uncertain significance,0.6,,,,12.48,
4819972,CERKL,qwen3.7-max,Pathogenic,Pathogenic,0.85,PVS1;PM2,"Garanto et al., Hum Mutat, 2016",,18.75,
1477871,FLCN,qwen3.7-max,Pathogenic,Pathogenic,0.9,PVS1;PM2,"Richards S, et al., Genet Med, 2015;ClinGen SVI Recommendations for PVS1, 2018",,22.79,
462499,AICDA,qwen3.7-max,Benign,Likely benign,0.8,BP7,"Richards S, et al., Genet Med, 2015",,14.91,
278412,GORAB,qwen3.7-max,Benign,Uncertain significance,0.5,PM2,,,20.28,
228986,MYLK,qwen3.7-max,Benign,Likely benign,0.7,BP7,,,15.26,
467825,NF1,qwen3.7-max,Pathogenic,Pathogenic,0.9,PVS1;PM2,"Richards S, et al., Genet Med, 2015;Legius E, et al., Hum Mutat, 2007",,23.36,
741773,PEPD,qwen3.7-max,Benign,Likely benign,0.8,BP7,,,11.77,
142255,NRXN1,qwen3.7-max,Benign,Likely benign,0.7,BP4;BP7,"Richards et al., Genet Med, 2015",,18.61,
173566,DNAH5,qwen3.7-max,Benign,Likely benign,0.8,BP7,,,14.34,
1108994,PAH,qwen3.7-max,Pathogenic,Uncertain significance,0.6,,,,19.23,
961117,GAA,qwen3.7-max,Pathogenic,Pathogenic,0.85,PVS1;PM2,"Richards S, et al., Genet Med, 2015",,17.92,
4935755,ZFHX3,qwen3.7-max,Pathogenic,Pathogenic,0.8,PVS1;PM2,"Richards et al., Genet Med, 2015",,21.08,
847100,SMARCA4,qwen3.7-max,Pathogenic,Pathogenic,0.9,PVS1;PM2,"Richards S, et al., Genet Med, 2015;Tavtigian SV, et al., Genet Med, 2020",,14.84,
497055,TMC1,qwen3.7-max,Pathogenic,Pathogenic,0.9,PVS1;PM2,"Kurima K, et al., Nat Genet, 2002",,21.5,
2123034,LZTS1,qwen3.7-max,Benign,Likely benign,0.8,BP7,,,15.73,
1543254,MYH3,qwen3.7-max,Benign,Uncertain significance,0.6,,,,15.0,
2884742,SOS2,qwen3.7-max,Benign,Uncertain significance,0.6,PM2;BP4,"Richards S, et al., Genet Med, 2015",,15.24,
134974,LRP2,qwen3.7-max,Benign,Likely benign,0.9,BP7,"Richards et al., Genet Med, 2015",,10.58,
255366,PSTPIP1,qwen3.7-max,Benign,Benign,0.95,BP7,"Richards S, et al., Genet Med, 2015",,13.8,
761130,PHGDH,qwen3.7-max,Benign,Likely benign,0.8,BP7,,,12.68,
4986976,GALNT12,qwen3.7-max,Benign,Likely benign,0.8,BP7,"Richards et al., Genet Med, 2015",,13.56,
213846,DMD,qwen3.7-max,Pathogenic,Pathogenic,0.95,PVS1;PM2,"Aartsma-Rus A, et al. Hum Mutat. 2006",,19.92,
134903,LAMC3,qwen3.7-max,Benign,Likely benign,0.9,BP7,"Richards et al., Genet Med, 2015",,11.74,
546861,BBS10,qwen3.7-max,Pathogenic,Pathogenic,0.9,PVS1;PM2,"Richards et al., Genet Med, 2015",,23.33,
1155100,C6,qwen3.7-max,Benign,Uncertain significance,0.4,PM2;PP3,,,14.57,
446801,CHM,qwen3.7-max,Pathogenic,Pathogenic,0.95,PVS1;PM2,"MacDonald IM et al., Hum Mutat, 2015",,17.55,
140966,EYS,qwen3.7-max,Benign,Uncertain significance,0.7,PM2,,,15.93,
237193,ALDH5A1,qwen3.7-max,Pathogenic,Uncertain significance,0.6,PM2;PP3,"Akaboshi S, et al., Hum Mutat, 2003;ClinVar, ALDH5A1, 2023",,16.01,
4792602,UNC13A,qwen3.7-max,Pathogenic,Uncertain significance,0.5,PM2,"Richards S, et al., Genet Med, 2015",,15.32,
53378,EDA,qwen3.7-max,Pathogenic,Pathogenic,0.8,PM1;PM2;PP3,"ClinVar, 2023",,17.71,
488371,GNE,qwen3.7-max,Pathogenic,Uncertain significance,0.4,PM2,,,16.35,
1281482,WNT7A,qwen3.7-max,Benign,Likely benign,0.8,BP7,"Richards S, et al., Genet Med, 2015",,19.36,
101600,MMACHC,qwen3.7-max,Pathogenic,Pathogenic,0.95,PVS1;PM2,"Lerner-Ellis JP, et al. J Med Genet. 2006",,14.76,
2012256,ADAMTSL4,qwen3.7-max,Pathogenic,Pathogenic,0.85,PVS1;PM2,"Richards S, et al., Genet Med, 2015",,18.97,
1613586,PTPN23,qwen3.7-max,Benign,Uncertain significance,0.5,,,,15.77,
264346,CLCN1,qwen3.7-max,Pathogenic,Pathogenic,0.85,PVS1;PM2,"Richards S, et al., Genet Med, 2015;Pusch M, et al., Hum Mutat, 2002",,18.37,
1158829,CEP250,qwen3.7-max,Benign,Uncertain significance,0.7,BP7,,,15.72,
974364,DDX3X,qwen3.7-max,Pathogenic,Pathogenic,0.95,PVS1;PM2,"Snijders Blok L, et al., Nat Commun, 2015",,15.22,
1156400,ACBD5,qwen3.7-max,Benign,Likely benign,0.7,BP7,"Richards et al., Genet Med, 2015",,11.65,
44937,GHRHR,qwen3.7-max,Benign,Uncertain significance,0.5,PM2,,,11.32,
758010,MYO18B,qwen3.7-max,Benign,Likely benign,0.7,BP7,,,13.67,
699094,C9,qwen3.7-max,Benign,Likely benign,0.85,BP4;BP7,"Richards S, et al., Genet Med, 2015",,19.72,
4878896,GALC,qwen3.7-max,Pathogenic,Pathogenic,0.85,PVS1;PM2,"Wenger DA, et al. GeneReviews: Krabbe Disease. 2000",,27.5,
4866863,SET,qwen3.7-max,Pathogenic,Pathogenic,0.9,PVS1;PM2,"Richards S, et al., Genet Med, 2015",,17.72,
4198645,NPHS1,qwen3.7-max,Pathogenic,Pathogenic,0.9,PVS1;PM2,"Richards S, et al., Genet Med, 2015",,16.8,
4809788,PLCE1,qwen3.7-max,Benign,Likely benign,0.9,BP7,"Richards et al., Genet Med, 2015",,16.66,
226613,HIVEP2,qwen3.7-max,Pathogenic,Pathogenic,0.85,PVS1;PM2,"Srivastava et al., Am J Med Genet A, 2016",,20.61,
1639509,IFT88,qwen3.7-max,Benign,Likely benign,0.8,BP7,"Richards et al., Genet Med, 2015",,11.26,
1256739,ZSWIM6,qwen3.7-max,Benign,Likely benign,0.8,BP7,"Richards et al., Genet Med, 2015",,12.39,
4840955,RUNX1,qwen3.7-max,Pathogenic,Pathogenic,0.85,PVS1;PM2,"Richards S, et al., Genet Med, 2015;Song WJ, et al., Nat Genet, 1999",,17.17,
17589,MEFV,qwen3.7-max,Pathogenic,Pathogenic,0.95,PS4;PM3;PP3,"Touitou I, et al. Hum Mutat, 2004;Sönmez HE, et al. Clin Rheumatol, 2016",,19.3,
2094792,PKD1L1,qwen3.7-max,Benign,Likely benign,0.8,BP4;BP7,,,12.11,
250852,HGD,qwen3.7-max,Benign,Uncertain significance,0.6,PM2;PP3,"Richards et al., Genet Med, 2015",,15.41,
4957623,ABCB4,qwen3.7-max,Pathogenic,Pathogenic,0.85,PVS1;PM2,"Richards S, et al., Genet Med, 2015;Jacquemin E, et al., Gastroenterology, 1997",,16.72,
443828,RASA1,qwen3.7-max,Pathogenic,Pathogenic,0.95,PVS1;PM2,"Eerola et al., Am J Hum Genet, 2003",,16.26,
53654,MYH6,qwen3.7-max,Benign,Likely benign,0.7,BP7,"Richards S, et al., Genet Med, 2015",,22.24,
1662139,SULF1,qwen3.7-max,Benign,Uncertain significance,0.5,,,,13.54,
4854359,MUTYH,qwen3.7-max,Pathogenic,Pathogenic,0.85,PVS1;PM2,"Al-Tassan N, et al. Nat Genet. 2002;30(2):227-232.",,16.24,
17125,GCDH,qwen3.7-max,Pathogenic,Pathogenic,0.8,PM2;PP3;PM1,ClinVar,,23.31,
168669,MCPH1,qwen3.7-max,Benign,Benign,0.9,BP7,"Richards S, et al., Genet Med, 2015",,13.86,
133748,AGRN,qwen3.7-max,Benign,Uncertain significance,0.6,PM2,,,13.17,
208598,AKT2,qwen3.7-max,Benign,Uncertain significance,0.7,BP7,"Richards S, et al., Genet Med, 2015",,16.01,
134978,LRP2,qwen3.7-max,Benign,Uncertain significance,0.5,PM2,,,13.07,
4930395,CTLA4,qwen3.7-max,Pathogenic,Pathogenic,0.9,PVS1;PM2,"Schubert D, et al., Nat Med, 2014",,22.76,
1558041,DRD2,qwen3.7-max,Benign,Uncertain significance,0.5,,,,12.53,
4967647,PMS2,qwen3.7-max,Pathogenic,Pathogenic,0.9,PVS1;PM2,ClinVar,,20.73,
4960274,MEIOB,qwen3.7-max,Pathogenic,Pathogenic,0.85,PVS1;PM2,"Krausz et al., Nat Rev Endocrinol, 2018",,20.03,
186421,PKP2,qwen3.7-max,Benign,Uncertain significance,0.6,PM2;BP4,,,12.73,
501695,DYNC2I1,qwen3.7-max,Benign,Likely benign,0.8,BP7,"Richards et al., Genet Med, 2015",,11.0,
4836459,MAX,qwen3.7-max,Pathogenic,Uncertain significance,0.8,,,,14.92,
1603275,DMXL2,qwen3.7-max,Benign,Uncertain significance,0.4,,,,10.88,
3094662,ERCC4,qwen3.7-max,Pathogenic,Pathogenic,0.9,PVS1;PM2,"Richards et al., Genet Med, 2015",,24.46,
1642808,PISD,qwen3.7-max,Benign,Benign,0.9,BP7,"Richards S, et al., Genet Med, 2015",,13.05,
1653348,DNAH9,qwen3.7-max,Benign,Uncertain significance,0.5,PM2,,,13.94,
1155150,CWC27,qwen3.7-max,Benign,Uncertain significance,0.6,PM2,,,17.29,
2065227,MECOM,qwen3.7-max,Benign,Likely benign,0.8,BP7,"Richards et al., Genet Med, 2015",,15.48,
1167902,MACF1,qwen3.7-max,Benign,Uncertain significance,0.5,,,,12.48,
2106399,SOX17,qwen3.7-max,Benign,Likely benign,0.8,BP7,,,15.49,
710223,HIVEP2,qwen3.7-max,Benign,Likely benign,0.8,BP7,"Richards et al., Genet Med, 2015",,9.98,
334051,TRPM4,qwen3.7-max,Benign,Uncertain significance,0.6,,,,14.31,
318290,FREM1,qwen3.7-max,Benign,Uncertain significance,0.5,PM2,,,14.62,
104629,RPGR,qwen3.7-max,Pathogenic,Pathogenic,0.95,PVS1;PM2,"Vervoort et al., Nat Genet, 2000;Sharon et al., Am J Hum Genet, 2003",,16.69,
4847699,KCNQ2,qwen3.7-max,Pathogenic,Pathogenic,0.9,PVS1;PM2,"Richards S, et al., Genet Med, 2015",,20.58,
715644,BPTF,qwen3.7-max,Benign,Likely benign,0.8,BP7,"Richards et al., Genet Med, 2015",,13.38,
105317,ABCA4,qwen3.7-max,Pathogenic,Pathogenic,0.75,PM2;PP3,"ClinVar, 2023",,21.18,
4959361,NGLY1,qwen3.7-max,Pathogenic,Pathogenic,0.9,PVS1;PM2,"Enns et al., Am J Hum Genet, 2014",,17.25,
919626,PKD1,qwen3.7-max,Pathogenic,Pathogenic,0.9,PVS1;PM2,"Richards S, et al., Genet Med, 2015",,19.31,
152479,PMS2,qwen3.7-max,Pathogenic,Pathogenic,0.9,PVS1;PM2,ClinVar,,14.35,
433084,HBB,qwen3.7-max,Benign,Likely benign,0.8,BP4;BP7,"Richards S, et al., Genet Med, 2015",,19.96,
141984,MTPAP,qwen3.7-max,Benign,Uncertain significance,0.5,,,,16.28,
351875,COL18A1,qwen3.7-max,Benign,Likely benign,0.8,BP7,"Richards S, et al., Genet Med, 2015",,13.5,
1844102,LZTR1,qwen3.7-max,Pathogenic,Pathogenic,0.9,PVS1;PM2,"Johnston JJ, et al., Nat Genet, 2018;Smith MJ, et al., Nat Genet, 2014",,17.74,
389468,CASP8,qwen3.7-max,Benign,Likely benign,0.7,BP4;BP7,"Richards S, et al., Genet Med, 2015",,19.75,
34709,OTOF,qwen3.7-max,Benign,Likely benign,0.85,BP7,,,15.01,
468658,FASN,qwen3.7-max,Benign,Benign,0.9,BP7,"Richards et al., Genet Med, 2015",,12.97,
501700,RIPOR2,qwen3.7-max,Benign,Uncertain significance,0.5,PM2,,,13.43,
194161,FLNC,qwen3.7-max,Benign,Uncertain significance,0.5,,,,17.04,
1264538,FAM111A,qwen3.7-max,Benign,Likely benign,0.8,BP7,"Richards et al., Genet Med, 2015",,20.39,
1157593,UNC45A,qwen3.7-max,Benign,Likely benign,0.8,BP7,"Richards et al., Genet Med, 2015",,16.65,
441118,GCK,qwen3.7-max,Pathogenic,Pathogenic,0.85,PM2;PP3,"Osbak KK, et al., Hum Mutat, 2009;ClinVar",,23.72,
333580,COL4A2,qwen3.7-max,Benign,Likely benign,0.8,BP7,"Richards et al., Genet Med, 2015",,15.59,
702596,COL4A2,qwen3.7-max,Benign,Likely benign,0.8,BP7,"Richards et al., Genet Med, 2015",,15.17,
57677,USH2A,qwen3.7-max,Benign,Likely benign,0.8,BP7,"Richards et al., Genet Med, 2015",,19.62,
1933827,SACS,qwen3.7-max,Benign,Uncertain significance,0.6,PM2;PP3,"Richards S, et al., Genet Med, 2015",,14.26,
1631735,NBAS,qwen3.7-max,Benign,Uncertain significance,0.4,,,,13.14,
3084192,OPTN,qwen3.7-max,Pathogenic,Pathogenic,0.85,PVS1;PM2,"Maruyama H, et al., Nature, 2010",,15.87,
183460,ATM,qwen3.7-max,Pathogenic,Pathogenic,0.9,PVS1;PM2,"Richards et al., Genet Med, 2015",,22.42,
860238,PKD1,qwen3.7-max,Pathogenic,Pathogenic,0.85,PVS1;PM2,"Richards S, et al., Genet Med, 2015",,17.31,
254503,CNTN1,qwen3.7-max,Benign,Likely benign,0.9,BP7,"Richards et al., Genet Med, 2015",,14.64,
1279941,PKD1L1,qwen3.7-max,Benign,Uncertain significance,0.6,PM2;PP3,,,14.01,
447915,SLC6A9,qwen3.7-max,Benign,Likely benign,0.9,BP7,"Richards et al., Genet Med, 2015",,13.01,
327327,COL4A1,qwen3.7-max,Benign,Uncertain significance,0.4,,,,14.35,
3526110,LHFPL5,qwen3.7-max,Pathogenic,Pathogenic,0.85,PVS1;PM2,"OMIM, 2023;ClinVar, 2023",,18.04,
2898612,MMADHC,qwen3.7-max,Pathogenic,Pathogenic,0.85,PVS1;PM2,"Lerner-Ellis et al., Am J Hum Genet, 2009",,18.52,
4801699,KDM2B,qwen3.7-max,Pathogenic,Uncertain significance,0.9,,,,17.72,
975241,RP1,qwen3.7-max,Pathogenic,Pathogenic,0.85,PVS1;PM2,"Bowne SJ, Hum Mol Genet, 2002;Pierce EA, Nat Genet, 1999",,14.54,
1535270,NEB,qwen3.7-max,Benign,Uncertain significance,0.5,,,,18.72,
425390,AGL,qwen3.7-max,Pathogenic,Pathogenic,0.85,PVS1;PM2,"Richards S, et al., Genet Med, 2015",,21.45,
19142,TMC1,qwen3.7-max,Pathogenic,Pathogenic,0.9,PVS1;PM2,"Kurima K, Nat Genet, 2002",,20.22,
1158026,NLRP1,qwen3.7-max,Benign,Uncertain significance,0.6,BP7,,,14.64,
1633023,OR2W3,qwen3.7-max,Benign,Uncertain significance,0.5,,,,14.38,
1232185,CACNA1E,qwen3.7-max,Benign,Uncertain significance,0.6,,,,11.39,
250722,ALK,qwen3.7-max,Benign,Likely benign,0.8,BP7,"Richards S, et al., Genet Med, 2015",,16.39,
4967846,PTEN,qwen3.7-max,Benign,Uncertain significance,0.9,,,,14.92,
376204,ISCA2,qwen3.7-max,Benign,Likely benign,0.8,BP7,"Richards et al., Genet Med, 2015",,17.81,
708200,AGBL5,qwen3.7-max,Benign,Likely benign,0.7,BP7,,,13.78,
852669,SLC12A3,qwen3.7-max,Pathogenic,Pathogenic,0.95,PVS1;PM2;PP3,"Simon DB, et al., Nat Genet, 1996;Richards S, et al., Genet Med, 2015",,32.95,
249268,KIF1B,qwen3.7-max,Benign,Likely benign,0.7,BP7,"Richards et al., Genet Med, 2015",,14.49,
68611,CFTR,qwen3.7-max,Pathogenic,Pathogenic,0.95,PVS1;PM2,"Richards et al., Genet Med, 2015;ClinGen CFTR Variant Curation Expert Panel guidelines",,13.29,
174092,NME8,qwen3.7-max,Benign,Likely benign,0.8,BP7,,,13.39,
3989362,MLH3,qwen3.7-max,Pathogenic,Pathogenic,0.85,PVS1;PM2,"Richards et al., Genet Med, 2015",,18.8,
1059162,BARD1,qwen3.7-max,Pathogenic,Pathogenic,0.9,PVS1;PM2,ClinVar,,25.98,
1658175,ICOSLG,qwen3.7-max,Benign,Likely benign,0.8,BP7,,,11.61,
798542,PIGG,qwen3.7-max,Pathogenic,Pathogenic,0.85,PVS1;PM2,ClinVar,,20.9,
1416690,P3H2,qwen3.7-max,Pathogenic,Pathogenic,0.85,PVS1;PM2,"Richards S, et al., Genet Med, 2015",,21.47,
165813,PIK3R1,qwen3.7-max,Pathogenic,Pathogenic,0.85,PVS1;PM2,"ClinVar, 2023",,21.4,
581379,KRIT1,qwen3.7-max,Pathogenic,Pathogenic,0.95,PVS1,"Richards S, et al., Genet Med, 2015",,17.15,
335887,POLR1D,qwen3.7-max,Benign,Likely benign,0.9,BP7,"Richards et al., Genet Med, 2015",,10.31,
1278517,FAT1,qwen3.7-max,Benign,Uncertain significance,0.7,PM2,ClinVar,,13.31,
574532,COL1A1,qwen3.7-max,Pathogenic,Pathogenic,0.85,PVS1;PM2,"Richards S, et al., Genet Med, 2015",,17.69,
4649617,GCH1,qwen3.7-max,Pathogenic,Pathogenic,0.85,PVS1;PM2,"Richards S, et al., Genet Med, 2015",,19.32,
70951,CC2D2A,qwen3.7-max,Pathogenic,Pathogenic,0.85,PVS1;PM2,"Richards et al., Genet Med, 2015",,24.0,
729304,SBF1,qwen3.7-max,Benign,Likely benign,0.85,BP7,"Richards S, et al., Genet Med, 2015",,14.03,
3801550,BLM,qwen3.7-max,Pathogenic,Pathogenic,0.9,PVS1;PM2,"Ellis NA, et al. Nature. 1995;378(6555):385-387.",,22.02,
229405,TRDN,qwen3.7-max,Benign,Uncertain significance,0.6,PM2,"Richards S, et al., Genet Med, 2015",,13.78,
194877,ACTA1,qwen3.7-max,Pathogenic,Uncertain significance,0.5,PM2;PP3,"ClinVar, 2023",,17.8,
543691,MMUT,qwen3.7-max,Pathogenic,Pathogenic,0.95,PVS1;PM2,"Acquaviva C, et al., Hum Mutat, 2005;ClinVar",,22.5,
2100442,CHEK2,qwen3.7-max,Pathogenic,Pathogenic,0.95,PVS1;PM2,"Richards et al., Genet Med, 2015",,20.22,
2738790,CEP290,qwen3.7-max,Pathogenic,Pathogenic,0.9,PVS1;PM2,"Richards S, et al., Genet Med, 2015",,19.57,
1155872,OPLAH,qwen3.7-max,Benign,Uncertain significance,0.5,,,,12.49,
4964811,COL4A3,qwen3.7-max,Pathogenic,Pathogenic,0.85,PVS1;PM2,"Savige J, et al. Front Genet. 2014",,19.66,
57425,OTOF,qwen3.7-max,Benign,Likely benign,0.7,BP7,"Richards et al., Genet Med, 2015",,16.55,
4957190,ABCB11,qwen3.7-max,Pathogenic,Pathogenic,0.9,PVS1;PM2,"Richards S, et al., Genet Med, 2015",,20.89,
259714,TTN,qwen3.7-max,Pathogenic,Uncertain significance,0.6,PVS1;PM2,"Walsh R, et al., Genet Med, 2017",,24.57,
4939052,ATM,qwen3.7-max,Pathogenic,Pathogenic,0.95,PVS1;PM2,ACMG/AMP 2015 guidelines;ClinVar,,15.8,
295004,ITPR1,qwen3.7-max,Benign,Uncertain significance,0.6,,,,18.75,
4987101,ANKRD11,qwen3.7-max,Pathogenic,Pathogenic,0.95,PVS1;PM2,"Richards S, et al., Genet Med, 2015",,13.04,
444256,RECQL4,qwen3.7-max,Pathogenic,Pathogenic,0.95,PVS1;PM2,ClinVar;OMIM,,14.77,
244371,MSH2,qwen3.7-max,Pathogenic,Pathogenic,0.95,PVS1;PM2,"Richards et al., Genet Med, 2015",,31.16,
4844233,ZNF469,qwen3.7-max,Pathogenic,Pathogenic,0.85,PVS1;PM2,"Abu A, et al. Am J Hum Genet, 2008",,17.81,
252069,TRDN,qwen3.7-max,Benign,Uncertain significance,0.5,,,,9.93,
3792585,CPT1C,qwen3.7-max,Pathogenic,Pathogenic,0.8,PVS1;PM2,"Richards S, et al., Genet Med, 2015",,21.4,
940008,MCCC2,qwen3.7-max,Pathogenic,Pathogenic,0.95,PVS1;PM2,"Richards S, et al., Genet Med, 2015",,22.22,
1254267,C12orf57;RNU7-1,qwen3.7-max,Benign,Uncertain significance,0.5,,,,20.17,
4957607,ABCB4,qwen3.7-max,Pathogenic,Pathogenic,0.85,PVS1;PM2,"Richards S, et al., Genet Med, 2015;Jacquemin E, et al., Gastroenterology, 1998",,18.22,
754646,NR2E3,qwen3.7-max,Benign,Uncertain significance,0.7,PM2,"Richards S, et al., Genet Med, 2015",,20.99,
98763,RPGR,qwen3.7-max,Benign,Uncertain significance,0.5,BP4,,,17.36,
4958614,MSH6,qwen3.7-max,Pathogenic,Pathogenic,0.9,PVS1;PM2,"ClinVar, 2023",,30.6,
1631849,ELAC2,qwen3.7-max,Benign,Uncertain significance,0.5,,,,12.47,
58083,TSC1,qwen3.7-max,Pathogenic,Pathogenic,0.95,PVS1;PM2,"van Slegtenhorst et al., Science, 1997;Henske et al., Nat Genet, 1996",,16.03,
4968662,IGSF1,qwen3.7-max,Pathogenic,Pathogenic,0.95,PVS1;PM2,"Sun Y, et al., Nat Genet, 2012",,16.48,
1656838,PCLO,qwen3.7-max,Benign,Uncertain significance,0.8,,,,13.44,
4841025,LRP5,qwen3.7-max,Pathogenic,Pathogenic,0.9,PVS1;PM2,"Richards S, et al., Genet Med, 2015",,18.1,
1287173,RETREG1,qwen3.7-max,Benign,Uncertain significance,0.7,BP7,,,15.19,
187108,USH2A,qwen3.7-max,Pathogenic,Pathogenic,0.9,PVS1;PM2,"Richards et al., Genet Med, 2015",,22.58,
4986648,GALNT12,qwen3.7-max,Benign,Benign,0.9,BP7,"Richards S, et al., Genet Med, 2015",,15.66,
4984227,VPS33B,qwen3.7-max,Pathogenic,Pathogenic,0.85,PVS1;PM2,"Gissen P, et al., Nat Genet, 2004",,26.46,
4939035,ATM,qwen3.7-max,Pathogenic,Pathogenic,0.95,PVS1;PM2,"Richards S et al., Genet Med, 2015;Tavtigian SV et al., Hum Mutat, 2001",,16.12,
1431899,ACAD8,qwen3.7-max,Pathogenic,Uncertain significance,0.5,PM2,,,12.77,
3886691,ADGRL1,qwen3.7-max,Benign,Uncertain significance,0.5,BP7,,,19.18,
1175607,CHD7,qwen3.7-max,Pathogenic,Pathogenic,0.9,PVS1;PM2,"Vissers LE, et al., Nat Genet, 2004",,22.04,
211582,PUS1,qwen3.7-max,Benign,Likely benign,0.7,BP7,"Richards et al., Genet Med, 2015",,19.56,
689306,CLCN4,qwen3.7-max,Benign,Likely benign,0.85,BP7,"Richards S, et al., Genet Med, 2015",,13.54,
134174,CHAT,qwen3.7-max,Benign,Uncertain significance,0.5,PM2,,,11.35,
31605,ERCC5,qwen3.7-max,Pathogenic,Pathogenic,0.95,PVS1;PM2,"Richards S, et al., Genet Med, 2015;Kraemer KH, et al., Hum Mutat, 2007",,18.6,
4949166,FLNC,qwen3.7-max,Pathogenic,Pathogenic,0.85,PVS1;PM2,"Richards S, et al., Genet Med, 2015",,15.28,
151948,MSH6,qwen3.7-max,Pathogenic,Pathogenic,0.95,PVS1;PM2,"Richards et al., Genet Med, 2015",,18.25,
1963232,ADAMTSL4,qwen3.7-max,Pathogenic,Pathogenic,0.9,PVS1;PM2,"OMIM, ADAMTSL4, 2023",,27.0,
4952201,DICER1,qwen3.7-max,Pathogenic,Pathogenic,0.9,PVS1;PM2,"Slade et al., Nature Genetics, 2011;Foulkes et al., New England Journal of Medicine, 2014",,25.66,
1547761,SOX6,qwen3.7-max,Benign,Uncertain significance,0.5,PM2,,,15.0,
732381,AHDC1,qwen3.7-max,Benign,Uncertain significance,0.8,PM2,"Xia et al., Am J Hum Genet, 2014",,14.64,
4838175,DDC,qwen3.7-max,Pathogenic,Pathogenic,0.95,PVS1;PM2,"Wassenberg et al., Neurology, 2017",,19.08,
4957776,ABCB11,qwen3.7-max,Pathogenic,Pathogenic,0.9,PVS1;PM2,"Richards S, et al., Genet Med, 2015",,22.98,
4960827,KDM5C,qwen3.7-max,Pathogenic,Pathogenic,0.9,PVS1;PM2,"Jensen LR, et al., Am J Hum Genet, 2005",,17.84,
840628,BRCA2,qwen3.7-max,Pathogenic,Pathogenic,0.95,PVS1;PM2,ClinVar;ENIGMA consortium,,15.24,
255348,BBS4,qwen3.7-max,Benign,Uncertain significance,0.6,PM2,,,16.03,
192748,KCNMA1,qwen3.7-max,Benign,Likely benign,0.8,BP7,,,25.14,
180236,RAD50,qwen3.7-max,Benign,Uncertain significance,0.5,,,,12.35,
338237,GPR179,qwen3.7-max,Benign,Uncertain significance,0.6,PM2;PP3,"Richards et al., Genet Med, 2015",,13.49,
1251088,HAND2,qwen3.7-max,Benign,Likely benign,0.8,BP7,"Richards et al., Genet Med, 2015",,16.05,
289610,TF,qwen3.7-max,Benign,Likely benign,0.9,BP7,,,14.44,
2907516,DYNC2H1,qwen3.7-max,Pathogenic,Pathogenic,0.85,PVS1;PM2,"Taylor SP et al., Am J Hum Genet, 2010",,20.82,
1601951,NEFH,qwen3.7-max,Benign,Uncertain significance,0.5,,,,14.97,
542957,PCCB,qwen3.7-max,Pathogenic,Pathogenic,0.9,PVS1;PM2,"Richard E, et al., Hum Mutat, 2006;Richards S, et al., Genet Med, 2015",,23.79,
581920,HBB,qwen3.7-max,Pathogenic,Pathogenic,0.9,PVS1;PM2,"Richards et al., Genet Med, 2015",,16.26,
1155753,DNAAF5,qwen3.7-max,Benign,Likely benign,0.9,BP7,"Richards S, et al., Genet Med, 2015",,16.24,
1345849,HSD3B7,qwen3.7-max,Pathogenic,Pathogenic,0.85,PVS1;PM2,"Setchell KD, et al., J Clin Invest, 2001",,20.25,
4986840,RNF43,qwen3.7-max,Benign,Benign,0.8,BP7,"Richards S, et al., Genet Med, 2015",,14.99,
1287723,PODXL,qwen3.7-max,Benign,Uncertain significance,0.5,,,,12.59,
1609441,KCNK4,qwen3.7-max,Benign,Likely benign,0.8,BP7,,,16.19,
134610,GLUD1,qwen3.7-max,Benign,Likely benign,0.8,BP7,"Richards S, et al., Genet Med, 2015",,11.47,
323780,FAS,qwen3.7-max,Benign,Likely benign,0.8,BP7,"Richards et al., Genet Med, 2015",,18.28,
1154411,TFRC,qwen3.7-max,Benign,Likely benign,0.8,BP7,"Richards et al., Genet Med, 2015",,14.76,
4963280,COL4A5,qwen3.7-max,Pathogenic,Pathogenic,0.85,PM1;PM2;PP2;PP3,"Savige J, et al., Front Genet, 2014;Gross O, et al., Hum Mutat, 2012",,27.78,
260138,GALNS,qwen3.7-max,Pathogenic,Uncertain significance,0.6,PM2;PP3,"ClinVar, 2023",,17.32,
4837348,TRPM1,qwen3.7-max,Pathogenic,Pathogenic,0.85,PVS1;PM2,"Audo et al., Am J Hum Genet, 2009",,14.68,
2889265,MANBA,qwen3.7-max,Pathogenic,Pathogenic,0.9,PVS1;PM2,"Richards et al., Genet Med, 2015",,24.16,
264701,CYP27B1,qwen3.7-max,Pathogenic,Pathogenic,0.95,PVS1;PM2,"Richards S, et al., Genet Med, 2015",,16.57,
453307,TRIM2,qwen3.7-max,Benign,Likely benign,0.8,BP7,,,10.2,
1155953,EXTL3,qwen3.7-max,Benign,Likely benign,0.9,BP7,,,15.53,
536480,ANKRD11,qwen3.7-max,Pathogenic,Pathogenic,0.9,PVS1;PM2,"Richards et al., Genet Med, 2015",,17.23,
1583137,GPAA1,qwen3.7-max,Benign,Uncertain significance,0.7,BP7,,,16.08,
224040,GLA,qwen3.7-max,Pathogenic,Pathogenic,0.85,PM1;PM2;PP3,"Garman SC, Garboczi DN, J Mol Biol, 2004;ClinVar",,21.57,
1661920,SIL1,qwen3.7-max,Benign,Uncertain significance,0.5,,,,13.93,
207349,ARID1B,qwen3.7-max,Benign,Uncertain significance,0.6,PM2,,,12.7,
4957318,ATP8B1,qwen3.7-max,Pathogenic,Pathogenic,0.9,PVS1;PM2,"Richards S, et al., Genet Med, 2015",,14.2,
331860,KRT83,qwen3.7-max,Benign,Pathogenic,0.8,PM1;PM2;PP3,"Rogers MA, et al. J Invest Dermatol. 2004",,18.31,
799658,MEN1,qwen3.7-max,Pathogenic,Pathogenic,0.9,PVS1;PM2,"Richards et al., Genet Med, 2015",,26.24,
4939046,ATM,qwen3.7-max,Pathogenic,Pathogenic,0.95,PVS1;PM2,"Richards et al., Genet Med, 2015;ClinGen ATM VCEP specifications",,17.4,
746629,IL23R,qwen3.7-max,Benign,Likely benign,0.8,BP7,"Richards et al., Genet Med, 2015",,15.19,
4986771,RB1,qwen3.7-max,Benign,Likely benign,0.85,BP7,"Richards et al., Genet Med, 2015",,12.52,
1052911,UQCRC1,qwen3.7-max,Pathogenic,Uncertain significance,0.5,,,,18.75,
692796,ACADSB,qwen3.7-max,Benign,Likely benign,0.8,BP7,,,14.39,
229231,HSD17B4,qwen3.7-max,Benign,Likely benign,0.8,BP7,"Richards S, et al., Genet Med, 2015",,16.33,
1631916,ZNF341,qwen3.7-max,Benign,Likely benign,0.7,BP7,,,14.07,
4961096,DNAH5;DNAH5-AS1,qwen3.7-max,Pathogenic,Pathogenic,0.85,PVS1;PM2,"Richards et al., Genet Med, 2015",,16.94,
1063607,PALB2,qwen3.7-max,Pathogenic,Pathogenic,0.95,PVS1;PM2,"Antoniou AC et al., N Engl J Med, 2014",,16.29,
1582849,DNAH9,qwen3.7-max,Benign,Likely benign,0.7,BP7,"Richards et al., Genet Med, 2015",,16.76,
181618,SDHB,qwen3.7-max,Pathogenic,Pathogenic,0.9,PVS1;PM2,"Favier J et al., Hum Mutat, 2012;Alrezk R et al., J Clin Endocrinol Metab, 2018",,22.15,
2072869,LRP5,qwen3.7-max,Pathogenic,Uncertain significance,0.4,PM2,"Richards S, et al., Genet Med, 2015, ACMG/AMP guidelines for variant interpretation",,22.82,
4803691,ATM,qwen3.7-max,Pathogenic,Pathogenic,0.9,PVS1;PM2,"Richards et al., Genet Med, 2015;Tavtigian et al., Genet Med, 2018",,20.13,
1658847,OXCT1,qwen3.7-max,Benign,Uncertain significance,0.5,,,,13.74,
1168747,OFD1,qwen3.7-max,Pathogenic,Pathogenic,0.95,PVS1;PM2,"Richards S et al., Genet Med, 2015",,18.17,
1250258,MACF1,qwen3.7-max,Benign,Likely benign,0.8,BP7,"Richards S, et al., Genet Med, 2015",,10.06,
419606,APC,qwen3.7-max,Pathogenic,Pathogenic,0.95,PVS1;PM2,"ClinVar, APC gene, 2023;Richards et al., Genet Med, 2015",,16.86,
282617,DHCR24,qwen3.7-max,Benign,Uncertain significance,0.5,,,,16.49,
53201,PCDH15,qwen3.7-max,Benign,Uncertain significance,0.8,,,,16.82,
4982817,LRRC53,qwen3.7-max,Benign,Uncertain significance,0.9,,,,14.01,
1527093,ZAP70,qwen3.7-max,Benign,Uncertain significance,0.5,,,,13.54,
921357,DICER1,qwen3.7-max,Pathogenic,Pathogenic,0.95,PVS1;PM2,"Slade et al., Nature, 2011;Foulkes et al., N Engl J Med, 2011",,16.67,
194271,GALC,qwen3.7-max,Pathogenic,Pathogenic,0.95,PVS1;PM2,"Richards et al., Genet Med, 2015",,15.01,
369145,LAMB1,qwen3.7-max,Benign,Likely benign,0.8,BP7,"Richards S, et al., Genet Med, 2015",,12.41,
249783,LYST,qwen3.7-max,Benign,Likely benign,0.7,BP7,,,11.07,
4864332,GPHN,qwen3.7-max,Pathogenic,Pathogenic,0.85,PVS1;PM2,"Reiss et al., Hum Mutat, 2011",,16.93,
25883,AVPR2,qwen3.7-max,Pathogenic,Pathogenic,0.95,PVS1;PM2,ClinVar,,25.79,
699428,PLG,qwen3.7-max,Benign,Uncertain significance,0.6,PM2,"Richards S, et al., Genet Med, 2015",,20.5,
20116,CHST6,qwen3.7-max,Pathogenic,Pathogenic,0.7,PM2;PP3,ClinVar,,23.4,
4907853,LHCGR,qwen3.7-max,Pathogenic,Pathogenic,0.9,PVS1;PM2,"Latronico AC, et al. N Engl J Med. 1996;Arnhold IJ, et al. J Clin Endocrinol Metab. 1997",,19.26,
77669,LMNA,qwen3.7-max,Pathogenic,Uncertain significance,0.6,PM2;PP3,,,15.67,
2107811,ARIH1,qwen3.7-max,Benign,Uncertain significance,0.5,,,,16.22,
4840781,MSH2,qwen3.7-max,Pathogenic,Pathogenic,0.95,PVS1,,,15.29,
23942,PPT1,qwen3.7-max,Pathogenic,Pathogenic,0.95,PVS1;PM2,ClinVar,,14.77,
257214,GP6,qwen3.7-max,Benign,Uncertain significance,0.5,,,,10.42,
306195,IYD,qwen3.7-max,Benign,Uncertain significance,0.5,PM2;PP3,,,15.07,
255198,CDAN1,qwen3.7-max,Benign,Uncertain significance,0.5,BP7,,,20.2,
543109,GLB1,qwen3.7-max,Pathogenic,Pathogenic,0.9,PVS1;PM2,"Richards et al., Genet Med, 2015",,23.69,
734914,OTULIN,qwen3.7-max,Benign,Likely benign,0.85,BP7,"Richards S, et al., Genet Med, 2015",,14.9,
1607236,IFT56,qwen3.7-max,Benign,Uncertain significance,0.6,,,,20.61,
100236,DYSF,qwen3.7-max,Pathogenic,Pathogenic,0.85,PVS1;PM2,"Richards S, et al., Genet Med, 2015",,15.27,
4924487,NGLY1,qwen3.7-max,Pathogenic,Pathogenic,0.9,PVS1;PM2,"Enns GM, et al., Am J Hum Genet, 2014",,15.85,
1157643,IFT140,qwen3.7-max,Benign,Likely benign,0.7,BP7,"Richards et al., Genet Med, 2015",,14.65,
1158850,ATRN,qwen3.7-max,Benign,Uncertain significance,0.5,,,,15.36,
142492,POR,qwen3.7-max,Benign,Uncertain significance,0.5,,,,12.73,
1523520,FLNC,qwen3.7-max,Benign,Uncertain significance,0.5,,,,12.74,
1647292,PCLO,qwen3.7-max,Benign,Likely benign,0.8,BP7,"Richards et al., Genet Med, 2015",,13.11,
1275097,IFT57,qwen3.7-max,Benign,Benign,0.9,BP7,"Richards S, et al., Genet Med, 2015",,15.7,
254153,STIM1,qwen3.7-max,Benign,Uncertain significance,0.5,BP7,,,18.85,
414831,SCN2A,qwen3.7-max,Pathogenic,Pathogenic,0.9,PVS1;PM2,"Richards et al., Genet Med, 2015",,22.66,
4918471,DDX11,qwen3.7-max,Benign,Uncertain significance,0.5,,,,12.72,
192802,CAPN3,qwen3.7-max,Pathogenic,Uncertain significance,0.5,PM2,ClinVar,,13.01,
4963468,POC1B,qwen3.7-max,Pathogenic,Pathogenic,0.85,PVS1;PM2,"ClinVar, 2023",,22.2,
427290,APC,qwen3.7-max,Pathogenic,Pathogenic,0.95,PVS1;PM2,"Richards S, et al., Genet Med, 2015;Miyoshi Y, et al., Hum Mol Genet, 1992",,34.31,
2954712,HPS6,qwen3.7-max,Pathogenic,Pathogenic,0.9,PVS1;PM2,"Zhang et al., Am J Hum Genet, 2003",,21.71,
470290,SUN2,qwen3.7-max,Benign,Uncertain significance,0.5,,,,12.16,
2777096,PKD1,qwen3.7-max,Pathogenic,Pathogenic,0.95,PVS1;PM2,"Cornec-Le Gall E, Am J Hum Genet, 2013;Bergmann C, Nat Rev Dis Primers, 2018",,18.11,
3729045,ABCB4,qwen3.7-max,Pathogenic,Pathogenic,0.9,PVS1;PM2,"Richards et al., Genet Med, 2015",,15.95,
4931345,ICE2;LOC130057196;LOC130057197;RORA;RORA-AS1,qwen3.7-max,Pathogenic,Uncertain significance,0.5,,,,14.03,
1995517,IREB2,qwen3.7-max,Benign,Uncertain significance,0.6,BP7,"Richards et al., Genet Med, 2015",,15.38,
1594288,CBX2,qwen3.7-max,Benign,Uncertain significance,0.7,BP7,,,19.27,
4977947,TMEM127,qwen3.7-max,Pathogenic,Pathogenic,0.95,PVS1;PM2,"Yao L et al., Nat Genet, 2010;Richards S et al., Genet Med, 2015",,22.46,
1064399,UNC13D,qwen3.7-max,Pathogenic,Pathogenic,0.9,PVS1;PM2,"Richards S, et al., Genet Med, 2015",,25.02,
812236,DICER1,qwen3.7-max,Pathogenic,Pathogenic,0.9,PVS1;PM2,"Slade et al., Am J Hum Genet, 2011",,20.4,
29357,MC4R,qwen3.7-max,Pathogenic,Pathogenic,0.85,PVS1;PM2,"Vaisse C, Nat Genet, 1998;Yeo GS, Nat Genet, 1998",,19.26,
374264,DDHD1,qwen3.7-max,Benign,Likely benign,0.8,BP7,,,14.97,
1693587,IPO8,qwen3.7-max,Benign,Uncertain significance,0.5,,,,16.79,
4949254,SHANK3,qwen3.7-max,Pathogenic,Pathogenic,0.95,PVS1;PM2,"Richards et al., Genet Med, 2015",,20.35,
265377,DYSF,qwen3.7-max,Pathogenic,Pathogenic,0.85,PVS1;PM2,"Richards S, et al., Genet Med, 2015",,22.14,
16742,ERCC6,qwen3.7-max,Pathogenic,Pathogenic,0.9,PVS1;PM2,"Laugel V, et al., Hum Mutat, 2010;Richards S, et al., Genet Med, 2015",,22.4,
22309,ATP8B1,qwen3.7-max,Pathogenic,Uncertain significance,0.6,PM2,"Richards S, et al., Genet Med, 2015",,17.22,
4794583,RPS6KC1,qwen3.7-max,Pathogenic,Pathogenic,0.8,PVS1;PM2,,,17.0,
1454236,SMAD3,qwen3.7-max,Pathogenic,Pathogenic,0.95,PVS1;PM2,"van de Laar et al., Nat Genet, 2011",,16.68,
4986912,ATM,qwen3.7-max,Pathogenic,Pathogenic,0.95,PVS1;PM2,"Tavtigian et al., Genetics in Medicine, 2016;ClinGen ATM VCEP specifications",,16.42,
2806678,KCNQ1;KCNQ1OT1,qwen3.7-max,Benign,Uncertain significance,0.5,,,,17.99,
254099,TNNT3,qwen3.7-max,Benign,Uncertain significance,0.6,BP4,,,10.67,
4841047,BLM,qwen3.7-max,Pathogenic,Pathogenic,0.9,PVS1;PM2,"Richards et al., Genet Med, 2015",,23.0,
1239782,SCARB1,qwen3.7-max,Benign,Uncertain significance,0.5,,,,13.81,
3879847,FBN1,qwen3.7-max,Pathogenic,Pathogenic,0.85,PM1;PM2;PP2,"Loeys et al., Hum Mutat, 2010;Judge et al., J Clin Invest, 2005",,19.82,
1634466,NEB,qwen3.7-max,Benign,Uncertain significance,0.5,,,,12.56,
2849374,ITPKB,qwen3.7-max,Benign,Uncertain significance,0.5,,,,12.67,
373868,DDHD1,qwen3.7-max,Benign,Uncertain significance,0.5,PM2,,,15.21,
22993,MYOC,qwen3.7-max,Pathogenic,Pathogenic,0.9,PM1;PM2;PP3;PS3,"Fingert et al., Arch Ophthalmol, 2001;Shimizu et al., Hum Mutat, 2000",,21.37,
251257,FLNB,qwen3.7-max,Benign,Uncertain significance,0.5,PM2,,,17.09,
4844149,OPA1,qwen3.7-max,Pathogenic,Pathogenic,0.95,PVS1;PM2,"Yu-Wai-Man P, et al., Hum Mol Genet, 2002",,17.09,
1243998,COL2A1,qwen3.7-max,Pathogenic,Pathogenic,0.85,PM1;PM2;PP3,"Richards et al., Genet Med, 2015;Terhal et al., Hum Mutat, 2012;Hoornaert et al., Hum Mutat, 2006",,25.18,
166078,PAX2,qwen3.7-max,Benign,Likely benign,0.8,BP7,"Richards S, et al., Genet Med, 2015",,13.73,
4974155,TP53,qwen3.7-max,Pathogenic,Pathogenic,0.95,PVS1;PM2,"Richards et al., Genet Med, 2015;ClinGen TP53 VCEP specifications",,14.91,
1977154,ERCC3,qwen3.7-max,Pathogenic,Pathogenic,0.95,PVS1;PM2,"Richards S, et al., Genet Med, 2015",,27.61,
1454832,SCLT1,qwen3.7-max,Pathogenic,Pathogenic,0.8,PVS1;PM2,"Richards S, et al., Genet Med, 2015",,22.35,
4850906,PHKB,qwen3.7-max,Pathogenic,Pathogenic,0.85,PVS1;PM2,"Burwinkel et al., Nat Genet, 1997",,18.17,
4907972,PKD1,qwen3.7-max,Pathogenic,Pathogenic,0.85,PVS1;PM2,"Richards S, et al., Genet Med, 2015",,23.71,
793230,GCK,qwen3.7-max,Pathogenic,Pathogenic,0.85,PM2;PP3;PP4,"Osbak KK, et al., Hum Mutat, 2009",,23.75,
4930497,PLS3,qwen3.7-max,Pathogenic,Pathogenic,0.85,PVS1;PM2,"Richards S, et al., Genet Med, 2015",,19.5,
421507,APC,qwen3.7-max,Pathogenic,Pathogenic,0.95,PVS1;PM2,"Groden et al., Cell, 1991;ClinVar",,17.69,
1153554,GRHL3,qwen3.7-max,Benign,Uncertain significance,0.5,,,,13.88,
484209,NBN,qwen3.7-max,Benign,Uncertain significance,0.6,,,,12.95,
228334,USH2A,qwen3.7-max,Benign,Uncertain significance,0.6,PM2,"Richards et al., Genet Med, 2015",,11.01,
4850869,NIPBL,qwen3.7-max,Pathogenic,Pathogenic,0.9,PVS1;PM2,"Kline et al., Am J Med Genet C Semin Med Genet, 2007",,18.77,
466407,NF1,qwen3.7-max,Pathogenic,Pathogenic,0.95,PVS1;PM2,"Richards et al., Genet Med, 2015;ClinVar",,14.07,
4956405,MYO15A,qwen3.7-max,Pathogenic,Pathogenic,0.85,PVS1;PM2,"Wang et al., Science, 1998",,25.92,
4802666,BMPR2,qwen3.7-max,Pathogenic,Pathogenic,0.95,PVS1;PM2,"Deng Z, et al., Am J Hum Genet, 2000;Lane KB, et al., Nat Genet, 2000",,20.06,
198014,LDLR,qwen3.7-max,Benign,Likely benign,0.8,BP7,"Richards et al., Genet Med, 2015",,21.72,
697848,SLCO2A1,qwen3.7-max,Benign,Benign,0.9,BP7,"Richards S, et al., Genet Med, 2015",,13.84,
4987079,GALNT12,qwen3.7-max,Benign,Likely benign,0.6,BP7,,,17.38,
712390,SLC18A3,qwen3.7-max,Benign,Likely benign,0.8,BP7,"Richards et al., Genet Med, 2015",,15.23,
255313,TCF12,qwen3.7-max,Benign,Likely benign,0.8,BP7,,,17.46,
3757892,LZTR1,qwen3.7-max,Pathogenic,Pathogenic,0.85,PVS1;PM2,"Richards et al., Genet Med, 2015",,23.72,
851699,NF1,qwen3.7-max,Pathogenic,Pathogenic,0.95,PVS1;PM2,"Richards S, et al. Genet Med. 2015;ClinGen NF1 VCEP specifications, 2022",,16.15,
254631,ITGA7,qwen3.7-max,Benign,Uncertain significance,0.6,PM2,"Richards S, et al., Genet Med, 2015",,13.98,
552983,NF1,qwen3.7-max,Pathogenic,Pathogenic,0.95,PVS1;PM2,"Fahsold et al., Am J Hum Genet, 2000;Messiaen et al., Hum Mutat, 2000",,16.76,
2895165,MYO15A,qwen3.7-max,Pathogenic,Uncertain significance,0.6,PM2;PP3,"Richards et al., Genet Med, 2015",,14.69,
694025,MYH3,qwen3.7-max,Benign,Uncertain significance,0.5,,,,22.73,
4938613,BRCA1,qwen3.7-max,Pathogenic,Pathogenic,0.95,PVS1;PM2,"ClinVar, NCBI, 2023;ENIGMA Consortium, 2023",,17.03,
1544455,GUCY2C,qwen3.7-max,Benign,Benign,0.9,BP7,"Richards et al., Genet Med, 2015",,17.99,
4836313,NF1,qwen3.7-max,Pathogenic,Pathogenic,0.9,PVS1;PM2,"Legius E, et al., Eur J Hum Genet, 2021",,23.86,
707985,UNC80,qwen3.7-max,Benign,Uncertain significance,0.6,BP7,"Richards et al., Genet Med, 2015",,20.52,
357056,ALPL,qwen3.7-max,Pathogenic,Pathogenic,0.85,PVS1;PM2,"Richards S, et al., Genet Med, 2015",,17.02,
52515,MYO7A,qwen3.7-max,Pathogenic,Pathogenic,0.9,PVS1;PM2,"Richards S, et al. Genet Med. 2015",,25.18,
4821330,EDA,qwen3.7-max,Pathogenic,Pathogenic,0.95,PVS1;PM2,"Richards S, et al., Genet Med, 2015;Cluzeau C, et al., Hum Mutat, 2011",,18.33,
4961242,NHLRC2,qwen3.7-max,Pathogenic,Pathogenic,0.85,PVS1;PM2,"Richards S, et al., Genet Med, 2015, PMID: 25741868",,24.14,
549946,OGDH,qwen3.7-max,Benign,Likely benign,0.8,BP7,"Richards S, et al., Genet Med, 2015",,17.11,
1329221,RSPO1,qwen3.7-max,Benign,Uncertain significance,0.5,PM2,,,18.64,
4986887,ATM,qwen3.7-max,Pathogenic,Pathogenic,0.9,PVS1;PM2,"Richards S, et al., Genet Med, 2015;ClinGen ATM VCEP guidelines",,16.0,
53303,SERPINB6,qwen3.7-max,Benign,Benign,0.9,BP7,"Richards et al., Genet Med, 2015",,13.32,
174225,NME8,qwen3.7-max,Benign,Likely benign,0.8,BP7,,,16.7,
1603641,SLC12A1,qwen3.7-max,Benign,Likely benign,0.7,BP7,,,15.34,
99982,PRKCSH,qwen3.7-max,Benign,Pathogenic,0.7,PM4,"ClinVar, PRKCSH, 2023",,23.47,
3546978,CACNA1I,qwen3.7-max,Benign,Uncertain significance,0.7,PM2,,,16.78,
4934928,POU3F4,qwen3.7-max,Pathogenic,Pathogenic,0.95,PVS1;PM2,"de Kok YJ, et al. Science. 1995",,16.49,
4957187,ABCB11,qwen3.7-max,Pathogenic,Pathogenic,0.95,PVS1;PM2,"Strautnieks SS, et al., Nat Genet, 1998",,17.39,
364398,PLOD1,qwen3.7-max,Benign,Uncertain significance,0.6,,,,16.65,
4816218,ERCC3,qwen3.7-max,Pathogenic,Pathogenic,0.9,PVS1;PM2,"Richards S, et al., Genet Med, 2015",,15.82,
1662065,PLXNA2,qwen3.7-max,Benign,Likely benign,0.8,BP7,,,16.26,
250641,COL4A3,qwen3.7-max,Benign,Uncertain significance,0.6,BP7,,,19.8,
1633608,KIF20A,qwen3.7-max,Benign,Likely benign,0.9,BP7,"Richards S, et al., Genet Med, 2015",,18.98,
1272672,SLC25A32,qwen3.7-max,Benign,Uncertain significance,0.6,PM2;PP3,"Richards et al., Genet Med, 2015",,18.14,
920726,TXNDC15,qwen3.7-max,Pathogenic,Pathogenic,0.85,PVS1;PM2,,,30.87,
1233886,CREB3L3,qwen3.7-max,Benign,Likely benign,0.8,BP7,"Richards et al., Genet Med, 2015",,18.1,
4843752,ATM,qwen3.7-max,Pathogenic,Pathogenic,0.95,PVS1;PM2,"Richards S, et al., Genet Med, 2015;Tavtigian SV, et al., Hum Mutat, 2009",,18.73,
1157665,XYLT1,qwen3.7-max,Benign,Uncertain significance,0.6,,,,18.01,
1889809,COL7A1,qwen3.7-max,Benign,Uncertain significance,0.6,PM2,,,14.53,
329057,TINF2,qwen3.7-max,Benign,Likely benign,0.8,BP7,"Richards et al., Genet Med, 2015",,13.05,
1064748,GP6,qwen3.7-max,Pathogenic,Pathogenic,0.85,PVS1;PM2,"Richards S, et al., Genet Med, 2015",,17.67,
699227,HACE1,qwen3.7-max,Benign,Likely benign,0.7,BP7,"Richards S, et al., Genet Med, 2015",,15.02,
569012,FANCG,qwen3.7-max,Pathogenic,Pathogenic,0.85,PVS1;PM2,"Richards et al., Genet Med, 2015",,17.83,
4821304,EXT2,qwen3.7-max,Pathogenic,Pathogenic,0.9,PVS1;PM2,"Richards S, et al., Genet Med, 2015",,24.46,
135954,SYNE2,qwen3.7-max,Benign,Uncertain significance,0.7,PM2,"Richards S, et al., Genet Med, 2015",,14.04,
4967321,KAT6B,qwen3.7-max,Pathogenic,Pathogenic,0.9,PVS1;PM2,"Campeau et al., Nat Genet, 2012;Clayton-Smith et al., Am J Hum Genet, 2011",,20.91,
2841570,PALB2,qwen3.7-max,Pathogenic,Pathogenic,0.95,PVS1;PM2,"Richards S, et al., Genet Med, 2015",,21.32,
2103858,DNAH11,qwen3.7-max,Benign,Uncertain significance,0.6,,,,17.04,
709968,ERBIN,qwen3.7-max,Benign,Uncertain significance,0.8,,,,12.07,
3199087,PKD1,qwen3.7-max,Pathogenic,Uncertain significance,0.6,PM2,,,14.94,
1237600,CPAMD8,qwen3.7-max,Benign,Likely benign,0.7,BP7,,,13.78,
1036826,NF1,qwen3.7-max,Pathogenic,Pathogenic,0.95,PVS1;PM2,"Richards et al., Genet Med, 2015;ClinVar",,18.95,
566526,LDB3,qwen3.7-max,Pathogenic,Pathogenic,0.85,PVS1;PM2,"Richards et al., Genet Med, 2015",,24.92,
511872,PRF1,qwen3.7-max,Pathogenic,Uncertain significance,0.5,PM2,"ClinVar, PRF1 c.445G>A (p.Gly149Ser)",,19.0,
21615,ABCC6,qwen3.7-max,Pathogenic,Pathogenic,0.8,PM2;PP3;PM1,"Le Saux O, et al., Nat Genet, 2000",,29.06,
369735,RARS1,qwen3.7-max,Benign,Uncertain significance,0.6,PM2;PP3,"ClinVar, 2023",,12.92,
195797,EXT2,qwen3.7-max,Benign,Likely benign,0.7,BP7,"Richards et al., Genet Med, 2015",,18.37,
1855013,MSH3,qwen3.7-max,Pathogenic,Pathogenic,0.85,PVS1,"Palles C, et al., Nat Genet, 2013",,21.7,
24852,AR,qwen3.7-max,Pathogenic,Pathogenic,0.75,PM1;PM2;PP3,"ClinVar, 2023",,22.95,
4908804,KMT2D,qwen3.7-max,Benign,Uncertain significance,0.7,PM2;PP3,"Ng SB, et al., Nature, 2010",,19.26,
785153,IFT140,qwen3.7-max,Benign,Uncertain significance,0.6,PM2,,,12.58,
778158,DIAPH3,qwen3.7-max,Benign,Uncertain significance,0.5,,,,13.13,
4874883,KAT6A,qwen3.7-max,Benign,Uncertain significance,0.7,PM2;BP1,"Arboleda et al., Am J Hum Genet, 2015;Tham et al., Am J Hum Genet, 2015",,19.57,
962042,CYFIP2,qwen3.7-max,Pathogenic,Pathogenic,0.8,PS2;PM2;PP3,"Nakashima et al., Am J Hum Genet, 2018",,14.64,
52755,ELN,qwen3.7-max,Pathogenic,Uncertain significance,0.4,PM2,,,15.61,
481582,USH2A,qwen3.7-max,Pathogenic,Pathogenic,0.95,PVS1;PM2,"Richards S, et al., Genet Med, 2015",,16.26,
252603,FLNC,qwen3.7-max,Benign,Uncertain significance,0.5,,,,15.5,
577144,SMC3,qwen3.7-max,Benign,Likely benign,0.85,BP7,"Richards S, et al., Genet Med, 2015",,21.96,
1426012,SCN4A,qwen3.7-max,Pathogenic,Pathogenic,0.85,PM1;PM5;PP3,"McClatchey et al., Cell, 1992;Lerche et al., Ann Neurol, 1993",,23.57,
1494414,ALMS1,qwen3.7-max,Pathogenic,Pathogenic,0.85,PVS1;PM2,"Marshall JD, et al., Nat Genet, 2002",,48.71,
730149,CCDC88A,qwen3.7-max,Benign,Uncertain significance,0.5,,,,12.15,
2751467,APC,qwen3.7-max,Pathogenic,Pathogenic,0.95,PVS1;PM2,"Groden J, et al., Cell, 1991;Nishisho I, et al., Science, 1991",,16.45,
379909,CUL4B,qwen3.7-max,Benign,Uncertain significance,0.5,,,,11.95,
4907132,EPG5,qwen3.7-max,Pathogenic,Uncertain significance,0.5,PM4,"Richards S, et al., Genet Med, 2015",,20.01,
4960014,PGM3,qwen3.7-max,Pathogenic,Pathogenic,0.85,PVS1;PM2,"Zhang Y, J Allergy Clin Immunol, 2014;Sassi A, J Allergy Clin Immunol, 2014",,16.26,
405083,COA6,qwen3.7-max,Benign,Uncertain significance,0.7,PM2,"Richards et al., Genet Med, 2015",,13.21,
1157736,VPS35,qwen3.7-max,Benign,Likely benign,0.8,BP7,"Richards et al., Genet Med, 2015",,13.05,
375299,KIF1C,qwen3.7-max,Benign,Likely benign,0.85,BP7,"Richards et al., Genet Med, 2015",,14.3,
2898867,HOGA1,qwen3.7-max,Benign,Uncertain significance,0.6,,,,17.54,
278798,LAMC2,qwen3.7-max,Benign,Uncertain significance,0.6,PM2;PP3,"Richards S, et al., Genet Med, 2015, ACMG/AMP guidelines",,12.81,
1154445,TOP2B,qwen3.7-max,Benign,Likely benign,0.8,BP7,"Richards S, et al., Genet Med, 2015",,12.74,
265305,POMT2,qwen3.7-max,Pathogenic,Pathogenic,0.9,PVS1;PM2,"Richards S, et al., Genet Med, 2015",,21.0,
132794,ATM,qwen3.7-max,Pathogenic,Pathogenic,0.95,PVS1;PM2,"Savitsky et al., Science, 1995;ClinVar, 2023",,19.22,
1060377,GRM6,qwen3.7-max,Pathogenic,Pathogenic,0.85,PVS1;PM2,"Richards et al., Genet Med, 2015",,14.86,
4185036,ATM,qwen3.7-max,Pathogenic,Pathogenic,0.85,PVS1;PM2,"Richards S, et al., Genet Med, 2015",,20.83,
532165,GATA6,qwen3.7-max,Benign,Likely benign,0.8,BP7,"Richards S, et al., Genet Med, 2015",,13.26,
249670,GABRD,qwen3.7-max,Benign,Likely benign,0.8,BP7,,,15.77,
429984,CHRNE,qwen3.7-max,Pathogenic,Pathogenic,0.95,PVS1;PM2,"Richards S, et al., Genet Med, 2015;Engel AG, et al., Nat Rev Neurol, 2015",,15.11,
132935,BLM,qwen3.7-max,Pathogenic,Pathogenic,0.9,PVS1;PM2,"German J, et al., Medicine (Baltimore), 2000",,21.81,
961853,ABCB4,qwen3.7-max,Pathogenic,Pathogenic,0.85,PVS1;PM2,"Richards S, et al., Genet Med, 2015",,18.61,
4976542,MSH3,qwen3.7-max,Pathogenic,Pathogenic,0.85,PVS1;PM2,"Richards et al., Genet Med, 2015",,17.74,
321024,RDH12,qwen3.7-max,Benign,Likely benign,0.8,BP7,"Richards et al., Genet Med, 2015",,11.51,
1056539,GCDH,qwen3.7-max,Pathogenic,Pathogenic,0.9,PVS1;PM2,"Richards S, et al., Genet Med, 2015",,16.1,
1230897,FAT2,qwen3.7-max,Benign,Uncertain significance,0.8,PM2,"Richards S, et al., Genet Med, 2015",,12.88,
4986436,CDC42BPB,qwen3.7-max,Pathogenic,Uncertain significance,0.6,,,,21.52,
4970413,RB1,qwen3.7-max,Pathogenic,Pathogenic,0.95,PVS1;PM2,"Richards S, et al., Genet Med, 2015",,18.5,
4956084,ATM,qwen3.7-max,Pathogenic,Pathogenic,0.95,PVS1;PM2,"Telatar et al., Nat Genet, 1996;ACMG/AMP guidelines, Genet Med, 2015",,7.52,
375785,FLCN,qwen3.7-max,Pathogenic,Pathogenic,0.9,PVS1;PM2,"Schmidt LS et al., Am J Hum Genet, 2005",,17.63,
470446,MAN2B1,qwen3.7-max,Benign,Uncertain significance,0.6,PM2;PP3,"Richards S, et al. Genet Med. 2015",,13.78,
4911686,TSFM,qwen3.7-max,Pathogenic,Pathogenic,0.85,PVS1;PM2,"ClinVar, NCBI, 2023",,23.33,
102012,GNPTAB,qwen3.7-max,Benign,Likely benign,0.9,BP7,"Richards et al., Genet Med, 2015",,12.06,
45591,FGFR2,qwen3.7-max,Benign,Likely benign,0.8,BP7,"Richards S, et al., Genet Med, 2015",,13.41,
710980,SFRP4,qwen3.7-max,Benign,Likely benign,0.8,BP7,,,19.46,
4796887,EHMT1,qwen3.7-max,Pathogenic,Pathogenic,0.95,PVS1;PM2,"Kleefstra T, et al., Am J Hum Genet, 2006;Richards S, et al., Genet Med, 2015",,12.46,
4840901,MSH6,qwen3.7-max,Pathogenic,Pathogenic,0.95,PVS1;PM2,"Richards et al., Genet Med, 2015",,17.13,
4021719,ARFGEF1,qwen3.7-max,Pathogenic,Pathogenic,0.85,PVS1;PM2,"Sheen et al., Nat Genet, 2004",,19.03,
169508,WDR62,qwen3.7-max,Benign,Uncertain significance,0.5,PM2,,,11.88,
638577,PTCH1,qwen3.7-max,Pathogenic,Pathogenic,0.95,PVS1;PM2,ClinVar;gnomAD,,12.99,
173709,DIAPH1,qwen3.7-max,Benign,Likely benign,0.7,BP7,"Richards et al., Genet Med, 2015",,15.28,
936298,CEP290,qwen3.7-max,Pathogenic,Pathogenic,0.85,PVS1;PM2,"Sayer JA, Nat Genet, 2006;den Hollander AI, Nat Genet, 2006",,16.4,
102285,PKHD1,qwen3.7-max,Benign,Uncertain significance,0.6,PM2;PP3,ClinVar,,13.93,
1646052,LHX4,qwen3.7-max,Benign,Uncertain significance,0.4,BP7,"Richards et al., Genet Med, 2015",,21.47,
442171,NOTCH3,qwen3.7-max,Pathogenic,Pathogenic,0.95,PM1;PM2;PP2;PP3,"Joutel et al., Am J Hum Genet, 1996;Rutten et al., Neurology, 2014;ClinGen NOTCH3 SVI Guidelines, 2021",,30.98,
3783973,PTEN,qwen3.7-max,Pathogenic,Pathogenic,0.95,PVS1;PM2,"Richards et al., Genet Med, 2015;Liaw et al., Nat Genet, 1997;Nelen et al., Hum Mol Genet, 1997",,11.12,
4837185,ZNF469,qwen3.7-max,Pathogenic,Pathogenic,0.85,PVS1;PM2,"Abu A, et al., Hum Mutat, 2014",,17.02,
46005,BRCA1,qwen3.7-max,Pathogenic,Uncertain significance,0.5,,,,21.01,
1471310,NF2,qwen3.7-max,Pathogenic,Pathogenic,0.85,PVS1;PM2,"ClinVar, 2023;Evans et al., J Med Genet, 2009",,30.83,
2022866,MAST1,qwen3.7-max,Benign,Uncertain significance,0.5,,,,14.69,
409883,NF1,qwen3.7-max,Pathogenic,Pathogenic,0.9,PVS1;PM2,"Richards S, et al. Genet Med. 2015",,23.7,
29578,LAMB3,qwen3.7-max,Pathogenic,Pathogenic,0.9,PVS1;PM2,"Richards et al., Genet Med, 2015",,23.64,
495218,APC,qwen3.7-max,Pathogenic,Pathogenic,0.95,PVS1,"Nishisho I, Science, 1991;Groden J, Cell, 1991",,15.51,
1158101,SLC13A5,qwen3.7-max,Benign,Benign,0.9,BP7,"Richards S, et al., Genet Med, 2015, ACMG/AMP guidelines",,15.1,
452503,RARB,qwen3.7-max,Benign,Likely benign,0.8,BP7,"Richards S, et al., Genet Med, 2015",,15.95,
1631865,MCM2,qwen3.7-max,Benign,Uncertain significance,0.5,,,,12.77,
720421,MYD88,qwen3.7-max,Benign,Likely benign,0.8,BP7,,,11.39,
389635,C6,qwen3.7-max,Benign,Uncertain significance,0.5,,,,10.58,
1571743,KIF5A,qwen3.7-max,Benign,Uncertain significance,0.6,,,,13.46,
4969971,NUS1,qwen3.7-max,Pathogenic,Pathogenic,0.85,PVS1;PM2,"Richards S, et al., Genet Med, 2015",,16.05,
4967637,BRCA2,qwen3.7-max,Pathogenic,Pathogenic,0.95,PVS1;PM2,"Wooster R, et al., Nature, 1995;ClinVar",,20.08,
2094795,PKD1L1,qwen3.7-max,Benign,Likely benign,0.9,BP7,"Richards et al., Genet Med, 2015",,10.38,
411272,PHEX,qwen3.7-max,Pathogenic,Pathogenic,0.95,PVS1;PM2,"Lorenz-Depiereux B, et al., Hum Mutat, 2006",,18.06,
4915427,CHKB,qwen3.7-max,Pathogenic,Pathogenic,0.85,PVS1;PM2,"Mitsuhashi H, et al., Am J Hum Genet, 2011",,16.85,
4643499,VARS1,qwen3.7-max,Pathogenic,Pathogenic,0.9,PVS1;PM2,"Richards et al., Genet Med, 2015",,23.15,
4644372,MSH6,qwen3.7-max,Pathogenic,Pathogenic,0.95,PVS1;PM2,"Kastrinos F, et al. JAMA. 2011;Bonadonna V, et al. Gastroenterology. 2012;ClinVar Variation ID: 89654",,13.9,
552368,RUNX1,qwen3.7-max,Pathogenic,Pathogenic,0.75,PM1;PM2;PP3,"ClinVar, 2023",,13.73,
254617,KRT5,qwen3.7-max,Benign,Uncertain significance,0.5,,,,14.86,
256024,MYH2,qwen3.7-max,Benign,Likely benign,0.9,BP7,"Richards S, et al., Genet Med, 2015",,11.45,
692343,EXT1,qwen3.7-max,Benign,Uncertain significance,0.6,PM2;BP1,"Richards et al., Genet Med, 2015",,14.43,
296919,SH3PXD2B,qwen3.7-max,Benign,Uncertain significance,0.7,BP7,"Richards et al., Genet Med, 2015",,18.94,
1245353,CTU2;PIEZO1,qwen3.7-max,Benign,Likely benign,0.7,BP7,,,18.8,
241774,DYNC1H1,qwen3.7-max,Benign,Likely benign,0.8,BP7,"Richards S, et al., Genet Med, 2015",,16.05,
1038671,SMAD4,qwen3.7-max,Pathogenic,Pathogenic,0.95,PVS1;PM2,"Richards S, et al., Genet Med, 2015",,15.54,
373723,SLC7A7,qwen3.7-max,Benign,Uncertain significance,0.6,PM2;PP3,,,13.35,
4938797,MSH3,qwen3.7-max,Pathogenic,Pathogenic,0.85,PVS1;PM2,"Richards S, et al., Genet Med, 2015",,22.06,
1156384,OPTN,qwen3.7-max,Benign,Likely benign,0.7,BP7,,,12.62,
251140,SUMF1,qwen3.7-max,Benign,Uncertain significance,0.6,PM2;BP4,,,15.11,
4964190,SOX3,qwen3.7-max,Pathogenic,Pathogenic,0.9,PVS1;PM2;PP4,"Alatzoglou et al., J Clin Endocrinol Metab, 2011;Woods et al., Am J Hum Genet, 2005",,32.93,
4971929,DICER1,qwen3.7-max,Pathogenic,Pathogenic,0.9,PVS1;PM2,"Slade I, et al., Nature, 2011",,16.26,
48500,EPG5,qwen3.7-max,Pathogenic,Pathogenic,0.85,PVS1;PM2,"Cullup et al., AJHG, 2013",,16.97,
1265879,TNXB,qwen3.7-max,Benign,Likely benign,0.8,BP7,,,14.85,
4964501,TBX1,qwen3.7-max,Pathogenic,Pathogenic,0.9,PVS1;PM2,"Merscher S, Hum Mol Genet, 2001;Yagi H, Nature, 2003",,24.95,
1229769,PIK3R1,qwen3.7-max,Benign,Uncertain significance,0.5,,,,12.32,
3886920,PYGB,qwen3.7-max,Benign,Uncertain significance,0.5,PM2;PP3,ClinVar,,18.07,
1155600,KIAA1549,qwen3.7-max,Benign,Uncertain significance,0.5,,,,9.12,
4847483,SH2D1A,qwen3.7-max,Pathogenic,Pathogenic,0.9,PVS1;PM2,"Richards S, et al., Genet Med, 2015",,25.18,
1064189,BRCA1,qwen3.7-max,Pathogenic,Pathogenic,0.95,PVS1;PM2,"Richards S, Genet Med, 2015;ClinVar",,17.34,
1274615,IGSF1,qwen3.7-max,Benign,Likely benign,0.9,BP7,"Richards S, et al., Genet Med, 2015",,16.35,
194225,FLNC,qwen3.7-max,Benign,Likely benign,0.8,BP7,,,13.74,
1155323,C2,qwen3.7-max,Benign,Uncertain significance,0.6,BP7,"Richards S, et al., Genet Med, 2015",,14.41,
1535604,ZNF687,qwen3.7-max,Benign,Likely benign,0.8,BP7,"Richards et al., Genet Med, 2015",,12.74,
133613,BRIP1,qwen3.7-max,Pathogenic,Pathogenic,0.95,PVS1;PM2,"Levitus M, et al., Nat Genet, 2005;Seal S, et al., Nat Genet, 2006",,18.23,
249343,AGRN,qwen3.7-max,Benign,Uncertain significance,0.6,,,,14.0,
185354,TP53,qwen3.7-max,Pathogenic,Pathogenic,0.75,PM1;PM2;PP3,ClinVar;IARC TP53 Database,,21.7,
2963151,MBD4,qwen3.7-max,Pathogenic,Pathogenic,0.85,PVS1;PM2,ClinVar,,16.15,
4933444,KCNQ1;KCNQ1OT1,qwen3.7-max,Benign,Uncertain significance,0.5,,,,16.78,
709585,SLC6A19,qwen3.7-max,Benign,Likely benign,0.8,BP7,"Richards et al., Genet Med, 2015",,13.9,
440396,CLCNKB,qwen3.7-max,Benign,Likely benign,0.9,BP7,"Richards S, et al., Genet Med, 2015",,16.03,
2022520,DHX37,qwen3.7-max,Benign,Likely benign,0.8,BP7,"Richards et al., Genet Med, 2015",,16.45,
579407,KAT6A,qwen3.7-max,Benign,Likely benign,0.8,BP7,"Richards S, et al., Genet Med, 2015",,14.25,
150264,AGXT,qwen3.7-max,Pathogenic,Pathogenic,0.9,PVS1;PM2,"Richards S, et al., Genet Med, 2015",,28.14,
4940204,ARHGAP35,qwen3.7-max,Pathogenic,Pathogenic,0.85,PVS1;PM2,,,20.85,
4963186,SETD5,qwen3.7-max,Pathogenic,Pathogenic,0.95,PVS1;PM2,"Kuechler et al., Eur J Hum Genet, 2015",,19.51,
300383,AARS2,qwen3.7-max,Benign,Uncertain significance,0.7,PM2;BP4,,,18.97,
256637,SMCHD1,qwen3.7-max,Benign,Benign,0.9,BP7,,,14.49,
2739034,TMEM127,qwen3.7-max,Pathogenic,Pathogenic,0.85,PVS1;PM2,"Richards et al., Genet Med, 2015;ClinGen Sequence Variant Interpretation (SVI) recommendations for PVS1, 2018",,21.15,
4963102,EIF2AK3,qwen3.7-max,Pathogenic,Pathogenic,0.95,PVS1;PM2,"Delepine M, et al., Nat Genet, 2000",,9.16,
1968191,ABCC2,qwen3.7-max,Pathogenic,Pathogenic,0.85,PVS1;PM2,"Richards et al., Genet Med, 2015",,17.94,
4959040,ELN,qwen3.7-max,Pathogenic,Pathogenic,0.95,PVS1,"Tassabehji et al., Nature Genetics, 1997",,24.92,
1061351,HGSNAT,qwen3.7-max,Pathogenic,Pathogenic,0.9,PVS1;PM2,"Richards et al., Genet Med, 2015",,21.76,
703593,KATNIP,qwen3.7-max,Benign,Uncertain significance,0.6,PM2,,,15.21,
317807,DYNC2H1,qwen3.7-max,Benign,Uncertain significance,0.6,PM2;BP7,,,16.73,
246270,LDLR,qwen3.7-max,Pathogenic,Pathogenic,0.9,PVS1;PM2,"Richards S, et al., Genet Med, 2015",,39.17,
4982756,FBN1,qwen3.7-max,Pathogenic,Pathogenic,0.9,PVS1;PM2,"Richards et al., Genet Med, 2015;Loeys et al., J Med Genet, 2010",,22.49,
195589,PCCB,qwen3.7-max,Pathogenic,Uncertain significance,0.4,PM2,,,11.97,
19470,APTX,qwen3.7-max,Pathogenic,Pathogenic,0.85,PVS1;PM2,ClinVar,,29.82,
4840944,FOXL2,qwen3.7-max,Pathogenic,Pathogenic,0.95,PVS1;PM2,"Crisponi L, et al., Nat Genet, 2001",,16.67,
4800424,IKZF2,qwen3.7-max,Benign,Uncertain significance,0.7,,,,16.61,
1609704,FANCI,qwen3.7-max,Benign,Uncertain significance,0.5,,,,13.74,
135900,SYNE1,qwen3.7-max,Benign,Uncertain significance,0.5,,,,10.06,
1059982,CC2D2A,qwen3.7-max,Pathogenic,Uncertain significance,0.6,PM2;PP3,,,15.86,
1675187,ZNF469,qwen3.7-max,Pathogenic,Pathogenic,0.85,PVS1;PM2,"Abu A, et al., Hum Mutat, 2008",,15.93,
4933443,KCNQ1;KCNQ1OT1,qwen3.7-max,Benign,Uncertain significance,0.5,,,,15.49,
1062965,BRCA2,qwen3.7-max,Pathogenic,Pathogenic,0.95,PVS1;PM2,"Miki Y, Science, 1994;ClinGen BRCA1/2 VCEP guidelines, 2023",,35.96,
4913977,CPLANE1,qwen3.7-max,Pathogenic,Pathogenic,0.85,PVS1;PM2,"Romani M, et al., Nat Genet, 2012",,21.02,
4934389,SOX5,qwen3.7-max,Pathogenic,Pathogenic,0.85,PVS1,"Lamb et al., Am J Hum Genet, 2016",,21.15,
622215,EPHB2,qwen3.7-max,Pathogenic,Uncertain significance,0.6,,,,18.41,
54273,KCNQ4,qwen3.7-max,Benign,Likely benign,0.8,BP7,"Richards S, et al., Genet Med, 2015",,17.92,
140463,CHRNA4,qwen3.7-max,Benign,Likely benign,0.85,BP7,"Richards et al., Genet Med, 2015",,14.84,
152447,PALB2,qwen3.7-max,Pathogenic,Pathogenic,0.95,PVS1;PM2,"Antoniou AC et al., N Engl J Med, 2014;Southey MC et al., Cancer Res, 2010",,14.69,
1153580,CEP104,qwen3.7-max,Benign,Uncertain significance,0.7,PM2;BP4,"Richards et al., Genet Med, 2015",,13.77,
696021,CLCN6,qwen3.7-max,Benign,Benign,0.9,BP7,"Richards et al., Genet Med, 2015",,14.21,
4800590,COG4,qwen3.7-max,Pathogenic,Pathogenic,0.85,PVS1;PM2,"Reynders E, et al., J Med Genet, 2019;Richards S, et al., Genet Med, 2015",,28.28,
4843152,RP1,qwen3.7-max,Pathogenic,Pathogenic,0.85,PVS1;PM2,"Pierce EA, et al., Nat Genet, 1999;Bowne SJ, et al., Hum Mol Genet, 2002",,24.63,
244943,PALB2,qwen3.7-max,Pathogenic,Pathogenic,0.95,PVS1;PM2,"Richards et al., Genet Med, 2015;Southey et al., J Clin Oncol, 2016",,20.88,
547813,TGM1,qwen3.7-max,Pathogenic,Pathogenic,0.9,PVS1;PM2,"Richards S, et al., Genet Med, 2015",,17.72,
1279057,CIZ1,qwen3.7-max,Benign,Uncertain significance,0.8,,,,12.49,
4933591,MYO7A,qwen3.7-max,Pathogenic,Pathogenic,0.95,PVS1;PM2,"Richards et al., Genet Med, 2015;ClinGen SVI Guidelines",,18.79,
143157,DGAT1,qwen3.7-max,Pathogenic,Pathogenic,0.85,PVS1;PM2,"Richards S, et al., Genet Med, 2015",,17.95,
4969369,LZTR1,qwen3.7-max,Pathogenic,Pathogenic,0.9,PVS1;PM2,"Johnston JJ, et al., Nat Genet, 2018;Piotrowski A, et al., Nat Genet, 2014",,18.08,
1454611,RNASEH2B,qwen3.7-max,Pathogenic,Pathogenic,0.9,PVS1;PM2,"Crow YJ, et al., Nat Genet, 2006",,15.37,
15117,LIPA,qwen3.7-max,Pathogenic,Pathogenic,0.9,PVS1;PM2,"Richards et al., Genet Med, 2015",,14.51,
824410,ACADM,qwen3.7-max,Pathogenic,Uncertain significance,0.6,PM2;PP3,,,18.53,
1330714,L1CAM,qwen3.7-max,Pathogenic,Pathogenic,0.95,PVS1;PM2,"ClinVar, 2023",,19.16,
743376,CACNA1F,qwen3.7-max,Benign,Likely benign,0.7,BP7,"Richards et al., Genet Med, 2015",,17.24,
1636472,WT1,qwen3.7-max,Benign,Uncertain significance,0.6,,,,15.03,
3192325,KRT74,qwen3.7-max,Benign,Pathogenic,0.75,PM1;PM2;PP3,"Shimomura Y, et al., J Invest Dermatol, 2010",,17.12,
4949159,CTNND2,qwen3.7-max,Pathogenic,Pathogenic,0.85,PVS1;PM2,"Richards et al., Genet Med, 2015",,12.91,
1159230,TUBGCP6,qwen3.7-max,Benign,Uncertain significance,0.5,,,,13.6,
1153518,C1QC,qwen3.7-max,Benign,Benign,0.9,BP7,"Richards et al., Genet Med, 2015",,19.22,
1828233,ATM,qwen3.7-max,Pathogenic,Pathogenic,0.95,PVS1;PM2,"Richards S, et al., Genet Med, 2015;ClinVar",,14.33,
98688,PEX6,qwen3.7-max,Benign,Uncertain significance,0.5,,,,17.27,
30663,HBA1;HBA2;LOC106804612,qwen3.7-max,Pathogenic,Pathogenic,0.95,PVS1;PS3,"Weatherall DJ, Blood, 2001;Higgs DR, Nat Rev Genet, 2012",,25.33,
1058658,HSPG2,qwen3.7-max,Pathogenic,Pathogenic,0.85,PVS1;PM2,"Richards S, et al., Genet Med, 2015",,21.57,
1269424,CCDC141,qwen3.7-max,Benign,Uncertain significance,0.6,BP7,,,15.27,
194829,NCF2,qwen3.7-max,Benign,Likely benign,0.8,BP7,"Richards S, et al., Genet Med, 2015",,22.28,
791713,NF1,qwen3.7-max,Pathogenic,Pathogenic,0.95,PVS1;PM2,"Messiaen LM, et al. Neurology. 2000;55(2):254-258",,16.55,
252385,CD2AP,qwen3.7-max,Benign,Uncertain significance,0.6,PM2,,,14.53,
349532,JAK3,qwen3.7-max,Benign,Likely benign,0.85,BP7,"Richards S, et al., Genet Med, 2015",,14.08,
195807,NEB,qwen3.7-max,Benign,Likely benign,0.8,BP7,"Richards S, et al., Genet Med, 2015",,11.78,
1168456,TMPRSS15,qwen3.7-max,Benign,Uncertain significance,0.5,,,,14.73,
1155383,DNAH8,qwen3.7-max,Benign,Uncertain significance,0.4,PM2,,,12.37,
307976,TFAP2B,qwen3.7-max,Benign,Uncertain significance,0.5,,,,13.93,
4984633,USH2A,qwen3.7-max,Pathogenic,Pathogenic,0.85,PVS1,"Richards S, et al., Genet Med, 2015",,18.06,
1610047,MAMLD1,qwen3.7-max,Benign,Uncertain significance,0.6,PM2;PP3,ClinVar,,16.1,
4963466,POC1B,qwen3.7-max,Pathogenic,Pathogenic,0.85,PVS1;PM2,"Beryozkin et al., Invest Ophthalmol Vis Sci, 2014",,20.77,
728689,MMP9,qwen3.7-max,Benign,Uncertain significance,0.5,,,,13.75,
4851753,SGCD,qwen3.7-max,Pathogenic,Pathogenic,0.95,PVS1;PM2,"Nigro V, et al. Neuromuscul Disord. 1996;GeneReviews: Limb-Girdle Muscular Dystrophy",,15.54,
2936767,KMT2D,qwen3.7-max,Benign,Uncertain significance,0.7,PM2,"Richards S, et al., Genet Med, 2015",,17.33,
780171,FBLN1,qwen3.7-max,Benign,Uncertain significance,0.6,PM2;PP3,,,14.12,
67703,KCNQ1,qwen3.7-max,Pathogenic,Pathogenic,0.85,PM1;PM2;PP3,"Richards et al., Genet Med, 2015;Wang et al., Nature, 1996",,17.9,
728042,PIK3R2,qwen3.7-max,Benign,Likely benign,0.9,BP7,"Richards et al., Genet Med, 2015",,17.85,
1266486,XYLT2,qwen3.7-max,Benign,Benign,0.9,BP7,,,16.49,
52487,MYO7A,qwen3.7-max,Benign,Likely benign,0.8,BP7,,,16.53,
3734953,DDX41,qwen3.7-max,Pathogenic,Pathogenic,0.85,PVS1;PM2,"Polprasert C, et al., J Clin Oncol, 2015",,22.32,
1153678,IL23R,qwen3.7-max,Benign,Uncertain significance,0.6,BP7,,,22.81,
205294,GNAO1,qwen3.7-max,Pathogenic,Pathogenic,0.9,PS2;PM1;PM2;PP3,"Nakamura et al., Hum Mutat, 2013;Feng et al., Am J Hum Genet, 2017",,22.14,
4930545,AVPR2,qwen3.7-max,Pathogenic,Pathogenic,0.75,PM1;PM2;PP3,"ClinVar, NCBI, 2023",,17.69,
2966385,NF1,qwen3.7-max,Pathogenic,Pathogenic,0.95,PVS1;PM2,"Richards et al., Genet Med, 2015",,15.84,
3062262,FREM2,qwen3.7-max,Benign,Uncertain significance,0.6,PM2;BP4,,,12.88,
846602,CTC1,qwen3.7-max,Pathogenic,Pathogenic,0.85,PVS1;PM2,"Anderson BH, et al., Nat Genet, 2012",,22.22,
441849,PKD1,qwen3.7-max,Pathogenic,Pathogenic,0.95,PVS1;PM2,"Cornec-Le Gall E, Am J Hum Genet, 2013;Richards S, Genet Med, 2015",,15.5,
656673,LSS,qwen3.7-max,Benign,Uncertain significance,0.6,PM2;PP3,,,11.86,
389642,DNAH1,qwen3.7-max,Benign,Uncertain significance,0.6,,,,12.57,
4931332,DMD;MIR548F5,qwen3.7-max,Pathogenic,Pathogenic,0.95,PVS1;PM2,"Aartsma-Rus A, et al., Hum Mutat, 2006;Richards S, et al., Genet Med, 2015",,17.31,
453487,TLR3,qwen3.7-max,Benign,Uncertain significance,0.5,PM2,"Zhang SY, et al., Science, 2007",,18.39,
4847028,GDAP1,qwen3.7-max,Pathogenic,Pathogenic,0.85,PVS1;PM2,"Richards et al., Genet Med, 2015",,23.18,
186247,NF1,qwen3.7-max,Pathogenic,Pathogenic,0.99,PVS1;PM2,"Richards et al., Genet Med, 2015",,13.57,
4904317,TMEM231,qwen3.7-max,Pathogenic,Pathogenic,0.9,PVS1;PM2,"Richards et al., Genet Med, 2015",,21.19,
2022616,BRD4,qwen3.7-max,Benign,Uncertain significance,0.5,,,,13.52,
1214734,ADAMTS9,qwen3.7-max,Benign,Uncertain significance,0.7,BP4,,,14.76,
101708,CHD7,qwen3.7-max,Benign,Likely benign,0.8,BP7,"Richards et al., Genet Med, 2015",,18.18,
390075,FERMT3,qwen3.7-max,Benign,Likely benign,0.8,BP7,,,14.51,
4986968,RB1,qwen3.7-max,Benign,Likely benign,0.8,BP7,,,17.17,
469077,FASN,qwen3.7-max,Benign,Uncertain significance,0.6,BP7,"Richards et al., Genet Med, 2015",,15.93,
1290255,KRT6C,qwen3.7-max,Benign,Uncertain significance,0.6,BP7,,,16.35,
175632,MYH7,qwen3.7-max,Pathogenic,Uncertain significance,0.7,PM2;PP3,"Richards et al., Genet Med, 2015",,21.36,
806463,SDHC,qwen3.7-max,Pathogenic,Pathogenic,0.9,PVS1;PM2,"Richards et al., Genet Med, 2015",,20.01,
777869,PITRM1,qwen3.7-max,Benign,Pathogenic,0.75,PVS1;PM2,"Richards et al., Genet Med, 2015, ACMG/AMP guidelines",,24.77,
1171669,NUP205,qwen3.7-max,Benign,Uncertain significance,0.7,PM2,"Braun DA, et al., Nat Genet, 2016",,13.21,
4986929,MLH3,qwen3.7-max,Pathogenic,Pathogenic,0.85,PVS1;PM2,"Richards S, et al., Genet Med, 2015",,21.94,
339502,ALAS2,qwen3.7-max,Benign,Likely benign,0.8,BP7,"Richards S, et al., Genet Med, 2015",,14.41,
4175463,ABCB11,qwen3.7-max,Pathogenic,Pathogenic,0.95,PVS1;PM2,"Strautnieks et al., Nat Genet, 1998;ClinVar, 2023",,16.25,
4841050,RBM20,qwen3.7-max,Pathogenic,Pathogenic,0.95,PVS1;PM2,"Richards et al., Genet Med, 2015;Parikh et al., Circ Cardiovasc Genet, 2013",,18.08,
4967332,USP9X,qwen3.7-max,Pathogenic,Pathogenic,0.85,PVS1;PM2,"Reijnders et al., Am J Hum Genet, 2016",,17.25,
481983,OTOG,qwen3.7-max,Pathogenic,Pathogenic,0.9,PVS1;PM2,"Cohen-Salmon et al., Am J Hum Genet, 2012",,20.88,
1606249,HMCN1,qwen3.7-max,Benign,Uncertain significance,0.5,,,,14.2,
2913480,HCFC1,qwen3.7-max,Benign,Uncertain significance,0.5,,,,12.18,
1059227,COL4A3,qwen3.7-max,Pathogenic,Pathogenic,0.9,PVS1;PM2,"Savige J, et al., Front Genet, 2014;Richards S, et al., Genet Med, 2015",,17.67,
45142,LMNA,qwen3.7-max,Benign,Uncertain significance,0.4,,,,10.97,
502153,COG5,qwen3.7-max,Benign,Uncertain significance,0.8,,,,13.14,
45535,TMPO,qwen3.7-max,Benign,Uncertain significance,0.8,,,,9.58,
832576,LCA5,qwen3.7-max,Pathogenic,Pathogenic,0.9,PVS1;PM2,"den Hollander AI, et al., Nat Genet, 2006, Mutations in LCA5, encoding the ciliary protein lebercilin, cause Leber congenital amaurosis",,20.62,
1526152,LRRK1,qwen3.7-max,Benign,Likely benign,0.85,BP7,"Richards S, et al., Genet Med, 2015",,12.23,
236978,ABCB6,qwen3.7-max,Benign,Uncertain significance,0.5,PM2;PP3,"Richards et al., Genet Med, 2015",,14.19,
141197,ADGRG1,qwen3.7-max,Benign,Uncertain significance,0.4,,,,10.15,
4837290,TRAPPC11,qwen3.7-max,Pathogenic,Pathogenic,0.9,PVS1;PM2,"Richards et al., Genet Med, 2015",,23.39,
482079,ALPK3,qwen3.7-max,Pathogenic,Pathogenic,0.85,PVS1;PM2,"Richards et al., Genet Med, 2015",,14.89,
1157343,TTLL5,qwen3.7-max,Benign,Uncertain significance,0.5,PM2,,,14.49,
23291,ACVRL1,qwen3.7-max,Pathogenic,Pathogenic,0.85,PS4;PM2;PP3,"Gallione et al., J Med Genet, 2004;Bossler et al., Hum Mutat, 2006",,15.29,
2966324,DUOX2,qwen3.7-max,Pathogenic,Pathogenic,0.95,PVS1;PM2,"Richards S, et al., Genet Med, 2015;ClinGen SVI Recommendations, 2020",,15.95,
229002,MYLK,qwen3.7-max,Benign,Uncertain significance,0.6,PM2,,,13.58,
256699,ATP8B1,qwen3.7-max,Benign,Uncertain significance,0.5,,,,8.6,
4974831,BRCA2,qwen3.7-max,Pathogenic,Pathogenic,0.99,PVS1;PM2,ClinVar;ENIGMA Consortium,,12.13,
463646,BRCA2,qwen3.7-max,Pathogenic,Pathogenic,0.95,PVS1;PM2,"ClinVar, 2023;ENIGMA Consortium, 2022",,19.4,
2840708,CDK5RAP2,qwen3.7-max,Pathogenic,Pathogenic,0.95,PVS1;PM2,"Bond J, et al., Nat Genet, 2005",,15.92,
4837264,FANCA,qwen3.7-max,Pathogenic,Pathogenic,0.95,PVS1;PM2,"Richards S, Genet Med, 2015;Tischkowitz MD, J Med Genet, 2003",,19.56,
2934730,ATM,qwen3.7-max,Pathogenic,Pathogenic,0.95,PVS1;PM2,"Richards et al., Genet Med, 2015",,13.85,
2973804,NYNRIN,qwen3.7-max,Benign,Uncertain significance,0.5,,,,16.95,
152117,PALB2,qwen3.7-max,Pathogenic,Pathogenic,0.9,PVS1;PM2,"Antoniou et al., NEJM, 2014;Southey et al., JCO, 2016",,20.68,
4962909,CHD7,qwen3.7-max,Pathogenic,Pathogenic,0.9,PVS1;PM2,"Vissers LE, Nat Genet, 2004;Richards S, Genet Med, 2015",,19.03,
141289,IL7R,qwen3.7-max,Benign,Likely benign,0.7,BP4;BP7,"Richards et al., Genet Med, 2015",,16.92,
20949,SCN4A,qwen3.7-max,Pathogenic,Uncertain significance,0.5,PM2;PP3,ClinVar,,14.64,
429136,PTEN,qwen3.7-max,Pathogenic,Pathogenic,0.85,PM1;PM4;PP3,ClinVar;ACMG/AMP 2015 guidelines,,21.83,
4800583,MAN2B2,qwen3.7-max,Benign,Uncertain significance,0.5,,,,14.91,
253186,CNGB3,qwen3.7-max,Benign,Uncertain significance,0.6,PM2;PP3,"Richards et al., Genet Med, 2015",,14.11,
40236,RAD51C,qwen3.7-max,Pathogenic,Pathogenic,0.9,PVS1;PM2,"Richards S, et al., Genet Med, 2015;Landrum MJ, et al., Nucleic Acids Res, 2018",,16.17,
101897,CACNA1H,qwen3.7-max,Benign,Uncertain significance,0.7,BP7,,,17.41,
725908,LRRK1,qwen3.7-max,Benign,Likely benign,0.7,BP7,"Richards S, et al., Genet Med, 2015",,15.91,
189648,TTN,qwen3.7-max,Benign,Uncertain significance,0.5,PM2,,,12.05,
4915446,ARHGAP24,qwen3.7-max,Benign,Likely benign,0.7,BP7,,,16.29,
456233,RSPH3,qwen3.7-max,Benign,Uncertain significance,0.5,PM2,,,12.29,
1312660,DMD,qwen3.7-max,Pathogenic,Pathogenic,0.95,PVS1;PM2,"Richards et al., Genet Med, 2015;Aartsma-Rus et al., Hum Mutat, 2006",,15.65,
1461541,CDKN1B,qwen3.7-max,Pathogenic,Pathogenic,0.85,PVS1;PM2,"Pellegata et al., PNAS, 2006",,14.73,
389508,DRC1,qwen3.7-max,Benign,Likely benign,0.7,BP7,,,14.63,
4965508,TTC7A,qwen3.7-max,Pathogenic,Pathogenic,0.85,PVS1;PM2,"Samuels ME et al., Am J Hum Genet, 2013",,17.13,
810538,ATM,qwen3.7-max,Pathogenic,Pathogenic,0.95,PVS1;PM2,ClinVar,,13.56,
19126,SLC26A2,qwen3.7-max,Pathogenic,Pathogenic,0.95,PVS1;PM2,"Richards et al., Genet Med, 2015",,14.04,
375133,NDUFA9,qwen3.7-max,Benign,Benign,0.8,BP4,,,12.9,
4977711,ATM,qwen3.7-max,Pathogenic,Pathogenic,0.95,PVS1;PM2,"Richards et al., Genet Med, 2015;ClinVar",,12.06,
32316,COL1A2,qwen3.7-max,Pathogenic,Pathogenic,0.85,PVS1;PM2,"Richards S, et al., Genet Med, 2015",,29.11,
512814,LRBA,qwen3.7-max,Benign,Uncertain significance,0.6,PM2,,,11.42,
102572,ANO5,qwen3.7-max,Pathogenic,Uncertain significance,0.5,PM2,,,14.97,
251483,WDR19,qwen3.7-max,Benign,Uncertain significance,0.5,,,,13.61,
3062447,SERPINC1,qwen3.7-max,Pathogenic,Pathogenic,0.8,PM1;PM2;PP3,"ClinVar, 2023",,17.91,
4799085,GAA,qwen3.7-max,Pathogenic,Pathogenic,0.9,PVS1;PM2,"Richards S, et al., Genet Med, 2015",,19.18,
801090,ABCB4,qwen3.7-max,Pathogenic,Pathogenic,0.9,PVS1;PM2,"Richards S, et al., Genet Med, 2015;ClinVar",,14.2,
4957425,ATP8B1,qwen3.7-max,Pathogenic,Pathogenic,0.9,PVS1;PM2,"Richards S, et al., Genet Med, 2015",,23.63,
141998,MTRR,qwen3.7-max,Benign,Uncertain significance,0.5,,,,12.28,
39501,PIGL,qwen3.7-max,Pathogenic,Uncertain significance,0.6,PM2;PP3,"Ng BG, et al., Am J Hum Genet, 2012",,14.62,
4883820,ATP6V0A2,qwen3.7-max,Pathogenic,Pathogenic,0.9,PVS1;PM2,"Kornak U, et al., Nat Genet, 2008",,19.61,
4986577,GALNT12,qwen3.7-max,Benign,Likely benign,0.8,BP7,,,11.46,
883615,APOB,qwen3.7-max,Benign,Likely benign,0.8,BP7,"Richards et al., Genet Med, 2015",,10.75,
1583859,TCF20,qwen3.7-max,Benign,Likely benign,0.7,BP7,"Richards S, et al., Genet Med, 2015",,17.39,
4850864,MNX1,qwen3.7-max,Pathogenic,Pathogenic,0.85,PVS1;PM2,"Ross AJ, Nat Genet, 1998",,14.82,
4930548,GPR143,qwen3.7-max,Pathogenic,Pathogenic,0.95,PVS1;PM2,"Bassi et al., Nat Genet, 1995;Richards et al., Genet Med, 2015",,18.82,
234370,ATM,qwen3.7-max,Pathogenic,Pathogenic,0.95,PVS1;PM2,"Richards et al., Genet Med, 2015",,14.67,
962704,PKD2,qwen3.7-max,Pathogenic,Pathogenic,0.9,PVS1;PM2,"Richards S, et al., Genet Med, 2015;Cornec-Le Gall E, et al., Am J Hum Genet, 2013",,15.28,
249472,SPTA1,qwen3.7-max,Benign,Uncertain significance,0.5,PM2,,,15.26,
4858253,ABCD4,qwen3.7-max,Pathogenic,Pathogenic,0.85,PVS1;PM2,"Richards et al., Genet Med, 2015",,15.47,
729097,MYO18B,qwen3.7-max,Benign,Uncertain significance,0.5,,,,12.74,
4392500,ALPK3,qwen3.7-max,Pathogenic,Pathogenic,0.85,PVS1;PM2,"ClinVar, 2023",,20.9,
806674,MUTYH,qwen3.7-max,Pathogenic,Pathogenic,0.9,PVS1;PM2,"Al-Tassan N, et al., Nat Genet, 2002;Sampson JR, et al., Gastroenterology, 2013",,24.36,
21237,PLA2G6,qwen3.7-max,Pathogenic,Uncertain significance,0.6,PM4,,,17.53,
941089,SPG11,qwen3.7-max,Pathogenic,Pathogenic,0.95,PVS1;PM2,"Richards et al., Genet Med, 2015;ClinVar",,17.98,
4986734,KIT,qwen3.7-max,Benign,Likely benign,0.7,BP7,"Richards S, et al., Genet Med, 2015",,14.99,
4957194,ABCB11,qwen3.7-max,Pathogenic,Pathogenic,0.9,PVS1;PM2,ClinVar;gnomAD,,15.72,
2043794,HR,qwen3.7-max,Benign,Likely benign,0.8,BP4;BP7,,,12.27,
57902,TSC1,qwen3.7-max,Pathogenic,Pathogenic,0.95,PVS1;PM2,"Richards et al., Genet Med, 2015;ClinGen TSC1/TSC2 VCEP, 2021",,25.42,
1609395,MAG,qwen3.7-max,Benign,Uncertain significance,0.5,,,,17.07,
703804,ZFHX3,qwen3.7-max,Benign,Uncertain significance,0.8,,,,14.51,
316603,LRSAM1,qwen3.7-max,Benign,Uncertain significance,0.7,PM2;BP4,"Richards et al., Genet Med, 2015",,16.4,
426962,ABCC6,qwen3.7-max,Benign,Likely benign,0.9,BP7,"Richards et al., Genet Med, 2015",,13.0,
1155240,SKIC3,qwen3.7-max,Benign,Uncertain significance,0.6,,,,16.18,
440835,AFG2A,qwen3.7-max,Benign,Uncertain significance,0.6,BP7,,,14.67,
1570152,KRT14,qwen3.7-max,Benign,Uncertain significance,0.6,PM2;PP3,,,17.36,
522820,HSPB1,qwen3.7-max,Pathogenic,Uncertain significance,0.6,PM2;PP3,ClinVar,,19.09,
251982,MCCC2,qwen3.7-max,Benign,Likely benign,0.85,BP7,"Richards S, et al., Genet Med, 2015",,14.33,
702775,ADSS1,qwen3.7-max,Benign,Uncertain significance,0.5,,,,10.08,
4933589,KDM5B,qwen3.7-max,Pathogenic,Pathogenic,0.85,PVS1;PM2,"Richards et al., Genet Med, 2015",,16.33,
4923263,IL7R,qwen3.7-max,Pathogenic,Pathogenic,0.95,PVS1;PM2,"Giliani S, et al., Immunol Rev, 2005",,14.36,
274971,NDUFA10,qwen3.7-max,Benign,Uncertain significance,0.5,PM2,,,11.83,
4976587,MSH6,qwen3.7-max,Pathogenic,Pathogenic,0.95,PVS1;PM2,"Kansikas M, et al., Hum Mutat, 2017;Richards S, et al., Genet Med, 2015",,19.52,
4955050,KMT2A,qwen3.7-max,Pathogenic,Pathogenic,0.9,PVS1;PM2,"Jones WD, et al., Am J Hum Genet, 2012",,15.61,
94432,RSPH4A,qwen3.7-max,Pathogenic,Pathogenic,0.9,PVS1;PM2,ClinVar,,20.13,
1265463,KRT85,qwen3.7-max,Benign,Likely benign,0.8,BP7,"Richards et al., Genet Med, 2015",,16.09,
1290562,KAT6A,qwen3.7-max,Benign,Uncertain significance,0.6,PM2,,,12.18,
4798015,MLIP,qwen3.7-max,Pathogenic,Pathogenic,0.85,PVS1;PM2,"Richards S, et al., Genet Med, 2015",,16.92,
1260815,PCLO,qwen3.7-max,Benign,Uncertain significance,0.5,,,,16.53,
357277,HGD,qwen3.7-max,Pathogenic,Pathogenic,0.9,PVS1;PM2,"Richards S, et al., Genet Med, 2015",,13.18,
2190705,NTHL1,qwen3.7-max,Pathogenic,Pathogenic,0.85,PVS1;PM2,"Richards et al., Genet Med, 2015;ClinGen Sequence Variant Interpretation Working Group, 2020",,20.66,
438731,USP9X,qwen3.7-max,Benign,Uncertain significance,0.5,,,,15.87,
28187,RAG1,qwen3.7-max,Pathogenic,Pathogenic,0.75,PM2;PP3,"ClinVar, NCBI, 2023",,16.17,
791225,DDX11,qwen3.7-max,Benign,Uncertain significance,0.6,PM2;PP3,,,10.98,
235231,PALB2,qwen3.7-max,Pathogenic,Pathogenic,0.95,PVS1;PM2,"Antoniou AC et al., N Engl J Med, 2014;Southey MC et al., J Clin Oncol, 2016",,15.19,
4818324,LTBP4,qwen3.7-max,Benign,Uncertain significance,0.5,PM2,"Richards et al., Genet Med, 2015",,10.42,
731840,CD247,qwen3.7-max,Benign,Likely benign,0.8,BP7,"Richards et al., Genet Med, 2015",,16.88,
1169270,DLC1,qwen3.7-max,Benign,Likely benign,0.8,BP7,"Richards et al., Genet Med, 2015",,13.67,
2004178,ABL1,qwen3.7-max,Benign,Uncertain significance,0.7,PM2,,,19.65,
448245,SLC6A9,qwen3.7-max,Benign,Uncertain significance,0.6,PM2,,,14.46,
4975275,DDX41,qwen3.7-max,Pathogenic,Pathogenic,0.95,PVS1;PM2,"Polprasert C et al., J Clin Oncol., 2015;Lewinsohn M et al., Blood, 2019",,15.8,
52974,RYR2,qwen3.7-max,Benign,Likely benign,0.7,BP7,"Richards S, et al., Genet Med, 2015",,17.55,
4970778,SMAD4,qwen3.7-max,Pathogenic,Pathogenic,0.85,PVS1;PM2,"Richards S, et al., Genet Med, 2015;Gallione CJ, et al., J Med Genet, 2004",,20.12,
2403458,SETBP1,qwen3.7-max,Pathogenic,Pathogenic,0.9,PVS1;PM2,"Acuna-Hidalgo et al., Am J Hum Genet, 2017",,22.2,
2750680,KCNH5,qwen3.7-max,Pathogenic,Uncertain significance,0.6,PM2;PP3,ClinVar,,14.78,
1215611,DCHS1,qwen3.7-max,Benign,Benign,0.9,BP7,"Richards S, et al., Genet Med, 2015",,14.89,
15254,PEPD,qwen3.7-max,Pathogenic,Pathogenic,0.85,PVS1;PM2,"Richards et al., Genet Med, 2015",,13.65,
1159081,PRODH,qwen3.7-max,Benign,Uncertain significance,0.4,PM2,,,12.6,
4169570,MLH3,qwen3.7-max,Pathogenic,Pathogenic,0.9,PVS1;PM2,"ClinVar, 2023",,18.31,
1784161,DYSF,qwen3.7-max,Pathogenic,Pathogenic,0.85,PVS1;PM2,"Richards S, et al., Genet Med, 2015",,14.77,
1556777,CLTC,qwen3.7-max,Benign,Uncertain significance,0.6,,,,15.25,
1153442,CR2,qwen3.7-max,Benign,Uncertain significance,0.5,,,,12.21,
4930287,TLK2,qwen3.7-max,Pathogenic,Likely benign,0.7,BP7,"Richards et al., Genet Med, 2015",,12.87,
579252,ARID1B,qwen3.7-max,Benign,Uncertain significance,0.6,PM4;PM2,,,19.45,
4957603,ABCB4,qwen3.7-max,Pathogenic,Pathogenic,0.95,PVS1;PM2,ClinVar;gnomAD,,15.61,
1158690,ARHGEF18,qwen3.7-max,Benign,Likely benign,0.7,BP7,,,14.43,
711885,ABCA2,qwen3.7-max,Benign,Uncertain significance,0.8,PM2,,,12.03,
273067,DYSF,qwen3.7-max,Pathogenic,Uncertain significance,0.6,PM2;PP3,"Richards et al., Genet Med, 2015",,13.23,
1312480,CSF3R,qwen3.7-max,Pathogenic,Pathogenic,0.85,PVS1;PM2,"Klimenkova O, et al., Blood, 2014;Triot A, et al., J Allergy Clin Immunol, 2014",,22.34,
1250747,SLC12A2,qwen3.7-max,Benign,Likely benign,0.8,BP7,"Richards S, et al., Genet Med, 2015",,13.84,
1220616,AKR1C4,qwen3.7-max,Benign,Likely benign,0.8,BP7,"Richards S, et al., Genet Med, 2015",,13.2,
1164688,PRPH2,qwen3.7-max,Pathogenic,Pathogenic,0.85,PM1;PM2;PP3,"Wells et al., Nat Genet, 1993;Kohl et al., Hum Mol Genet, 1998",,27.35,
389452,STAT4,qwen3.7-max,Benign,Uncertain significance,0.6,,,,12.48,
4931421,SRD5A2,qwen3.7-max,Pathogenic,Uncertain significance,0.6,,,,12.66,
282537,CLDN19,qwen3.7-max,Benign,Likely benign,0.9,BP7,"Richards S, et al., Genet Med, 2015",,11.93,
736348,SAMD9L,qwen3.7-max,Benign,Uncertain significance,0.6,PM2,,,12.88,
3499978,KDM2B,qwen3.7-max,Pathogenic,Uncertain significance,0.5,PM2;PP3,"Richards et al., Genet Med, 2015",,15.63,
4930693,ARID1B,qwen3.7-max,Pathogenic,Pathogenic,0.9,PVS1;PM2,"Hoyer et al., Am J Hum Genet, 2012",,13.61,
351392,SLC5A1,qwen3.7-max,Benign,Likely benign,0.8,BP7,"Richards et al., Genet Med, 2015",,14.96,
4956407,KMT2A,qwen3.7-max,Pathogenic,Pathogenic,0.9,PVS1;PM2,"Richards et al., Genet Med, 2015",,13.07,
307324,ADAMTSL2,qwen3.7-max,Benign,Likely benign,0.8,BP7,"Richards et al., Genet Med, 2015",,16.24,
1156864,CAPN5,qwen3.7-max,Benign,Uncertain significance,0.6,BP7,,,14.31,
577236,DEAF1,qwen3.7-max,Benign,Uncertain significance,0.6,BP7,"Richards et al., Genet Med, 2015",,15.11,
373905,ABCD4,qwen3.7-max,Benign,Uncertain significance,0.6,PM2,"Richards S, et al., Genet Med, 2015",,12.27,
1810427,FH,qwen3.7-max,Pathogenic,Pathogenic,0.85,PVS1;PM2;PP3,"ClinVar, 2023, FH variant database",,19.8,
254641,STAC3,qwen3.7-max,Benign,Pathogenic,0.95,PM2;PP1;PP4,"Horstick et al., Nature Communications, 2013",,19.22,
529189,BLM,qwen3.7-max,Pathogenic,Pathogenic,0.85,PVS1;PM2,"Richards S, et al., Genet Med, 2015;German J, et al., Hum Mutat, 2000",,17.26,
4934545,PSMD12,qwen3.7-max,Pathogenic,Pathogenic,0.9,PVS1;PM2,"Richards S, et al., Genet Med, 2015",,22.82,
1364041,GCK,qwen3.7-max,Pathogenic,Pathogenic,0.9,PVS1;PM2,"Osbak et al., Hum Mutat, 2009;Froguel et al., Nature, 1992",,20.56,
223819,GLA,qwen3.7-max,Pathogenic,Pathogenic,0.8,PM1;PM2;PP3,"Lukas et al., Hum Mutat, 2013;Garman et al., J Mol Biol, 2004",,15.28,
4806799,C8A,qwen3.7-max,Pathogenic,Pathogenic,0.95,PVS1;PM2,"Richards S, et al., Genet Med, 2015",,14.9,
1232689,FLNC,qwen3.7-max,Benign,Uncertain significance,0.5,BP7,"Richards S, et al., Genet Med, 2015",,17.39,
1155518,BACH2,qwen3.7-max,Benign,Likely benign,0.7,BP7,,,12.66,
688056,WNK1,qwen3.7-max,Benign,Likely benign,0.8,BP7,"Richards S, et al., Genet Med, 2015",,13.57,
45887,HINT1,qwen3.7-max,Pathogenic,Pathogenic,0.95,PS4;PM2;PP3,"Zimon et al., Nature Genetics, 2012;Jeromin et al., American Journal of Human Genetics, 2012",,18.24,
716931,CEP250,qwen3.7-max,Benign,Uncertain significance,0.6,BP7,,,16.19,
2987864,TRIM28,qwen3.7-max,Benign,Uncertain significance,0.6,,,,10.31,
1155870,OPLAH,qwen3.7-max,Benign,Uncertain significance,0.6,BP7,"Richards S, et al., Genet Med, 2015",,13.58,
712697,PUS3,qwen3.7-max,Benign,Likely benign,0.7,BP7,,,13.7,
337546,TGM1,qwen3.7-max,Benign,Uncertain significance,0.6,PM2;PP3,"Richards S, et al., Genet Med, 2015, ACMG/AMP guidelines",,20.67,
689262,PRODH,qwen3.7-max,Benign,Uncertain significance,0.6,PM2,,,13.35,
742302,TGM6,qwen3.7-max,Benign,Uncertain significance,0.6,PM2;PP3,"Wang et al., Am J Hum Genet, 2012",,19.29,
143013,SPTAN1,qwen3.7-max,Benign,Likely benign,0.7,BP7,,,17.12,
168820,SMC3,qwen3.7-max,Benign,Uncertain significance,0.6,PM2;BP4,"Richards et al., Genet Med, 2015",,13.11,
3049671,HCFC1,qwen3.7-max,Benign,Uncertain significance,0.6,PM2,,,13.45,
3997487,NF1,qwen3.7-max,Pathogenic,Pathogenic,0.99,PVS1,"Richards et al., Genet Med, 2015",,11.72,
187662,RD3,qwen3.7-max,Pathogenic,Pathogenic,0.9,PVS1;PM2,"Richards et al., Genet Med, 2015;Friedman et al., Am J Hum Genet, 2006",,20.95,
4801031,BRCA1,qwen3.7-max,Pathogenic,Pathogenic,0.95,PVS1,ClinVar;ACMG/AMP 2015 guidelines,,18.51,
721903,SOX4,qwen3.7-max,Benign,Uncertain significance,0.7,PM2,,,15.84,
4972312,KDM2A,qwen3.7-max,Pathogenic,Pathogenic,0.85,PVS1;PM2,"Richards S, et al., Genet Med, 2015",,9.32,
462224,TCTN2,qwen3.7-max,Pathogenic,Pathogenic,0.85,PVS1;PM2,"Thomas S, et al., Nat Genet, 2012",,17.96,
1059541,CNGA3,qwen3.7-max,Pathogenic,Pathogenic,0.75,PM2;PP3,"Kohl S, et al., Nat Genet, 1998",,18.02,
252992,SPAG1,qwen3.7-max,Benign,Uncertain significance,0.6,PM2,,,12.02,
193614,KIF22,qwen3.7-max,Benign,Likely benign,0.7,BP4;BP7,,,18.19,
514782,SOX10,qwen3.7-max,Pathogenic,Pathogenic,0.9,PVS1;PM2,"Pingault V, Nat Genet, 1998",,16.03,
1164418,LRRK2,qwen3.7-max,Benign,Uncertain significance,0.6,,,,13.32,
4903433,RELN,qwen3.7-max,Pathogenic,Pathogenic,0.85,PVS1;PM2,,,19.98,
1609516,BACH2,qwen3.7-max,Benign,Uncertain significance,0.6,PM2,,,16.53,
1432050,CTSA,qwen3.7-max,Pathogenic,Pathogenic,0.85,PVS1;PM2,"d'Azzo A, et al. Galactosialidosis. GeneReviews. 2020.",,18.33,
2668268,SLC9B1,qwen3.7-max,Pathogenic,Pathogenic,0.85,PVS1;PM2,"Richards et al., Genet Med, 2015",,16.48,
779409,PITRM1,qwen3.7-max,Benign,Uncertain significance,0.7,BP7,,,13.1,
483414,MSH6,qwen3.7-max,Pathogenic,Pathogenic,0.95,PVS1;PM2,"Richards et al., Genet Med, 2015;Plazzer et al., Hum Mutat, 2013",,12.34,
464694,RYR3,qwen3.7-max,Benign,Likely benign,0.8,BP7,"Richards S, et al., Genet Med, 2015",,17.83,
4957754,ABCB11,qwen3.7-max,Benign,Likely benign,0.8,BP7,,,13.99,
1172078,ITGA8,qwen3.7-max,Benign,Uncertain significance,0.5,PM2,,,10.25,
4792599,MSH2,qwen3.7-max,Pathogenic,Pathogenic,0.95,PVS1;PM2,"ClinVar, 2023",,12.12,
1153513,PYCR2,qwen3.7-max,Benign,Uncertain significance,0.4,,,,13.7,
195656,DYSF,qwen3.7-max,Pathogenic,Uncertain significance,0.6,PM2,ClinVar,,15.42,
221884,PTCH1,qwen3.7-max,Benign,Likely benign,0.9,BP7,"Richards et al., Genet Med, 2015",,20.11,
136231,ZFYVE27,qwen3.7-max,Benign,Uncertain significance,0.5,,,,17.59,
1595489,SGSH,qwen3.7-max,Benign,Likely benign,0.6,BP7,,,13.65,
398752,MEN1,qwen3.7-max,Pathogenic,Pathogenic,0.95,PVS1;PM2,"Chandrasekharappa SC, et al., Science, 1997;Lemos MC, Thakker RV, Hum Mutat, 2008",,18.04,
152919,SCN4A,qwen3.7-max,Pathogenic,Pathogenic,0.95,PS3;PM1;PM2;PP3,"Sokolov et al., Nature, 2007;Matthews et al., Brain, 2009;Jurkat-Rott et al., PNAS, 2009",,28.66,
4958578,CAPN1,qwen3.7-max,Pathogenic,Pathogenic,0.85,PVS1;PM2,"Richards et al., Genet Med, 2015",,18.51,
205325,SHANK3,qwen3.7-max,Pathogenic,Pathogenic,0.9,PVS1;PM2,"Phelan et al., Am J Med Genet A, 2001",,18.9,
1693052,HNF4A,qwen3.7-max,Pathogenic,Pathogenic,0.95,PVS1;PM2,"Yamagata K, et al., Nature, 1996;Stoffers DA, et al., Nat Genet, 1997",,15.73,
460713,ATM,qwen3.7-max,Pathogenic,Pathogenic,0.95,PVS1;PM2,"Richards S, et al., Genetics in Medicine, 2015",,13.22,
1928502,PKLR,qwen3.7-max,Pathogenic,Pathogenic,0.9,PVS1;PM2,"Zanella A, et al. Blood, 2005;ClinVar",,22.45,
254863,ATP7B,qwen3.7-max,Benign,Likely benign,0.8,BP7,"Richards S, et al., Genet Med, 2015",,13.68,
704240,DGKE,qwen3.7-max,Benign,Likely benign,0.8,BP7,,,20.01,
1156789,RELA,qwen3.7-max,Benign,Uncertain significance,0.5,BP7,,,16.3,
36368,BTD,qwen3.7-max,Pathogenic,Uncertain significance,0.6,PM2;PP3,,,15.94,
360304,FAH,qwen3.7-max,Pathogenic,Pathogenic,0.95,PVS1;PM2,"Richards et al., Genet Med, 2015;ClinVar",,17.5,
320889,SYNE2,qwen3.7-max,Benign,Uncertain significance,0.5,,,,11.7,
4964200,GNPAT,qwen3.7-max,Pathogenic,Pathogenic,0.85,PVS1;PM2,"Braverman N, et al., Nat Genet, 1997",,20.44,
976107,AHI1,qwen3.7-max,Pathogenic,Pathogenic,0.9,PVS1;PM2,"Richards S, et al., Genet Med, 2015",,19.41,
4917101,DDX11,qwen3.7-max,Benign,Uncertain significance,0.6,,,,12.98,
1491278,PTEN,qwen3.7-max,Pathogenic,Pathogenic,0.9,PVS1;PM2,"Richards et al., Genet Med, 2015",,31.9,
964991,NBAS,qwen3.7-max,Pathogenic,Pathogenic,0.85,PVS1;PM2,"Haack TB et al., Am J Hum Genet, 2015",,15.71,
3307990,ATM,qwen3.7-max,Pathogenic,Pathogenic,0.9,PVS1;PM2,"Richards et al., Genet Med, 2015",,13.48,
539992,SLC2A2,qwen3.7-max,Benign,Uncertain significance,0.6,PM2;PP3,,,14.2,
729128,KREMEN1,qwen3.7-max,Benign,Likely benign,0.75,BP4;BP7,"Richards et al., Genet Med, 2015",,20.69,
251235,GMPPB,qwen3.7-max,Benign,Likely benign,0.8,BP7,"Richards et al., Genet Med, 2015",,15.01,
2025783,MACF1,qwen3.7-max,Benign,Likely benign,0.7,BP7,,,14.06,
349451,C3,qwen3.7-max,Benign,Likely benign,0.7,BP7,"Richards et al., Genet Med, 2015",,16.14,
1155298,RSPH3,qwen3.7-max,Benign,Uncertain significance,0.5,PM2,,,11.31,
20654,SLC17A5,qwen3.7-max,Pathogenic,Pathogenic,0.95,PS4;PM2;PP5,"Verheijen FW, et al., Nat Genet, 1999;Aula N, et al., Am J Hum Genet, 2000",,23.54,
4954334,MLH3,qwen3.7-max,Pathogenic,Pathogenic,0.85,PVS1;PM2,,,15.12,
4961553,RNU6ATAC,qwen3.7-max,Pathogenic,Pathogenic,0.9,PS3;PS4;PM2,"He H, et al., Science, 2011;Edery I, et al., Am J Hum Genet, 2012",,28.28,
966328,DDX41,qwen3.7-max,Pathogenic,Pathogenic,0.85,PVS1;PM2,"Polprasert C, et al. JAMA Oncol. 2015;Lewinsohn M, et al. Blood. 2019",,21.8,
426834,ABCC6,qwen3.7-max,Benign,Likely benign,0.7,BP4;BP7,"Richards S, et al., Genet Med, 2015, ACMG guidelines",,17.4,
171808,ADCY5,qwen3.7-max,Pathogenic,Pathogenic,0.95,PS2;PM1;PM2;PP3,"Mencacci et al., Neurology, 2015;Chen et al., Am J Hum Genet, 2015",,23.5,
1062426,MEN1,qwen3.7-max,Pathogenic,Pathogenic,0.95,PVS1;PM2,"Chandrasekharappa SC et al., Science, 1997;Lemos MC et al., Endocr Rev, 2008",,20.12,
232266,MUTYH,qwen3.7-max,Pathogenic,Pathogenic,0.9,PVS1;PM2,"Richards et al., Genetics in Medicine, 2015",,25.98,
1399388,TCTN3,qwen3.7-max,Pathogenic,Pathogenic,0.9,PVS1;PM2,"Thomas S, et al., Am J Hum Genet, 2012",,11.98,
19761,MLC1,qwen3.7-max,Pathogenic,Pathogenic,0.85,PVS1;PM2,"Leegwater et al., Nat Genet, 2001",,17.89,
4956074,ATM,qwen3.7-max,Pathogenic,Pathogenic,0.95,PVS1;PM2,"Tavtigian et al., Am J Hum Genet, 2001;ClinGen Sequence Variant Interpretation Working Group, 2020",,15.7,
660033,SLC25A26,qwen3.7-max,Benign,Uncertain significance,0.5,,,,17.17,
136282,ZNF526,qwen3.7-max,Benign,Uncertain significance,0.8,PM2,"Richards et al., Genet Med, 2015",,13.96,
711481,EXTL3,qwen3.7-max,Benign,Likely benign,0.9,BP7,"Richards S, et al., Genet Med, 2015",,10.06,
440520,DOCK7,qwen3.7-max,Benign,Uncertain significance,0.6,PM2,"Richards S, et al., Genet Med, 2015, ACMG/AMP guidelines for variant interpretation",,12.5,
4958131,VWF,qwen3.7-max,Pathogenic,Pathogenic,0.85,PVS1;PM2,"Richards et al., Genet Med, 2015;Tayoun et al., Genet Med, 2018",,19.32,
254280,LRP5,qwen3.7-max,Benign,Likely benign,0.8,BP7,,,12.18,
48831,BRAF,qwen3.7-max,Benign,Likely benign,0.7,BP7,"Richards et al., Genet Med, 2015",,12.86,
3893020,ABCB11,qwen3.7-max,Pathogenic,Pathogenic,0.9,PVS1;PM2,"Richards S, et al., Genet Med, 2015",,15.12,
245171,GLA,qwen3.7-max,Pathogenic,Pathogenic,0.95,PVS1;PM2,"Richards et al., Genet Med, 2015",,14.12,
1576203,CUBN,qwen3.7-max,Benign,Uncertain significance,0.5,,,,15.26,
4952383,DDX41,qwen3.7-max,Pathogenic,Pathogenic,0.85,PVS1;PM2,"Polprasert et al., JAMA Oncol, 2015;Lewinsohn et al., Blood, 2019",,19.91,
136019,TCOF1,qwen3.7-max,Benign,Likely benign,0.8,BP7,,,12.03,
1236100,CFAP298,qwen3.7-max,Benign,Uncertain significance,0.4,,,,15.38,
4937087,CSNK2B,qwen3.7-max,Pathogenic,Pathogenic,0.9,PVS1;PM2,"Li et al., Am J Hum Genet, 2019;ClinVar",,14.38,
697731,CEP97,qwen3.7-max,Benign,Uncertain significance,0.5,,,,11.1,
4967183,COL12A1,qwen3.7-max,Pathogenic,Pathogenic,0.85,PVS1;PM2,"Richards et al., Genet Med, 2015",,13.55,
177044,ABCD1,qwen3.7-max,Pathogenic,Pathogenic,0.75,PM2;PP3,"ClinVar, ABCD1 variant database",,13.13,
4964776,MEI1,qwen3.7-max,Pathogenic,Pathogenic,0.85,PVS1;PM2,"Richards S, et al., Genet Med, 2015, ACMG/AMP guidelines",,21.55,
408802,CARS2,qwen3.7-max,Benign,Pathogenic,0.85,PVS1;PM2,"Richards et al., Genet Med, 2015",,18.6,
368513,ERMARD,qwen3.7-max,Benign,Uncertain significance,0.7,PM2;BP4,,,13.45,
2094069,ANTXR1,qwen3.7-max,Benign,Benign,0.9,BP7,"Richards S, et al., Genet Med, 2015",,11.75,
4983609,NDUFS1,qwen3.7-max,Pathogenic,Pathogenic,0.85,PVS1;PM2,"Richards S, et al., Genet Med, 2015",,29.34,
3505219,NF1,qwen3.7-max,Benign,Likely benign,0.8,BP7,,,13.32,
401856,RBFOX1,qwen3.7-max,Benign,Likely benign,0.8,BP7,"Richards S, et al., Genet Med, 2015",,15.04,
1571143,VPS13D,qwen3.7-max,Benign,Uncertain significance,0.5,PM2,,,12.98,
515511,CNTN2,qwen3.7-max,Benign,Likely benign,0.8,BP7,"Richards et al., Genet Med, 2015",,10.71,
268945,SGCA,qwen3.7-max,Pathogenic,Pathogenic,0.75,PM2;PP3,ClinVar,,23.13,
495776,SPG11,qwen3.7-max,Pathogenic,Pathogenic,0.95,PVS1;PM2,"Stevanin G, et al. Nat Genet. 2007",,14.32,
30690,HBA2,qwen3.7-max,Pathogenic,Uncertain significance,0.5,PM2,"ClinVar, ACMG/AMP 2015 guidelines",,20.98,
251411,TRAPPC11,qwen3.7-max,Benign,Uncertain significance,0.4,PM2,,,12.33,
4975289,DDX41,qwen3.7-max,Pathogenic,Pathogenic,0.85,PVS1;PM2,"Polprasert C, J Clin Oncol, 2015;Lewinsohn M, Blood, 2019",,20.87,
4976037,ITSN1,qwen3.7-max,Pathogenic,Pathogenic,0.8,PVS1;PM2,"Richards S, et al., Genet Med, 2015",,18.83,
4963479,GLI3,qwen3.7-max,Pathogenic,Pathogenic,0.85,PVS1;PM2,"Richards et al., Genet Med, 2015;Johnston et al., Hum Mutat, 2010",,26.42,
982108,MAP3K14,qwen3.7-max,Benign,Uncertain significance,0.6,,,,14.06,
101562,SETX,qwen3.7-max,Benign,Uncertain significance,0.6,PM2,,,14.42,
135600,RFX6,qwen3.7-max,Benign,Likely benign,0.9,BP7,"Richards S, et al., Genet Med, 2015",,15.83,
20700,SPAST,qwen3.7-max,Pathogenic,Pathogenic,0.95,PVS1;PM2,"Richards et al., Genet Med, 2015",,15.33,
4963513,PCBP1,qwen3.7-max,Pathogenic,Uncertain significance,0.6,PVS1,,,17.48,
272792,ABCB11,qwen3.7-max,Pathogenic,Pathogenic,0.95,PS3;PM1;PM2;PP3,"Strautnieks SS, et al., Nat Genet, 1998;Knisely AS, et al., Hepatology, 2006;Dixon PH, et al., Gut, 2009",,27.06,
313593,SLC6A5,qwen3.7-max,Benign,Likely benign,0.9,BP7,"Richards et al., Genet Med, 2015",,16.59,
985666,GLA,qwen3.7-max,Pathogenic,Pathogenic,0.95,PVS1;PM2,"Richards et al., Genet Med, 2015",,17.98,
496950,CDH23,qwen3.7-max,Pathogenic,Pathogenic,0.85,PVS1;PM2,"Bolz et al., Nat Genet, 2001",,16.33,
184559,NF1,qwen3.7-max,Pathogenic,Pathogenic,0.95,PVS1;PM2,"Richards et al., Genet Med, 2015",,16.98,
512967,NEFH,qwen3.7-max,Benign,Uncertain significance,0.5,PM4,,,15.2,
4964380,PKD1,qwen3.7-max,Pathogenic,Pathogenic,0.95,PVS1;PM2,"Cornec-Le Gall E, Am J Hum Genet, 2013;ClinGen PKD1 VCEP guidelines",,21.47,
4898589,SDHA,qwen3.7-max,Pathogenic,Pathogenic,0.9,PVS1;PM2,"Burnichon N, et al. Hum Mol Genet. 2010;Alston CL, et al. Am J Hum Genet. 2012",,19.24,
131054,BRCA1,qwen3.7-max,Pathogenic,Pathogenic,0.95,PVS1;PM2,ClinVar;ENIGMA consortium,,15.64,
1153616,C8B,qwen3.7-max,Benign,Likely benign,0.8,BP7,"Richards et al., Genet Med, 2015",,13.99,
194989,ZDHHC9,qwen3.7-max,Benign,Likely benign,0.7,BP4,,,18.14,
394463,APC,qwen3.7-max,Pathogenic,Uncertain significance,0.7,BP1;PM2,ClinVar;ACMG/AMP 2015 guidelines,,22.05,
4842243,RLBP1,qwen3.7-max,Pathogenic,Pathogenic,0.85,PVS1;PM2,"Richards S, et al., Genet Med, 2015;Burstedt MS, et al., Nat Genet, 2001",,15.81,
2905247,GAA,qwen3.7-max,Pathogenic,Pathogenic,0.95,PVS1;PM2,"Richards et al., Genet Med, 2015",,17.73,
4018484,PKD1,qwen3.7-max,Pathogenic,Pathogenic,0.85,PVS1;PM2,"Cornec-Le Gall et al., Am J Hum Genet, 2013;Richards et al., Genet Med, 2015",,22.45,
165619,EDAR,qwen3.7-max,Benign,Likely benign,0.9,BP7,"Richards et al., Genet Med, 2015",,12.2,
742068,NUP62,qwen3.7-max,Benign,Likely benign,0.9,BP7,"Richards S, et al., Genet Med, 2015",,14.82,
562611,SOX2,qwen3.7-max,Pathogenic,Pathogenic,0.95,PVS1;PM2,"Fantes J, et al., Nat Genet, 2003",,18.92,
4954795,KMT2D,qwen3.7-max,Pathogenic,Pathogenic,0.95,PVS1;PM2,"Ng et al., Nat Genet, 2010",,16.3,
1661166,CLTC,qwen3.7-max,Benign,Uncertain significance,0.5,,,,12.31,
714989,RSPRY1,qwen3.7-max,Benign,Uncertain significance,0.6,PM2,"Richards et al., Genet Med, 2015",,13.86,
965956,ZEB2,qwen3.7-max,Pathogenic,Pathogenic,0.95,PVS1;PM2,"Mowat et al., Nat Genet, 1998",,20.19,
4961881,SLX4,qwen3.7-max,Pathogenic,Pathogenic,0.85,PVS1;PM2,"Stoepker C, et al., Am J Hum Genet, 2011",,14.8,
168040,ORC4,qwen3.7-max,Benign,Uncertain significance,0.5,PM2,,,13.35,
549122,ARSA,qwen3.7-max,Pathogenic,Pathogenic,0.95,PVS1;PM2,"Gieselmann V, et al., Hum Mutat, 1995",,25.88,
214598,MSH6,qwen3.7-max,Pathogenic,Pathogenic,0.95,PVS1;PM2,"Richards et al., Genet Med, 2015",,18.82,
1552894,MAGT1,qwen3.7-max,Benign,Uncertain significance,0.6,BP4,"Richards S, et al., Genet Med, 2015",,14.11,
4976519,MSH3,qwen3.7-max,Pathogenic,Pathogenic,0.85,PVS1;PM2,"Adam et al., Gastroenterology, 2016;ClinVar",,18.48,
257595,CRYBA4,qwen3.7-max,Benign,Uncertain significance,0.5,BP4,,,18.44,
1275189,HIVEP2,qwen3.7-max,Benign,Uncertain significance,0.6,PM2;PP3,"Richards et al., Genet Med, 2015",,13.48,
4981328,ZMYM2,qwen3.7-max,Pathogenic,Uncertain significance,0.6,PM2,,,21.04,
4958977,MEN1,qwen3.7-max,Pathogenic,Pathogenic,0.95,PVS1;PM2,"Chandrasekharappa SC et al., Science, 1997;Lemmens I et al., Science, 1997",,15.2,
136233,ZFYVE27,qwen3.7-max,Benign,Uncertain significance,0.6,,,,17.54,
779671,EXOSC8,qwen3.7-max,Benign,Uncertain significance,0.6,PM2,,,10.37,
4837026,RLBP1,qwen3.7-max,Pathogenic,Pathogenic,0.85,PVS1;PM2,"Richards S, et al., Genet Med, 2015",,22.07,
269044,CAPN3,qwen3.7-max,Pathogenic,Pathogenic,0.85,PVS1;PM2,"Richards S, et al., Genet Med, 2015",,21.51,
295483,COL7A1,qwen3.7-max,Benign,Uncertain significance,0.7,,,,16.16,
4967536,MYBPC3,qwen3.7-max,Pathogenic,Pathogenic,0.9,PVS1;PM2,"Richards S, et al., Genet Med, 2015",,27.94,
719890,TTC7A,qwen3.7-max,Benign,Uncertain significance,0.6,PM2;PP3,"ClinVar, TTC7A variant database, 2023",,17.12,
4935185,RAD51D,qwen3.7-max,Pathogenic,Pathogenic,0.9,PVS1;PM2,"Richards S, et al., Genet Med, 2015",,23.29,
1158473,AP3D1,qwen3.7-max,Benign,Uncertain significance,0.6,BP7,,,13.33,
173704,DNAH5,qwen3.7-max,Benign,Uncertain significance,0.6,PM2;BP4,,,11.29,
511435,ATP6V1B1,qwen3.7-max,Pathogenic,Pathogenic,0.85,PVS1;PM2,"Stover EH, et al., Am J Hum Genet, 2002",,13.89,
4957107,ABCB11,qwen3.7-max,Pathogenic,Pathogenic,0.9,PVS1;PM2,"ClinVar, ABCB11 LOF mechanism, PFIC2",,18.36,
1546390,HPS5,qwen3.7-max,Benign,Uncertain significance,0.8,PM2,,,11.07,
172893,USH2A,qwen3.7-max,Benign,Uncertain significance,0.5,PM2,,,10.55,
4934721,SLC20A2,qwen3.7-max,Pathogenic,Pathogenic,0.9,PVS1;PM2,"Wang C, Nat Genet, 2012;Hsu SC, Am J Hum Genet, 2013",,24.1,
426964,ABCC6,qwen3.7-max,Benign,Uncertain significance,0.6,PM2;BP4,"Plomp AS, et al., Invest Ophthalmol Vis Sci, 2004;Bergen AA, et al., Hum Mutat, 2007",,15.89,
1157841,ADAMTS18,qwen3.7-max,Benign,Uncertain significance,0.6,PM2,,,12.75,
19379,EIF2B2,qwen3.7-max,Pathogenic,Pathogenic,0.85,PVS1;PM2,"van der Knaap MS, et al. Leukoencephalopathy with vanishing white matter. GeneReviews. 2002.",,17.8,
472074,MTM1,qwen3.7-max,Benign,Uncertain significance,0.5,,,,15.4,
1154881,SLC6A19,qwen3.7-max,Benign,Uncertain significance,0.6,BP7,,,14.26,
1554732,AK7,qwen3.7-max,Benign,Uncertain significance,0.4,PM2,,,14.66,
4847431,RNASEH2B,qwen3.7-max,Pathogenic,Pathogenic,0.85,PVS1;PM2,"Crow YJ, et al., Nat Genet, 2006",,22.07,
251100,ACVR2B,qwen3.7-max,Benign,Benign,0.9,BP7,,,13.14,
496338,MME,qwen3.7-max,Pathogenic,Pathogenic,0.85,PVS1;PM2,"Auer-Grumbach M, et al., Am J Hum Genet, 2015",,15.19,
2073300,MAST1,qwen3.7-max,Benign,Uncertain significance,0.6,BP7,,,14.29,
1267432,VPS13D,qwen3.7-max,Benign,Uncertain significance,0.7,BP7,"Richards et al., Genet Med, 2015",,21.98,
4986923,FLCN,qwen3.7-max,Pathogenic,Pathogenic,0.85,PVS1;PM2,"Nickerson ML, Nat Genet, 2002",,21.99,
177485,AMPD1,qwen3.7-max,Benign,Uncertain significance,0.4,PM2,,,15.46,
198417,PKP2,qwen3.7-max,Pathogenic,Pathogenic,0.95,PVS1;PM2,"Richards et al., Genet Med, 2015",,19.1,
2181119,NEXN,qwen3.7-max,Pathogenic,Pathogenic,0.85,PVS1;PM2,"Purevjav E, et al., J Clin Invest, 2010",,14.94,
253178,CA2,qwen3.7-max,Benign,Likely benign,0.9,BP7,"Richards et al., Genet Med, 2015",,12.15,
582776,ERCC6,qwen3.7-max,Pathogenic,Pathogenic,0.85,PVS1;PM2,"Laugel V, et al., Hum Mutat, 2010;Richards S, et al., Genet Med, 2015",,25.27,
577545,STX1B,qwen3.7-max,Benign,Uncertain significance,0.6,,,,18.64,
4844101,PTCH1,qwen3.7-max,Pathogenic,Pathogenic,0.85,PVS1;PM2,"Richards et al., Genet Med, 2015",,24.52,
623815,ABCA4,qwen3.7-max,Pathogenic,Uncertain significance,0.6,PM2;PP3,"Richards S, et al., Genet Med, 2015",,15.94,
257663,NCF4,qwen3.7-max,Benign,Uncertain significance,0.6,BP7,,,15.55,
623884,NR2E3,qwen3.7-max,Pathogenic,Pathogenic,0.95,PVS1;PM2,"Audo I, et al., Hum Mutat, 2012;Haider NB, et al., Nat Genet, 2000",,14.15,
255794,SALL1,qwen3.7-max,Benign,Benign,0.9,BP7,"Richards et al., Genet Med, 2015",,19.53,
1158950,PRPF6,qwen3.7-max,Benign,Likely benign,0.7,BP7,"Richards et al., Genet Med, 2015",,16.21,
4968380,CIC,qwen3.7-max,Pathogenic,Pathogenic,0.85,PVS1;PM2,"Richards S, et al., Genet Med, 2015",,17.07,
1156149,MPDZ,qwen3.7-max,Benign,Uncertain significance,0.5,,,,13.73,
29230,MPZ,qwen3.7-max,Pathogenic,Pathogenic,0.8,PM2;PM5;PP3,"Richards et al., Genet Med, 2015",,16.79,
389854,CSPP1,qwen3.7-max,Benign,Uncertain significance,0.8,,,,11.67,
20944,SCN4A,qwen3.7-max,Pathogenic,Pathogenic,0.95,PS3;PM1;PM2;PP3,"Trip et al., Neurology, 2006;Matthews et al., Brain, 2008",,25.75,
938096,BRIP1,qwen3.7-max,Pathogenic,Pathogenic,0.9,PVS1;PM2,"Richards S, et al., Genet Med, 2015",,21.33,
4948807,ANK2,qwen3.7-max,Pathogenic,Pathogenic,0.85,PVS1;PM2,"Mohler PJ et al., Nature, 2003;Richards S et al., Genet Med, 2015",,20.64,
4924746,TTN,qwen3.7-max,Pathogenic,Pathogenic,0.8,PVS1;PM2,"Richards S, et al., Genet Med, 2015",,22.22,
259684,ABCA4,qwen3.7-max,Pathogenic,Pathogenic,0.85,PVS1;PM2,"Richards S, et al., Genet Med, 2015",,17.8,
137712,DICER1,qwen3.7-max,Benign,Uncertain significance,0.6,PM2;PP3,"Foulkes WD, et al., N Engl J Med, 2014;de Kock L, et al., Hum Mutat, 2017",,20.59,
377673,COQ8B,qwen3.7-max,Benign,Likely benign,0.7,BP7,"Richards et al., Genet Med, 2015",,22.16,
4862629,OTOF,qwen3.7-max,Pathogenic,Pathogenic,0.9,PVS1;PM2,"Richards et al., Genet Med, 2015",,17.8,
1550007,DIP2C,qwen3.7-max,Benign,Likely benign,0.7,BP7,,,15.28,
1523587,IL6R,qwen3.7-max,Benign,Uncertain significance,0.5,,,,14.24,
134972,LRP2,qwen3.7-max,Benign,Likely benign,0.8,BP7,,,11.86,
429371,CIT,qwen3.7-max,Benign,Likely benign,0.8,BP7,"Richards S, et al., Genet Med, 2015",,9.46,
1872105,KMT2D,qwen3.7-max,Benign,Likely benign,0.8,BP7,"Richards S, et al., Genet Med, 2015",,19.05,
134924,LARP7,qwen3.7-max,Benign,Uncertain significance,0.6,PM2,,,13.24,
351064,MMP9,qwen3.7-max,Benign,Uncertain significance,0.5,,,,15.73,
429949,MYO15A,qwen3.7-max,Pathogenic,Pathogenic,0.85,PVS1;PM2,"Richards S, et al., Genet Med, 2015",,14.78,
16274,HGSNAT,qwen3.7-max,Pathogenic,Pathogenic,0.95,PVS1;PM2,"Ruijter et al., Am J Hum Genet, 2006",,12.85,
1631749,CEP104,qwen3.7-max,Benign,Uncertain significance,0.7,PM2,"Richards et al., Genet Med, 2015",,11.16,
4867443,SHANK3,qwen3.7-max,Pathogenic,Pathogenic,0.85,PVS1;PM2,"Kolevzon A, et al., Mol Psychiatry, 2014;Phelan K, et al., Genet Med, 2022",,13.35,
1154044,ARMC9,qwen3.7-max,Benign,Likely benign,0.8,BP7,,,12.49,
577197,DEAF1,qwen3.7-max,Benign,Benign,0.8,BP7,"Richards S, et al., Genet Med, 2015",,12.3,
3226810,KCNQ1;KCNQ1OT1,qwen3.7-max,Benign,Uncertain significance,0.5,,,,9.87,
4799522,OPA1,qwen3.7-max,Pathogenic,Uncertain significance,0.6,PM2;PP3,"Richards S, et al., Genet Med, 2015",,19.25,
3856441,ADGRV1,qwen3.7-max,Pathogenic,Pathogenic,0.85,PVS1;PM2,"Richards S, et al., Genet Med, 2015",,13.27,
4967903,EIPR1,qwen3.7-max,Pathogenic,Uncertain significance,0.6,PM2,"Richards S, et al., Genet Med, 2015",,17.75,
4959243,LDLRAP1,qwen3.7-max,Pathogenic,Pathogenic,0.95,PVS1;PM2,"Garcia CK et al., Science, 2001",,14.67,
4917927,RASA1,qwen3.7-max,Pathogenic,Pathogenic,0.95,PVS1;PM2,"Eerola et al., Am J Hum Genet, 2003;Richards et al., Genet Med, 2015",,18.53,
98837,L1CAM,qwen3.7-max,Benign,Uncertain significance,0.6,PM2,"Richards S, et al., Genet Med, 2015",,18.48,
67720,KCNQ1,qwen3.7-max,Pathogenic,Pathogenic,0.85,PM1;PM2;PP3,"ClinVar, 2023;Splawski et al., Science, 1997",,17.89,
28067,RHO,qwen3.7-max,Pathogenic,Pathogenic,0.95,PS4;PM1;PM2;PP3,"Dryja et al., Nature, 1990;Hartong et al., Lancet, 2006",,24.77,
264570,CAPN3,qwen3.7-max,Pathogenic,Pathogenic,0.95,PVS1;PM2;PP3,"Fanin et al., Hum Mutat, 2004;ClinVar",,21.95,
899297,HR,qwen3.7-max,Benign,Benign,0.9,BP7,"Richards S, et al., Genet Med, 2015",,13.13,
4984647,PRKN,qwen3.7-max,Pathogenic,Pathogenic,0.9,PVS1,"Kitada et al., Nature, 1998;Lucking et al., N Engl J Med, 2000",,28.32,
4797537,SNHG14;UBE3A,qwen3.7-max,Pathogenic,Pathogenic,0.95,PVS1;PM2,"Kishino et al., Nat Genet, 1997;Matsuura et al., Nat Genet, 1997",,12.15,
304509,CYP11B1,qwen3.7-max,Benign,Uncertain significance,0.6,PM2;BP4,ClinVar,,17.49,
1230628,LORICRIN,qwen3.7-max,Benign,Pathogenic,0.7,PM4,"Ishida-Yamamoto A, et al., Am J Hum Genet, 1997",,17.43,
1540345,IFNGR2,qwen3.7-max,Benign,Uncertain significance,0.5,,"Richards et al., Genet Med, 2015",,19.18,
27366,TH,qwen3.7-max,Pathogenic,Uncertain significance,0.4,PM2,,,14.96,
1364322,BARD1,qwen3.7-max,Pathogenic,Pathogenic,0.85,PVS1;PM2,"Tavtigian SV et al., Nat Genet, 2001;Richards S et al., Genet Med, 2015",,24.28,
2894417,ABCA12,qwen3.7-max,Pathogenic,Pathogenic,0.9,PVS1;PM2,"Akiyama M, J Invest Dermatol, 2006;ClinVar",,23.18,
1529198,KRT74,qwen3.7-max,Benign,Uncertain significance,0.5,,,,19.43,
4957409,ABCB4,qwen3.7-max,Pathogenic,Pathogenic,0.85,PVS1;PM2,"Richards S, et al., Genet Med, 2015",,18.49,
1567567,SUCO,qwen3.7-max,Benign,Uncertain significance,0.5,,,,10.81,
4837216,PEX12,qwen3.7-max,Pathogenic,Pathogenic,0.85,PVS1;PM2,"Richards et al., Genet Med, 2015",,17.46,
763793,CEP19,qwen3.7-max,Benign,Benign,0.9,BP7,"Richards et al., Genet Med, 2015",,12.94,
990656,CTNNA1,qwen3.7-max,Pathogenic,Pathogenic,0.95,PVS1;PM2,"Richards et al., Genet Med, 2015;Majoor et al., J Med Genet, 2018",,18.11,
1371702,SURF1,qwen3.7-max,Pathogenic,Pathogenic,0.95,PVS1;PM2,"Zhu et al., Nat Genet, 1998;Tiranti et al., Nat Genet, 1998",,15.01,
1317492,NRIP1,qwen3.7-max,Benign,Uncertain significance,0.6,BP7,"Richards S, et al., Genet Med, 2015",,15.1,
1256594,CYP26B1,qwen3.7-max,Benign,Benign,0.9,BP7,,,16.44,
4923968,FBN1,qwen3.7-max,Pathogenic,Pathogenic,0.85,PVS1;PM2,"Richards et al., Genet Med, 2015",,23.02,
168582,RAD21,qwen3.7-max,Benign,Likely benign,0.8,BP7,,,14.08,
4954989,CACNA1A,qwen3.7-max,Pathogenic,Pathogenic,0.95,,"Zhuchenko et al., Nat Genet, 1997;Klockgether et al., Neurology, 1998",,23.86,
300158,SLC2A9,qwen3.7-max,Benign,Likely benign,0.8,BP7,,,19.3,
942144,ABCA4,qwen3.7-max,Pathogenic,Uncertain significance,0.6,PM2,"Richards et al., Genet Med, 2015",,15.28,
1532660,ADAMTS17,qwen3.7-max,Benign,Benign,0.9,BP7,"Richards et al., Genet Med, 2015",,11.9,
4960035,FBN1,qwen3.7-max,Pathogenic,Pathogenic,0.95,PVS1,"Faivre L et al., Hum Mutat, 2007;Franken R et al., Eur J Hum Genet, 2015",,20.28,
844893,NF1,qwen3.7-max,Pathogenic,Pathogenic,0.95,PVS1;PM2,"Richards S, et al., Genet Med, 2015;ClinGen NF1 Variant Curation Expert Panel",,12.78,
1523406,WDR36,qwen3.7-max,Benign,Uncertain significance,0.4,,,,14.99,
549942,OGDH,qwen3.7-max,Benign,Likely benign,0.8,BP7,"Richards et al., Genetics in Medicine, 2015",,12.38,
78472,KCNJ2,qwen3.7-max,Pathogenic,Pathogenic,0.9,PS1;PM1;PM2;PP3,ClinVar,,20.53,
464902,RYR3,qwen3.7-max,Benign,Likely benign,0.9,BP7,"Richards et al., Genet Med, 2015",,13.6,
544272,EYS,qwen3.7-max,Pathogenic,Pathogenic,0.9,PVS1;PM2,"Abd El-Aziz MM, et al., Hum Mutat, 2008",,16.61,
4959548,WAS,qwen3.7-max,Pathogenic,Pathogenic,0.85,PVS1;PM2,"Richards et al., Genet Med, 2015",,17.72,
2860677,EPHB4,qwen3.7-max,Pathogenic,Pathogenic,0.9,PVS1;PM2,"Queisser et al., Am J Hum Genet, 2017",,16.16,
142844,SLC25A22,qwen3.7-max,Benign,Likely benign,0.7,BP7,,,14.71,
4973169,NF1,qwen3.7-max,Pathogenic,Pathogenic,0.95,PVS1;PM2,"Richards S, et al., Genet Med, 2015;Legius E, et al., Hum Mutat, 2020",,12.51,
1503439,MPDZ,qwen3.7-max,Pathogenic,Pathogenic,0.85,PVS1;PM2,"Furey et al., Nat Genet, 2016",,17.86,
1159807,IL2RG,qwen3.7-max,Benign,Likely benign,0.8,BP7,,,12.71,
486907,NEB,qwen3.7-max,Benign,Likely benign,0.8,BP7,"Richards et al., Genet Med, 2015",,11.52,
1157673,IL21R,qwen3.7-max,Benign,Likely benign,0.85,BP7,"Richards et al., Genet Med, 2015",,14.44,
20875,MYOT,qwen3.7-max,Pathogenic,Pathogenic,0.95,PM1;PM2;PS4;PP3,"Selcen D et al., Neurology, 2004;Olivé M et al., Brain, 2005",,22.97,
4957124,ABCB11,qwen3.7-max,Pathogenic,Pathogenic,0.95,PVS1;PM2,"Strautnieks SS, et al., Nat Genet, 1998;Richards S, et al., Genet Med, 2015",,15.4,
251183,NBEAL2,qwen3.7-max,Benign,Likely benign,0.7,BP7,,,13.22,
1059533,TMEM127,qwen3.7-max,Pathogenic,Pathogenic,0.9,PVS1;PM2,"Yao L, et al., Nat Genet, 2010",,17.09,
4872593,PEX1,qwen3.7-max,Pathogenic,Pathogenic,0.9,PVS1;PM2,"Richards et al., Genet Med, 2015",,19.84,
187038,GCDH,qwen3.7-max,Pathogenic,Uncertain significance,0.5,PM2;PP3,,,14.65,
547048,BBS10,qwen3.7-max,Pathogenic,Pathogenic,0.95,PVS1;PM2,"Stoetzel C, et al., Am J Hum Genet, 2006",,18.14,
4956402,PKD1,qwen3.7-max,Pathogenic,Pathogenic,0.9,PVS1;PM2,"Richards S, et al., Genet Med, 2015;Cornec-Le Gall E, et al., Am J Hum Genet, 2013",,19.36,
700922,TUBB4B,qwen3.7-max,Benign,Likely benign,0.9,BP7,,,15.11,
26076,EDA,qwen3.7-max,Pathogenic,Uncertain significance,0.5,PM2;PP3,"ClinVar, 2023",,22.81,
409796,ANKRD11,qwen3.7-max,Pathogenic,Pathogenic,0.95,PVS1;PM2,"Sirmaci A, et al., Am J Hum Genet, 2011",,14.8,
256264,DLX3,qwen3.7-max,Benign,Likely benign,0.8,BP7,,,14.21,
1222672,CACNA1H,qwen3.7-max,Benign,Likely benign,0.7,BP4,"Richards S, et al., Genet Med, 2015",,15.5,
440141,DYNC2H1,qwen3.7-max,Pathogenic,Pathogenic,0.95,PVS1;PM2,"Richards et al., Genet Med, 2015;Taylan et al., Hum Mutat, 2014",,15.67,
4956698,GCK,qwen3.7-max,Pathogenic,Pathogenic,0.85,PVS1;PM2,"Osbak KK, et al., Hum Mutat, 2009;ClinVar",,21.57,
4837090,PROC,qwen3.7-max,Pathogenic,Pathogenic,0.85,PVS1;PM2,"Richards S, et al., Genet Med, 2015",,12.17,
540500,CHD3,qwen3.7-max,Pathogenic,Uncertain significance,0.6,PM2;PP3,"Snijders Blok et al., Nat Commun, 2018",,16.5,
4939665,MSH6,qwen3.7-max,Pathogenic,Pathogenic,0.95,PVS1;PM2,"Richards et al., Genet Med, 2015",,17.28,
1157093,COL4A1,qwen3.7-max,Benign,Uncertain significance,0.5,,,,11.55,
141278,ELP1,qwen3.7-max,Benign,Likely benign,0.9,BP7,"Richards et al., Genet Med, 2015",,11.52,
577897,SIK1,qwen3.7-max,Benign,Likely benign,0.8,BP7,"Richards S, et al., Genet Med, 2015",,11.88,
1255656,VPS13D,qwen3.7-max,Benign,Likely benign,0.7,BP7,,,13.21,
2898562,ALMS1,qwen3.7-max,Pathogenic,Pathogenic,0.85,PVS1;PM2,"Marshall JD, et al., Nat Genet, 2002",,13.93,
652576,SLC12A3,qwen3.7-max,Pathogenic,Uncertain significance,0.5,,,,13.42,
277940,HMCN1,qwen3.7-max,Benign,Uncertain significance,0.5,,,,15.04,
1153467,RD3,qwen3.7-max,Benign,Uncertain significance,0.5,,,,13.51,
1156267,CEP78,qwen3.7-max,Benign,Uncertain significance,0.4,PM2,,,12.44,
1062159,ATM,qwen3.7-max,Pathogenic,Pathogenic,0.9,PVS1;PM2,"Richards et al., Genet Med, 2015",,24.5,
1544369,AK7,qwen3.7-max,Benign,Likely benign,0.7,BP7,,,16.59,
720760,SCLT1,qwen3.7-max,Benign,Uncertain significance,0.5,,,,11.77,
4957367,ATP8B1,qwen3.7-max,Pathogenic,Pathogenic,0.85,PVS1;PM2,"Richards S, et al., Genet Med, 2015",,20.39,
367805,ALMS1,qwen3.7-max,Benign,Benign,0.8,BP7,,,10.81,
3096588,CC2D2A,qwen3.7-max,Pathogenic,Pathogenic,0.95,PVS1;PM2,"Gorden et al., J Med Genet, 2008;Richards et al., Genet Med, 2015",,21.89,
4968284,ITGB3,qwen3.7-max,Pathogenic,Pathogenic,0.9,PVS1;PM2,"Richards S, et al., Genet Med, 2015",,21.68,
519374,SCN5A,qwen3.7-max,Benign,Uncertain significance,0.6,,,,12.29,
2908838,FOXN1,qwen3.7-max,Pathogenic,Pathogenic,0.95,PVS1;PM2,"Richards S, et al., Genet Med, 2015",,16.03,
4968633,FSD1L,qwen3.7-max,Pathogenic,Uncertain significance,0.9,,,,16.9,
196119,NEB,qwen3.7-max,Benign,Uncertain significance,0.5,PM2,"Richards et al., Genet Med, 2015",,17.64,
4866829,GJB1,qwen3.7-max,Pathogenic,Pathogenic,0.95,PVS1;PM2,"Bergoffen J, et al. Science. 1993;262(5142):2039-2042.",,16.67,
4854058,DNAAF2,qwen3.7-max,Pathogenic,Pathogenic,0.9,PVS1;PM2,"Omran et al., Nature, 2008",,16.66,
370791,NOTCH1,qwen3.7-max,Benign,Likely benign,0.7,BP7,"Richards et al., Genet Med, 2015",,13.93,
1487881,MSH3,qwen3.7-max,Pathogenic,Pathogenic,0.85,PVS1;PM2,"Richards et al., Genet Med, 2015;Kansikas et al., Cancer Res, 2017",,16.08,
4916857,NPHP3,qwen3.7-max,Pathogenic,Pathogenic,0.85,PVS1;PM2,"Richards S, et al., Genet Med, 2015",,21.54,
1645201,XPR1,qwen3.7-max,Benign,Uncertain significance,0.5,PM2,"Richards S, et al., Genet Med, 2015",,15.29,
55372,PDZD7,qwen3.7-max,Benign,Uncertain significance,0.6,PM2;PP3,,,11.69,
4930502,NPHS2,qwen3.7-max,Pathogenic,Pathogenic,0.95,PVS1;PM2,"Boute N, et al., Nat Genet, 2000",,12.08,
307367,PNPLA1,qwen3.7-max,Benign,Uncertain significance,0.6,PM2;PP3,,,12.51,
4898648,GNPTAB,qwen3.7-max,Pathogenic,Pathogenic,0.9,PVS1;PM2,"Tiede A, et al., Nat Med, 2005",,26.84,
142732,SCN2A,qwen3.7-max,Benign,Likely benign,0.8,BP7,"Richards et al., Genet Med, 2015",,13.48,
1633265,PIBF1,qwen3.7-max,Benign,Uncertain significance,0.9,,,,14.28,
133820,ANK3,qwen3.7-max,Benign,Uncertain significance,0.6,PM2;BP4,,,14.12,
4907171,TSC2,qwen3.7-max,Pathogenic,Pathogenic,0.95,PVS1;PM2,"Northrup H, et al., Am J Med Genet C Semin Med Genet, 2021;Richards S, et al., Genet Med, 2015",,13.63,
105156,ABCA4,qwen3.7-max,Pathogenic,Pathogenic,0.8,PM2;PP3;PM3,"Zernant et al., Invest Ophthalmol Vis Sci, 2014;ClinVar",,22.03,
288932,PCARE,qwen3.7-max,Benign,Likely benign,0.8,BP7,"Richards S, et al., Genet Med, 2015",,18.02,
1225217,FAT1,qwen3.7-max,Benign,Uncertain significance,0.5,,,,14.27,
1609670,FASN,qwen3.7-max,Benign,Likely benign,0.7,BP7,"Richards et al., Genet Med, 2015",,14.28,
536261,MSH6,qwen3.7-max,Pathogenic,Pathogenic,0.95,PVS1;PM2,ClinVar,,14.63,
1450870,SMARCA4,qwen3.7-max,Pathogenic,Pathogenic,0.9,PVS1;PM2,"Richards et al., Genet Med, 2015;Tavtigian et al., Genet Med, 2020",,17.19,
1631969,C8A,qwen3.7-max,Benign,Uncertain significance,0.7,PM2,,,15.28,
1159779,AR,qwen3.7-max,Benign,Uncertain significance,0.6,PM2,"Yong EL, et al., Hum Mol Genet, 2000;ClinVar AR gene submissions",,25.89,
230387,OTOGL,qwen3.7-max,Benign,Uncertain significance,0.6,BP7,"Richards S, et al., Genet Med, 2015",,17.56,
1968451,HOXD13,qwen3.7-max,Pathogenic,Pathogenic,0.95,PM1,"Muragaki Y, et al., Science, 1996",,19.16,
1155644,MNX1,qwen3.7-max,Benign,Uncertain significance,0.4,PM2;BP4,,,24.61,
376136,ABCD4,qwen3.7-max,Benign,Uncertain significance,0.4,PM2,,,10.89,
701822,CBLIF,qwen3.7-max,Benign,Uncertain significance,0.5,,,,19.94,
4917810,GUSB,qwen3.7-max,Pathogenic,Pathogenic,0.9,PVS1;PM2,"Richards et al., Genet Med, 2015",,21.97,
560458,CPLANE1,qwen3.7-max,Pathogenic,Pathogenic,0.85,PVS1;PM2,"Richards et al., Genet Med, 2015",,18.98,
378421,DYRK1A,qwen3.7-max,Benign,Likely benign,0.9,BP7,"Richards S, et al., Genet Med, 2015",,14.86,
1564840,RBM48,qwen3.7-max,Benign,Likely benign,0.7,BP7,,,15.99,
4986949,NF1,qwen3.7-max,Pathogenic,Pathogenic,0.95,PVS1;PM2,"Richards et al., Genet Med, 2015",,11.47,
4847748,KRIT1,qwen3.7-max,Pathogenic,Pathogenic,0.95,PVS1;PM2,"Richards et al., Genet Med, 2015",,19.34,
3778755,PTEN,qwen3.7-max,Pathogenic,Pathogenic,0.85,PVS1;PM2,"Richards S, et al., Genet Med, 2015",,21.33,
984862,PKD1,qwen3.7-max,Pathogenic,Pathogenic,0.9,PVS1;PM2,"Cornec-Le Gall E, Am J Hum Genet, 2013;Audrezet MP, Hum Mutat, 2012",,25.1,
860193,ETFA,qwen3.7-max,Pathogenic,Pathogenic,0.85,PVS1;PM2,"Olsen RK, Am J Hum Genet, 2003;ClinVar",,22.18,
516088,NEXN,qwen3.7-max,Pathogenic,Pathogenic,0.85,PVS1;PM2,"Richards et al., Genet Med, 2015",,19.76,
574376,NF1,qwen3.7-max,Pathogenic,Pathogenic,0.95,PVS1;PM2,"Richards et al., Genet Med, 2015;Messiaen et al., Hum Mutat, 2000",,18.26,
4986958,NTHL1,qwen3.7-max,Pathogenic,Pathogenic,0.85,PVS1;PM2,"Richards S, et al., Genet Med, 2015",,14.87,
1333840,TRAPPC12,qwen3.7-max,Benign,Likely benign,0.8,BP7,,,14.91,
4926135,USH2A,qwen3.7-max,Pathogenic,Pathogenic,0.85,PVS1;PM2,"Richards S, et al., Genet Med, 2015",,16.57,
197789,FBN1,qwen3.7-max,Pathogenic,Pathogenic,0.9,PVS1;PM2,"Richards et al., Genet Med, 2015;Loeys et al., Hum Mutat, 2010",,29.13,
4844387,FAT4,qwen3.7-max,Pathogenic,Pathogenic,0.85,PVS1;PM2,"Alders et al., Nat Genet, 2014",,19.14,
777639,MAK,qwen3.7-max,Benign,Uncertain significance,0.5,BP7,"Richards et al., Genet Med, 2015",,13.72,
1157937,HNF1B,qwen3.7-max,Benign,Uncertain significance,0.6,,,,17.7,
3085824,CEP290,qwen3.7-max,Pathogenic,Pathogenic,0.85,PVS1,,,15.85,
1271210,SPECC1L,qwen3.7-max,Benign,Likely benign,0.85,BP7,"Richards S, et al., Genet Med, 2015",,14.32,
747597,SRD5A2,qwen3.7-max,Benign,Pathogenic,0.7,PM2;PP3,"Thigpen AE, et al., N Engl J Med, 1992",,19.17,
362901,RUNX1,qwen3.7-max,Pathogenic,Pathogenic,0.85,PM1;PM2;PP3,"Mori et al., Blood, 2016;Song et al., Blood, 2011",,19.72,
22906,TGFBI,qwen3.7-max,Pathogenic,Pathogenic,0.95,PS4;PM1;PP3,"Munier FL, Nat Genet, 1997;Korvatska E, Am J Hum Genet, 1998",,19.55,
698222,DNAH1,qwen3.7-max,Benign,Uncertain significance,0.6,BP7,,,15.95,
100370,DMD,qwen3.7-max,Benign,Uncertain significance,0.5,PM2,"Richards S, et al., Genet Med, 2015",,18.42,
133611,BRIP1,qwen3.7-max,Pathogenic,Pathogenic,0.9,PVS1;PM2,"Richards S, et al., Genet Med, 2015",,23.33,
256682,FECH,qwen3.7-max,Benign,Likely benign,0.8,BP7,"Richards et al., Genet Med, 2015",,11.72,
2086404,GLI3,qwen3.7-max,Pathogenic,Pathogenic,0.85,PVS1;PM2,"Johnston JJ, et al., Hum Mutat, 2010;Richards S, et al., Genet Med, 2015",,17.04,
55147,CDH23,qwen3.7-max,Benign,Uncertain significance,0.6,PM2,"Richards S, et al., Genet Med, 2015",,10.3,
982623,SYNE1,qwen3.7-max,Pathogenic,Pathogenic,0.85,PVS1;PM2,,,16.34,
4742724,SMAD3,qwen3.7-max,Pathogenic,Pathogenic,0.95,PVS1;PM2,"Richards S, et al., Genet Med, 2015",,14.24,
574378,NF1,qwen3.7-max,Pathogenic,Pathogenic,0.9,PVS1;PM2,"Richards S, et al., Genet Med, 2015",,19.49,
21374,ASS1,qwen3.7-max,Pathogenic,Uncertain significance,0.6,PM2;PP3,,,23.38,
4938617,BRCA1,qwen3.7-max,Pathogenic,Pathogenic,0.95,PVS1;PM2,ClinVar;ENIGMA consortium,,13.06,
4931440,DNAH5,qwen3.7-max,Pathogenic,Pathogenic,0.9,PVS1;PM2,"Richards S, et al., Genet Med, 2015",,21.86,
486720,BRCA1,qwen3.7-max,Pathogenic,Pathogenic,0.95,PVS1;PM2,"Landrum et al., Nucleic Acids Res, 2018;ClinVar",,14.21,
1510400,TCTN1,qwen3.7-max,Pathogenic,Pathogenic,0.9,PVS1;PM2,"Garcia-Gonzalo FR, et al., Nat Genet, 2011",,25.84,
4907973,SPINK5,qwen3.7-max,Pathogenic,Pathogenic,0.85,PVS1;PM2,"Bitoun E, et al., Nat Genet, 2000",,17.03,
2089676,RAD51D,qwen3.7-max,Pathogenic,Pathogenic,0.95,PVS1;PM2,"Richards S, et al., Genet Med, 2015;ClinVar RAD51D",,22.45,
2069081,RPE65,qwen3.7-max,Pathogenic,Pathogenic,0.85,PVS1;PM2,"Richards et al., Genet Med, 2015",,25.33,
98409,GALC,qwen3.7-max,Benign,Uncertain significance,0.5,PM2,"Richards et al., Genet Med, 2015",,15.98,
4850933,ABAT,qwen3.7-max,Pathogenic,Pathogenic,0.9,PVS1;PM2,"Richards et al., Genet Med, 2015;Gibson et al., Am J Hum Genet, 1997",,15.65,
1224437,MACF1,qwen3.7-max,Benign,Uncertain significance,0.8,,,,16.34,
433795,PIEZO1,qwen3.7-max,Benign,Uncertain significance,0.5,PM2,,,16.01,
1157662,XYLT1,qwen3.7-max,Benign,Likely benign,0.9,BP7,"Richards S, et al., Genet Med, 2015",,12.79,
141123,GABRG2,qwen3.7-max,Benign,Uncertain significance,0.5,,,,14.87,
4953462,FBXO11,qwen3.7-max,Pathogenic,Pathogenic,0.95,PVS1;PM2,"Johnston JJ, et al., Am J Hum Genet, 2018",,17.78,
1998599,CLCN1,qwen3.7-max,Benign,Likely benign,0.7,BP7,"Richards et al., Genet Med, 2015",,16.2,
4982604,USP9X,qwen3.7-max,Pathogenic,Pathogenic,0.9,PVS1;PM2,"Homan et al., Am J Hum Genet, 2016",,16.87,
1166562,LAMC2,qwen3.7-max,Pathogenic,Pathogenic,0.9,PVS1;PM2,"Pulkkinen et al., Nat Genet, 1994",,14.87,
713061,DCHS1,qwen3.7-max,Benign,Uncertain significance,0.4,PM2,,,12.92,
27191,CYP21A2;LOC106780800;TNXB,qwen3.7-max,Pathogenic,Pathogenic,0.95,PS3;PM2;PP3,"Tusie-Luna MT, et al., J Clin Endocrinol Metab, 1991;Owerbach D, et al., J Biol Chem, 1990;White PC, et al., Proc Natl Acad Sci U S A, 1988",,22.57,
924184,RASA1,qwen3.7-max,Pathogenic,Pathogenic,0.9,PVS1;PM2,"Richards et al., Genet Med, 2015;Revencu et al., Hum Mutat, 2013",,20.31,
254273,CABP4,qwen3.7-max,Benign,Uncertain significance,0.6,PM2,"Richards et al., Genet Med, 2015",,14.8,
134351,DOK7,qwen3.7-max,Benign,Likely benign,0.8,BP7,,,11.27,
919621,PKD1,qwen3.7-max,Pathogenic,Pathogenic,0.9,PVS1;PM2,"Richards S, et al., Genet Med, 2015;Cornec-Le Gall E, et al., Am J Hum Genet, 2013",,24.68,
185582,CHEK2,qwen3.7-max,Pathogenic,Pathogenic,0.9,PVS1;PM2,"Richards et al., Genet Med, 2015;ClinVar",,21.69,
1598569,DMRT2,qwen3.7-max,Benign,Uncertain significance,0.5,PM2,,,15.53,
852366,DDC,qwen3.7-max,Pathogenic,Uncertain significance,0.5,PM2,,,11.14,
21602,ABCC6,qwen3.7-max,Pathogenic,Pathogenic,0.9,PVS1;PM2,"Richards et al., Genet Med, 2015;Tayoun et al., Genet Med, 2018",,16.72,
549620,SUGCT,qwen3.7-max,Benign,Uncertain significance,0.5,PM2,,,14.01,
1156958,GUCY2C,qwen3.7-max,Benign,Uncertain significance,0.5,,,,9.65,
1469793,TMEM127,qwen3.7-max,Pathogenic,Pathogenic,0.85,PVS1;PM2,"Richards S, et al., Genet Med, 2015",,15.74,
759085,UNC80,qwen3.7-max,Benign,Uncertain significance,0.7,PM2,"Richards S, et al., Genet Med, 2015",,13.22,
1155245,RTN4IP1,qwen3.7-max,Benign,Uncertain significance,0.6,BP7,,,12.15,
789561,BRCA2,qwen3.7-max,Pathogenic,Pathogenic,0.95,PVS1;PM2,"Richards S, et al., Genet Med, 2015",,17.06,
708238,XDH,qwen3.7-max,Benign,Likely benign,0.8,BP7,"Richards S, et al., Genet Med, 2015",,12.58,
1156745,ASRGL1,qwen3.7-max,Benign,Uncertain significance,0.6,,,,18.77,
4796422,WFS1,qwen3.7-max,Pathogenic,Pathogenic,0.85,PVS1;PM2,"Barrett TG, et al., Nat Genet, 1998;Amr S, et al., Am J Hum Genet, 2007",,19.41,
4986980,MLH3,qwen3.7-max,Pathogenic,Pathogenic,0.9,PVS1;PM2,"Richards et al., Genet Med, 2015",,18.67,
324014,CACNA2D4,qwen3.7-max,Benign,Likely benign,0.8,BP4;BP7,"Richards S, et al., Genet Med, 2015",,13.24,
1615253,NCSTN,qwen3.7-max,Benign,Uncertain significance,0.5,PM2,"Richards S, et al., Genet Med, 2015",,16.51,
259363,DEPDC5,qwen3.7-max,Pathogenic,Pathogenic,0.9,PVS1;PM2,"Richards et al., Genet Med, 2015;ClinGen SVI PVS1 recommendations, 2020",,22.95,
531331,BRIP1,qwen3.7-max,Pathogenic,Pathogenic,0.85,PVS1;PM2,"Richards S, et al., Genet Med, 2015",,23.06,
1530708,DNAH1,qwen3.7-max,Benign,Uncertain significance,0.5,,,,13.88,
131057,BRCA1,qwen3.7-max,Pathogenic,Uncertain significance,0.6,PM2,"Richards S, et al., Genet Med, 2015",,15.17,
656264,TTLL5,qwen3.7-max,Benign,Uncertain significance,0.5,PM2,,,14.57,
99225,SMPD1,qwen3.7-max,Pathogenic,Pathogenic,0.95,PVS1;PM2,"Richards S, et al., Genet Med, 2015",,15.16,
703116,FMN1,qwen3.7-max,Benign,Uncertain significance,0.5,PM2,,,16.73,
4972333,KIAA0586,qwen3.7-max,Pathogenic,Pathogenic,0.85,PVS1;PM2,"Alby C et al., Am J Hum Genet, 2015",,18.66,
4924702,PHKG2,qwen3.7-max,Pathogenic,Uncertain significance,0.6,PM2;PP3,"Richards S, et al., Genet Med, 2015",,14.07,
4933592,DSG2,qwen3.7-max,Pathogenic,Pathogenic,0.85,PVS1;PM2,"Richards S, et al., Genet Med, 2015",,12.9,
271484,FMN1,qwen3.7-max,Benign,Uncertain significance,0.6,PM2,,,13.39,
4967693,SMARCA4,qwen3.7-max,Pathogenic,Pathogenic,0.9,PVS1;PM2,"Witkowski L, et al., Nat Genet, 2014;Tischkowitz M, et al., Nat Genet, 2014",,13.75,
4817494,PKP2,qwen3.7-max,Pathogenic,Pathogenic,0.85,PVS1;PM2,ClinVar,,16.79,
4198685,GLUD1,qwen3.7-max,Pathogenic,Uncertain significance,0.5,PM4,,,17.78,
99345,GRM6,qwen3.7-max,Benign,Uncertain significance,0.6,PM2,"Richards et al., Genet Med, 2015",,12.47,
1631718,TF,qwen3.7-max,Benign,Uncertain significance,0.6,PM2;BP4,"Richards S, et al., Genet Med, 2015",,10.34,
98796,GALE,qwen3.7-max,Benign,Uncertain significance,0.5,,,,13.75,
1523506,PISD,qwen3.7-max,Benign,Uncertain significance,0.5,PM2,,,15.8,
4954770,BRCA2,qwen3.7-max,Pathogenic,Pathogenic,0.99,PVS1,ClinVar;ENIGMA,,16.95,
169690,PCNT,qwen3.7-max,Benign,Uncertain significance,0.5,PM2,,,12.97,
725036,PDE3A,qwen3.7-max,Benign,Likely benign,0.8,BP7,"Richards S, et al., Genet Med, 2015",,14.66,
390319,FPR1,qwen3.7-max,Benign,Uncertain significance,0.5,,,,13.32,
709881,NPR3,qwen3.7-max,Benign,Likely benign,0.8,BP7,"Richards S, et al., Genet Med, 2015",,15.22,
320839,CUBN,qwen3.7-max,Benign,Uncertain significance,0.5,,,,11.27,
4967331,SYNGAP1,qwen3.7-max,Pathogenic,Pathogenic,0.9,PVS1;PM2,"Hamdan FF, N Engl J Med, 2009;Mignot C, Eur J Hum Genet, 2017",,15.04,
537892,COL2A1,qwen3.7-max,Pathogenic,Pathogenic,0.85,PM1;PM2;PP2,"Richards et al., Genet Med, 2015;Terhal et al., Hum Mutat, 2012",,20.75,
1158659,LONP1,qwen3.7-max,Benign,Uncertain significance,0.5,,,,11.63,
3185623,RERE,qwen3.7-max,Benign,Uncertain significance,0.7,BP7,,,17.16,
711945,RIGI,qwen3.7-max,Benign,Uncertain significance,0.5,BP7,"Richards S, et al., Genet Med, 2015",,20.78,
26969,MVK,qwen3.7-max,Pathogenic,Uncertain significance,0.6,PM2;PP3,ClinVar,,15.05,
28149,PDE6A,qwen3.7-max,Pathogenic,Pathogenic,0.9,PVS1;PM2,"Richards S, et al., Genet Med, 2015",,16.09,
2040518,TOP3A,qwen3.7-max,Benign,Uncertain significance,0.6,PM2;BP7,,,11.57,
142124,MYPN,qwen3.7-max,Benign,Uncertain significance,0.6,BP7,"Richards S, et al., Genet Med, 2015",,16.41,
1874421,C1S,qwen3.7-max,Pathogenic,Pathogenic,0.85,PVS1;PM2,"Petry et al., Hum Mutat, 2003",,16.38,
1606911,SLC4A11,qwen3.7-max,Benign,Uncertain significance,0.5,,,,15.59,
1544594,LARP7,qwen3.7-max,Benign,Uncertain significance,0.6,PM2;BP4,"Richards S, et al., Genet Med, 2015",,14.4,
18006,NPC1,qwen3.7-max,Pathogenic,Pathogenic,0.95,PS3;PS4;PM2;PP3,"Vanier MT, et al., Orphanet J Rare Dis, 2010;Park WD, et al., Hum Mutat, 2008",,18.08,
190659,NIPA1,qwen3.7-max,Benign,Benign,0.9,BS1;BP1,"Rainier et al., Am J Hum Genet, 2003",,19.13,
265244,MMACHC,qwen3.7-max,Pathogenic,Pathogenic,0.85,PVS1;PM2,"Lerner-Ellis JP, et al., Nat Genet, 2006",,18.46,
17682,TPP1,qwen3.7-max,Pathogenic,Pathogenic,0.95,PVS1;PM2,"Sleat DE, et al., Am J Hum Genet, 1997;ClinVar Variant ID: 4513",,11.21,
730692,DIP2C,qwen3.7-max,Benign,Uncertain significance,0.8,,,,12.4,
76340,COL18A1,qwen3.7-max,Pathogenic,Pathogenic,0.85,PVS1;PM2,"Richards S, et al., Genet Med, 2015",,22.94,
297718,ANKH,qwen3.7-max,Benign,Likely benign,0.8,BP4;BP7,"Richards S, et al., Genet Med, 2015",,15.27,
293809,EVC,qwen3.7-max,Benign,Uncertain significance,0.6,PM2;BP4,,,10.93,
4967695,APC,qwen3.7-max,Pathogenic,Pathogenic,0.95,PVS1;PM2,"ClinVar, 2023",,15.16,
1284521,DYNC2LI1,qwen3.7-max,Benign,Uncertain significance,0.6,PM2,,,13.83,
135367,PLEC,qwen3.7-max,Benign,Uncertain significance,0.5,PM2;PP3,ClinVar,,11.97,
1279779,SLC39A14,qwen3.7-max,Benign,Likely benign,0.8,BP7,"Richards et al., Genet Med, 2015",,13.08,
543352,IDUA,qwen3.7-max,Pathogenic,Pathogenic,0.95,PVS1;PM2,"Bunge S, et al., Hum Genet, 1994;Richards S, et al., Genet Med, 2015",,19.11,
4898574,GLI2,qwen3.7-max,Pathogenic,Pathogenic,0.95,PVS1;PM2,"Roessler E, et al., Nat Genet, 2003",,18.16,
1168663,OPLAH,qwen3.7-max,Pathogenic,Pathogenic,0.9,PVS1;PM2,"Richards S, et al., Genet Med, 2015",,16.53,
31967,CDK4,qwen3.7-max,Pathogenic,Pathogenic,0.95,PS3;PS4;PM2;PP3,"Zuo L, et al., Nat Genet, 1996;Soufir N, et al., Hum Mol Genet, 1998",,21.49,
1791719,APC,qwen3.7-max,Pathogenic,Pathogenic,0.95,PVS1;PM2,"Groden et al., Science, 1991;Nishisho et al., Science, 1991",,14.35,
4984963,PTCD3,qwen3.7-max,Pathogenic,Pathogenic,0.85,PVS1;PM2,"ClinVar, 2023",,15.67,
716940,ATRN,qwen3.7-max,Benign,Uncertain significance,0.8,,,,12.9,
442168,NOTCH3,qwen3.7-max,Pathogenic,Pathogenic,0.85,PM1;PM2;PP3,"Rutten et al., Arch Neurol, 2014;ClinGen SVI NOTCH3 Specifications, 2021",,37.15,
4898649,BRIP1,qwen3.7-max,Pathogenic,Pathogenic,0.9,PVS1;PM2,"Richards S, et al., Genet Med, 2015",,14.69,
256739,TYK2,qwen3.7-max,Benign,Uncertain significance,0.6,PM2,,,13.04,
23869,SCNN1B,qwen3.7-max,Pathogenic,Pathogenic,0.95,PVS1;PM2,"Shimkets et al., Cell, 1994;Hansson et al., PNAS, 1995",,21.95,
3807537,LZTR1,qwen3.7-max,Pathogenic,Pathogenic,0.85,PVS1;PM2,"Johnston JJ, et al., Nat Genet, 2018;Pagnamenta AT, et al., J Med Genet, 2019",,17.38,
4978918,ETV6,qwen3.7-max,Pathogenic,Pathogenic,0.85,PVS1;PM2,"Noetzli et al., Nat Genet, 2015",,17.17,
645760,NF1,qwen3.7-max,Pathogenic,Pathogenic,0.95,PVS1;PM2,"Fahsold et al., Am J Hum Genet, 2000;Legius et al., Hum Mutat, 2011",,15.32,
717752,SH3KBP1,qwen3.7-max,Benign,Uncertain significance,0.8,PM2,,,14.61,
49211,MAP2K1,qwen3.7-max,Pathogenic,Uncertain significance,0.6,PM2;PP3,,,13.54,
140686,COQ6,qwen3.7-max,Benign,Uncertain significance,0.4,,,,11.7,
4941543,KAT6A,qwen3.7-max,Pathogenic,Pathogenic,0.95,PVS1;PM2,"Kennedy et al., Am J Hum Genet, 2015",,26.48,
238386,SLC25A12,qwen3.7-max,Benign,Uncertain significance,0.4,PM2,,,15.09,
1854032,MSH6,qwen3.7-max,Pathogenic,Pathogenic,0.95,PVS1;PM2,"Kast et al., Gastroenterology, 2014;ClinGen Sequence Variant Interpretation Working Group, 2020",,15.92,
492790,SLC10A2,qwen3.7-max,Benign,Likely benign,0.8,BP7,"Richards et al., Genet Med, 2015",,12.75,
203497,TCF4,qwen3.7-max,Pathogenic,Pathogenic,0.9,PVS1;PM2,"Amiel J et al., Nat Genet, 2007;Zweier C et al., Hum Mutat, 2008",,17.33,
514575,CHD7,qwen3.7-max,Pathogenic,Pathogenic,0.9,PVS1;PM2,"Richards et al., Genet Med, 2015;ClinGen CHD7 VCEP guidelines",,20.47,
272980,CREBBP,qwen3.7-max,Benign,Likely benign,0.8,BP7,,,11.24,
531468,CTNS,qwen3.7-max,Pathogenic,Uncertain significance,0.5,PM2,,,20.64,
357058,ALPL,qwen3.7-max,Pathogenic,Pathogenic,0.95,PVS1;PM2,"Mornet E, Eur J Hum Genet, 2014;Whyte MP, Bone, 2017",,18.86,
920320,CEP290,qwen3.7-max,Pathogenic,Pathogenic,0.85,PVS1;PM2,"Richards S, et al., Genet Med, 2015",,19.46,
4958485,MCPH1,qwen3.7-max,Pathogenic,Pathogenic,0.9,PVS1;PM2,"Richards S, et al., Genet Med, 2015",,11.99,
1157494,DNAAF4,qwen3.7-max,Benign,Uncertain significance,0.5,,,,15.23,
238946,MSH6,qwen3.7-max,Pathogenic,Pathogenic,0.95,PVS1;PM2,"Kastrinos F, et al. JAMA. 2011;Ten Broeke SW, et al. J Med Genet. 2015",,21.58,
1199565,IQSEC2,qwen3.7-max,Pathogenic,Uncertain significance,0.6,PM2;PP3,,,11.28,
52494,MYO7A,qwen3.7-max,Benign,Uncertain significance,0.7,BP7,,,19.5,
1156886,CTSC,qwen3.7-max,Benign,Uncertain significance,0.5,BP7,,,18.23,
777758,ANK1,qwen3.7-max,Benign,Uncertain significance,0.5,,,,9.89,
847212,LDLR,qwen3.7-max,Pathogenic,Pathogenic,0.9,PVS1;PM2,"Richards et al., Genet Med, 2015",,22.08,
140549,COL3A1,qwen3.7-max,Benign,Likely benign,0.8,BP4;BP7,"Richards et al., Genet Med, 2015",,15.94,
1212623,KATNB1,qwen3.7-max,Benign,Uncertain significance,0.7,BP7,"Richards et al., Genet Med, 2015",,20.36,
2743995,MSH5,qwen3.7-max,Benign,Uncertain significance,0.6,PM2;BP4,,,15.12,
29035,PNP,qwen3.7-max,Pathogenic,Pathogenic,0.85,PVS1;PM2,"Richards S, et al., Genet Med, 2015",,18.16,
4968240,MECP2,qwen3.7-max,Pathogenic,Pathogenic,0.95,PVS1;PM2,"Richards et al., Genet Med, 2015;Amberger et al., Nucleic Acids Res, 2019",,15.49,
630196,MSH6,qwen3.7-max,Pathogenic,Pathogenic,0.95,PVS1;PM2,"Kansikas et al., Hum Mutat, 2017;Plazzer et al., Hum Mutat, 2013",,13.42,
720537,HYAL1,qwen3.7-max,Benign,Uncertain significance,0.6,PM2,,,10.44,
251590,FRAS1,qwen3.7-max,Benign,Benign,0.9,BP7,"Richards et al., Genet Med, 2015",,13.86,
40024,CCDC39,qwen3.7-max,Pathogenic,Pathogenic,0.9,PVS1;PM2,"Merveille et al., Am J Hum Genet, 2011",,15.97,
369428,PLEC,qwen3.7-max,Benign,Uncertain significance,0.4,,,,13.12,
200348,ETFB,qwen3.7-max,Benign,Likely benign,0.9,BP7,"Richards et al., Genet Med, 2015",,12.37,
254542,COL2A1,qwen3.7-max,Benign,Likely benign,0.8,BP7,"Richards et al., Genet Med, 2015",,12.36,
1170634,CACNA1E,qwen3.7-max,Benign,Likely benign,0.8,BP4;BP7,"Richards et al., Genet Med, 2015",,16.08,
215196,RYR2,qwen3.7-max,Benign,Uncertain significance,0.4,,,,12.05,
707671,CKAP2L,qwen3.7-max,Benign,Uncertain significance,0.5,PM2,,,11.78,
1544555,CSF1R,qwen3.7-max,Benign,Uncertain significance,0.6,,,,13.31,
4882539,SGSH,qwen3.7-max,Pathogenic,Pathogenic,0.95,PVS1;PM2,"ClinVar, 2023",,15.56,
359556,SPINK5,qwen3.7-max,Pathogenic,Pathogenic,0.95,PVS1;PM2,"Chavanasier et al., Nat Genet, 2000",,11.63,
4970771,SMAD4,qwen3.7-max,Pathogenic,Pathogenic,0.95,PVS1;PM2,"Aretz S et al., Hum Mutat, 2006;Gallione CJ et al., J Med Genet, 2004",,18.41,
1590601,ACER3,qwen3.7-max,Benign,Likely benign,0.7,BP7,"Richards et al., Genet Med, 2015",,13.99,
24451,CDKN2A,qwen3.7-max,Pathogenic,Pathogenic,0.95,PS3;PS4;PM1;PP3,"Goldstein et al., Am J Hum Genet, 1997;Mantelli et al., Hum Mutat, 2002",,15.82,
4968350,MED13,qwen3.7-max,Pathogenic,Pathogenic,0.85,PVS1;PM2,,,15.45,
1661895,CELSR2,qwen3.7-max,Benign,Uncertain significance,0.8,,,,13.78,
1154018,EPHA4,qwen3.7-max,Benign,Likely benign,0.8,BP7,"Richards S, et al., Genet Med, 2015",,17.92,
4931336,"covers 10 genes, none of which curated to show dosage sensitivity",qwen3.7-max,Pathogenic,Uncertain significance,0.6,,,,14.89,
778354,MYO15A,qwen3.7-max,Benign,Uncertain significance,0.5,,,,14.64,
4967639,TMEM127,qwen3.7-max,Pathogenic,Pathogenic,0.9,PVS1;PM2,"Yao L et al., Am J Hum Genet, 2010;Richards S et al., Genet Med, 2015",,22.61,
728619,CEP250,qwen3.7-max,Benign,Uncertain significance,0.4,PM2,"Richards et al., Genet Med, 2015",,11.14,
142349,PDHA1,qwen3.7-max,Benign,Likely benign,0.7,BP4;BP7,,,11.82,
1155073,C9,qwen3.7-max,Benign,Likely benign,0.7,BP7,,,14.0,
444795,WT1,qwen3.7-max,Pathogenic,Pathogenic,0.95,PVS1;PM2,"Dome JS, Nat Rev Dis Primers, 2015;Huff V, Nat Genet, 1991",,21.13,
1158915,CHRNA4,qwen3.7-max,Benign,Uncertain significance,0.5,,,,11.11,
283580,LRP2,qwen3.7-max,Benign,Uncertain significance,0.6,PM2,"Richards et al., Genet Med, 2015",,14.76,
319004,COL4A2,qwen3.7-max,Benign,Uncertain significance,0.6,PM2;BP4,"Richards S, et al., Genet Med, 2015",,10.36,
541457,AGL,qwen3.7-max,Pathogenic,Pathogenic,0.85,PVS1;PM2,ClinVar,,23.46,
1055285,CASR,qwen3.7-max,Pathogenic,Pathogenic,0.85,PVS1;PM2,"Richards S, et al., Genet Med, 2015",,25.19,
289537,GHSR,qwen3.7-max,Benign,Likely benign,0.8,BP7,"Richards et al., Genet Med, 2015",,12.4,
3307443,ATM,qwen3.7-max,Pathogenic,Pathogenic,0.95,PVS1;PM2,ClinVar;ACMG/AMP 2015 guidelines,,13.65,
75958,TSC2,qwen3.7-max,Pathogenic,Pathogenic,0.95,PVS1;PM2,"Richards et al., Genet Med, 2015",,22.01,
105436,TYR,qwen3.7-max,Pathogenic,Pathogenic,0.9,PVS1;PM2,"Richards S, et al., Genet Med, 2015",,21.85,
255713,SLX4,qwen3.7-max,Benign,Likely benign,0.8,BP7,,,15.02,
390159,DNAH9,qwen3.7-max,Benign,Likely benign,0.8,BP7,,,14.33,
4866819,GREB1L,qwen3.7-max,Pathogenic,Pathogenic,0.85,PVS1;PM2,"Richards et al., Genet Med, 2015",,18.05,
720639,ROBO1,qwen3.7-max,Benign,Likely benign,0.8,BP7,,,15.52,
254767,WNK1,qwen3.7-max,Benign,Uncertain significance,0.6,PM2,,,16.19,
709113,TET2,qwen3.7-max,Benign,Likely benign,0.9,BP7,"Richards S, et al., Genet Med, 2015",,13.19,
136168,VPS13B,qwen3.7-max,Benign,Likely benign,0.8,BP7,"Richards S, et al., Genet Med, 2015",,17.47,
4827676,VPS13A,qwen3.7-max,Pathogenic,Pathogenic,0.85,PVS1;PM2,"Richards et al., Genet Med, 2015",,19.99,
21691,COLQ,qwen3.7-max,Pathogenic,Pathogenic,0.85,PVS1;PM2,"Ohno K, et al., Am J Hum Genet, 1998",,16.35,
699244,MICAL1,qwen3.7-max,Benign,Uncertain significance,0.8,,,,10.75,
249917,COL9A2,qwen3.7-max,Benign,Likely benign,0.8,BP7,"Richards et al., Genet Med, 2015",,12.45,
4986427,TMEM63B,qwen3.7-max,Pathogenic,Pathogenic,0.9,PVS1;PM2,,,19.9,
1262270,LRP6,qwen3.7-max,Benign,Likely benign,0.85,BP4;BP7,,,16.35,
1632077,CLPX,qwen3.7-max,Benign,Uncertain significance,0.5,,,,17.54,
135677,SCN4A,qwen3.7-max,Benign,Likely benign,0.8,BP7,"Richards et al., Genet Med, 2015",,11.67,
136032,TMEM138,qwen3.7-max,Benign,Likely benign,0.8,BP7,"Richards et al., Genet Med, 2015",,11.59,
4968509,COQ8B,qwen3.7-max,Pathogenic,Uncertain significance,0.6,PM2;PP3,"Ashraf S, Nat Genet, 2013",,17.02,
57140,USH1C,qwen3.7-max,Benign,Likely benign,0.7,BP7,"Richards S, et al., Genet Med, 2015",,19.79,
4973489,PRRT2,qwen3.7-max,Pathogenic,Pathogenic,0.85,PVS1;PM2,"Chen et al., Nat Genet, 2011;Lee et al., Am J Hum Genet, 2012",,19.49,
4827872,TYR,qwen3.7-max,Pathogenic,Pathogenic,0.7,PM2;PP3,ClinVar,,26.42,
4963472,BBS4,qwen3.7-max,Pathogenic,Pathogenic,0.95,PVS1;PM2,"Richards et al., Genet Med, 2015",,14.23,
944198,APC,qwen3.7-max,Pathogenic,Pathogenic,0.95,PVS1;PM2,"Groden J, et al., Cell, 1991;ClinVar",,17.68,
250514,CRYGD,qwen3.7-max,Benign,Likely benign,0.8,BP7,"Richards S, et al., Genet Med, 2015",,13.99,
304794,VCAN,qwen3.7-max,Benign,Uncertain significance,0.6,PM2;BP1,"Richards et al., Genet Med, 2015",,16.67,
757862,CFAP410,qwen3.7-max,Benign,Benign,0.9,BP7,"Richards et al., Genet Med, 2015",,15.91,
505207,DIAPH3,qwen3.7-max,Benign,Uncertain significance,0.8,,,,15.2,
4837145,PKHD1,qwen3.7-max,Pathogenic,Pathogenic,0.9,PVS1;PM2,"Bergmann C, Nat Genet, 2004;Ward CJ, Nat Genet, 2002",,11.6,
375460,A2ML1,qwen3.7-max,Benign,Uncertain significance,0.6,PM2;PP3,,,13.8,
132334,RB1,qwen3.7-max,Pathogenic,Pathogenic,0.95,PVS1;PM2,"Dimaras H, et al. Nat Rev Dis Primers. 2015;Lohmann DR, et al. Hum Mutat. 1996",,16.13,
134169,CHAT,qwen3.7-max,Benign,Likely benign,0.85,BP7,"Richards S, et al., Genet Med, 2015",,19.95,
1858503,BMP6,qwen3.7-max,Benign,Uncertain significance,0.6,PM2,,,18.32,
4840729,TNFRSF9,qwen3.7-max,Pathogenic,Pathogenic,0.85,PVS1;PM2,,,14.82,
1158702,PALM,qwen3.7-max,Benign,Likely benign,0.8,BP7,,,21.53,
1318572,RFWD3,qwen3.7-max,Benign,Likely benign,0.7,BP7,"Richards et al., Genet Med, 2015",,15.74,
1156863,CAPN5,qwen3.7-max,Benign,Uncertain significance,0.6,,,,13.53,
16315,DOK7,qwen3.7-max,Pathogenic,Pathogenic,0.9,PVS1;PM2,"Beeson et al., Science, 2006",,19.16,
4844018,SI,qwen3.7-max,Pathogenic,Pathogenic,0.85,PVS1;PM2,"Richards et al., Genet Med, 2015",,20.39,
4836775,NBAS,qwen3.7-max,Pathogenic,Pathogenic,0.85,PVS1;PM2,,,15.0,
581026,ZC4H2,qwen3.7-max,Benign,Benign,0.9,BP7,"Richards et al., Genet Med, 2015",,13.92,
53754,MAP2K1,qwen3.7-max,Pathogenic,Uncertain significance,0.6,PM2;PP3,ClinVar,,18.41,
1649942,DMD,qwen3.7-max,Benign,Uncertain significance,0.4,,,,19.36,
559630,DNAH1,qwen3.7-max,Pathogenic,Pathogenic,0.85,PVS1;PM2,"Wallmeier J, et al., Am J Hum Genet, 2014;Richards S, et al., Genet Med, 2015",,15.96,
537797,TFAP2A,qwen3.7-max,Pathogenic,Uncertain significance,0.6,PM2;PP3,"Milunsky et al., Am J Med Genet A, 2007",,17.85,
4930370,RASGRP2,qwen3.7-max,Pathogenic,Pathogenic,0.85,PVS1;PM2,,,21.11,
4963390,PTEN,qwen3.7-max,Pathogenic,Pathogenic,0.95,PVS1;PM2,ClinVar;ACMG 2015,,18.06,
1153350,ADCY10,qwen3.7-max,Benign,Uncertain significance,0.6,BP7,"Richards S, et al., Genet Med, 2015, PMID: 25741868",,19.42,
444363,ENG,qwen3.7-max,Pathogenic,Pathogenic,0.85,PVS1;PM2,"Richards S, et al., Genet Med, 2015;Gallione CJ, et al., Hum Mutat, 2000",,17.94,
983168,EEF2,qwen3.7-max,Benign,Likely benign,0.9,BP7,"Richards S, et al., Genet Med, 2015",,12.36,
20760,KRIT1,qwen3.7-max,Pathogenic,Pathogenic,0.95,PVS1;PM2,"Richards et al., Genet Med, 2015",,17.3,
1612555,UBE3B,qwen3.7-max,Benign,Uncertain significance,0.5,,,,15.89,
99314,CACNA1C,qwen3.7-max,Benign,Likely benign,0.85,BP7,"Richards et al., Genet Med, 2015",,14.46,
4841054,PMS2,qwen3.7-max,Pathogenic,Pathogenic,0.85,PVS1;PM2,"Richards S, et al., Genet Med, 2015",,17.68,
1158201,FASN,qwen3.7-max,Benign,Likely benign,0.8,BP7,"Richards S, et al., Genet Med, 2015",,11.53,
135449,POLR3B,qwen3.7-max,Benign,Likely benign,0.7,BP7,"Richards S, et al., Genet Med, 2015",,14.7,
1257548,PLD1,qwen3.7-max,Benign,Uncertain significance,0.7,,,,14.97,
292860,ROBO2,qwen3.7-max,Benign,Uncertain significance,0.4,,,,12.91,
4934864,LMNA,qwen3.7-max,Pathogenic,Pathogenic,0.85,PVS1;PM2,"Richards et al., Genet Med, 2015",,21.97,
1780238,G6PD,qwen3.7-max,Pathogenic,Pathogenic,0.75,PM1;PM2;PP3,"Richards S, et al., Genet Med, 2015",,27.09,
4961572,KDM6A,qwen3.7-max,Pathogenic,Pathogenic,0.95,PVS1;PM2,"Lederer et al., Am J Hum Genet, 2012",,15.07,
4963489,SNX27,qwen3.7-max,Pathogenic,Uncertain significance,0.5,PM2,"Richards S, et al., Genet Med, 2015",,15.25,
4844336,ERCC5,qwen3.7-max,Pathogenic,Pathogenic,0.85,PVS1;PM2,"Richards S et al., Genet Med, 2015;Plon SE et al., Hum Mutat, 2008",,24.11,
640951,POLE,qwen3.7-max,Pathogenic,Uncertain significance,0.7,PM2,,,30.44,
2806705,KCNQ1;KCNQ1OT1,qwen3.7-max,Benign,Uncertain significance,0.5,,,,12.78,
1400357,DYSF,qwen3.7-max,Pathogenic,Pathogenic,0.85,PVS1;PM2,ClinVar,,17.04,
707246,CHRM3,qwen3.7-max,Benign,Uncertain significance,0.5,PM2,,,16.44,
725503,ITM2B,qwen3.7-max,Benign,Uncertain significance,0.6,BP1,,,20.87,
496884,FLNC,qwen3.7-max,Pathogenic,Pathogenic,0.95,PVS1;PM2,"Ortiz-Genga MF et al., J Am Coll Cardiol, 2016;Valdes-Mas R et al., Nat Genet, 2014",,15.93,
22871,PTEN,qwen3.7-max,Pathogenic,Pathogenic,0.75,PM1;PM2;PP3,"ClinVar, PTEN Hamartoma Tumor Syndrome literature",,12.99,
253878,CDHR1,qwen3.7-max,Benign,Likely benign,0.8,BP7,"Richards et al., Genet Med, 2015",,11.35,
700290,SAMD9L,qwen3.7-max,Benign,Uncertain significance,0.5,PM2;PP3,,,14.05,
500114,ALK,qwen3.7-max,Benign,Uncertain significance,0.6,PM2,,,12.3,
705457,ATRN,qwen3.7-max,Benign,Uncertain significance,0.6,PM2,,,16.05,
1159717,CACNA1F,qwen3.7-max,Benign,Uncertain significance,0.5,,,,9.62,
542038,COL4A3,qwen3.7-max,Pathogenic,Pathogenic,0.9,PVS1;PM2,"Richards S, et al., Genet Med, 2015",,20.85,
296960,SH3PXD2B,qwen3.7-max,Benign,Uncertain significance,0.5,,,,11.09,
3891389,COL4A4,qwen3.7-max,Pathogenic,Pathogenic,0.85,PVS1;PM2,"Richards et al., Genet Med, 2015",,17.72,
177662,CYP4V2,qwen3.7-max,Benign,Uncertain significance,0.4,PM2;BP7,"Richards S, et al., Genet Med, 2015",,13.66,
22995,MYOC,qwen3.7-max,Pathogenic,Pathogenic,0.85,PM1;PM2;PP3,"Fingert JH, et al., Hum Mutat, 1999;Shimizu S, et al., Invest Ophthalmol Vis Sci, 2000",,23.83,
2044158,ETV6,qwen3.7-max,Benign,Uncertain significance,0.5,,,,12.86,
251566,FRAS1,qwen3.7-max,Benign,Uncertain significance,0.6,PM2,"Richards S, et al., Genet Med, 2015",,16.64,
57613,USH2A,qwen3.7-max,Benign,Uncertain significance,0.5,,,,14.94,
755359,FCSK,qwen3.7-max,Benign,Likely benign,0.8,BP7,"Richards S, et al., Genet Med, 2015",,14.86,
142334,PCNT,qwen3.7-max,Benign,Uncertain significance,0.5,PM2,,,15.74,
4986740,PDGFRA,qwen3.7-max,Benign,Benign,0.9,BP7,,,15.19,
1915454,RAB23,qwen3.7-max,Benign,Benign,0.8,BP7,"Richards S, et al., Genet Med, 2015",,9.16,
4964331,ANAPC1,qwen3.7-max,Benign,Likely benign,0.7,BP7,"Richards S, et al., Genet Med, 2015",,11.56,
1242146,KIAA0753,qwen3.7-max,Benign,Uncertain significance,0.5,PM2,,,11.22,
4957664,ABCB4,qwen3.7-max,Pathogenic,Pathogenic,0.85,PVS1;PM2,"Richards et al., Genet Med, 2015",,24.53,
1442741,GABRG2,qwen3.7-max,Pathogenic,Uncertain significance,0.5,PM2;PP3,,,11.51,
3837652,LZTR1,qwen3.7-max,Pathogenic,Pathogenic,0.95,PVS1;PM2,"Richards et al., Genet Med, 2015",,14.39,
4975901,ANK2,qwen3.7-max,Pathogenic,Pathogenic,0.85,PVS1;PM2,"Richards S, et al., Genet Med, 2015",,19.25,
1536039,SMAD2,qwen3.7-max,Benign,Likely benign,0.7,BP7,"Richards et al., Genet Med, 2015",,16.34,
1158412,REEP6,qwen3.7-max,Benign,Uncertain significance,0.8,,,,13.38,
102323,PKHD1,qwen3.7-max,Benign,Uncertain significance,0.5,,,,10.96,
2750681,KCNH5,qwen3.7-max,Pathogenic,Uncertain significance,0.6,PM2;PP3,"Richards S, et al., Genet Med, 2015",,11.86,
135942,SYNE2,qwen3.7-max,Benign,Likely benign,0.9,BP7,"Richards et al., Genet Med, 2015",,15.11,
1644452,ATIC,qwen3.7-max,Benign,Uncertain significance,0.5,,,,11.16,
3201078,MLH3,qwen3.7-max,Benign,Uncertain significance,0.5,,,,12.52,
185966,SPAST,qwen3.7-max,Pathogenic,Pathogenic,0.95,PVS1;PM2,"Fonknechten N, et al., Hum Mol Genet, 2000;ClinGen Hereditary Spastic Paraplegia VCEP Guidelines",,18.6,
425090,NF1,qwen3.7-max,Pathogenic,Pathogenic,0.95,PVS1;PM2,"Messiaen et al., Hum Mutat, 2000;Fahsold et al., Am J Hum Genet, 2000",,18.8,
101400,MLYCD,qwen3.7-max,Benign,Likely benign,0.7,BP7,,,11.02,
133759,AGRN,qwen3.7-max,Benign,Uncertain significance,0.5,BP7,,,14.74,
2120978,DNAH11,qwen3.7-max,Pathogenic,Pathogenic,0.85,PVS1;PM2,"Richards S, et al., Genet Med, 2015",,19.09,
1695251,MID1,qwen3.7-max,Pathogenic,Pathogenic,0.95,PVS1;PM2,"Quaderi et al., Nat Genet, 1997;So et al., Hum Mutat, 2003",,11.73,
1054944,SCN1A,qwen3.7-max,Pathogenic,Uncertain significance,0.6,PM2;PP3,"Richards et al., Genet Med, 2015",,17.04,
417103,CNGB3,qwen3.7-max,Pathogenic,Pathogenic,0.95,PVS1;PM2,"Kohl S, et al., Nat Genet, 2000",,15.76,
723393,MPDZ,qwen3.7-max,Benign,Uncertain significance,0.5,,,,10.12,
631935,AFG2A,qwen3.7-max,Pathogenic,Pathogenic,0.8,PVS1;PM2,"Richards S, et al., Genet Med, 2015",,14.43,
4973079,NF1,qwen3.7-max,Pathogenic,Pathogenic,0.95,PVS1;PM2,ClinVar;ACMG/AMP 2015 guidelines,,14.98,
4983291,SLC6A5,qwen3.7-max,Pathogenic,Pathogenic,0.85,PVS1;PM2,"Richards S, et al., Genet Med, 2015",,19.37,
141601,USH2A,qwen3.7-max,Benign,Likely benign,0.8,BP7,"Richards et al., Genet Med, 2015",,11.9,
923144,MLH1,qwen3.7-max,Pathogenic,Pathogenic,0.95,PVS1;PM2,"Kansikas et al., Hum Mutat, 2017;ClinGen InSiGHT VCEP ACMG specifications",,24.1,
4930080,NOTCH3,qwen3.7-max,Pathogenic,Uncertain significance,0.8,,"Rutten JW, Arch Neurol, 2014;ClinGen SVI NOTCH3 specifications",,27.77,
2821158,MRPS28,qwen3.7-max,Benign,Uncertain significance,0.6,PM2;PP3,,,12.29,
536260,MSH6,qwen3.7-max,Pathogenic,Pathogenic,0.95,PVS1;PM2,"Richards et al., Genet Med, 2015",,14.39,
1171379,SLC36A2,qwen3.7-max,Benign,Likely benign,0.9,BP7,,,13.14,
708410,ADAM17,qwen3.7-max,Benign,Likely benign,0.85,BP7,"Richards S, et al., Genet Med, 2015",,13.44,
152977,COL27A1,qwen3.7-max,Pathogenic,Pathogenic,0.85,PM1;PM2;PP3,"Gonzalez et al., Am J Hum Genet, 2015",,26.6,
3830021,PALB2,qwen3.7-max,Pathogenic,Pathogenic,0.95,PVS1;PM2,"Antoniou et al., N Engl J Med, 2014;Southey et al., J Clin Oncol, 2016",,13.88,
198056,ACTN2,qwen3.7-max,Benign,Likely benign,0.7,BP7,"Richards et al., Genet Med, 2015",,13.91,
135629,RTTN,qwen3.7-max,Benign,Uncertain significance,0.6,PM2,,,11.56,
260266,ARSA,qwen3.7-max,Pathogenic,Pathogenic,0.85,PVS1;PM2,"Richards S, et al., Genet Med, 2015",,17.27,
2030536,DNAJC21,qwen3.7-max,Pathogenic,Pathogenic,0.9,PVS1;PM2,"Tummala H et al., Blood, 2016",,15.18,
1157067,TMTC3,qwen3.7-max,Benign,Uncertain significance,0.6,PM2,,,18.07,
34345,SLC17A5,qwen3.7-max,Pathogenic,Uncertain significance,0.6,PM2;PP3,"Richards S, et al., Genet Med, 2015",,14.64,
4898447,SYNJ1,qwen3.7-max,Pathogenic,Pathogenic,0.9,PVS1;PM2,"Richards et al., Genet Med, 2015;Quadri et al., Nat Genet, 2013",,17.82,
343168,CYLD,qwen3.7-max,Benign,Benign,0.9,BP7,"Richards S, et al., Genet Med, 2015",,10.82,
397096,CIZ1,qwen3.7-max,Benign,Likely benign,0.7,BP7,"Richards S, et al., Genet Med, 2015",,17.43,
4957369,ATP8B1,qwen3.7-max,Pathogenic,Pathogenic,0.9,PVS1;PM2,"Richards S, et al., Genet Med, 2015",,19.77,
1544562,CPE,qwen3.7-max,Benign,Uncertain significance,0.4,BP7,"Richards et al., Genet Med, 2015",,18.54,
1156928,VPS33A,qwen3.7-max,Benign,Likely benign,0.8,BP7,"Richards et al., Genet Med, 2015",,11.36,
512275,PGAP3,qwen3.7-max,Pathogenic,Pathogenic,0.85,PVS1;PM2,"Richards et al., Genet Med, 2015",,25.83,
4942179,SMARCA4,qwen3.7-max,Pathogenic,Pathogenic,0.95,PVS1;PM2,ClinVar;gnomAD,,14.14,
105659,BEST1,qwen3.7-max,Pathogenic,Uncertain significance,0.5,PM2;BP4,"Richards S, et al., Genet Med, 2015",,17.52,
241019,ATM,qwen3.7-max,Pathogenic,Pathogenic,0.95,PVS1;PM2,"Richards et al., Genet Med, 2015",,17.12,
1199681,CENPF,qwen3.7-max,Benign,Uncertain significance,0.8,PM2,,,13.92,
4967329,AP4B1,qwen3.7-max,Pathogenic,Pathogenic,0.85,PVS1;PM2,"ClinVar, 2023",,14.87,
245969,LDLR,qwen3.7-max,Pathogenic,Pathogenic,0.95,PVS1;PM2,"Richards S, et al., Genet Med, 2015",,13.05,
406263,MLH1,qwen3.7-max,Pathogenic,Pathogenic,0.95,PVS1;PM2,"Kansikas et al., Hum Mutat, 2017;ClinVar",,14.59,
493070,PEX12,qwen3.7-max,Pathogenic,Pathogenic,0.95,PVS1;PM2,"Braverman et al., Mol Genet Metab, 2013",,16.63,
487248,CFTR,qwen3.7-max,Pathogenic,Pathogenic,0.9,PVS1;PM2,ClinVar;CFTR2,,19.94,
4967923,KAT6B,qwen3.7-max,Pathogenic,Pathogenic,0.9,PVS1;PM2,"Richards et al., Genet Med, 2015;ClinVar KAT6B variant entries",,24.1,
368032,LIPT1,qwen3.7-max,Benign,Uncertain significance,0.5,PM2,,,12.32,
4844073,ACAN,qwen3.7-max,Pathogenic,Pathogenic,0.85,PVS1;PM2,"Gkourogianni A, et al., J Clin Endocrinol Metab, 2017;Dateki S, et al., J Hum Genet, 2017",,14.94,
4932298,TRIO,qwen3.7-max,Benign,Uncertain significance,0.6,PM2,"Richards S, et al., Genet Med, 2015",,11.84,
3060115,TRPV6,qwen3.7-max,Benign,Likely benign,0.9,BP7,"Richards et al., Genet Med, 2015",,10.84,
45296,MYH6,qwen3.7-max,Benign,Likely benign,0.8,BP7,"Richards et al., Genet Med, 2015",,13.12,
133983,MTRFR,qwen3.7-max,Benign,Uncertain significance,0.6,PM2;PP3,"Richards S, et al. Genet Med. 2015",,15.99,
337683,FOXN1,qwen3.7-max,Benign,Uncertain significance,0.6,BP7,,,17.58,
2938754,OBSCN,qwen3.7-max,Benign,Uncertain significance,0.5,,,,10.37,
2156715,ASPM,qwen3.7-max,Pathogenic,Pathogenic,0.9,PVS1;PM2,"Richards et al., Genet Med, 2015;Bond et al., Nat Genet, 2002",,17.33,
4924829,PSMC3,qwen3.7-max,Pathogenic,Uncertain significance,0.5,PM2,,,15.01,
176247,HPS4,qwen3.7-max,Benign,Uncertain significance,0.6,PM2;PP3,"Richards et al., Genet Med, 2015",,16.29,
4896201,APOB,qwen3.7-max,Pathogenic,Pathogenic,0.85,PVS1;PM2,"Richards et al., Genet Med, 2015",,14.87,
283874,IL1RN,qwen3.7-max,Benign,Uncertain significance,0.5,,,,13.99,
1163356,PPP1R21,qwen3.7-max,Pathogenic,Pathogenic,0.85,PVS1;PM2,"Richards S, et al., Genet Med, 2015",,11.23,
700240,PCLO,qwen3.7-max,Benign,Uncertain significance,0.5,,,,14.95,
1227541,PKD1L1,qwen3.7-max,Benign,Uncertain significance,0.6,PM2;BP4,,,14.66,
274496,EMD,qwen3.7-max,Pathogenic,Pathogenic,0.95,PVS1;PM2,"Bonne G, et al., Nat Genet, 1994",,13.97,
4820685,KIF14,qwen3.7-max,Benign,Uncertain significance,0.6,PM2,"Richards S, et al., Genet Med, 2015",,16.42,
29253,RMRP,qwen3.7-max,Pathogenic,Pathogenic,0.95,PS3;PS4;PM2,"Martin et al., Nat Genet, 2001;Ridanpaa et al., Hum Mol Genet, 2001",,21.52,
1336586,NPHS2,qwen3.7-max,Pathogenic,Pathogenic,0.95,PVS1;PM2,"Richards S, Genet Med, 2015;Boute N, Nat Genet, 2000",,18.09,
455524,TAPBP,qwen3.7-max,Benign,Likely benign,0.7,BP7,"Richards et al., Genet Med, 2015",,15.56,
339013,SPG11,qwen3.7-max,Benign,Likely benign,0.8,BP7,"Richards et al., Genet Med, 2015",,14.11,
714022,ADSS1,qwen3.7-max,Benign,Uncertain significance,0.7,BP7,"Richards S, et al., Genet Med, 2015",,15.51,
389631,DNAH1,qwen3.7-max,Benign,Uncertain significance,0.5,,,,13.84,
431570,CRB1,qwen3.7-max,Pathogenic,Pathogenic,0.9,PVS1;PM2,"Bujakowska KM, et al., Hum Mutat, 2012;Richards S, et al., Genet Med, 2015",,22.23,
98275,ASL,qwen3.7-max,Benign,Uncertain significance,0.5,,,,14.17,
4876363,APOA1,qwen3.7-max,Pathogenic,Pathogenic,0.85,PVS1;PM2,"Richards S, et al., Genet Med, 2015",,15.16,
2047737,KIF23,qwen3.7-max,Benign,Uncertain significance,0.5,,,,14.63,
580472,RAI1,qwen3.7-max,Benign,Likely benign,0.8,BP7,"Richards et al., Genet Med, 2015",,13.87,
389365,CR2,qwen3.7-max,Benign,Likely benign,0.9,BP7,,,10.84,
4967594,LDLR,qwen3.7-max,Pathogenic,Pathogenic,0.95,PVS1;PM2,"Richards S, et al., Genet Med, 2015",,16.77,
4986443,CHD7,qwen3.7-max,Pathogenic,Pathogenic,0.9,PVS1;PM2,"Vissers LE, Nat Genet, 2004",,15.09,
1610426,DNAJC17,qwen3.7-max,Benign,Uncertain significance,0.8,,,,14.57,
728618,CEP250,qwen3.7-max,Benign,Uncertain significance,0.6,,,,14.94,
271316,DUOX2,qwen3.7-max,Pathogenic,Pathogenic,0.85,PVS1;PM2,"Richards S, et al., Genet Med, 2015",,21.2,
1157159,RCBTB1,qwen3.7-max,Benign,Likely benign,0.9,BP7,"Richards S, et al., Genet Med, 2015",,14.69,
4360680,DSP,qwen3.7-max,Pathogenic,Pathogenic,0.95,PVS1;PM2,"Richards S, et al., Genet Med, 2015;Pilichou K, et al., Circulation, 2009",,16.39,
1265932,MACF1,qwen3.7-max,Benign,Uncertain significance,0.4,PM2,"Richards S, et al., Genet Med, 2015",,12.47,
3059083,C6,qwen3.7-max,Pathogenic,Pathogenic,0.95,PVS1;PM2,"Richards et al., Genet Med, 2015",,16.7,
4982771,TWIST1,qwen3.7-max,Pathogenic,Pathogenic,0.95,PVS1;PM2,"el Ghouzzi V, et al., Nat Genet, 1997;Howard TD, et al., Am J Hum Genet, 1997",,17.8,
577442,CACNA1H,qwen3.7-max,Benign,Uncertain significance,0.7,BP7,"Richards S, et al., Genet Med, 2015",,18.68,
135237,NIN,qwen3.7-max,Benign,Uncertain significance,0.6,PM2,,,16.05,
2796456,TERT,qwen3.7-max,Pathogenic,Pathogenic,0.9,PVS1;PM2,"Armanios M, et al., Proc Natl Acad Sci U S A, 2005;Richards S, et al., Genet Med, 2015",,19.65,
495459,COL7A1,qwen3.7-max,Pathogenic,Pathogenic,0.9,PVS1;PM2,"Richards S, et al., Genet Med, 2015",,26.55,
2920911,CHEK2,qwen3.7-max,Pathogenic,Pathogenic,0.95,PVS1;PM2,"Cybulski C, et al., JAMA, 2004;Weischer M, et al., J Clin Oncol, 2012",,17.48,
345721,GPR179,qwen3.7-max,Benign,Uncertain significance,0.6,PM2,"Piel et al., Hum Mutat, 2013",,12.83,
135312,ORC6,qwen3.7-max,Benign,Likely benign,0.8,BP7,"Richards S, et al., Genet Med, 2015",,15.51,
2184230,SLC10A2,qwen3.7-max,Benign,Likely benign,0.8,BP7,"Richards S, et al., Genet Med, 2015",,15.68,
26299,DMD,qwen3.7-max,Pathogenic,Pathogenic,0.95,PVS1;PM2,"Aartsma-Rus et al., Hum Mutat, 2006;Richards et al., Genet Med, 2015",,16.44,
3818051,OBSCN,qwen3.7-max,Benign,Likely benign,0.9,BP7,"Richards S, et al., Genet Med, 2015",,15.74,
1609346,HSD17B10,qwen3.7-max,Benign,Uncertain significance,0.6,,,,16.56,
4967325,MED13L,qwen3.7-max,Pathogenic,Pathogenic,0.85,PVS1;PM2,"Richards et al., Genet Med, 2015;ClinVar",,28.68,
861478,PKD1,qwen3.7-max,Pathogenic,Pathogenic,0.95,PVS1;PM2,"Cornec-Le Gall E, et al., Am J Hum Genet, 2013",,16.19,
19972,PCDH15,qwen3.7-max,Pathogenic,Pathogenic,0.85,PVS1;PM2,"Richards et al., Genet Med, 2015",,15.94,
4847717,RBM20,qwen3.7-max,Pathogenic,Pathogenic,0.85,PVS1;PM2,"Richards et al., Genet Med, 2015",,17.38,
167961,CCDC88C,qwen3.7-max,Benign,Likely benign,0.8,BP7,,,20.02,
1266934,TRRAP,qwen3.7-max,Benign,Uncertain significance,0.6,PM2;BP4,,,15.94,
264630,KMT2D,qwen3.7-max,Pathogenic,Pathogenic,0.95,PVS1;PM2,"Ng SB, et al., Nat Genet, 2010",,15.05,
727956,ADGRE2,qwen3.7-max,Benign,Likely benign,0.85,BP7,,,15.35,
390105,STAT2,qwen3.7-max,Benign,Benign,0.9,BP7,"Richards et al., Genet Med, 2015",,13.78,
1631815,SP7,qwen3.7-max,Benign,Likely benign,0.7,BP7,"Richards et al., Genet Med, 2015",,13.85,
4876904,ALDH4A1,qwen3.7-max,Pathogenic,Pathogenic,0.9,PVS1;PM2,"Richards et al., Genet Med, 2015",,18.38,
1236732,CTU2;PIEZO1,qwen3.7-max,Benign,Uncertain significance,0.6,,,,15.91,
656004,TFAM,qwen3.7-max,Benign,Uncertain significance,0.5,,,,11.52,
3504706,HOXD13,qwen3.7-max,Pathogenic,Pathogenic,0.9,PVS1;PM2,"Goodman et al., Nat Genet, 1997;Muragaki et al., Science, 1996",,20.16,
17397,USH2A,qwen3.7-max,Pathogenic,Benign,0.9,BP7,"Richards et al., Genet Med, 2015",,19.72,
646206,COL1A1,qwen3.7-max,Pathogenic,Pathogenic,0.95,PVS1;PM2,"Willing et al., Nat Genet, 1992;Marini et al., Nat Rev Dis Primers, 2017",,20.39,
4934447,NIPBL,qwen3.7-max,Pathogenic,Pathogenic,0.9,PVS1;PM2,"Krantz ID, et al., Nat Genet, 2004",,13.45,
4939075,ATM,qwen3.7-max,Benign,Uncertain significance,0.6,PM2;PP3,"ClinVar, NCBI, 2023",,13.23,
4930282,BRCA2,qwen3.7-max,Pathogenic,Pathogenic,0.99,PVS1;PM2,ClinVar;ENIGMA Consortium,,13.38,
1154756,SH3BP2,qwen3.7-max,Benign,Uncertain significance,0.6,BP4,,,20.34,
4931442,KIF11,qwen3.7-max,Pathogenic,Pathogenic,0.85,PVS1;PM2,"Ostergaard P, et al., Nat Genet, 2012",,17.15,
4952116,PMS2,qwen3.7-max,Pathogenic,Pathogenic,0.95,PVS1;PM2,"Richards et al., Genet Med, 2015",,14.93,
368578,B4GALT7,qwen3.7-max,Benign,Likely benign,0.7,BP7,"Richards S, et al., Genet Med, 2015",,17.43,
2841318,NTHL1,qwen3.7-max,Pathogenic,Pathogenic,0.9,PVS1;PM2,"Richards et al., Genet Med, 2015;Drost et al., Gastroenterology, 2019",,21.68,
105143,ABCA4,qwen3.7-max,Pathogenic,Uncertain significance,0.6,PM2;PP3,"ClinVar, 2023",,15.78,
4983565,CACNA1C,qwen3.7-max,Pathogenic,Pathogenic,0.95,PVS1;PM2,"Antzelevitch C, et al., Circulation, 2007;Splawski I, et al., Cell, 2004",,25.86,
1636674,CIB1,qwen3.7-max,Benign,Benign,0.8,BP7,"Richards et al., Genet Med, 2015",,13.83,
4986524,NSD1,qwen3.7-max,Pathogenic,Pathogenic,0.95,PVS1;PM2,"Tatton-Brown K, et al. Genet Med. 2018;Rio M, et al. Hum Mutat. 2003",,18.29,
239216,SCN10A,qwen3.7-max,Benign,Likely benign,0.8,BP7,,,13.49,
19011,ALMS1,qwen3.7-max,Pathogenic,Pathogenic,0.9,PVS1;PM2,"Marshall JD, Nat Genet, 2002",,15.98,
1807055,PTCH1,qwen3.7-max,Pathogenic,Pathogenic,0.95,PVS1;PM2,"Richards et al., Genet Med, 2015;Evans et al., J Med Genet, 2011",,22.95,
3091390,DSP,qwen3.7-max,Pathogenic,Pathogenic,0.95,PVS1;PM2,"Elliott et al., Eur Heart J, 2014;Smith et al., Circulation, 2009",,20.41,
395804,AKAP9,qwen3.7-max,Benign,Uncertain significance,0.7,PM2,,,18.64,
3145547,KMT2D,qwen3.7-max,Benign,Likely benign,0.8,BP7,"Richards S, et al., Genet Med, 2015",,18.8,
452302,NGLY1,qwen3.7-max,Benign,Uncertain significance,0.6,,,,11.85,
79259,CYBB,qwen3.7-max,Pathogenic,Uncertain significance,0.6,PM2;PP3,"ACMG/AMP guidelines, Genet Med, 2015",,14.86,
4974152,TP53,qwen3.7-max,Pathogenic,Pathogenic,0.95,PVS1;PM2,"Richards S, et al., Genet Med, 2015;ClinVar",,18.97,
4838452,CTSF,qwen3.7-max,Pathogenic,Pathogenic,0.85,PVS1;PM2,"Richards et al., Genet Med, 2015",,20.12,
4957289,ABCB11,qwen3.7-max,Pathogenic,Pathogenic,0.95,PVS1;PM2,"Richards S, et al., Genet Med, 2015",,16.75,
142201,NDUFS7,qwen3.7-max,Benign,Uncertain significance,0.8,,,,14.19,
4844397,TRIM28,qwen3.7-max,Pathogenic,Pathogenic,0.85,PVS1;PM2,"Richards et al., Genet Med, 2015",,15.8,
256617,LAMA3,qwen3.7-max,Benign,Uncertain significance,0.5,PM2,,,12.73,
257436,SLC52A3,qwen3.7-max,Benign,Likely benign,0.8,BP7,"Richards et al., Genet Med, 2015",,10.91,
1326759,PLS3,qwen3.7-max,Pathogenic,Pathogenic,0.9,PVS1;PM2,"van Dijk FS, et al., N Engl J Med, 2013",,15.39,
714859,TAOK2,qwen3.7-max,Benign,Uncertain significance,0.7,BP7,,,12.49,
2094637,CHRNA3,qwen3.7-max,Benign,Uncertain significance,0.4,,,,13.83,
697468,GPR35,qwen3.7-max,Benign,Uncertain significance,0.5,,,,11.22,
1003061,ABCA4,qwen3.7-max,Pathogenic,Uncertain significance,0.6,PM2,,,13.59,
213263,NF1,qwen3.7-max,Pathogenic,Uncertain significance,0.6,PM2,,,12.61,
4930297,BRSK1,qwen3.7-max,Pathogenic,Pathogenic,0.85,PVS1;PM2,"Richards S, et al., Genet Med, 2015",,13.76,
471315,IL17RA,qwen3.7-max,Benign,Likely benign,0.8,BP7,"Richards et al., Genet Med, 2015",,17.28,
4986602,RNF43,qwen3.7-max,Benign,Likely benign,0.8,BP7,,,12.39,
4958142,WARS2,qwen3.7-max,Pathogenic,Pathogenic,0.85,PVS1;PM2,"Theunissen et al., Brain, 2018",,17.14,
169257,CREBBP,qwen3.7-max,Benign,Likely benign,0.9,BP7,"Richards et al., Genet Med, 2015",,14.34,
813128,NF1,qwen3.7-max,Pathogenic,Pathogenic,0.95,PVS1;PM2,"Richards S, et al., Genet Med, 2015",,15.24,
1687853,UROD,qwen3.7-max,Pathogenic,Pathogenic,0.9,PVS1;PM2,"GeneReviews, Porphyria Cutanea Tarda, 2023",,25.8,
471445,CHEK2,qwen3.7-max,Pathogenic,Pathogenic,0.95,PVS1;PM2,"Richards et al., Genet Med, 2015",,13.7,
4964575,CRELD1,qwen3.7-max,Pathogenic,Pathogenic,0.85,PVS1;PM2,"Stevens et al., Am J Hum Genet, 2003",,14.93,
1638845,TELO2,qwen3.7-max,Benign,Uncertain significance,0.6,PM2;PP3,"Richards S, et al., Genet Med, 2015",,10.81,
4798128,MED27,qwen3.7-max,Pathogenic,Uncertain significance,0.5,,,,14.15,
40131,PRRT2,qwen3.7-max,Pathogenic,Pathogenic,0.95,PVS1;PM2,"Lee HY, et al., Nat Genet, 2012;Chen WJ, et al., Brain, 2011",,16.14,
1573173,DMXL2,qwen3.7-max,Benign,Likely benign,0.8,BP7,"Richards et al., Genet Med, 2015",,11.36,
139997,COQ8A,qwen3.7-max,Benign,Likely benign,0.8,BP7,"Richards et al., Genet Med, 2015",,14.14,
103915,PSEN1,qwen3.7-max,Pathogenic,Pathogenic,0.85,PM1;PM2;PP3;PS4,"Sherrington et al., Nature, 1995;Cruts et al., Hum Mutat, 2012",,23.77,
1940370,PLD3,qwen3.7-max,Benign,Uncertain significance,0.5,,,,12.34,
4854429,ANKRD11,qwen3.7-max,Benign,Uncertain significance,0.6,PM2,"Richards S, et al., Genet Med, 2015, ACMG/AMP guidelines",,16.24,
4967537,MYBPC3,qwen3.7-max,Pathogenic,Pathogenic,0.85,PVS1;PM2,"Walsh R, Genet Med, 2017",,14.68,
4899643,IRF6,qwen3.7-max,Pathogenic,Pathogenic,0.95,PVS1;PM2,"Kondo S, Nat Genet, 2002;Richards S, Genet Med, 2015",,16.55,
346195,PLCB4,qwen3.7-max,Benign,Uncertain significance,0.5,,,,12.52,
4798157,PCCB,qwen3.7-max,Pathogenic,Likely benign,0.7,BP7,,,17.01,
4960574,F9,qwen3.7-max,Pathogenic,Uncertain significance,0.5,PM2,"Richards S, et al., Genet Med, 2015",,17.36,
4186294,PKD1,qwen3.7-max,Pathogenic,Pathogenic,0.95,PVS1;PM2,"Richards S, et al., Genet Med, 2015;Cornec-Le Gall E, et al., Am J Hum Genet, 2013",,15.73,
734260,ACOX2,qwen3.7-max,Benign,Likely benign,0.8,BP7,"Richards et al., Genetics in Medicine, 2015",,8.48,
464938,CACNA1H,qwen3.7-max,Benign,Likely benign,0.7,BP7,"Richards et al., Genet Med, 2015",,10.21,
346716,LAMA3,qwen3.7-max,Benign,Likely benign,0.9,BP7,"Richards S, et al. Genet Med. 2015",,15.13,
1551412,ASCC1,qwen3.7-max,Benign,Uncertain significance,0.5,,,,11.13,
2885001,NRIP1,qwen3.7-max,Benign,Likely benign,0.8,BP7,"Richards et al., Genet Med, 2015",,14.84,
1662077,UPF3B,qwen3.7-max,Benign,Likely benign,0.8,BP7,"Richards S, et al., Genet Med, 2015",,21.27,
3859722,ABCG5,qwen3.7-max,Pathogenic,Pathogenic,0.95,PVS1;PM2,"Berge KE, et al., Nat Genet, 2000",,15.77,
195757,C1QTNF5;MFRP,qwen3.7-max,Benign,Uncertain significance,0.5,PM2;BP4,,,16.76,
3223705,subset of 13 genes: RAD51D,qwen3.7-max,Pathogenic,Pathogenic,0.9,PVS1,"Mitchel JA, et al., J Med Genet, 2011, 17q12 deletion syndrome",,20.09,
315559,MTMR2,qwen3.7-max,Benign,Uncertain significance,0.5,PM2,,,16.23,
18245,FKTN,qwen3.7-max,Pathogenic,Pathogenic,0.85,PVS1;PM2,"Richards S, et al., Genet Med, 2015",,19.14,
4986142,TAB2,qwen3.7-max,Pathogenic,Pathogenic,0.85,PVS1;PM2,"Thienpont B, Nat Genet, 2010;ClinVar",,27.36,
1059107,TTN,qwen3.7-max,Pathogenic,Pathogenic,0.8,PVS1;PM2,"Richards S, et al., Genet Med, 2015",,18.86,
373852,SOS2,qwen3.7-max,Benign,Uncertain significance,0.6,PM2;PP3,"Cordeddu V, et al., Nat Genet, 2015",,14.66,
1156736,IRF7,qwen3.7-max,Benign,Likely benign,0.8,BP7,,,13.17,
4978533,CHEK2,qwen3.7-max,Pathogenic,Pathogenic,0.95,PVS1;PM2,"Richards et al., Genet Med, 2015",,18.19,
4958665,PMS2,qwen3.7-max,Pathogenic,Pathogenic,0.95,PVS1,"Richards S, et al., Genet Med, 2015",,15.46,
214340,CEP290,qwen3.7-max,Pathogenic,Pathogenic,0.85,PVS1;PM2,"Richards S, et al., Genet Med, 2015, ACMG/AMP guidelines for variant interpretation",,18.65,
4957351,ATP8B1,qwen3.7-max,Pathogenic,Pathogenic,0.85,PVS1;PM2,"Richards et al., Genet Med, 2015",,14.25,
542004,COL4A3,qwen3.7-max,Pathogenic,Pathogenic,0.9,PVS1;PM2,"Richards S et al., Genet Med, 2015;Savige J et al., Front Genet, 2014",,19.05,
251537,EVC,qwen3.7-max,Benign,Likely benign,0.8,BP7,"Richards et al., Genet Med, 2015",,12.15,
565925,BRCA2,qwen3.7-max,Pathogenic,Pathogenic,0.95,PVS1;PM2,"ClinVar, 2023",,16.2,
227593,ITPR1,qwen3.7-max,Benign,Uncertain significance,0.8,,,,14.12,
20769,CRB1,qwen3.7-max,Pathogenic,Uncertain significance,0.6,PM2;PP3,"Richards S, et al., Genet Med, 2015",,10.72,
21253,SLC7A7,qwen3.7-max,Pathogenic,Pathogenic,0.9,PVS1;PM2,"Torrents D, et al., Nat Genet, 1998",,20.81,
1812001,MLH3,qwen3.7-max,Pathogenic,Pathogenic,0.85,PVS1;PM2,"Palles C, et al., Nat Genet, 2013;ClinVar",,23.07,
266918,CAPN3,qwen3.7-max,Pathogenic,Uncertain significance,0.6,PM2;PP3,"Richards S, et al., Genet Med, 2015",,13.49,
251972,CCNO,qwen3.7-max,Benign,Uncertain significance,0.7,,,,12.48,
1652943,ASXL2,qwen3.7-max,Benign,Likely benign,0.6,BP7,,,21.35,
1157930,TMEM132E,qwen3.7-max,Benign,Likely benign,0.7,BP7,,,16.4,
34094,ESCO2,qwen3.7-max,Pathogenic,Pathogenic,0.95,PVS1;PM2,"Vega H, et al., Nat Genet, 2005",,10.17,
1108761,SETD5,qwen3.7-max,Pathogenic,Pathogenic,0.85,PVS1;PM2,"Kuechler A, et al., Eur J Hum Genet, 2015",,21.47,
4934135,IRF6,qwen3.7-max,Pathogenic,Pathogenic,0.95,PVS1;PM2,"Kondo S, et al., Nat Genet, 2002",,17.73,
1158489,AP3D1,qwen3.7-max,Benign,Uncertain significance,0.6,,,,11.23,
4954918,ARHGAP35,qwen3.7-max,Pathogenic,Pathogenic,0.85,PVS1;PM2,"Richards et al., Genet Med, 2015",,19.26,
4979999,APC,qwen3.7-max,Pathogenic,Pathogenic,0.95,PVS1;PM2,"Groden J et al., Cell, 1991;Leppert M et al., Science, 1991;Richards S et al., Genet Med, 2015",,18.12,
1466308,OTOG,qwen3.7-max,Pathogenic,Pathogenic,0.85,PVS1;PM2,"Richards et al., Genet Med, 2015",,15.84,
277383,CTRC,qwen3.7-max,Benign,Likely benign,0.8,BP7,"Richards S, et al., Genet Med, 2015",,10.36,
690657,PGM1,qwen3.7-max,Benign,Benign,0.9,BP7,"Tegtmeyer et al., Am J Hum Genet, 2014",,13.11,
4799527,DARS2,qwen3.7-max,Pathogenic,Pathogenic,0.9,PVS1;PM2,"Scheper GC, et al. Nat Genet. 2007",,20.63,
51766,MYBPC3,qwen3.7-max,Pathogenic,Pathogenic,0.85,PVS1;PM2,"Richards S, et al., Genet Med, 2015;Walsh R, et al., Genet Med, 2017",,24.25,
71043,RECQL4,qwen3.7-max,Pathogenic,Pathogenic,0.85,PVS1;PM2,"Richards et al., Genet Med, 2015;Abou Tayoun et al., Genet Med, 2018",,24.61,
887307,SP110,qwen3.7-max,Benign,Uncertain significance,0.6,PM2;BP4,"Richards S, et al., Genet Med, 2015, ACMG guidelines",,15.31,
1157063,CEP290,qwen3.7-max,Benign,Uncertain significance,0.5,PM2,"Richards S, et al., Genet Med, 2015",,15.49,
4934966,MED13L,qwen3.7-max,Pathogenic,Pathogenic,0.95,PVS1;PM2,"Asadollahi et al., Eur J Hum Genet, 2014;Smol et al., J Med Genet, 2018",,17.21,
1262966,CENPF,qwen3.7-max,Benign,Uncertain significance,0.5,PM2,,,11.69,
4924663,YWHAE,qwen3.7-max,Pathogenic,Pathogenic,0.9,PVS1;PM2,ClinVar,,19.21,
1235439,TBCE,qwen3.7-max,Benign,Uncertain significance,0.4,,,,16.76,
19695,HAX1,qwen3.7-max,Pathogenic,Pathogenic,0.95,PVS1;PM2,"Klein C, et al., Nat Genet, 2007",,22.36,
4957744,ABCB4,qwen3.7-max,Pathogenic,Pathogenic,0.9,PVS1;PM2,"Davit-Spraul A, et al., Hepatology, 2007",,23.92,
1232532,NANS,qwen3.7-max,Benign,Likely benign,0.8,BP7,"Richards S, et al., Genet Med, 2015",,11.98,
4986907,BRCA2,qwen3.7-max,Pathogenic,Pathogenic,0.95,PVS1;PM2,ClinVar;ENIGMA Consortium,,15.88,
313455,CYP11B2,qwen3.7-max,Benign,Likely benign,0.8,BP7,"Richards et al., Genet Med, 2015",,11.04,
1155994,RPS20,qwen3.7-max,Benign,Uncertain significance,0.5,,,,18.33,
167971,CCDC88C,qwen3.7-max,Benign,Uncertain significance,0.6,PM2;PP3,ClinVar,,12.63,
710920,AHR,qwen3.7-max,Benign,Uncertain significance,0.5,,,,14.17,
2035626,KATNIP,qwen3.7-max,Pathogenic,Pathogenic,0.85,PVS1;PM2,"Richards et al., Genet Med, 2015",,15.97,
2080984,COL18A1,qwen3.7-max,Pathogenic,Pathogenic,0.9,PVS1;PM2,"Richards S, et al., Genet Med, 2015",,21.71,
655619,SLC25A46,qwen3.7-max,Benign,Likely benign,0.7,BP7,"Richards et al., Genet Med, 2015",,10.34,
4965334,SGSH,qwen3.7-max,Pathogenic,Pathogenic,0.95,PVS1;PM2,"Valstar et al., Hum Mutat, 2010;ClinVar",,18.37,
623153,ATM,qwen3.7-max,Pathogenic,Pathogenic,0.95,PVS1;PM2,"Richards et al., Genet Med, 2015;ClinVar",,13.49,
2060411,ERCC6,qwen3.7-max,Pathogenic,Pathogenic,0.85,PVS1;PM2,"Richards et al., Genet Med, 2015",,14.79,
2146435,RPGRIP1L,qwen3.7-max,Pathogenic,Pathogenic,0.9,PVS1;PM2,"Richards et al., Genet Med, 2015",,16.76,
318308,GNS,qwen3.7-max,Benign,Uncertain significance,0.6,,,,12.64,
714388,FMN1,qwen3.7-max,Benign,Uncertain significance,0.5,,,,9.55,
724058,ASCC1,qwen3.7-max,Benign,Uncertain significance,0.6,PM2;PP3,"Richards S, et al., Genet Med, 2015",,19.14,
4986680,RNF43,qwen3.7-max,Benign,Likely benign,0.8,BP7,,,19.8,
101350,POMT1,qwen3.7-max,Benign,Benign,0.9,BP7,"Richards S, et al., Genet Med, 2015",,11.28,
969721,RPGRIP1,qwen3.7-max,Pathogenic,Pathogenic,0.95,PVS1;PM2,"Richards et al., Genet Med, 2015;Tavtigian et al., Genet Med, 2020",,13.76,
54798,ANKRD1,qwen3.7-max,Benign,Likely benign,0.8,BP7,,,15.97,
4225495,MBD4,qwen3.7-max,Pathogenic,Pathogenic,0.85,PVS1;PM2,"Rodriguez et al., Nat Commun, 2019",,16.53,
1154924,PCDH12,qwen3.7-max,Benign,Likely benign,0.8,BP7,"Richards S, et al., Genet Med, 2015",,16.09,
246453,LDLR,qwen3.7-max,Pathogenic,Pathogenic,0.95,PVS1;PM2,ClinVar;ACMG/AMP 2015 guidelines,,24.07,
1916619,MPDZ,qwen3.7-max,Pathogenic,Pathogenic,0.9,PVS1;PM2,"Feldner et al., Nat Genet, 2015",,21.19,
4963341,LRBA,qwen3.7-max,Pathogenic,Pathogenic,0.85,PVS1;PM2,"Richards S, et al., Genet Med, 2015",,14.73,
221950,RET,qwen3.7-max,Benign,Likely benign,0.7,BP7,ClinVar,,17.37,
4800659,COL5A1,qwen3.7-max,Pathogenic,Pathogenic,0.9,PVS1;PM2,"Malfait F, et al. Hum Mutat. 2007",,19.37,
703525,ABCC6,qwen3.7-max,Benign,Likely benign,0.8,BP7,"Richards S, et al., Genet Med, 2015",,10.58,
756791,BRD4,qwen3.7-max,Benign,Likely benign,0.85,BP7,,,15.15,
253506,KCNV2,qwen3.7-max,Benign,Uncertain significance,0.5,,,,12.78,
698525,GABRB1,qwen3.7-max,Benign,Benign,0.9,BP7,,,13.08,
738893,POC1B,qwen3.7-max,Benign,Uncertain significance,0.5,PM2,,,11.07,
3386794,BAP1,qwen3.7-max,Pathogenic,Pathogenic,0.9,PVS1;PM2,"Testa JR et al., Nat Genet, 2011;Popova T et al., Cancer Res, 2013",,16.56,
257220,GP6,qwen3.7-max,Benign,Uncertain significance,0.5,,,,9.79,
133578,PALB2,qwen3.7-max,Pathogenic,Uncertain significance,0.5,PM2,,,22.56,
134116,CDT1,qwen3.7-max,Benign,Uncertain significance,0.5,PM2,"Bicknell LS, et al. Nat Genet. 2011",,18.95,
257331,MGME1,qwen3.7-max,Benign,Likely benign,0.8,BP7,"Richards et al., Genet Med, 2015, ACMG/AMP guidelines",,12.06,
53666,MYH6,qwen3.7-max,Benign,Uncertain significance,0.5,,,,15.61,
379964,HCFC1,qwen3.7-max,Benign,Uncertain significance,0.6,BP7,"Richards S, et al., Genet Med, 2015",,18.15,
1265581,EXO5,qwen3.7-max,Benign,Likely benign,0.9,BP7,"Richards S, et al., Genet Med, 2015",,15.9,
32840,ATP2B2,qwen3.7-max,Benign,Uncertain significance,0.5,,,,14.38,
135516,RAB3GAP1,qwen3.7-max,Benign,Likely benign,0.8,BP7,,,10.88,
724599,SCYL1,qwen3.7-max,Benign,Uncertain significance,0.6,PM2,ClinVar,,11.97,
4907885,B3GALNT2,qwen3.7-max,Pathogenic,Pathogenic,0.9,PVS1;PM2,"Stevens E, et al., Am J Hum Genet, 2013",,17.73,
292043,ANK2,qwen3.7-max,Benign,Uncertain significance,0.6,BP4,,,18.01,
4798117,TIMM8A,qwen3.7-max,Pathogenic,Pathogenic,0.95,PVS1;PM2,"Koehler et al., Hum Mol Genet, 1999;ClinVar",,27.36,
53728,MYH9,qwen3.7-max,Benign,Uncertain significance,0.5,,,,12.02,
4981967,EFL1,qwen3.7-max,Pathogenic,Pathogenic,0.85,PVS1;PM2,"Stepensky et al., Blood, 2017",,20.56,
696090,ZNF687,qwen3.7-max,Benign,Uncertain significance,0.6,PM2;PP3,,,14.22,
778858,ARMC9,qwen3.7-max,Benign,Uncertain significance,0.5,,,,13.02,
740492,CDT1,qwen3.7-max,Benign,Uncertain significance,0.5,PM2,,,10.75,
4967658,BRCA2,qwen3.7-max,Pathogenic,Pathogenic,0.95,PVS1;PM2,ClinVar;ENIGMA Consortium,,12.93,
4840811,NEB,qwen3.7-max,Pathogenic,Pathogenic,0.95,PVS1;PM2,"Lehtokari et al., Hum Mutat, 2006;Pelin et al., Am J Hum Genet, 1999",,14.64,
367282,QARS1,qwen3.7-max,Benign,Uncertain significance,0.5,PM2,,,8.87,
482070,SPG11,qwen3.7-max,Pathogenic,Pathogenic,0.95,PVS1;PM2,"Stevanin G, et al., Nat Genet, 2007",,15.09,
340119,IGF1R,qwen3.7-max,Benign,Likely benign,0.7,BP7,,,21.96,
857555,HBB,qwen3.7-max,Pathogenic,Pathogenic,0.95,PVS1;PM2,"Orkin SH, et al., Nature, 1982;Richards S, et al., Genet Med, 2015",,17.47,
280646,EIF2B3,qwen3.7-max,Benign,Uncertain significance,0.6,PM2,ClinVar,,16.42,
611646,HIVEP2,qwen3.7-max,Pathogenic,Pathogenic,0.85,PVS1;PM2,"Richards et al., Genet Med, 2015",,16.19,
182785,PMS2,qwen3.7-max,Pathogenic,Pathogenic,0.95,PVS1;PM2,"Richards S, et al., Genet Med, 2015, ACMG/AMP guidelines;ClinVar, 2023",,16.38,
4846310,MBD4,qwen3.7-max,Pathogenic,Pathogenic,0.85,PVS1;PM2,"Rodrigues M, et al., Nat Commun, 2018",,21.52,
239298,CYP2U1,qwen3.7-max,Benign,Uncertain significance,0.5,,"Richards S, et al., Genet Med, 2015",,11.61,
134920,LAMC3,qwen3.7-max,Benign,Likely benign,0.9,BP7,"Richards S, et al., Genet Med, 2015",,15.47,
4957494,ABCB4,qwen3.7-max,Pathogenic,Pathogenic,0.9,PVS1;PM2,"Jacquemin E, et al., Gastroenterology, 1998, PMID: 9721161;Richards S, et al., Genet Med, 2015, PMID: 25741868",,15.07,
4815649,MSH3,qwen3.7-max,Pathogenic,Pathogenic,0.85,PVS1;PM2,"Richards et al., Genet Med, 2015",,16.67,
76810,CYP27A1,qwen3.7-max,Pathogenic,Pathogenic,0.85,PVS1;PM2,"Cali JJ, et al. J Biol Chem. 1991;Garuti R, et al. J Lipid Res. 1996",,23.58,
4837247,RFX6,qwen3.7-max,Pathogenic,Pathogenic,0.95,PVS1;PM2,"Smith SB et al., Nat Genet, 2010",,16.77,
134177,CHKB,qwen3.7-max,Benign,Likely benign,0.8,BP7,"Richards et al., Genet Med, 2015",,12.6,
837928,ATM,qwen3.7-max,Pathogenic,Pathogenic,0.85,PVS1;PM2,"Richards S, et al., Genet Med, 2015",,20.07,
325978,SLC6A5,qwen3.7-max,Benign,Likely benign,0.7,BP7,,,19.56,
4986531,SOX5,qwen3.7-max,Pathogenic,Pathogenic,0.85,PVS1;PM2,OMIM:616803,,25.59,
57958,TSC1,qwen3.7-max,Pathogenic,Pathogenic,0.95,PVS1;PM2,"ClinVar, 2023",,12.8,
2119572,VPS13A,qwen3.7-max,Benign,Uncertain significance,0.5,,,,12.07,
4853301,SLC2A1,qwen3.7-max,Pathogenic,Pathogenic,0.95,PVS1;PM2,"Pascual JM, et al. Nat Rev Neurol. 2008;Klepper J, et al. Hum Mutat. 2001",,16.13,
704841,SIN3B,qwen3.7-max,Benign,Uncertain significance,0.8,BP7,,,13.84,
1158786,DNMT3B,qwen3.7-max,Benign,Uncertain significance,0.8,,,,11.67,
2913189,MSH6,qwen3.7-max,Pathogenic,Pathogenic,0.85,PVS1;PM2,"ClinVar, 2023",,23.77,
3392349,MLH3,qwen3.7-max,Pathogenic,Pathogenic,0.85,PVS1;PM2,"Richards et al., Genetics in Medicine, 2015;ClinVar, 2023",,23.7,
3704474,PKD1,qwen3.7-max,Pathogenic,Pathogenic,0.9,PVS1;PM2,"Cornec-Le Gall E, et al., Am J Hum Genet, 2013",,17.81,
4840653,COL4A1,qwen3.7-max,Pathogenic,Pathogenic,0.9,PVS1;PM2,"Vahedi et al., J Med Genet, 2012",,19.4,
523992,CIZ1,qwen3.7-max,Benign,Likely benign,0.8,BP7,,,11.06,
4974078,TNRC6B,qwen3.7-max,Pathogenic,Pathogenic,0.8,PVS1;PM2,ClinVar,,14.04,
132330,RB1,qwen3.7-max,Pathogenic,Pathogenic,0.95,PVS1;PM2,"Richards et al., Genet Med, 2015;ClinVar",,13.12,
1891184,VPS13B,qwen3.7-max,Pathogenic,Pathogenic,0.85,PVS1;PM2,"Richards et al., Genet Med, 2015",,15.4,
4980315,RET,qwen3.7-max,Pathogenic,Pathogenic,0.9,PVS1;PM2,"Amiel J et al., Nat Rev Genet, 2008;GeneReviews: Hirschsprung Disease Overview",,18.06,
101658,POMGNT1,qwen3.7-max,Benign,Likely benign,0.8,BP7,"Richards et al., Genet Med, 2015",,15.07,
2994596,POT1,qwen3.7-max,Pathogenic,Pathogenic,0.85,PVS1;PM2,"Robles-Espinoza et al., Nat Genet, 2014;Shi et al., Nat Genet, 2016",,14.79,
1665881,AKT2,qwen3.7-max,Benign,Uncertain significance,0.6,BP7,,,15.67,
1153630,MYSM1,qwen3.7-max,Benign,Uncertain significance,0.6,PM2;BP4,,,11.07,
460863,JMJD1C,qwen3.7-max,Benign,Uncertain significance,0.6,,,,13.01,
454826,DOCK2,qwen3.7-max,Benign,Likely benign,0.7,BP7,,,12.92,
4931732,KMT2D,qwen3.7-max,Pathogenic,Pathogenic,0.9,PVS1;PM2,"Richards S, et al., Genet Med, 2015",,33.56,
139224,XPC,qwen3.7-max,Benign,Uncertain significance,0.6,PM2;BP4,,,11.21,
1539170,LRRK1,qwen3.7-max,Benign,Likely benign,0.9,BP7,,,12.09,
1673761,COA8,qwen3.7-max,Pathogenic,Pathogenic,0.85,PVS1;PM2,"Richards et al., Genet Med, 2015",,12.0,
4837289,SLC35A3,qwen3.7-max,Pathogenic,Pathogenic,0.9,PVS1;PM2,"Richards et al., Genet Med, 2015",,14.99,
2416805,BRIP1,qwen3.7-max,Pathogenic,Pathogenic,0.9,PVS1;PM2,"Richards S, et al., Genet Med, 2015",,21.0,
508803,MAP3K1,qwen3.7-max,Benign,Likely benign,0.7,BP7,"Richards et al., Genet Med, 2015",,15.95,
702255,GUCY2C,qwen3.7-max,Benign,Uncertain significance,0.5,PM2,"Richards S, et al., Genet Med, 2015",,10.85,
252892,CCM2,qwen3.7-max,Benign,Uncertain significance,0.7,PM2;BP1,"ACMG/AMP variant interpretation guidelines, 2015;ClinVar database, 2023",,21.21,
4840730,KRIT1,qwen3.7-max,Pathogenic,Pathogenic,0.95,PVS1;PM2,"Richards et al., Genet Med, 2015",,13.62,
392661,BARD1,qwen3.7-max,Pathogenic,Pathogenic,0.9,PVS1;PM2,"Richards et al., Genet Med, 2015",,22.59,
4967657,MSH3,qwen3.7-max,Pathogenic,Pathogenic,0.85,PVS1;PM2,ClinVar,,19.37,
751344,WHRN,qwen3.7-max,Benign,Uncertain significance,0.6,BP7,"Richards et al., Genetics in Medicine, 2015",,15.85,
723269,COL27A1,qwen3.7-max,Benign,Uncertain significance,0.6,PM2;PP3,,,16.69,
401712,NF1,qwen3.7-max,Pathogenic,Pathogenic,0.95,PVS1;PM2,"Messiaen et al., Hum Mutat, 2000;ClinVar",,21.2,
712841,ZNF408,qwen3.7-max,Benign,Uncertain significance,0.5,,,,14.57,
469321,RNF125,qwen3.7-max,Benign,Uncertain significance,0.5,,,,15.06,
2465728,MLH3,qwen3.7-max,Pathogenic,Pathogenic,0.85,PVS1;PM2,"Plon SE et al., Hum Mutat, 2008;ClinVar",,13.04,
134214,CHRNE,qwen3.7-max,Benign,Uncertain significance,0.5,,,,14.94,
4795543,PSMB10,qwen3.7-max,Benign,Likely benign,0.8,BP7,,,11.92,
264486,SURF1,qwen3.7-max,Pathogenic,Pathogenic,0.95,PVS1;PM2,"Tiranti et al., Nature Genetics, 1998",,20.26,
31375,FGFR3,qwen3.7-max,Pathogenic,Uncertain significance,0.5,PM2,,,18.67,
1153317,NCSTN,qwen3.7-max,Benign,Uncertain significance,0.6,PM2,,,13.53,
2952714,FOCAD,qwen3.7-max,Benign,Uncertain significance,0.6,,,,14.24,
1281196,CUL4B,qwen3.7-max,Benign,Uncertain significance,0.6,BP7,"Richards S, et al., Genet Med, 2015",,12.89,
1155120,SLC9A3,qwen3.7-max,Benign,Likely benign,0.85,BP7,"Richards S, et al., Genet Med, 2015",,14.7,
779405,CRB2,qwen3.7-max,Benign,Uncertain significance,0.5,,,,20.11,
449256,WIPF1,qwen3.7-max,Benign,Likely benign,0.8,BP7,"Richards et al., Genet Med, 2015",,14.64,
168694,MCPH1,qwen3.7-max,Benign,Likely benign,0.85,BP7,"Richards S, et al., Genet Med, 2015",,12.14,
4938514,BAP1,qwen3.7-max,Pathogenic,Pathogenic,0.95,PVS1;PM2,"Testa JR, et al., Nat Genet, 2011;Popova T, et al., Am J Hum Genet, 2013",,16.06,
613437,GDAP2,qwen3.7-max,Pathogenic,Uncertain significance,0.6,PVS1;PM2,,,15.43,
1232995,KCNH1,qwen3.7-max,Benign,Likely benign,0.7,BP7,"Richards S, et al., Genet Med, 2015",,14.32,
4924830,PSMC3,qwen3.7-max,Pathogenic,Uncertain significance,0.5,,,,13.24,
4931340,PHEX,qwen3.7-max,Pathogenic,Pathogenic,0.95,PVS1;PM2,"Lorenz-Depiereux B, et al., Hum Mutat, 2006;Baroncelli GI, et al., Am J Med Genet A, 2012",,28.51,
727189,CNTNAP1,qwen3.7-max,Benign,Likely benign,0.7,BP7,"Richards et al., Genet Med, 2015",,15.84,
1156894,IFT81,qwen3.7-max,Benign,Uncertain significance,0.6,PM2,,,12.52,
104653,RPGR,qwen3.7-max,Pathogenic,Pathogenic,0.85,PVS1;PM2,"Richards S, et al., Genet Med, 2015",,16.18,
291949,ARHGAP31,qwen3.7-max,Benign,Uncertain significance,0.5,,,,13.87,
239921,DNAH8,qwen3.7-max,Benign,Uncertain significance,0.6,PM2,,,14.8,
801859,IFT74,qwen3.7-max,Benign,Uncertain significance,0.6,PM4,"Richards et al., Genet Med, 2015",,18.42,
140684,COQ6,qwen3.7-max,Benign,Uncertain significance,0.6,,,,11.5,
257373,SALL4,qwen3.7-max,Benign,Uncertain significance,0.5,PM2,,,14.07,
135617,RTTN,qwen3.7-max,Benign,Uncertain significance,0.6,PM2,,,10.0,
174783,MYBPC3,qwen3.7-max,Pathogenic,Pathogenic,0.85,PVS1;PM2,"Richards S, et al., Genet Med, 2015;Walsh R, et al., Genet Med, 2017",,19.34,
21161,RPS26,qwen3.7-max,Pathogenic,Pathogenic,0.85,PVS1;PM2,"Doherty et al., Nat Genet, 2010",,15.13,
249688,LAMB3,qwen3.7-max,Benign,Benign,0.9,BP7,"Richards S, et al., Genet Med, 2015",,15.01,
689369,IDS,qwen3.7-max,Benign,Likely benign,0.7,BP4;BP7,"Richards S, et al., Genet Med, 2015",,18.52,
4960917,SPTAN1,qwen3.7-max,Pathogenic,Pathogenic,0.85,PVS1;PM2,"Saitsu H, et al., Nat Genet, 2010;Tohyama J, et al., Epilepsia, 2011",,20.04,
49073,RAF1,qwen3.7-max,Pathogenic,Pathogenic,0.95,PS3;PM1;PM2;PP3,"Pandit B et al., Nat Genet, 2007;Kobayashi T et al., J Med Genet, 2010",,21.4,
4963511,PCBP1,qwen3.7-max,Pathogenic,Uncertain significance,0.7,PM2,,,22.55,
4976290,MLH1,qwen3.7-max,Pathogenic,Pathogenic,0.95,PVS1;PM2,"Richards S, et al., Genet Med, 2015",,22.35,
4801717,PGBD5,qwen3.7-max,Pathogenic,Pathogenic,0.9,PVS1;PM2,"Richards S, et al., Genet Med, 2015",,27.3,
721177,SLC6A19,qwen3.7-max,Benign,Likely benign,0.8,BP7,,,17.96,
186783,ASS1,qwen3.7-max,Pathogenic,Pathogenic,0.95,PVS1;PM2,"ClinVar, 2023",,13.32,
137956,EXT2,qwen3.7-max,Benign,Uncertain significance,0.6,PM2,,,12.47,
294955,NBEAL2,qwen3.7-max,Benign,Likely benign,0.7,BP7,,,23.23,
4986059,ERCC8,qwen3.7-max,Pathogenic,Pathogenic,0.85,PVS1;PM2,"Richards S, et al., Genet Med, 2015",,18.4,
455260,LAMA2,qwen3.7-max,Benign,Likely benign,0.7,BP7,"Richards S, et al., Genet Med, 2015",,17.93,
810100,PTEN,qwen3.7-max,Pathogenic,Pathogenic,0.75,PM1;PM2;PP3,"Richards S, et al., Genet Med, 2015;ClinGen PTEN Variant Curation Expert Panel guidelines",,22.21,
697503,ASXL2,qwen3.7-max,Benign,Uncertain significance,0.6,PM2,,,16.43,
138066,FANCD2,qwen3.7-max,Benign,Uncertain significance,0.6,PM2,,,15.22,
141967,MTFMT,qwen3.7-max,Benign,Uncertain significance,0.6,PM2;PP3,"Tucker et al., Am J Hum Genet, 2011",,14.84,
1363871,OAS1,qwen3.7-max,Benign,Uncertain significance,0.4,,,,18.53,
1155909,TONSL,qwen3.7-max,Benign,Uncertain significance,0.6,BP7,"Richards S, et al., Genet Med, 2015",,11.75,
4938544,BARD1,qwen3.7-max,Pathogenic,Pathogenic,0.9,PVS1;PM2,"Tavtigian et al., Nat Genet, 2001;Slavin et al., NPJ Breast Cancer, 2017",,21.97,
2121917,VPS11,qwen3.7-max,Benign,Uncertain significance,0.5,PM2,,,15.6,
99911,DBT,qwen3.7-max,Pathogenic,Pathogenic,0.9,PVS1;PM2,"ClinVar, 2023",,20.13,
799416,LIFR,qwen3.7-max,Benign,Uncertain significance,0.5,BP7,,,21.73,
1230223,BRCA2,qwen3.7-max,Pathogenic,Pathogenic,0.95,PVS1;PM2,ClinVar;ENIGMA Consortium,,17.61,
4957031,ABCB11,qwen3.7-max,Pathogenic,Pathogenic,0.9,PVS1;PM2,"Richards et al., Genet Med, 2015",,23.95,
4978314,BARD1,qwen3.7-max,Pathogenic,Pathogenic,0.9,PVS1;PM2,"Slavin et al., Nat Commun, 2017;Couch et al., J Clin Oncol, 2015",,18.7,
215426,NECTIN1,qwen3.7-max,Benign,Uncertain significance,0.7,PM4,,,19.29,
1154409,OPA1,qwen3.7-max,Benign,Likely benign,0.8,BP4;BP7,,,13.35,
173547,DNAH5,qwen3.7-max,Benign,Uncertain significance,0.6,BP7,,,18.81,
179312,MYBPC3,qwen3.7-max,Pathogenic,Pathogenic,0.95,PVS1;PM2,"Richards S, et al., Genet Med, 2015;Walsh R, et al., Circ Cardiovasc Genet, 2017",,16.34,
141637,YARS2,qwen3.7-max,Benign,Likely benign,0.8,BP7,"Richards et al., Genet Med, 2015",,11.83,
4986921,BRCA2,qwen3.7-max,Pathogenic,Pathogenic,0.95,PVS1;PM2,"ClinVar, NCBI, 2023;ENIGMA Consortium, 2022",,18.99,
3786991,BMPR1A,qwen3.7-max,Pathogenic,Pathogenic,0.95,PVS1;PM2,"Howe JR, et al., Science, 2001;Richards S, et al., Genet Med, 2015",,16.76,
65654,ZC4H2,qwen3.7-max,Pathogenic,Pathogenic,0.7,PM2;PP3,"Hirata et al., Am J Hum Genet, 2013",,18.01,
4844317,TSC2,qwen3.7-max,Pathogenic,Pathogenic,0.95,PVS1;PM2,"Northrup H, et al. Am J Med Genet C Semin Med Genet. 2015;Richards S, et al. Genet Med. 2015",,18.98,
1153603,C8A,qwen3.7-max,Benign,Likely benign,0.8,BP7,,,13.39,
55110,CDH23,qwen3.7-max,Benign,Benign,0.95,BP7,"Richards S, et al., Genet Med, 2015",,15.84,
420792,NF1,qwen3.7-max,Pathogenic,Pathogenic,0.95,PVS1;PM2,"Messiaen L, et al., Hum Mutat, 2000",,17.9,
1657351,CTDP1,qwen3.7-max,Benign,Uncertain significance,0.5,PM2,,,16.87,
1888989,LAMA5,qwen3.7-max,Benign,Uncertain significance,0.7,PM2,,,13.99,
1523743,KCNK4,qwen3.7-max,Benign,Uncertain significance,0.5,,,,13.59,
1585704,PIGN,qwen3.7-max,Benign,Uncertain significance,0.6,,,,18.4,
4907908,PREPL;SLC3A1,qwen3.7-max,Pathogenic,Pathogenic,0.9,PVS1;PM2,"Martens et al., Am J Hum Genet, 2006",,31.9,
133588,PALB2,qwen3.7-max,Pathogenic,Pathogenic,0.95,PVS1;PM2,"Antoniou AC et al., N Engl J Med, 2014;Southey MC et al., Cancer Res, 2010",,15.49,
799966,PIEZO1,qwen3.7-max,Benign,Benign,0.95,BP7,,,14.88,
1523461,KMT2C,qwen3.7-max,Benign,Uncertain significance,0.7,PM2,,,14.27,
637093,WRN,qwen3.7-max,Pathogenic,Pathogenic,0.95,PVS1;PM2,"Oshima J, et al. Hum Mutat. 2006;Richards S, et al. Genet Med. 2015",,16.37,
1158910,FERMT1,qwen3.7-max,Benign,Uncertain significance,0.6,BP4;BP7,,,14.13,
697572,ABCG8,qwen3.7-max,Benign,Uncertain significance,0.5,PM2,,,10.35,
4974655,BRCA1,qwen3.7-max,Pathogenic,Pathogenic,0.95,PVS1;PM2,ClinVar;gnomAD,,11.08,
711923,FOCAD,qwen3.7-max,Benign,Likely benign,0.7,BP7,,,12.87,
449286,WIPF1,qwen3.7-max,Benign,Benign,0.9,BP7,"Richards S, et al., Genet Med, 2015",,13.01,
4931100,RNU6-9,qwen3.7-max,Pathogenic,Uncertain significance,0.4,,,,15.73,
4866832,EYS,qwen3.7-max,Pathogenic,Pathogenic,0.9,PVS1;PM2,"Richards et al., Genet Med, 2015",,16.7,
3892076,DNM1,qwen3.7-max,Pathogenic,Uncertain significance,0.4,PM2;PP3,,,13.98,
4799360,HNF1A,qwen3.7-max,Pathogenic,Pathogenic,0.85,PVS1;PM2,"Fajans SS et al., Diabetes, 2001;Ellard S et al., Hum Mutat, 2006",,17.34,
100770,BEST1,qwen3.7-max,Benign,Uncertain significance,0.6,BP7,"Richards et al., Genet Med, 2015",,13.63,
1053043,MED27,qwen3.7-max,Pathogenic,Pathogenic,0.85,PVS1;PM2,"Richards S, et al., Genet Med, 2015",,16.88,
1155131,SLC9A3,qwen3.7-max,Benign,Uncertain significance,0.6,BP7,"Richards S, et al., Genet Med, 2015",,18.4,
1159771,MSN,qwen3.7-max,Benign,Uncertain significance,0.6,,,,15.19,
101894,HCN1,qwen3.7-max,Benign,Uncertain significance,0.6,PM4,"Richards S, et al., Genet Med, 2015, ACMG/AMP guidelines for variant interpretation",,14.29,
1367929,MLH1,qwen3.7-max,Pathogenic,Pathogenic,0.95,PVS1;PM2,"Richards et al., Genet Med, 2015",,15.55,
4799332,ARHGAP19,qwen3.7-max,Pathogenic,Uncertain significance,0.8,PM2,,,14.34,
2872143,ROR1,qwen3.7-max,Benign,Likely benign,0.7,BP7,"Richards et al., Genet Med, 2015",,14.16,
721539,ARSB,qwen3.7-max,Benign,Likely benign,0.8,BP7,"Richards S, et al., Genet Med, 2015",,15.57,
245163,ELANE,qwen3.7-max,Pathogenic,Pathogenic,0.9,PVS1;PM2;PP3,"Bellanné-Chantelot C, et al., Blood, 2004",,23.46,
105715,RPGRIP1,qwen3.7-max,Benign,Likely benign,0.8,BP7,,,15.85,
4921024,UBE3B,qwen3.7-max,Pathogenic,Pathogenic,0.9,PVS1;PM2,"Flex E, et al., Am J Hum Genet, 2014",,17.88,
4818253,TSEN2,qwen3.7-max,Benign,Likely benign,0.8,BP7,,,14.0,
549983,ISCU,qwen3.7-max,Benign,Uncertain significance,0.5,PM2,"Richards S, et al., Genet Med, 2015",,16.46,
177478,DMD,qwen3.7-max,Benign,Uncertain significance,0.4,PM2,"Richards S, et al., Genet Med, 2015",,12.85,
3536269,PKD2,qwen3.7-max,Pathogenic,Pathogenic,0.85,PVS1;PM2,"Cornec-Le Gall E, et al., Am J Hum Genet, 2013;Richards S, et al., Genet Med, 2015",,21.59,
4982614,PTPRQ,qwen3.7-max,Pathogenic,Pathogenic,0.85,PVS1;PM2,"Richards S, et al., Genet Med, 2015",,14.67,
313201,GLDC,qwen3.7-max,Benign,Likely benign,0.8,BP7,"Richards et al., Genet Med, 2015",,19.49,
256339,POLG2,qwen3.7-max,Benign,Uncertain significance,0.4,,,,13.33,
254580,PFKM,qwen3.7-max,Benign,Uncertain significance,0.5,,,,16.61,
140177,AUH,qwen3.7-max,Benign,Uncertain significance,0.6,PM2;PP3,,,15.64,
1770722,BRCA2,qwen3.7-max,Pathogenic,Pathogenic,0.95,PVS1;PM2,"Tavtigian SV, et al., Nat Genet, 1996;ClinVar",,8.9,
254323,CAPN5,qwen3.7-max,Benign,Uncertain significance,0.5,BP4,,,14.38,
1546048,SUN1,qwen3.7-max,Benign,Uncertain significance,0.5,,,,11.88,
100816,COL6A3,qwen3.7-max,Benign,Uncertain significance,0.5,PM2,,,12.04,
53903,GJB2,qwen3.7-max,Pathogenic,Pathogenic,0.85,PVS1;PM2,"Shearer AE, et al. Hum Mutat. 2013;Kenneson A, et al. Hum Mutat. 2001",,21.73,
2180520,COL1A1,qwen3.7-max,Pathogenic,Pathogenic,0.95,PVS1;PM2,"Richards et al., Genet Med, 2015",,17.66,
1199832,CHRNA3,qwen3.7-max,Benign,Uncertain significance,0.5,,,,12.79,
4855734,RFX6,qwen3.7-max,Pathogenic,Pathogenic,0.85,PVS1,OMIM: 611927,,25.9,
135448,POLR3B,qwen3.7-max,Benign,Uncertain significance,0.5,PM2,,,13.85,
33936,GJB1,qwen3.7-max,Pathogenic,Pathogenic,0.85,PM1;PM2;PP3,"Kleopa KA, et al., J Neurosci, 2006;Hahn AF, et al., Brain, 1999",,18.86,
454285,APC,qwen3.7-max,Pathogenic,Pathogenic,0.95,PVS1;PM2,"ClinVar, 2023",,14.64,
100106,KMT2D,qwen3.7-max,Benign,Likely benign,0.9,BP7,"Richards S, et al., Genet Med, 2015",,13.2,
134712,INPP5E,qwen3.7-max,Benign,Likely benign,0.8,BP7,,,17.53,
291995,EGF,qwen3.7-max,Benign,Likely benign,0.9,BP7,"Richards et al., Genet Med, 2015",,14.3,
351360,TCN2,qwen3.7-max,Benign,Uncertain significance,0.6,PM2,"Richards S, et al., Genet Med, 2015",,14.84,
1158425,TCF3,qwen3.7-max,Benign,Likely benign,0.8,BP7,,,12.73,
102034,EHMT1,qwen3.7-max,Benign,Likely benign,0.8,BP7,,,16.49,
4866883,KMT2D,qwen3.7-max,Pathogenic,Pathogenic,0.95,PVS1;PM2,"Ng SB, et al., Nat Genet, 2010",,14.87,
49029,PTPN11,qwen3.7-max,Pathogenic,Pathogenic,0.9,PM1;PM2;PP3;PS4,"Tartaglia et al., Nat Genet, 2001;Sarkozy et al., Hum Mutat, 2006",,20.01,
721640,MICAL1,qwen3.7-max,Benign,Likely benign,0.7,BP7,,,18.28,
581232,PLG,qwen3.7-max,Pathogenic,Uncertain significance,0.5,PM2,,,16.2,
134653,GRIN2B,qwen3.7-max,Benign,Likely benign,0.8,BP7,"Richards et al., Genet Med, 2015",,11.54,
32046,GJB2,qwen3.7-max,Pathogenic,Uncertain significance,0.6,PM2;PP3,"ClinVar, 2023",,18.39,
1477668,LAMC3,qwen3.7-max,Pathogenic,Pathogenic,0.85,PVS1;PM2,"Pippucci et al., Am J Hum Genet, 2011",,18.24,
1159146,CSF2RB,qwen3.7-max,Benign,Likely benign,0.8,BP7,,,12.46,
23353,CASR,qwen3.7-max,Pathogenic,Uncertain significance,0.5,PM2,,,14.04,
186227,RPGRIP1L,qwen3.7-max,Pathogenic,Pathogenic,0.9,PVS1;PM2,"Richards et al., Genet Med, 2015",,12.43,
1872310,SLC39A4,qwen3.7-max,Pathogenic,Pathogenic,0.9,PVS1;PM2,"Wang K, Nat Genet, 2002",,18.76,
441862,PKD1,qwen3.7-max,Pathogenic,Pathogenic,0.9,PVS1;PM2,"Richards et al., Genet Med, 2015;Cornec-Le Gall et al., Am J Hum Genet, 2013",,15.75,
4956408,MYO5B,qwen3.7-max,Pathogenic,Pathogenic,0.85,PVS1;PM2,"Müller et al., Gastroenterology, 2008;Ruano et al., Gastroenterology, 2010",,19.94,
4931094,RNU4-2,qwen3.7-max,Pathogenic,Pathogenic,0.9,PVS1;PM2,"Chen et al., Nature Genetics, 2024",,21.0,
17436,ARG1,qwen3.7-max,Pathogenic,Pathogenic,0.95,PVS1;PM2,"ClinVar, 2023",,17.86,
1546068,RUSC2,qwen3.7-max,Benign,Likely benign,0.8,BP7,"Richards et al., Genet Med, 2015",,14.72,
30477,HBB,qwen3.7-max,Pathogenic,Pathogenic,0.95,PVS1;PM2,"Weatherall DJ, Nat Rev Genet, 2001;Cao A, Blood, 2000",,29.84,
139844,PALB2,qwen3.7-max,Pathogenic,Pathogenic,0.9,PVS1;PM2,"Richards S, et al., Genet Med, 2015",,20.44,
628090,MUTYH,qwen3.7-max,Pathogenic,Pathogenic,0.85,PVS1;PM2,"Richards et al., Genet Med, 2015;ClinGen SVI recommendations for PVS1",,14.95,
99847,COL6A2,qwen3.7-max,Benign,Likely benign,0.9,BP7,"Richards et al., Genet Med, 2015",,11.18,
106534,COASY,qwen3.7-max,Pathogenic,Uncertain significance,0.6,PM2;PP3,"Drecourt et al., Am J Hum Genet, 2011",,14.7,
186969,CTNS,qwen3.7-max,Pathogenic,Pathogenic,0.95,PVS1;PM2,"Town et al., Nat Genet, 1998",,13.95,
1156024,MUSK,qwen3.7-max,Benign,Likely benign,0.9,BP7,"Richards et al., Genet Med, 2015",,11.6,
577583,ANKRD11,qwen3.7-max,Benign,Likely benign,0.8,BP7,"Richards S, et al., Genet Med, 2015",,15.15,
1581935,KERA,qwen3.7-max,Benign,Uncertain significance,0.6,BP7,,,19.41,
687094,AUTS2,qwen3.7-max,Benign,Likely benign,0.8,BP7,"Richards S, et al., Genet Med, 2015",,13.03,
540938,USH2A,qwen3.7-max,Pathogenic,Pathogenic,0.85,PVS1;PM2,"Richards S, et al., Genet Med, 2015, PMID: 25741868",,22.37,
1153276,NAXE,qwen3.7-max,Benign,Uncertain significance,0.6,BP4,"Richards S, et al., Genet Med, 2015",,18.21,
943032,MSH6,qwen3.7-max,Pathogenic,Pathogenic,0.9,PVS1;PM2,"Richards et al., Genet Med, 2015",,22.47,
515047,DCLRE1B,qwen3.7-max,Benign,Uncertain significance,0.6,PM2,,,17.26,
511321,ZEB2,qwen3.7-max,Pathogenic,Pathogenic,0.95,PVS1;PM2,"Mowat et al., Nat Genet, 1998;Richards et al., Genet Med, 2015",,14.64,
187009,GAA,qwen3.7-max,Pathogenic,Pathogenic,0.85,PS1;PM2;PP3,"Hirschhorn R, et al., J Med Genet, 2001;Niño MY, et al., Hum Mutat, 2008",,20.98,
4975632,FH,qwen3.7-max,Pathogenic,Uncertain significance,0.5,PM2;PP3,,,11.49,
1878070,SPAG1,qwen3.7-max,Pathogenic,Pathogenic,0.85,PVS1;PM2,"OMIM, 2023;ClinVar, 2023",,15.83,
4986446,BPY2C;CDY1;DAZ3;DAZ4;LOC106144558;LOC108868753;TTTY17C;TTTY3;TTTY4C,qwen3.7-max,Pathogenic,Uncertain significance,0.5,,,,17.22,
367644,QARS1,qwen3.7-max,Benign,Uncertain significance,0.6,PM2,,,17.19,
503249,NOTCH1,qwen3.7-max,Benign,Uncertain significance,0.6,,,,12.28,
450769,SP110,qwen3.7-max,Benign,Uncertain significance,0.6,BP7,,,14.68,
339995,ADAMTS17,qwen3.7-max,Benign,Likely benign,0.7,BP7,"Richards et al., Genet Med, 2015",,18.22,
1624551,CSPP1,qwen3.7-max,Benign,Uncertain significance,0.6,,,,15.0,
375713,ELAC2,qwen3.7-max,Benign,Likely benign,0.8,BP7,"Richards et al., Genet Med, 2015",,11.6,
1510254,ABCB11,qwen3.7-max,Pathogenic,Pathogenic,0.9,PVS1;PM2,"Richards S, et al., Genet Med, 2015",,21.46,
4963547,RB1,qwen3.7-max,Pathogenic,Pathogenic,0.95,PVS1;PM2,"Richards S, et al. Genet Med. 2015;Dimaras H, et al. Nat Rev Dis Primers. 2015",,14.09,
4890833,TRDN,qwen3.7-max,Pathogenic,Pathogenic,0.85,PVS1;PM2,"Roux-Buisson et al., Circ Cardiovasc Genet, 2012",,19.94,
4956260,MBD4,qwen3.7-max,Pathogenic,Pathogenic,0.9,PVS1;PM2,"Richards et al., Genet Med, 2015;Rodrigues et al., Nat Genet, 2018",,18.65,
34342,GRHPR,qwen3.7-max,Benign,Likely benign,0.8,BP7,,,9.81,
715991,SMAD2,qwen3.7-max,Benign,Likely benign,0.85,BP7,"Richards S, et al., Genet Med, 2015",,11.9,
1460519,EXT1,qwen3.7-max,Pathogenic,Pathogenic,0.95,PVS1;PM2,"Ahn J, et al., Nat Genet, 1995;Stickens D, et al., Nat Genet, 1996",,20.17,
4969426,LZTR1,qwen3.7-max,Pathogenic,Pathogenic,0.85,PVS1;PM2,"Johnston JJ, et al., Nat Genet, 2018",,14.04,
1609599,COL4A4,qwen3.7-max,Benign,Uncertain significance,0.6,BP4;BP7,,,10.65,
705921,CSF2RB,qwen3.7-max,Benign,Likely benign,0.8,BP7,,,16.5,
724732,C2CD3,qwen3.7-max,Benign,Likely benign,0.9,BP7,"Richards et al., Genet Med, 2015",,11.16,
20873,MYOT,qwen3.7-max,Pathogenic,Uncertain significance,0.4,PM2,"Richards S, et al., Genet Med, 2015",,14.74,
1959786,ITGB4,qwen3.7-max,Benign,Uncertain significance,0.4,,,,16.19,
779917,USP7,qwen3.7-max,Benign,Uncertain significance,0.4,,,,14.37,
323988,CIITA,qwen3.7-max,Benign,Likely benign,0.8,BP7,"Richards et al., Genet Med, 2015",,13.85,
1964591,AFG3L2,qwen3.7-max,Benign,Uncertain significance,0.6,BP4,"Richards S, et al., Genet Med, 2015",,12.25,
1248625,CPAMD8,qwen3.7-max,Benign,Likely benign,0.7,BP7,,,15.69,
375379,COG4,qwen3.7-max,Benign,Uncertain significance,0.6,,,,15.33,
546612,MYO7A,qwen3.7-max,Pathogenic,Pathogenic,0.9,PVS1;PM2,"Weil D, et al., Nature, 1997",,20.67,
1264139,DRP2,qwen3.7-max,Benign,Uncertain significance,0.5,,,,19.45,
672076,NOTCH1,qwen3.7-max,Benign,Uncertain significance,0.5,PM2,,,11.42,
1326647,ABCB4,qwen3.7-max,Pathogenic,Uncertain significance,0.5,PM2;PP3,,,11.92,
1628476,KCNQ5,qwen3.7-max,Benign,Likely benign,0.85,BP7,"Richards et al., Genet Med, 2015",,15.05,
133969,AUH,qwen3.7-max,Benign,Likely benign,0.8,BP7,"Richards et al., Genet Med, 2015",,10.3,
29580,LAMB3,qwen3.7-max,Pathogenic,Pathogenic,0.95,PVS1;PM2,"Richards S, et al., Genet Med, 2015;Pulkkinen L, et al., Nat Genet, 1994",,14.84,
1596405,SLC30A7,qwen3.7-max,Benign,Uncertain significance,0.8,PM2,,,14.55,
1871570,NF1,qwen3.7-max,Pathogenic,Pathogenic,0.95,PVS1;PM2,"Richards S, et al., Genet Med, 2015;Messiaen LM, et al., Neurology, 2000",,21.95,
4978530,CHEK2,qwen3.7-max,Pathogenic,Pathogenic,0.95,PVS1;PM2,"Richards et al., Genet Med, 2015;ClinVar",,16.09,
1261343,NTRK2,qwen3.7-max,Benign,Likely benign,0.85,BP7,,,16.68,
293348,SERPINI1,qwen3.7-max,Benign,Uncertain significance,0.5,PM2,,,16.51,
581552,RYR1,qwen3.7-max,Pathogenic,Pathogenic,0.9,PVS1;PM2,ClinVar,,20.19,
786851,WAS,qwen3.7-max,Benign,Uncertain significance,0.6,PM2,,,13.1,
360709,CHM,qwen3.7-max,Pathogenic,Pathogenic,0.95,PVS1;PM2,"Macdonald et al., Hum Mutat, 2015;Richards et al., Genet Med, 2015",,17.54,
725159,KRT74,qwen3.7-max,Benign,Uncertain significance,0.6,PM2;PP3,,,16.31,
3704526,PKD1,qwen3.7-max,Pathogenic,Pathogenic,0.85,PVS1;PM2,"Richards et al., Genet Med, 2015",,24.01,
368465,GABRB2,qwen3.7-max,Benign,Uncertain significance,0.5,,,,11.93,
18297,MC2R,qwen3.7-max,Pathogenic,Uncertain significance,0.6,PM2;PP3,"Metherell LA, et al., J Clin Endocrinol Metab, 2005",,16.51,
1575309,CIITA,qwen3.7-max,Benign,Uncertain significance,0.6,,,,12.67,
1441295,DUOX2,qwen3.7-max,Pathogenic,Pathogenic,0.95,PVS1;PM2,"Moreno JC, et al., Nat Genet, 2002",,21.69,
140834,DNM2,qwen3.7-max,Benign,Likely benign,0.8,BP7,,,15.25,
4952542,ALPK3,qwen3.7-max,Pathogenic,Pathogenic,0.85,PVS1;PM2,"Gomez et al., JACC, 2020",,25.82,
134426,EHMT1,qwen3.7-max,Benign,Benign,0.95,BP7,"Richards et al., Genet Med, 2015",,13.73,
369743,RARS1,qwen3.7-max,Benign,Likely benign,0.7,BP7,,,14.59,
2041241,GRIN2B,qwen3.7-max,Benign,Uncertain significance,0.6,PM2;PP3,,,16.15,
4958800,LDLR,qwen3.7-max,Pathogenic,Pathogenic,0.95,PVS1;PM2,"Hobbs HH, Brown MS, Goldstein JL. Hum Mutat. 1992;1(6):445-466.",,22.14,
536369,PTEN,qwen3.7-max,Pathogenic,Pathogenic,0.95,PVS1;PM2,"Richards S, et al., Genet Med, 2015;ClinVar",,14.45,
696572,EXOC8,qwen3.7-max,Benign,Uncertain significance,0.5,,,,13.8,
53747,PLN,qwen3.7-max,Pathogenic,Pathogenic,0.95,PS4;PM2;PP1,"Haghighi et al., N Engl J Med, 2006;van der Zwaag et al., Circ Cardiovasc Genet, 2012;DeWitt et al., J Biol Chem, 2006",,26.93,
1673097,DYNC2I2,qwen3.7-max,Benign,Uncertain significance,0.6,PM2,"Richards et al., Genet Med, 2015",,13.29,
3180807,DDX41,qwen3.7-max,Pathogenic,Pathogenic,0.85,PVS1;PM2,"Polprasert et al., J Clin Oncol, 2015",,31.29,
4892743,FRAS1,qwen3.7-max,Pathogenic,Pathogenic,0.85,PVS1;PM2,"Slavotinek AM, Nat Genet, 2003",,17.86,
1641064,HTT,qwen3.7-max,Benign,Likely benign,0.8,BP7,"Richards S, et al., Genet Med, 2015",,12.39,
1554899,NEDD4L,qwen3.7-max,Benign,Uncertain significance,0.6,BP4,"Richards S, et al., Genet Med, 2015",,17.23,
1158887,SLC13A3,qwen3.7-max,Benign,Likely benign,0.8,BP7,"Richards et al., Genet Med, 2015",,14.99,
4824535,FANCC,qwen3.7-max,Pathogenic,Pathogenic,0.95,PVS1;PM2,"ClinVar, 2023",,17.93,
255708,SLX4,qwen3.7-max,Benign,Likely benign,0.7,BP7,"Richards S, et al., Genet Med, 2015",,21.63,
1922702,COL9A2,qwen3.7-max,Pathogenic,Pathogenic,0.85,PVS1;PM2,"Richards et al., Genet Med, 2015",,16.15,
31368,FGFR3,qwen3.7-max,Pathogenic,Pathogenic,0.99,PS4;PM1;PM2;PP3,"Meyers et al., Nat Genet, 1995;Vajo et al., Endocr Rev, 2000",,26.08,
2425890,MLH3,qwen3.7-max,Pathogenic,Pathogenic,0.85,PVS1;PM2,"Richards S, et al., Genet Med, 2015;ClinVar",,18.99,
4008897,BRCA2,qwen3.7-max,Pathogenic,Pathogenic,0.95,PVS1;PM2,ClinVar;ENIGMA,,15.85,
566501,GCH1,qwen3.7-max,Pathogenic,Uncertain significance,0.6,PM2;PP3,"Richards S, et al., Genet Med, 2015",,12.74,
472174,AR,qwen3.7-max,Benign,Benign,0.95,BP4,"La Spada et al., Nature, 1991;Yong et al., Hum Mutat, 2003",,24.61,
1154192,SLC1A4,qwen3.7-max,Benign,Uncertain significance,0.6,PM2,,,12.94,
2736379,ATP7A,qwen3.7-max,Pathogenic,Pathogenic,0.75,PM2;PP3,"ClinVar, 2023",,19.53,
4967350,INTS6,qwen3.7-max,Pathogenic,Uncertain significance,0.5,,,,17.65,
298789,EVC2,qwen3.7-max,Benign,Uncertain significance,0.5,PM2,,,16.17,
256465,WRAP53,qwen3.7-max,Benign,Uncertain significance,0.5,PM2,,,16.38,
3498098,GNAS,qwen3.7-max,Pathogenic,Pathogenic,0.95,PVS1;PM2,"ClinVar, NCBI, 2023",,16.37,
4930264,GALC,qwen3.7-max,Pathogenic,Pathogenic,0.9,PVS1;PM2,"Richards S, et al., Genet Med, 2015",,21.27,
1213406,SNX14,qwen3.7-max,Benign,Uncertain significance,0.6,PM2,,,13.07,
4842640,MSH6,qwen3.7-max,Pathogenic,Pathogenic,0.95,PVS1;PM2,"Richards et al., Genet Med, 2015",,20.33,
336971,COL18A1,qwen3.7-max,Benign,Uncertain significance,0.5,PM2,,,9.51,
725348,SLC10A2,qwen3.7-max,Benign,Likely benign,0.8,BP7,"Richards et al., Genet Med, 2015",,13.33,
49748,SPG11,qwen3.7-max,Pathogenic,Pathogenic,0.9,PVS1;PM2,"ClinVar, SPG11 variant records",,23.25,
4957140,ABCB11,qwen3.7-max,Pathogenic,Pathogenic,0.9,PVS1;PM2,"Richards S, et al., Genet Med, 2015",,24.4,
4477704,WT1,qwen3.7-max,Pathogenic,Pathogenic,0.95,PVS1;PM2,ClinVar,,19.59,
699461,DLL1,qwen3.7-max,Benign,Uncertain significance,0.8,PM2,,,13.97,
442544,SLC12A3,qwen3.7-max,Pathogenic,Pathogenic,0.9,PVS1;PM2,"Simon DB, et al., Nat Genet, 1996",,17.73,
1158345,LAMA1,qwen3.7-max,Benign,Likely benign,0.8,BP7,"Richards et al., Genet Med, 2015",,20.48,
414028,COL1A1,qwen3.7-max,Pathogenic,Pathogenic,0.95,PVS1;PM2,"Richards et al., Genet Med, 2015",,23.04,
4986651,GALNT12,qwen3.7-max,Benign,Likely benign,0.8,BP7,"Richards et al., Genet Med, 2015",,17.46,
4882083,PCCA,qwen3.7-max,Pathogenic,Pathogenic,0.9,PVS1;PM2,"Richards et al., Genet Med, 2015",,19.14,
135948,SYNE2,qwen3.7-max,Benign,Likely benign,0.8,BP7,"Richards S, et al., Genet Med, 2015",,21.81,
1284665,LAMA5,qwen3.7-max,Benign,Likely benign,0.8,BP7,,,12.55,
151241,PALB2,qwen3.7-max,Pathogenic,Pathogenic,0.95,PVS1;PM2,"Antoniou AC, et al., N Engl J Med, 2014;Southey MC, et al., Cancer Res, 2010",,13.06,
4931353,DMD,qwen3.7-max,Pathogenic,Pathogenic,0.9,PVS1,"Aartsma-Rus A, et al., Hum Mutat, 2006",,20.81,
53392,ATP6V1B1,qwen3.7-max,Benign,Benign,0.9,BP7,"Richards et al., Genet Med, 2015",,13.96,
4850895,FLVCR1,qwen3.7-max,Pathogenic,Pathogenic,0.85,PVS1;PM2,"Ishikawa et al., Am J Hum Genet, 2011",,18.48,
4929872,DNAJB11,qwen3.7-max,Pathogenic,Pathogenic,0.85,PVS1;PM2,"Cornec-Le Gall E, et al., Am J Hum Genet, 2019",,17.0,
712616,APOA4,qwen3.7-max,Benign,Benign,0.85,BP7,,,18.4,
256091,RAI1,qwen3.7-max,Benign,Likely benign,0.8,BP7,,,14.8,
36255,RET,qwen3.7-max,Pathogenic,Uncertain significance,0.5,PM2,,,17.23,
433658,KRIT1,qwen3.7-max,Pathogenic,Pathogenic,0.9,PVS1;PM2,"Richards et al., Genet Med, 2015;Cave-Riant et al., Neurology, 2002",,38.32,
638560,PTCH1,qwen3.7-max,Pathogenic,Pathogenic,0.9,PVS1;PM2,"Richards et al., Genetics in Medicine, 2015",,24.32,
804956,NF1,qwen3.7-max,Pathogenic,Uncertain significance,0.6,PM2;BP7,"Richards S, et al., Genet Med, 2015, ACMG/AMP guidelines",,15.88,
192140,PLEKHG5,qwen3.7-max,Benign,Likely benign,0.7,BP7,,,15.48,
4968382,ACTN2,qwen3.7-max,Pathogenic,Pathogenic,0.85,PVS1;PM2,"Richards et al., Genet Med, 2015",,15.67,
4828830,ATM,qwen3.7-max,Pathogenic,Pathogenic,0.9,PVS1;PM2,"Richards S, et al., Genet Med, 2015",,19.19,
336441,ZNF469,qwen3.7-max,Benign,Uncertain significance,0.5,,,,13.7,
106625,ITGB2,qwen3.7-max,Benign,Uncertain significance,0.6,PM2;BP4,"Richards S, et al., Genet Med, 2015",,18.66,
1156893,IFT81,qwen3.7-max,Benign,Uncertain significance,0.7,BP7,,,14.98,
102229,NIPBL,qwen3.7-max,Benign,Likely benign,0.8,BP7,,,13.52,
2085884,GAA,qwen3.7-max,Pathogenic,Pathogenic,0.95,PVS1;PM2,"Richards S, et al., Genet Med, 2015",,13.42,
2025827,RFWD3,qwen3.7-max,Benign,Uncertain significance,0.5,,,,9.5,
264972,AIRE,qwen3.7-max,Pathogenic,Pathogenic,0.85,PVS1;PM2,"Richards S, et al., Genet Med, 2015;ClinVar",,20.75,
578262,COL4A5,qwen3.7-max,Pathogenic,Pathogenic,0.85,PM1;PM2;PP2;PP3,"Jais JP, et al., J Am Soc Nephrol, 2000;Marcocci E, et al., Hum Mutat, 2009",,27.99,
4957436,ABCB4,qwen3.7-max,Pathogenic,Pathogenic,0.9,PVS1;PM2,"de Vree JM, et al., Proc Natl Acad Sci U S A, 1998",,20.79,
4840886,POP1,qwen3.7-max,Pathogenic,Pathogenic,0.85,PVS1;PM2,"Taylan et al., Am J Hum Genet, 2014;ACMG/AMP guidelines, Genet Med, 2015",,16.77,
4843701,ASAH1,qwen3.7-max,Pathogenic,Pathogenic,0.85,PVS1;PM2,"Richards et al., Genet Med, 2015",,20.87,
167570,AP4B1,qwen3.7-max,Benign,Benign,0.9,BP7,,,12.13,
497305,S1PR2,qwen3.7-max,Benign,Likely benign,0.9,BP7,"Richards et al., Genet Med, 2015",,14.63,
296394,MTTP,qwen3.7-max,Benign,Uncertain significance,0.7,,,,13.18,
378376,WDR45,qwen3.7-max,Benign,Likely benign,0.7,BP7,,,19.2,
4968675,GLMN,qwen3.7-max,Pathogenic,Pathogenic,0.95,PVS1;PM2,"Brouillard P, Am J Hum Genet, 2002",,16.08,
305804,ENPP1,qwen3.7-max,Benign,Benign,0.8,BP4;BP7,,,12.96,
252387,CD2AP,qwen3.7-max,Benign,Likely benign,0.8,BP7,,,13.04,
2817519,CATSPER2,qwen3.7-max,Benign,Uncertain significance,0.5,PM2;PP3,,,14.79,
1275171,HACE1,qwen3.7-max,Benign,Likely benign,0.7,BP4,"Richards S, et al., Genet Med, 2015",,20.66,
1210950,CKAP2L,qwen3.7-max,Benign,Uncertain significance,0.5,,,,12.59,
779039,BCHE,qwen3.7-max,Benign,Uncertain significance,0.5,,,,15.85,
4959806,ELF4,qwen3.7-max,Pathogenic,Pathogenic,0.9,PVS1;PM2,ACMG/AMP 2015 guidelines;ClinVar,,18.09,
1153684,IL12RB2,qwen3.7-max,Benign,Uncertain significance,0.6,PM2,,,14.4,
1213765,DNAH8,qwen3.7-max,Benign,Uncertain significance,0.6,PM2,"Richards S, et al., Genet Med, 2015",,14.79,
1157571,CIB1,qwen3.7-max,Benign,Uncertain significance,0.6,,,,12.03,
946571,KCNV2,qwen3.7-max,Pathogenic,Pathogenic,0.85,PVS1;PM2,"Wu et al., Am J Hum Genet, 2007",,17.67,
856759,CEP290,qwen3.7-max,Pathogenic,Pathogenic,0.9,PVS1;PM2,"Richards et al., Genet Med, 2015",,19.6,
135717,SCN9A,qwen3.7-max,Benign,Likely benign,0.8,BP7,,,18.16,
255051,ABCD4,qwen3.7-max,Benign,Benign,0.9,BP7,"Richards et al., Genet Med, 2015",,14.25,
1211681,ATP8B1,qwen3.7-max,Benign,Uncertain significance,0.5,,,,16.48,
369028,ERMARD,qwen3.7-max,Benign,Uncertain significance,0.5,,,,15.5,
4982516,GABRB3,qwen3.7-max,Pathogenic,Uncertain significance,0.6,PM2;PP3,ClinVar,,13.93,
34688,OTOF,qwen3.7-max,Benign,Uncertain significance,0.6,PM2,,,12.27,
167546,ABCC8,qwen3.7-max,Benign,Likely benign,0.8,BP7,"Richards et al., Genet Med, 2015",,14.6,
4906981,RNU4-2,qwen3.7-max,Pathogenic,Pathogenic,0.95,PS2;PS4;PM2,"Chen et al., Nature, 2024, Recurrent de novo variants in RNU4-2 cause a syndromic neurodevelopmental disorder",,24.12,
1360870,FGFR2,qwen3.7-max,Pathogenic,Uncertain significance,0.5,PM2,,,14.33,
2747449,USH2A,qwen3.7-max,Pathogenic,Pathogenic,0.85,PVS1;PM2,"Richards S, et al., Genet Med, 2015",,12.45,
1214962,P4HB,qwen3.7-max,Benign,Likely benign,0.8,BP7,,,14.27,
1263349,WDR4,qwen3.7-max,Benign,Uncertain significance,0.6,,,,18.67,
2043765,NPAT,qwen3.7-max,Benign,Uncertain significance,0.8,,,,16.36,
1158481,AP3D1,qwen3.7-max,Benign,Uncertain significance,0.6,PM2;PP3,"Richards et al., Genet Med, 2015",,16.76,
424543,PAX6,qwen3.7-max,Pathogenic,Pathogenic,0.95,PVS1;PM2,ClinVar;LOVD PAX6 database,,20.33,
1631714,HTT,qwen3.7-max,Benign,Uncertain significance,0.7,,,,11.8,
4957338,ATP8B1,qwen3.7-max,Pathogenic,Pathogenic,0.85,PVS1;PM2,"Richards S et al., Genet Med, 2015",,15.41,
469637,RSPH1,qwen3.7-max,Benign,Likely benign,0.7,BP7,"Richards et al., Genet Med, 2015",,21.75,
1159900,ATP7A,qwen3.7-max,Benign,Uncertain significance,0.6,PM2;BP4,,,14.15,
956369,ATM,qwen3.7-max,Pathogenic,Pathogenic,0.95,PVS1;PM2,"Tavtigian SV, et al., Hum Mutat, 2018;ClinGen ATM VCEP specifications",,14.14,
664804,DYNC2H1,qwen3.7-max,Benign,Likely benign,0.6,BP7,"Richards S, et al., Genet Med, 2015",,17.4,
641821,BRCA2,qwen3.7-max,Pathogenic,Pathogenic,0.95,PVS1;PM2,ClinVar;ENIGMA consortium,,13.82,
102338,PKHD1,qwen3.7-max,Pathogenic,Pathogenic,0.85,PVS1;PM2,"Bergmann C, et al., Nat Genet, 2004",,17.18,
2105453,PRF1,qwen3.7-max,Pathogenic,Pathogenic,0.9,PVS1;PM2,"Richards S, et al., Genet Med, 2015",,20.33,
