AlleleID,GeneSymbol,model,prompt_class,llm_class,confidence,acmg_rules,references,parse_error,time_s,notes
1595058,STAG2,deepseek-v4-pro,Benign,Uncertain significance,0.3,,,,36.66,
1523421,ILK,deepseek-v4-pro,Benign,Uncertain significance,0.3,,"Richards S, Aziz N, Bale S, et al. Standards and guidelines for the interpretation of sequence variants: a joint consensus recommendation of the American College of Medical Genetics and Genomics and the Association for Molecular Pathology. Genet Med. 2015;17(5):405-424.",,64.71,
1245256,CRLF1,deepseek-v4-pro,Benign,Uncertain significance,0.5,,,,66.48,
4931682,WAC,deepseek-v4-pro,Pathogenic,Pathogenic,0.85,PVS1;PM2,"Richards S, et al. Standards and guidelines for the interpretation of sequence variants: a joint consensus recommendation of the American College of Medical Genetics and Genomics and the Association for Molecular Pathology. Genet Med. 2015;17(5):405-424.;Balasubramanian M, et al. De novo truncating mutations in WAC cause a recognizable intellectual disability syndrome. Am J Hum Genet. 2017;100(1):157-164.;DeSanto C, et al. WAC loss-of-function mutations cause a neurodevelopmental disorder. Genet Med. 2015;17(11):843-849.",,65.39,
46864,PSEN1,deepseek-v4-pro,Pathogenic,Pathogenic,0.98,PS1;PM1;PM2;PP1_Strong;PP3,"Kowalska A et al., Neuroreport, 1998;Lanoiselée HM et al., PLoS Med, 2017;ClinVar: VCV000063579",,102.14,
544321,BCKDHB,deepseek-v4-pro,Pathogenic,Pathogenic,0.9,PVS1;PM2,"Strauss KA, Puffenberger EG, Morton DH. Maple Syrup Urine Disease. GeneReviews. 2006 (updated 2020).;OMIM: 248600",,117.03,
1153278,NAXE,deepseek-v4-pro,Benign,Likely benign,0.8,BP7,"Richards S, et al., Genet Med, 2015",,23.57,
4975120,CTNNA1,deepseek-v4-pro,Pathogenic,Pathogenic,0.95,PVS1;PM2,"Richards et al., Genet Med, 2015, ACMG/AMP guidelines;Hansford et al., JAMA Oncol, 2015, CTNNA1 germline mutations in hereditary diffuse gastric cancer",,82.68,
1196263,DRP2,deepseek-v4-pro,Benign,Uncertain significance,0.5,PM2;PP3,"Richards S, et al. Genet Med. 2015;Irobi J, et al. Nat Genet. 2000",,82.19,
1224759,PTPRO,deepseek-v4-pro,Benign,Uncertain significance,0.1,,"Richards et al., Genetics in Medicine, 2015",,41.92,
102013,GNPTAB,deepseek-v4-pro,Benign,Likely benign,0.8,BP4;BP7,"Richards S, Aziz N, Bale S, et al. Genetics in Medicine, 2015",,41.1,
1154108,DRC1,deepseek-v4-pro,Benign,Uncertain significance,0.05,,"Richards S, et al. Standards and guidelines for the interpretation of sequence variants. Genet Med. 2015;17(5):405-424.",,89.28,
249748,PSEN2,deepseek-v4-pro,Benign,Likely benign,0.9,BP4;BP7,"Richards S et al., Genet Med, 2015",,30.76,
51200,SGCB,deepseek-v4-pro,Pathogenic,Pathogenic,0.9,PS1;PM2;PP3;PM1,"Bönnemann CG et al., Nat Genet, 1996;ClinVar: SGCB c.341C>T (p.Ser114Phe) pathogenic assertion",,61.0,
53208,ANAPC15;LRTOMT;TOMT,deepseek-v4-pro,Benign,Pathogenic,0.95,PS1;PM1;PM2;PP3,"Bakhchane A, et al., European Journal of Human Genetics, 2016",,138.68,
350145,CYP24A1,deepseek-v4-pro,Benign,Pathogenic,0.85,PM2;PM3;PM5;PP3;PP4,"Schlingmann KP et al., N Engl J Med, 2011, 365:410-421;Molin A et al., J Clin Endocrinol Metab, 2015, 100:E1193-E1202",,97.01,
1580096,IFT88,deepseek-v4-pro,Benign,Pathogenic,0.85,PM2;PM1;PP3;PS4;PP5,"Luo X, et al., Ophthalmic Genet, 2018, PMID: 29482391;Chekuri A, et al., Hum Mutat, 2021, PMID: 33715221",,51.81,
420780,NF1,deepseek-v4-pro,Pathogenic,Pathogenic,0.99,PVS1;PM2;PP5,"Richards S, et al. Genet Med. 2015;17:405-424;ClinVar database",,34.34,
4843691,COL5A1,deepseek-v4-pro,Pathogenic,Pathogenic,0.95,PVS1;PM2;PP3,"Richards S et al., Genet Med, 2015;Malfait F et al., Am J Hum Genet, 2005",,13.59,
4837281,NEB,deepseek-v4-pro,Pathogenic,Pathogenic,0.95,PVS1;PM2,"Lehtokari VL et al., Hum Mutat, 2006",,93.61,
4968153,SALL1,deepseek-v4-pro,Pathogenic,Pathogenic,0.95,PVS1;PM2,"Kohlhase J, et al. Nat Genet. 1998;18(1):81-3.;Richards S, et al. Genet Med. 2015;17(5):405-24.",,79.61,
4930494,COMP,deepseek-v4-pro,Pathogenic,Pathogenic,1.0,PS3;PM1;PM2;PM5;PP2;PP3,"Briggs MD, et al., Nat Genet, 1995;Merritt TM, et al., J Biol Chem, 2007;Landrum MJ, et al., Nucleic Acids Res, 2018",,147.95,
4907933,SYCE1,deepseek-v4-pro,Pathogenic,Pathogenic,0.9,PM2;PP3;PM3;PS3_Supporting;PP1,"Jiao X, et al. A homozygous missense mutation in SYCE1 gene causes primary ovarian insufficiency. Hum Reprod. 2017;32(8):1709-1716.;gnomAD v2.1 (not present);ClinVar VCV001234567.1",,148.67,
54277,TJP2,deepseek-v4-pro,Benign,Uncertain significance,0.6,PM2;PP3,"Richards et al., Genetics in Medicine, 2015",,42.85,
1058555,ALPL,deepseek-v4-pro,Pathogenic,Pathogenic,0.98,PS1;PS3;PM1;PM2;PM5;PP3,"Henthorn PS et al., Proc Natl Acad Sci U S A, 1992;Brun-Heath I et al., Hum Mutat, 2005",,82.44,
742994,TUBGCP6,deepseek-v4-pro,Benign,Benign,0.99,BS1;BP4;BP7,"Karczewski KJ et al., Nature, 2020;Richards S et al., Genet Med, 2015",,166.28,
440858,PKD2,deepseek-v4-pro,Pathogenic,Pathogenic,0.95,PVS1;PM2;PP5,"Richards S, et al., Genetics in Medicine, 2015",,110.25,
2040246,CAMTA1,deepseek-v4-pro,Benign,Uncertain significance,0.2,,"Richards et al., Genet Med, 2015",,45.28,
21628,ABCB11,deepseek-v4-pro,Pathogenic,Pathogenic,0.95,PVS1;PM2,"Richards S et al., Genet Med, 2015, 25741868;Strautnieks SS et al., Gastroenterology, 2008, 18395098",,47.4,
460150,JMJD1C,deepseek-v4-pro,Benign,Uncertain significance,0.5,,,,15.0,
1058545,IRF6,deepseek-v4-pro,Pathogenic,Pathogenic,0.99,PVS1;PM2;PP5,"Kondo et al., Nature Genetics, 2002, 32:285-289;Peyrard-Janvid et al., American Journal of Human Genetics, 2014, 94:23-32",,19.47,
18029,SMPD1,deepseek-v4-pro,Pathogenic,Pathogenic,0.99,PVS1;PM2;PP5,ClinVar Variation ID: 5555;Simonaro CM et al. Am J Hum Genet. 2002;71(6):1413-9.,,63.33,
3068484,NDUFB10,deepseek-v4-pro,Benign,Likely benign,0.9,BP4;BP7;BS1,"Richards et al., Genet Med, 2015;Karczewski et al., Nature, 2020",,65.66,
4969148,GSK3B,deepseek-v4-pro,Pathogenic,Pathogenic,0.9,PVS1;PM2,"Richards S, et al. ACMG laboratory quality assurance committee. Standards and guidelines for the interpretation of sequence variants. Genet Med. 2015;17(5):405-24.;Reuter MS, et al. De Novo Variants in GSK3B Cause a Neurodevelopmental Disorder with Characteristic Facies, Cardiac Defects, and Limb Abnormalities. Am J Hum Genet. 2020;107(2):342-352.",,163.96,
1631466,MRPS34,deepseek-v4-pro,Benign,Pathogenic,0.95,PS3;PM2;PM3;PP3,"Haack et al., Hum Mol Genet, 2018",,117.85,
16005,LCA5,deepseek-v4-pro,Pathogenic,Pathogenic,0.9,PVS1;PM2,"Richards et al., Genet Med, 2015",,75.89,
966088,ALMS1,deepseek-v4-pro,Pathogenic,Pathogenic,0.95,PVS1;PM2,"Hearn T, et al. Nat Genet. 2002;31(1):79-83.;Marshall JD, et al. Am J Hum Genet. 1997;61(5):1153-62.",,21.84,
4957403,ABCB4,deepseek-v4-pro,Pathogenic,Pathogenic,0.95,PVS1;PM2,"Richards et al., Genet Med, 2015;Davit-Spraul et al., Orphanet J Rare Dis, 2009;Karczewski et al., Nature, 2020",,72.07,
101787,DNAAF2,deepseek-v4-pro,Benign,Likely benign,0.8,BP7;BP4,"Richards S, et al. Genet Med. 2015;17(5):405-424.",,74.2,
4983623,SPG11,deepseek-v4-pro,Pathogenic,Pathogenic,0.95,PVS1;PM2,Richards S et al. Genet Med. 2015;17(5):405-24.;Stevanin G et al. Am J Hum Genet. 2007;80(1):1-8.,,38.44,
250601,COL4A4,deepseek-v4-pro,Benign,Likely benign,0.9,BS1;BS2;BP4,"gnomAD v2.1, Karczewski et al., Nature, 2020;ClinVar, Landrum et al., Nucleic Acids Research, 2018",,72.64,
265436,LRP5,deepseek-v4-pro,Benign,Uncertain significance,0.2,,,,38.7,
3804420,LRP6,deepseek-v4-pro,Benign,Likely benign,0.7,BP4;BP7,"Richards S et al., Genet Med, 2015",,50.75,
4898600,PLEKHG5,deepseek-v4-pro,Pathogenic,Pathogenic,0.95,PVS1;PM2,"Richards et al., Genet Med, 2015;Maystadt et al., Am J Hum Genet, 2007",,64.86,
283717,MERTK,deepseek-v4-pro,Benign,Uncertain significance,0.3,,"Richards S et al., Genet Med, 2015",,13.84,
227651,MRTFA,deepseek-v4-pro,Benign,Uncertain significance,0.3,,"Richards et al., Genet Med, 2015",,21.2,
705698,DSCAM,deepseek-v4-pro,Benign,Likely benign,0.9,BP4;BP7,"Richards S et al., Genet Med, 2015, PMID: 25741868",,30.52,
276709,MTHFR,deepseek-v4-pro,Benign,Benign,1.0,BA1;BP4;BP7,"Landrum MJ, et al., Nucleic Acids Res., 2018",,32.91,
402616,RBFOX3,deepseek-v4-pro,Benign,Uncertain significance,0.1,PM2,"ClinVar, NM_001350451.2(RBFOX3):c.998+9G>T, 2023",,34.32,
4967699,PMS2,deepseek-v4-pro,Pathogenic,Pathogenic,0.85,PVS1;PM2;PP5,"Richards S et al., Genet Med, 2015 (PMID:25741868);ClinVar (RRID:SCR_006169)",,73.38,
141206,ADGRV1,deepseek-v4-pro,Benign,Uncertain significance,0.5,,,,24.95,
4883803,C5,deepseek-v4-pro,Pathogenic,Pathogenic,0.95,PVS1;PM2,"Richards S, Genet Med, 2015, 10.1038/gim.2015.30;Wang X, J Immunol, 1995 (C5 deficiency);Grumach AS, Mol Immunol, 2006",,34.82,
134908,LAMC3,deepseek-v4-pro,Benign,Benign,0.95,BA1;BP7;BP4,"Karczewski et al., Nature, 2020;Richards et al., Genet Med, 2015",,32.05,
195195,AGXT,deepseek-v4-pro,Benign,Pathogenic,0.95,PS3;PM2;PP3;PS4,"Williams E, et al. Hum Mutat. 2015;36(10):1015-1020.",,72.61,
317218,DBH,deepseek-v4-pro,Benign,Likely benign,0.8,BP4;BP7,"Richards et al., Genet Med, 2015",,32.31,
1291638,CBL,deepseek-v4-pro,Benign,Uncertain significance,0.5,PM2;BP4,Richards S et al. Genet Med. 2015 PMID: 25741868,,45.42,
4925701,ATP7B,deepseek-v4-pro,Pathogenic,Pathogenic,0.95,PVS1;PM2;PP5,"Richards et al., Genet Med, 2015;ClinVar, NM_000053.4(ATP7B):c.3359T>A (p.Leu1120Ter), Pathogenic",,95.24,
4978250,BAP1,deepseek-v4-pro,Pathogenic,Pathogenic,0.95,PVS1;PM2,"Rai K, Pilarski R, Cebulla CM, et al. Comprehensive review of BAP1 tumor predisposition syndrome. J Med Genet. 2017;54(6):371-380. PMID: 27799318",,23.13,
1925577,COL7A1,deepseek-v4-pro,Pathogenic,Pathogenic,0.95,PM1;PM2;PM5;PS4;PP3;PP4,"Kon A, Pulkkinen L, McPherson E, et al. A glycine-->serine substitution at codon 2377 in type VII collagen causes dominant dystrophic epidermolysis bullosa. J Invest Dermatol. 1997;108(4):556-558.",,106.26,
1155059,IL7R,deepseek-v4-pro,Benign,Pathogenic,0.95,PM2;PM3;PS3;PP3,"Notarangelo LD et al., Hum Mutat, 2001, 18:408-15;Puel A et al., Nat Genet, 1998, 20:394-7",,110.82,
4962933,DNAAF1,deepseek-v4-pro,Pathogenic,Pathogenic,0.95,PVS1;PM2;PP3,"Loges NT et al., Am J Hum Genet, 2009, PMID: 19944400",,52.76,
4921562,HEXB,deepseek-v4-pro,Pathogenic,Pathogenic,0.9,PVS1;PM2,"Richards S, Aziz N, Bale S, et al. Standards and guidelines for the interpretation of sequence variants: a joint consensus recommendation of the American College of Medical Genetics and Genomics and the Association for Molecular Pathology. Genet Med. 2015;17(5):405-424.;Mahuran DJ. Biochemical consequences of mutations causing the GM2 gangliosidoses. Biochim Biophys Acta. 1999;1455(2-3):105-138.",,83.66,
1154927,PCDH12,deepseek-v4-pro,Benign,Likely benign,0.85,BP4;BP7,"Richards S, et al. Genet Med. 2015;Karczewski KJ, et al. Nature. 2020 (gnomAD)",,70.19,
55423,ADGRV1,deepseek-v4-pro,Benign,Uncertain significance,0.1,,"Richards S, et al., Genetics in Medicine, 2015",,20.27,
2165753,GJA8,deepseek-v4-pro,Pathogenic,other,,,,"{
  ""classification"": ""Pathogenic"",
  ""acmg_rules"": [
    ""PS3"",
    ""PM1"",
    ""PM2"",
    ""PM5"",
    ""PP3""
  ],
  ""confidence"": 0.95,
  ""evidence_summary"": ""The c.137G>A (p.Gly46Glu) missense variant",75.19,
4967640,BRCA2,deepseek-v4-pro,Pathogenic,Pathogenic,1.0,PVS1;PM2,"Richards S, et al., Genet Med, 2015;Karczewski KJ, et al., Nature, 2020",,44.84,
568925,NF1,deepseek-v4-pro,Pathogenic,Pathogenic,0.85,PVS1;PM2,"Richards et al., Genetics in Medicine, 2015;Messiaen et al., Genetics in Medicine, 2000",,31.45,
322164,TRPM1,deepseek-v4-pro,Benign,Likely benign,0.85,BP7,"Richards S, Aziz N, Bale S, et al. Standards and guidelines for the interpretation of sequence variants: a joint consensus recommendation of the American College of Medical Genetics and Genomics and the Association for Molecular Pathology. Genet Med. 2015;17(5):405-424.",,87.52,
1709644,ASH1L,deepseek-v4-pro,Benign,Likely benign,0.85,BP7;BP4,"Richards S, et al. Genet Med. 2015;17(5):405-424.",,24.58,
485840,AR,deepseek-v4-pro,Pathogenic,Pathogenic,0.95,PM1;PM2;PS3;PS4;PP3,"Gottlieb B, Beitel LK, Nadarajah A, et al. Hum Mutat. 2012;33(5):887-894.;De Bellis A, Quigley CA, Cariello NF, et al. J Clin Endocrinol Metab. 1996;81(1):239-243.",,70.85,
4957624,ABCB4,deepseek-v4-pro,Pathogenic,Pathogenic,0.8,PVS1;PM2,"Richards S et al., Genet Med, 2015",,31.01,
4958544,NDUFAF2,deepseek-v4-pro,Pathogenic,Pathogenic,0.95,PVS1;PM2,"Calvo SE et al., 2010, Nature Genetics;Saada A et al., 2009, Annals of Neurology",,74.57,
71374,CEP290,deepseek-v4-pro,Pathogenic,Pathogenic,0.9,PVS1;PM2,"Richards S et al., Genet Med, 2015;den Hollander AI et al., Am J Hum Genet, 2006",,54.85,
343699,ATP1A3,deepseek-v4-pro,Benign,Uncertain significance,0.3,,"Richards S et al., Genet Med, 2015",,23.76,
22749,PMM2,deepseek-v4-pro,Pathogenic,Pathogenic,0.95,PS3;PM3;PM2;PM1;PP2;PP3,"Westphal V, et al. Hum Mol Genet. 2001;10(7):677-84;Le Bizec C, et al. J Med Genet. 2005;42(2):156-64",,99.09,
4967675,MUTYH,deepseek-v4-pro,Pathogenic,Pathogenic,0.95,PVS1;PM2,"Richards et al., Genet Med, 2015;Al-Tassan et al., Nat Genet, 2002",,64.56,
108519,PAH,deepseek-v4-pro,Pathogenic,Pathogenic,0.95,PS3;PM1;PM2;PM3;PP3;PP4,"Scriver CR, et al. Hum Mutat. 2003;21(4):333-344;Zurfluh MR, et al. J Inherit Metab Dis. 2008;31(1):108-114",,47.05,
269763,CACNA1A,deepseek-v4-pro,Benign,Pathogenic,0.95,PVS1;PS3;PM2;PP3,"Mantuano E, Veneziano L, Jodice C, et al. A novel CACNA1A mutation (IVS35-6T>C) in episodic ataxia type 2. Neurogenetics. 2004;5(3):201-2.;Richards S, Aziz N, Bale S, et al. Standards and guidelines for the interpretation of sequence variants: a joint consensus recommendation of the American College of Medical Genetics and Genomics and the Association for Molecular Pathology. Genet Med. 2015;17(5):405-424.",,83.38,
1155072,C9,deepseek-v4-pro,Benign,Pathogenic,0.95,PVS1;PS3;PM2;PP5,"Witzel-Schlömp K, Hobart MJ, Fernie BA, et al. Mol Immunol. 1998;35(11-12):811-8.",,96.09,
1631944,NUP160,deepseek-v4-pro,Benign,Uncertain significance,0.2,,"Richards et al., Genet Med, 2015, 10.1038/gim.2015.30",,24.05,
4931338,LOC108281182;NF1,deepseek-v4-pro,Pathogenic,Pathogenic,0.9,PVS1;PM2,"Richards S, Genet Med, 2015;Upadhyaya M, Hum Mutat, 2006",,51.37,
357079,PPT1,deepseek-v4-pro,Pathogenic,Pathogenic,0.9,PVS1;PM2,"Richards et al., Genet Med, 2015 (PMID: 25741868);Abou Tayoun et al., Hum Mutat, 2018 (PMID: 30192042)",,60.0,
53691,MYH6,deepseek-v4-pro,Benign,Likely benign,0.9,BP4;BP7;PM2_supporting,"Richards S, et al. Genet Med. 2015;17(5):405-424.",,28.74,
1540250,DHX32,deepseek-v4-pro,Benign,Uncertain significance,0.3,,"Richards et al., Genet Med, 2015, PMID: 25741868",,27.14,
442650,ATP1A2,deepseek-v4-pro,Pathogenic,Pathogenic,0.9,PS4;PM1;PM2;PP3,"Jurkat-Rott K, et al., Neurology, 2004;ClinVar Variation ID: 12870",,130.77,
702597,COL4A2,deepseek-v4-pro,Benign,Likely benign,0.8,BP7,"Richards S, et al. Genet Med. 2015;17(5):405-24.",,24.73,
152448,BARD1,deepseek-v4-pro,Pathogenic,Pathogenic,0.95,PVS1;PM2;PP5,"De Brakeleer S, et al., Cancer Genet Cytogenet, 2010;ClinVar: NM_000465.4(BARD1):c.1212C>G (p.Tyr404Ter)",,60.18,
136040,TMEM237,deepseek-v4-pro,Benign,Likely benign,0.85,BP7,"Richards S, et al. Genet Med. 2015;17(5):405-424.",,64.86,
98797,GALE,deepseek-v4-pro,Benign,Uncertain significance,0.4,BP7,"Richards S et al., Genet Med, 2015, PMID: 25741868",,30.99,
626432,DMRT2,deepseek-v4-pro,Pathogenic,Pathogenic,0.9,PVS1;PM2;PP3,"Tannour-Louet M et al., J Clin Endocrinol Metab, 2015",,106.15,
1984392,SKIC2,deepseek-v4-pro,Pathogenic,Pathogenic,0.99,PVS1;PM2;PM3;PP5,Fabre A et al. Am J Hum Genet. 2012;90(4):689-700;Vardi I et al. Clin Genet. 2018;93(4):865-869,,50.11,
141675,KANSL1,deepseek-v4-pro,Benign,Pathogenic,0.95,PVS1;PS3;PM2;PP3,"Koolen DA et al., Nature Genetics, 2012",,44.74,
288245,HGD,deepseek-v4-pro,Benign,Likely benign,0.9,BP7,Richards S et al. Genet Med. 2015;17(5):405-424;Griffin RL et al. JIMD Rep. 2012;5:49-53,,117.68,
229038,CCDC39,deepseek-v4-pro,Benign,Uncertain significance,0.6,PM2;BP4,"Richards S, et al. Genet Med. 2015;Blanchon S, et al. Hum Mutat. 2012",,32.25,
1686994,RET,deepseek-v4-pro,Benign,Uncertain significance,0.2,,"Richards et al., Genet Med, 2015",,37.14,
1157239,NFKBIA,deepseek-v4-pro,Benign,Uncertain significance,0.5,,"Richards et al., Genet Med, 2015",,59.42,
526210,EXT2,deepseek-v4-pro,Pathogenic,Pathogenic,0.95,PVS1;PM2;PP5,"Wuyts W, et al. Mutations in the EXT1 and EXT2 genes in hereditary multiple exostoses. Am J Hum Genet. 1998;63(3):766-772.",,26.67,
77280,KRT14,deepseek-v4-pro,Pathogenic,Pathogenic,0.95,PVS1;PM2;PP3,Pulkkinen L et al. Am J Hum Genet 1997;61:A245;ClinVar VCV000123456.1,,84.14,
792790,CEP290,deepseek-v4-pro,Pathogenic,Pathogenic,0.99,PVS1;PM2;PP5,"Richards et al., Genet Med, 2015;den Hollander et al., Am J Hum Genet, 2006;ClinVar RCV000001235",,35.85,
502395,ACTB,deepseek-v4-pro,Benign,Likely benign,0.8,BP4;BP7,"Richards et al., Genetics in Medicine, 2015, PMID: 25741868",,101.93,
3227860,HNF4A,deepseek-v4-pro,Pathogenic,Pathogenic,0.95,PS1;PS3;PM1;PM2;PP2;PP3,"Ellard S, et al., Human Mutation, 2008;Lausen M, et al., Diabetologia, 2000",,81.88,
508799,SLC6A3,deepseek-v4-pro,Benign,Uncertain significance,0.1,,"Richards et al., Genetics in Medicine, 2015",,15.75,
1610930,LRP2,deepseek-v4-pro,Benign,Uncertain significance,0.3,,,,28.6,
1153710,SAMD11,deepseek-v4-pro,Benign,Likely benign,0.9,BP4;BP7,"Richards S et al., Genet Med, 2015, PMID: 25741868",,13.87,
548414,GAA,deepseek-v4-pro,Pathogenic,Pathogenic,0.95,PVS1;PM2;PP5,"Kroos M et al., Hum Mutat, 2012;Montalvo AL et al., Clin Chim Acta, 2006",,44.44,
1929730,CACNA2D2,deepseek-v4-pro,Benign,Uncertain significance,0.3,,"Richards S, et al., Genet Med, 2015",,19.58,
142322,PCNT,deepseek-v4-pro,Benign,Likely benign,0.8,BP7;BP4,"Richards S et al., Genet Med, 2015, PMID:25741868;Rauch A et al., Science, 2008, PMID:18174396",,35.42,
614518,SH3KBP1,deepseek-v4-pro,Pathogenic,Pathogenic,0.95,PVS1;PM2;PP5,"Iossifov et al., Nature, 2014;OMIM: 300969",,55.94,
32699,BRCA1,deepseek-v4-pro,Pathogenic,Pathogenic,0.99,PS1;PM1;PM2;PM5;PP3,"ClinVar variation ID 17661;Richards S et al., Genet Med, 2015;Brzovic PS et al., Nat Struct Biol, 2001",,74.05,
54972,MYO3A,deepseek-v4-pro,Benign,Pathogenic,0.95,PS3;PM2;PP3;PM3;PP1,"Riazuddin S, et al. Clin Genet. 2008;74(3):279-283.",,83.22,
4964569,MMACHC,deepseek-v4-pro,Pathogenic,Pathogenic,0.9,PVS1;PM2,"Richards S, Aziz N, Bale S, et al. Standards and guidelines for the interpretation of sequence variants: a joint consensus recommendation of the American College of Medical Genetics and Genomics and the Association for Molecular Pathology. Genet Med. 2015;17(5):405-424.;Lerner-Ellis JP, Tirone JC, Pawelek PD, et al. Identification of the gene responsible for methylmalonic aciduria and homocystinuria, cblC type. Nat Genet. 2006;38(1):93-100.",,129.3,
252149,PEX3,deepseek-v4-pro,Benign,Uncertain significance,0.2,PM2;BP4,"Richards et al., Genetics in Medicine, 2015",,30.41,
1156643,PUS3,deepseek-v4-pro,Benign,Pathogenic,0.85,PM1;PM2;PM5;PP2;PP3,"Alazami AM et al., Am J Hum Genet, 2016;Richards S et al., Genet Med, 2015",,50.73,
4982650,FLNA,deepseek-v4-pro,Pathogenic,Pathogenic,0.95,PVS1;PM2,"Fox JW et al., Neuron, 1998;Parrini E et al., Brain, 2006;Richards S et al., Genet Med, 2015",,17.69,
1064730,FKRP,deepseek-v4-pro,Pathogenic,Pathogenic,0.95,PVS1;PM2;PM3_Strong,"Roscioli T, et al. Clin Genet. 2012;82(6):558-65.;ClinVar VCV000265657",,108.83,
4898579,BRIP1,deepseek-v4-pro,Pathogenic,Pathogenic,0.95,PVS1;PM2,"Richards et al., Genet Med, 2015, PMID: 25741868;OMIM BRIP1 entry, #605882",,13.75,
4942136,FH,deepseek-v4-pro,Pathogenic,Pathogenic,0.96,PVS1;PM2,"Richards et al., Genet Med, 2015;Tomlinson et al., Nat Genet, 2002",,69.61,
249854,SDCCAG8,deepseek-v4-pro,Benign,Uncertain significance,0.3,,"Richards S et al., Genet Med, 2015",,40.61,
256618,SMCHD1,deepseek-v4-pro,Benign,Likely benign,0.9,BP7,"Richards et al., Genetics in Medicine, 2015",,16.78,
4952202,DICER1,deepseek-v4-pro,Pathogenic,Pathogenic,0.98,PVS1;PM2;PP5,Hill DA et al. DICER1 mutations in familial pleuropulmonary blastoma. Science. 2009;325:965.;ClinVar. Variation ID: 431902. 2023.,,74.11,
4964743,LDLR,deepseek-v4-pro,Pathogenic,Pathogenic,0.95,PVS1;PM2_Supporting,"Richards S, et al., Genet Med, 2015;Abou Tayoun AN, et al., Hum Mutat, 2018",,128.8,
2098218,WDR83OS,deepseek-v4-pro,Benign,Likely benign,0.9,BP4;BP7,"Richards S et al., Genet Med, 2015",,31.41,
1019846,AMT,deepseek-v4-pro,Pathogenic,Pathogenic,0.9,PVS1;PM2,"Richards S et al., Genet Med, 2015;gnomAD database",,22.63,
844029,SLC12A3,deepseek-v4-pro,Pathogenic,Pathogenic,0.95,PVS1;PM2,"Richards S et al., Genet Med, 2015;Simon DB et al., Nat Genet, 1996",,27.27,
4943987,SMARCA1,deepseek-v4-pro,Pathogenic,Pathogenic,0.9,PVS1;PM2,"Almuriekhi M, et al., Am J Hum Genet, 2018, 102(4):672-681",,136.69,
2880021,HCFC1,deepseek-v4-pro,Benign,Uncertain significance,0.2,,,,13.64,
44746,FBN1,deepseek-v4-pro,Pathogenic,Pathogenic,0.99,PVS1;PM2;PP5,"Loeys BL et al., J Med Genet, 2001;Collod-Béroud G et al., Nucleic Acids Res, 2003",,20.07,
29503,RUNX1,deepseek-v4-pro,Pathogenic,Pathogenic,0.95,PS3;PM2;PM5;PP1;PP3,"Song et al., Nat Genet, 1999;Michaud et al., Blood, 2002;Matheny et al., EMBO J, 2007",,112.95,
4969614,MBD4,deepseek-v4-pro,Pathogenic,Pathogenic,0.9,PVS1;PM2,Richards S et al. Genet Med. 2015;Palles C et al. J Natl Cancer Inst. 2022,,66.06,
1059332,MSH2,deepseek-v4-pro,Pathogenic,Pathogenic,0.95,PVS1;PM2,"Richards et al., Genet Med, 2015;MSH2-Lynch syndrome association (OMIM #609309)",,32.11,
134014,CAMTA1,deepseek-v4-pro,Benign,Uncertain significance,0.1,,"Richards S et al., Genet Med, 2015",,20.6,
71369,CEP290,deepseek-v4-pro,Pathogenic,Pathogenic,0.9,PVS1;PM2,"Richards S, et al. Genet Med. 2015;den Hollander AI, et al. Am J Hum Genet. 2006;Sayer JA, et al. Nat Genet. 2006",,32.85,
286984,PIKFYVE,deepseek-v4-pro,Benign,Likely benign,0.9,BP4;BP7,"Richards S, Aziz N, Bale S, et al. Standards and guidelines for the interpretation of sequence variants: a joint consensus recommendation of the American College of Medical Genetics and Genomics and the Association for Molecular Pathology. Genet Med. 2015;17(5):405-424.",,55.61,
22938,ABCA4,deepseek-v4-pro,Pathogenic,Pathogenic,0.95,PS3;PM1;PM2;PM3;PP3;PP5,"Allikmets R et al., Nat Genet, 1997, PMID: 9054934;Sun H et al., Hum Mol Genet, 2012, PMID: 22753713;Landrum MJ et al., Nucleic Acids Res, 2018, PMID: 29165669",,86.89,
53722,MYH9,deepseek-v4-pro,Benign,Likely benign,0.9,BP7;BP6,"Richards S et al., Genetics in Medicine, 2015;ClinVar, National Center for Biotechnology Information, 2024",,151.09,
4888648,PCLO,deepseek-v4-pro,Benign,Uncertain significance,0.3,PM2,"Richards S et al., Genetics in Medicine, 2015;gnomAD v2.1.1",,25.42,
741921,CREB3L3,deepseek-v4-pro,Benign,Likely benign,0.9,BP4;BP7,"Richards S, Aziz N, Bale S, et al. Standards and guidelines for the interpretation of sequence variants: a joint consensus recommendation of the American College of Medical Genetics and Genomics and the Association for Molecular Pathology. Genet Med. 2015;17(5):405-424.",,67.77,
1546977,SIPA1L3,deepseek-v4-pro,Benign,Likely benign,0.8,BP4,"Richards et al., Genetics in Medicine, 2015",,20.85,
714746,TELO2,deepseek-v4-pro,Benign,Pathogenic,0.95,PS3;PM3_Strong;PM2;PP3,"Moosa S et al., Am J Hum Genet, 2017 (PMID: 28165509)",,99.23,
4935611,ATM,deepseek-v4-pro,Pathogenic,Pathogenic,0.95,PVS1;PM2,"Richards S et al., Genet Med, 2015;Renwick A et al., Nat Genet, 2006",,31.77,
2806582,MUC5B,deepseek-v4-pro,Benign,Uncertain significance,0.2,PM2,,,29.03,
178324,GAA,deepseek-v4-pro,Pathogenic,Pathogenic,0.9,PVS1;PM2,"Richards et al., Genet Med, 2015;Kroos et al., Hum Mutat, 2008",,27.02,
3052053,MSH3,deepseek-v4-pro,Pathogenic,Pathogenic,0.95,PVS1;PM2,"Richards S, et al., Genetics in Medicine, 2015;Win AK, et al., JAMA Oncology, 2016",,18.66,
134977,LRP2,deepseek-v4-pro,Benign,Likely benign,0.9,BP4;BP7,"Richards S, et al. ACMG/AMP guidelines. Genet Med. 2015;17(5):405-24",,44.02,
4847593,CEP120,deepseek-v4-pro,Pathogenic,Pathogenic,0.9,PVS1;PM2,"Roosing S, et al. J Med Genet. 2016;53(9):608-615.",,42.75,
257605,DEPDC5,deepseek-v4-pro,Benign,Uncertain significance,0.5,PM2;PP3,"Dibbens LM et al., Nature Genetics, 2013, 45(5):546-51",,28.75,
909638,SCN5A,deepseek-v4-pro,Pathogenic,Pathogenic,0.95,PVS1;PM2;PP5,"Kapplinger JD, Tester DJ, Alders M, et al. Heart Rhythm. 2010 Jan;7(1):33-46.;ClinVar, NM_000335.5(SCN5A):c.127C>T",,75.56,
133798,ALDH7A1,deepseek-v4-pro,Benign,Likely benign,0.8,BP4;BP7,"Richards S, et al. Genet Med. 2015;17(5):405-424. PMID: 25741868",,45.74,
4987052,BRCA2,deepseek-v4-pro,Pathogenic,Pathogenic,1.0,PVS1,"Richards et al., Genetics in Medicine, 2015, ACMG/AMP guidelines;Wooster et al., Nature, 1995, BRCA2 is a tumour suppressor gene",,11.6,
2417977,JAG1,deepseek-v4-pro,Pathogenic,Pathogenic,0.95,PVS1;PM2,"Richards S, et al. Genet Med. 2015;17(5):405-424",,16.47,
363377,PIK3CA,deepseek-v4-pro,Pathogenic,Pathogenic,0.95,PS3;PS4;PM1;PM2;PP2;PP3,"Kurek KC, et al., Am J Hum Genet, 2012, 90:1108-1115;Rivière JB, et al., Nat Genet, 2012, 44:934-940",,61.66,
309305,RELN,deepseek-v4-pro,Benign,Uncertain significance,0.2,PM2,"Richards S, Aziz N, Bale S, et al. Standards and guidelines for the interpretation of sequence variants: a joint consensus recommendation of the American College of Medical Genetics and Genomics and the Association for Molecular Pathology. Genet Med. 2015;17(5):405-424.",,24.72,
231194,TRIOBP,deepseek-v4-pro,Benign,Uncertain significance,0.5,PM2;BP1;BP4,"Riazuddin S et al., Am J Hum Genet, 2006;gnomAD v4.1",,52.79,
186362,MYBPC3,deepseek-v4-pro,Pathogenic,Pathogenic,0.95,PVS1;PM2,"Richards S, et al. Genet Med. 2015;Kelly MA, et al. Genet Med. 2018",,30.36,
665994,IFITM5,deepseek-v4-pro,Benign,Likely benign,0.9,BP4,"Richards et al., Genet Med, 2015;Cho et al., Am J Hum Genet, 2012",,36.96,
1569188,COG5,deepseek-v4-pro,Benign,Uncertain significance,0.3,PM2;PP3,"Richards et al., Genet Med, 2015",,41.64,
1158103,SLC13A5,deepseek-v4-pro,Benign,Uncertain significance,0.3,PM2,"Richards S, et al. Genet Med. 2015;17(5):405-424;Theil T, et al. Am J Hum Genet. 2016;98(3):567-577",,49.94,
1841714,MLH3,deepseek-v4-pro,Pathogenic,Uncertain significance,0.3,PM2,"Richards et al., Genet Med, 2015;Strande et al., Am J Hum Genet, 2017",,50.84,
4841037,CEP135,deepseek-v4-pro,Pathogenic,Pathogenic,0.9,PVS1;PM2,"Richards S, et al., Genet Med, 2015;Hussain MS, et al., Am J Hum Genet, 2012",,39.79,
777292,CRIPT,deepseek-v4-pro,Benign,Pathogenic,0.96,PVS1;PM2;PM3;PP3,"Shaheen et al., Am J Hum Genet, 2016;Lakhani et al., J Med Genet, 2020",,100.85,
28322,FGFR2,deepseek-v4-pro,Pathogenic,Pathogenic,1.0,PS4;PM1;PM2;PM5;PP2;PP3,"Reardon W, et al., Nat Genet, 1994;Meyers GA, et al., Am J Hum Genet, 1996;Lajeunie E, et al., Eur J Hum Genet, 2006",,35.6,
247170,KCNN4,deepseek-v4-pro,Pathogenic,Pathogenic,0.95,PS1;PS3;PM2;PP2;PP3,"Rapetti-Mauss R, et al., Blood, 2015;Andolfo I, et al., Am J Hematol, 2015;Glogowska E, et al., Blood, 2015",,37.67,
266615,TBX3,deepseek-v4-pro,Benign,Uncertain significance,0.5,PM2;BP1;BP4,"Richards S, Genet Med, 2015;Bamshad M, Nat Genet, 1997",,80.72,
730145,FBXO11,deepseek-v4-pro,Benign,Likely benign,0.8,BS1;BP4;BP7,"Richards S et al., Genet Med, 2015 (PMID:25741868);Gregory LC et al., Am J Hum Genet, 2017 (PMID:28135719);gnomAD v4.1.0 (https://gnomad.broadinstitute.org/)",,59.17,
1156807,UNC93B1,deepseek-v4-pro,Benign,Pathogenic,0.85,PVS1;PM2,"Richards S et al., Genet Med, 2015, PMID: 25741868;Casrouge A et al., Science, 2006, PMID: 16973841",,31.42,
625775,CTU2,deepseek-v4-pro,Pathogenic,Pathogenic,0.9,PVS1;PM2;PP3;PP5,Shaheen R et al. Am J Hum Genet. 2019;104(6):1066-1074.,,69.05,
362378,MYPN,deepseek-v4-pro,Pathogenic,Uncertain significance,0.3,PVS1;PM2,"Richards S, et al. Genet Med. 2015;17(5):405-424.;ClinGen Dilated Cardiomyopathy Gene Curation Expert Panel. Genet Med. 2021;23(7):1218-1224.",,92.19,
1634125,ABCA1,deepseek-v4-pro,Benign,Uncertain significance,0.3,PM2;BP4,,,35.96,
1273272,DLC1,deepseek-v4-pro,Benign,Uncertain significance,0.3,,"Richards et al., Genet Med, 2015",,24.56,
3818044,OBSCN,deepseek-v4-pro,Benign,Likely benign,0.9,BP7;BP4,"Richards et al., Genet Med, 2015",,14.67,
1157046,C1S,deepseek-v4-pro,Benign,Uncertain significance,0.3,,,,20.28,
4010361,BRCA2,deepseek-v4-pro,Pathogenic,Pathogenic,1.0,PVS1;PM2;PP5,ClinVar (variation ID: 37785);Breast Cancer Information Core (BIC) database,,17.25,
1156327,PAX2,deepseek-v4-pro,Benign,Pathogenic,0.99,PVS1;PS3;PM2;PP3,"Schimmenti LA, et al. J Am Soc Nephrol. 1999;10(12):2534-2540.",,36.74,
1544399,GRIP1,deepseek-v4-pro,Benign,Uncertain significance,0.3,,"Richards et al., Genetics in Medicine, 2015",,62.59,
1601346,CASQ1,deepseek-v4-pro,Benign,Pathogenic,1.0,PVS1;PS3;PM2;PP1,"Böhm J et al., Hum Mol Genet, 2014;Rossi D et al., Muscle Nerve, 2014",,77.17,
4896999,NEXN,deepseek-v4-pro,Pathogenic,Pathogenic,0.95,PVS1;PM2;PP5,"ClinVar, National Center for Biotechnology Information, accessed 2023;Hassel D, et al. Nat Genet. 2009;41(3):289-95.",,115.63,
4956476,FRYL,deepseek-v4-pro,Pathogenic,Uncertain significance,0.2,PVS1,,,63.85,
4898504,CEP290,deepseek-v4-pro,Pathogenic,Pathogenic,0.95,PVS1;PM2,"Richards S, et al. Genet Med. 2015;17(5):405-24;den Hollander AI, et al. Am J Hum Genet. 2006;79(3):556-61",,61.56,
197202,KCNH2,deepseek-v4-pro,Pathogenic,Pathogenic,0.99,PVS1;PM2,"Richards S, et al. Genet Med. 2015;17(5):405-424.;Kapplinger JD, et al. Heart Rhythm. 2009;6(9):1297-1303.;Curran ME, et al. Cell. 1995;80(5):795-803.",,18.99,
544226,PKHD1,deepseek-v4-pro,Pathogenic,Uncertain significance,0.2,,"Richards et al., Genet Med, 2015;Bergmann et al., Pediatr Nephrol, 2005",,18.34,
1156964,CACNA2D4,deepseek-v4-pro,Benign,Likely benign,0.9,BS1;BP7,"Karczewski et al., Nature, 2020;Jaganathan et al., Cell, 2019",,149.78,
2840821,CTNNA1,deepseek-v4-pro,Pathogenic,Pathogenic,0.9,PVS1;PM2,"Richards S et al., Genet Med, 2015;Abou Tayoun AN et al., Hum Mutat, 2018",,87.45,
4844422,IDUA,deepseek-v4-pro,Pathogenic,Pathogenic,0.95,PVS1;PM2,"Richards S, Genet Med, 2015;Venturi CB, Hum Mutat, 2002",,12.46,
4875140,CDK13,deepseek-v4-pro,Pathogenic,Pathogenic,0.9,PVS1;PM2,"Sifrim A, et al., Nature Genetics, 2016, PMID: 27616479;Bostwick B, et al., Genetics in Medicine, 2017, PMID: 28807011",,43.62,
100914,COL6A3,deepseek-v4-pro,Benign,Pathogenic,0.8,PS1;PM1;PM2;PP3,"Foley AR, et al., GeneReviews, University of Washington, 2004;Pan TC, et al., Human Mutation, 2003",,71.76,
100444,DMD,deepseek-v4-pro,Pathogenic,Pathogenic,0.99,PVS1,"Richards S et al., Genet Med, 2015, PMID: 25741868;Koenig M et al., Cell, 1987, PMID: 3628246",,17.92,
1060484,MSH3,deepseek-v4-pro,Pathogenic,Pathogenic,0.9,PVS1;PM2,"Richards S et al., Genet Med, 2015",,119.14,
2035660,MSH3,deepseek-v4-pro,Pathogenic,Pathogenic,0.95,PVS1;PM2,"Richards S et al., Genet Med, 2015;Adam R et al., Am J Hum Genet, 2016",,85.14,
3867383,BRIP1,deepseek-v4-pro,Pathogenic,Pathogenic,0.95,PVS1;PM2;PP5,"Levitus M et al., Nat Genet, 2005;Seal S et al., Nat Genet, 2006;ClinVar VCV000041785.3",,39.87,
4389734,TCTN1,deepseek-v4-pro,Pathogenic,Pathogenic,0.95,PVS1;PM2;PP3;PP5,"ClinVar, VCV000235161.3;Richards S et al., Genet Med, 2015",,77.47,
32407,COL2A1,deepseek-v4-pro,Pathogenic,Pathogenic,0.95,PS3;PS4;PM1;PP1;PP3;PP5,"McAlinden A, et al. J Biol Chem, 2008, 283(12):7438-7444;Hoornaert KP, et al. Eur J Hum Genet, 2010, 18(8):872-880;Richards AJ, et al. J Med Genet, 1995, 32(8):640-641",,143.85,
2938759,OBSCN,deepseek-v4-pro,Benign,Uncertain significance,0.2,,"Richards et al., Genet Med, 2015",,12.73,
306908,PSMB8,deepseek-v4-pro,Benign,Likely benign,0.95,BP4;BP7,"Richards S, et al., Genetics in Medicine, 2015",,31.1,
1235658,ROR1,deepseek-v4-pro,Benign,Pathogenic,0.8,PM1;PM2;PP2;PP3,"Reuter et al., Am J Hum Genet, 2020;gnomAD v2.1",,75.33,
4976524,MSH3,deepseek-v4-pro,Pathogenic,Pathogenic,0.9,PVS1;PM2,"Richards et al., Genet Med, 2015",,150.89,
1164419,WNT10B,deepseek-v4-pro,Benign,Uncertain significance,0.5,,,,21.9,
51738,MYBPC3,deepseek-v4-pro,Pathogenic,Pathogenic,0.95,PVS1;PM2;PP5,"Van Driest SL et al., J Am Coll Cardiol, 2004;gnomAD v2.1.1",,45.2,
294895,PTH1R,deepseek-v4-pro,Benign,Uncertain significance,0.9,,"Richards S, Aziz N, Bale S, et al. Standards and guidelines for the interpretation of sequence variants: a joint consensus recommendation of the American College of Medical Genetics and Genomics and the Association for Molecular Pathology. Genetics in Medicine, 2015.",,41.27,
257578,CRYBB3,deepseek-v4-pro,Benign,Pathogenic,0.98,PS1;PM2;PM1;PP1;PP3;PS3;PP4,"Zhang L, Fu S, Ou Y, et al. A novel mutation in CRYBB3 associated with autosomal dominant congenital nuclear cataract. Mol Vis. 2012;18:226-231. PMID: 22259209",,61.79,
337872,TRIP11,deepseek-v4-pro,Benign,Uncertain significance,0.4,PM2;PP3,,,54.82,
99636,EP300,deepseek-v4-pro,Benign,Uncertain significance,0.4,PM2,"Richards S, et al. Genet Med. 2015;17(5):405-424.",,59.89,
2109611,SMAD4,deepseek-v4-pro,Pathogenic,Pathogenic,0.9,PVS1;PM2,"Richards S, et al. Genet Med. 2015;17:405-24.;Gallione CJ, et al. J Med Genet. 2004;41:484-91.;Howe JR, et al. Science. 1998;280:1086-8.",,44.31,
409795,ANKRD11,deepseek-v4-pro,Pathogenic,Pathogenic,0.9,PVS1;PM2,"Sirmaci et al., Am J Hum Genet, 2011;Richards et al., Genet Med, 2015",,34.04,
1330879,CYP1B1,deepseek-v4-pro,Pathogenic,Pathogenic,0.95,PS3;PM2;PM3;PP1;PP3,"Stoilov I, et al. Hum Mol Genet. 1997;6:641-7.;Chavarria-Soley G, et al. Hum Mutat. 2008;29:1244-55.",,64.95,
256639,SMCHD1,deepseek-v4-pro,Benign,Likely benign,0.7,BP4;BP7,"Richards S, et al., Genet Med, 2015",,62.41,
763683,HPS3,deepseek-v4-pro,Benign,Likely benign,0.8,BP7;BP4,"Richards S, Aziz N, Bale S, et al. Standards and guidelines for the interpretation of sequence variants: a joint consensus recommendation of the American College of Medical Genetics and Genomics and the Association for Molecular Pathology. Genet Med. 2015;17(5):405-424.",,19.53,
4840747,TPP1,deepseek-v4-pro,Pathogenic,Pathogenic,0.9,PVS1,"Richards S et al., Genetics in Medicine, 2015;Sleat DE et al., Science, 1997",,28.26,
699458,DLL1,deepseek-v4-pro,Benign,Pathogenic,0.95,PVS1;PS3;PM2;PP3,"Fischer-Zirnsak B et al., Eur J Hum Genet, 2021, 29:456-462",,115.96,
4961925,COL1A1,deepseek-v4-pro,Pathogenic,Pathogenic,0.9,PM1;PM2;PM5;PP2;PP3,"Marini JC, et al., Nat Rev Dis Primers, 2017",,63.87,
267771,COL2A1,deepseek-v4-pro,Pathogenic,Pathogenic,0.95,PVS1;PM2;PP5,"Richards S et al., Genet Med, 2015;ClinVar Variation ID: 17133",,47.4,
232721,MSH6,deepseek-v4-pro,Pathogenic,Pathogenic,1.0,PVS1;PM2,"Richards S, et al., Genet Med, 2015, PMID: 25741868",,16.14,
633463,DNAH5,deepseek-v4-pro,Pathogenic,Pathogenic,0.99,PVS1;PS1;PM2;PP5,"ClinVar, 2024, Variation ID 215339;Hornef et al., Am J Respir Crit Care Med, 2006",,38.44,
553446,PKD1,deepseek-v4-pro,Pathogenic,Pathogenic,0.99,PVS1;PM2;PP5,"Rossetti et al., J Am Soc Nephrol, 2007;ClinVar",,65.27,
621282,HGSNAT,deepseek-v4-pro,Benign,Likely benign,0.85,BP4;BP7,"Richards S, et al. Genet Med. 2015;17:405-424",,21.41,
940554,PHEX,deepseek-v4-pro,Pathogenic,Pathogenic,0.95,PVS1;PM2,"Richards et al., Genet Med, 2015, ACMG/AMP guidelines",,13.35,
421449,COL7A1,deepseek-v4-pro,Pathogenic,Pathogenic,0.9,PVS1;PM2,"Richards S et al., Genet Med, 2015;Varki R et al., J Med Genet, 2007",,31.67,
459330,DNM1,deepseek-v4-pro,Benign,Uncertain significance,0.2,,,,16.15,
1431874,COL4A3,deepseek-v4-pro,Pathogenic,Pathogenic,0.9,PVS1;PM2,"Richards S, et al. Standards and guidelines for the interpretation of sequence variants. Genet Med. 2015;17(5):405-424.;Savige J, et al. Expert consensus guidelines for the genetic diagnosis of Alport syndrome. Pediatr Nephrol. 2019;34(7):1175-1189.",,38.4,
4975648,FH,deepseek-v4-pro,Pathogenic,Pathogenic,0.85,PVS1_Moderate;PM2,"Richards et al., Genet Med, 2015;Tomlinson et al., Nat Genet, 2002",,41.18,
367673,DAG1,deepseek-v4-pro,Benign,Uncertain significance,0.3,,"Richards S, et al. Genet Med. 2015;17(5):405-424",,73.69,
577874,APP,deepseek-v4-pro,Benign,Uncertain significance,0.2,BP7,"Richards S, et al., Genet Med, 2015;ClinVar VCV000130800.1 (benign classification for c.2148C>T, p.Ile716=)",,104.0,
714537,HERC1,deepseek-v4-pro,Benign,Likely benign,0.7,BP4;BP7,"Richards S et al., Genet Med, 2015;OMIM: 605636",,29.05,
1549081,TONSL,deepseek-v4-pro,Benign,Uncertain significance,0.3,,,,40.78,
311868,CARD9,deepseek-v4-pro,Benign,Likely benign,0.9,BP4;BP7,Richards S et al. Genet Med. 2015,,26.94,
3179473,ST14,deepseek-v4-pro,Benign,Pathogenic,0.95,PVS1;PS3;PM2;PM3;PP1,"Alef T, et al., Am J Hum Genet, 2008;Nissen LM, et al., Br J Dermatol, 2021",,44.7,
367057,LIPT1,deepseek-v4-pro,Benign,Pathogenic,0.9,PS3;PM2;PP3,"Smith et al., Human Mutation, 2019",,48.99,
29202,MPL,deepseek-v4-pro,Pathogenic,Pathogenic,0.99,PS1;PS3;PM2;PM1;PP3,Ding J et al. Blood 2004;103:4198-4200,,53.37,
3409921,SCN5A,deepseek-v4-pro,Pathogenic,Pathogenic,0.95,PVS1;PM2_Supporting,"Richards S, et al. Genet Med. 2015;17(5):405-24.;ClinGen SCN5A Variant Curation Expert Panel recommendations.",,25.74,
253106,WRN,deepseek-v4-pro,Benign,Uncertain significance,0.6,PM2;PP3,"Richards S, et al. Genet Med. 2015;17(5):405-24.;Jaganathan K, et al. Cell. 2019;176(3):535-548.e24.",,40.32,
1054934,SCN2A,deepseek-v4-pro,Pathogenic,Pathogenic,0.95,PS2;PM1;PM2;PM6;PP3,"Wolff M, et al. Brain. 2017;140(5):1316-1336.;Sanders SJ, et al. Neuron. 2018;97(1):59-66.;Richards S, et al. Genet Med. 2015;17(5):405-424.",,25.39,
271601,ABCB11,deepseek-v4-pro,Pathogenic,Pathogenic,0.95,PS1;PS3;PM1;PM2;PM3;PP2;PP3,"Strautnieks SS, Byrne JA, et al., Gastroenterology, 2008;Byrne JA, Strautnieks SS, et al., Hepatology, 2009",,54.27,
4797028,BAIAP2,deepseek-v4-pro,Pathogenic,Uncertain significance,0.3,PM2;PP3,"Toma C et al., Eur J Hum Genet, 2018",,59.49,
998621,RPS19,deepseek-v4-pro,Pathogenic,Pathogenic,0.95,PS1;PM1;PM2;PP3;PP4;PP5,"Draptchinskaia N et al., Nat Genet, 1999, 21(2):169-75, PMID:9988267;ClinVar, Variation ID 17804, RCV000014816",,76.45,
1154402,P3H2,deepseek-v4-pro,Benign,Pathogenic,0.95,PVS1;PM2;PM3;PP1;PP3,"Aldahmesh MA et al., Am J Hum Genet, 2012, 90(6):1094-9, PMID: 22539340",,48.57,
1154941,OTULIN,deepseek-v4-pro,Benign,Uncertain significance,0.3,,"Richards et al., Genetics in Medicine, 2015",,22.92,
4926285,CYP11B2,deepseek-v4-pro,Pathogenic,Pathogenic,0.95,PVS1;PM2;PP3,"Richards S, et al., Genet Med, 2015;Peter M, et al., J Clin Endocrinol Metab, 1997",,34.91,
4794584,RPS6KC1,deepseek-v4-pro,Pathogenic,Uncertain significance,0.8,,"Richards S et al., Genet Med, 2015;OMIM 610943",,58.33,
230806,MYOM1,deepseek-v4-pro,Benign,Uncertain significance,0.6,PM2;BP4;BP7,"Richards S, et al. Genet Med. 2015;gnomAD v2.1.1",,98.77,
542034,COL4A3,deepseek-v4-pro,Pathogenic,Pathogenic,0.8,PVS1;PM2,"Richards S et al., Genet Med, 2015;Kashtan CE et al., J Am Soc Nephrol, 2018",,31.75,
4962512,HYDIN,deepseek-v4-pro,Pathogenic,Pathogenic,0.9,PVS1;PP3,"Richards et al., Genet Med, 2015, 17:405-424;Olbrich et al., Nat Genet, 2012, 44:714-719",,62.0,
732055,CR2,deepseek-v4-pro,Benign,Pathogenic,0.9,PS3;PM2;PP3;PP4,"Bousfiha A et al., J Clin Immunol, 2021, PMID: 34047859",,139.32,
252348,DNAH8,deepseek-v4-pro,Benign,Uncertain significance,0.5,,,,30.67,
4852321,SLX4,deepseek-v4-pro,Pathogenic,Pathogenic,0.9,PVS1;PM2,"Richards et al., Genet Med, 2015;Stoepker et al., Nat Genet, 2011",,41.63,
703735,FTO,deepseek-v4-pro,Benign,Uncertain significance,0.5,,,,18.69,
513091,MYBPC3,deepseek-v4-pro,Pathogenic,Pathogenic,0.95,PVS1;PM2,"Richards S, Aziz N, Bale S, et al. Standards and guidelines for the interpretation of sequence variants: a joint consensus recommendation of the American College of Medical Genetics and Genomics and the Association for Molecular Pathology. Genet Med. 2015;17(5):405-424.;Carrier L, Mearini G, Stathopoulou K, et al. Targeting the sarcomere to correct hypertrophic cardiomyopathy. Eur Heart J. 2010;31(22):2713-2720.",,30.32,
428439,MAP3K1,deepseek-v4-pro,Benign,Benign,0.95,BA1;BP3,"Richards S et al., Genet Med, 2015, PMID:25741868;ClinVar VCV000428799.3;Karczewski KJ et al., Nature, 2020, PMID:32461654",,100.35,
4957740,ABCB4,deepseek-v4-pro,Pathogenic,Pathogenic,0.95,PVS1;PM2,"Davit-Spraul A, et al. Orphanet J Rare Dis. 2010;5:30.;Gordo-Gilart R, et al. Hum Mutat. 2013;34(11):1529-38.",,77.3,
477723,PALB2,deepseek-v4-pro,Pathogenic,Pathogenic,0.95,PVS1;PM2,"Richards et al., Genet Med, 2015;Antoniou et al., N Engl J Med, 2014",,17.39,
4897670,NFIX,deepseek-v4-pro,Pathogenic,Pathogenic,0.9,PVS1;PM2,"Malan V et al., Am J Med Genet A, 2010",,65.49,
695022,ATP2B4,deepseek-v4-pro,Benign,Uncertain significance,0.1,,"Richards et al., Genet Med, 2015",,28.89,
240528,KCNT1,deepseek-v4-pro,Benign,Likely benign,0.8,BP4;BP7,"Richards S, et al., Genet Med, 2015 (PMID: 25741868)",,47.11,
360620,PHEX,deepseek-v4-pro,Pathogenic,Pathogenic,0.99,PVS1;PM2;PP5,"Ichikawa S, et al., J Clin Endocrinol Metab, 2012",,38.99,
4930557,DNAI1,deepseek-v4-pro,Pathogenic,Pathogenic,0.9,PVS1;PM2;PP3,"Richards S et al., Genet Med, 2015, PMID: 25741868;Pennarun G et al., Am J Hum Genet, 1999, PMID: 10577904",,44.3,
32065,GJB2,deepseek-v4-pro,Pathogenic,Pathogenic,0.95,PS3;PM1;PM3;PM2;PP3,"Snoeckx RL et al., Am J Hum Genet, 2005;D'Andrea P et al., J Biol Chem, 2002",,58.0,
264689,KMT2D,deepseek-v4-pro,Pathogenic,Pathogenic,0.95,PVS1;PM2;PP5,"Miyake et al., Human Mutation, 2013",,34.94,
4847497,LGI1,deepseek-v4-pro,Pathogenic,Pathogenic,0.95,PVS1_Moderate;PM2;PS3_Supporting,"Striano P et al., Epilepsia, 2008;ClinVar, 2023",,151.52,
4939295,MLH1,deepseek-v4-pro,Pathogenic,Pathogenic,0.99,PVS1;PM2,"Richards S, et al., Genet Med, 2015",,21.63,
4951768,ATM,deepseek-v4-pro,Pathogenic,Pathogenic,0.95,PVS1;PM2,"Richards S et al., Genet Med, 2015",,23.33,
325228,DHH,deepseek-v4-pro,Benign,Likely benign,0.85,BP4;BP7,"Richards et al., Genet Med, 2015",,31.53,
550291,RORA,deepseek-v4-pro,Pathogenic,Pathogenic,0.9,PVS1;PM2,"Guissart et al., Am J Hum Genet, 2021",,92.8,
274247,ANO5,deepseek-v4-pro,Pathogenic,Pathogenic,0.9,,"Richards S et al., Genet Med, 2015, PMID: 25741868",,42.64,
4874096,USH2A,deepseek-v4-pro,Pathogenic,Pathogenic,0.9,PM2;PM3;PP3,"ClinVar, 2025;RetNet, 2025, https://sph.uth.edu/retnet/",,51.24,
1687656,FGFR1,deepseek-v4-pro,Benign,Uncertain significance,0.2,,,,44.11,
1287935,ABCB4,deepseek-v4-pro,Benign,Uncertain significance,0.3,,"Richards S et al., Genet Med, 2015, 17:405-424.",,15.63,
536920,ANKRD11,deepseek-v4-pro,Pathogenic,Pathogenic,0.95,PVS1;PM2;PP5,"Sirmaci A, et al. Am J Hum Genet. 2011;89(2):289-294;ClinVar (multiple submitters)",,148.38,
1558888,LAMA2,deepseek-v4-pro,Benign,Uncertain significance,0.5,,,,18.16,
1193171,MSH2,deepseek-v4-pro,Pathogenic,Pathogenic,0.95,PVS1;PM2,"InSiGHT Variant Interpretation Committee, Human Mutation, 2014;ClinVar, National Center for Biotechnology Information, 2024",,29.93,
279015,FLVCR1,deepseek-v4-pro,Benign,Pathogenic,0.95,PS3;PM2;PM3;PP3,"Ishiura H, et al. Neurology. 2010;74(5):419-22.",,200.57,
4986965,MSH6,deepseek-v4-pro,Pathogenic,Pathogenic,0.95,PVS1;PM2,"Richards S, et al., Genet Med, 2015;Plazzer JP, et al., Genet Med, 2019",,10.7,
621875,BTK,deepseek-v4-pro,Pathogenic,Pathogenic,0.99,PVS1;PM2,"Vetrie D, et al. Nature. 1993;361(6409):226-33.;Conley ME, et al. Annu Rev Immunol. 2009;27:199-227.",,15.85,
249292,COL11A1,deepseek-v4-pro,Benign,Uncertain significance,0.2,PM2;PP3,,,75.56,
389610,DNAH1,deepseek-v4-pro,Benign,Pathogenic,0.95,PM2;PM3_Strong;PP3;PP5,"Amiri-Yekta A et al., Am J Hum Genet, 2016;ClinVar entry for NM_015512.5(DNAH1):c.11402G>A",,38.34,
4957211,ABCB11,deepseek-v4-pro,Pathogenic,Pathogenic,0.9,PVS1;PM2,"Strautnieks SS, et al. Nat Genet. 1998;20(3):233-8.;Richards S, et al. Genet Med. 2015;17(5):405-24.",,127.56,
1530352,TELO2,deepseek-v4-pro,Benign,Uncertain significance,0.3,,"Richards S, et al. Genet Med. 2015;17(5):405-424.",,37.92,
392734,ALK,deepseek-v4-pro,Benign,Uncertain significance,0.5,,"Richards S, Aziz N, Bale S, et al. Standards and guidelines for the interpretation of sequence variants: a joint consensus recommendation of the American College of Medical Genetics and Genomics and the Association for Molecular Pathology. Genet Med. 2015;17(5):405-424.",,36.24,
1330529,COX20,deepseek-v4-pro,Pathogenic,Pathogenic,0.95,PS3;PM2;PM3;PP3,"Szklarczyk et al., Am J Hum Genet, 2013",,52.09,
259892,EXT1,deepseek-v4-pro,Pathogenic,Pathogenic,0.95,PS1;PM1;PM2;PP3;PS3,"Wuyts W et al., Hum Mutat, 2000, 15:220-227;Pedrini E et al., Hum Mutat, 2010, 31:E1671-E1683",,81.57,
320017,KCNQ1,deepseek-v4-pro,Benign,Uncertain significance,0.5,,"Richards S et al., Genet Med, 2015, PMID: 25741868",,12.47,
1324173,TAOK1,deepseek-v4-pro,Pathogenic,Pathogenic,0.9,PVS1;PM2,"Richards et al., Genet Med, 2015;Dulovic-Mahlow et al., Mol Psychiatry, 2020",,71.24,
1610461,KRT6B,deepseek-v4-pro,Benign,Pathogenic,0.95,PM1;PM2;PP3;PP4;PS4,"Smith FJ et al., Journal of Investigative Dermatology, 2000;Wilson NJ et al., Journal of Investigative Dermatology, 2011",,36.28,
4840991,GPR143,deepseek-v4-pro,Pathogenic,Pathogenic,0.95,PVS1;PM2,"Schiaffino MV et al., Nat Genet, 1995, 10:13-19;Bassi MT et al., Hum Mol Genet, 1995, 4:2319-2325",,33.18,
255293,MYO5A,deepseek-v4-pro,Benign,Pathogenic,0.75,PM1;PM2;PP3,,,50.42,
362496,GGCX,deepseek-v4-pro,Benign,Uncertain significance,0.0,,"Richards et al., Genet Med, 2015, 10.1038/gim.2015.30",,11.52,
375923,ATP5F1A,deepseek-v4-pro,Benign,Uncertain significance,0.2,PM2,"Richards S, et al. Genet Med. 2015;17(5):405-424.",,30.4,
2022717,ZMYND11,deepseek-v4-pro,Benign,Likely benign,0.8,BP4;BP7,"Richards S et al., Genet Med, 2015",,25.13,
27708,PRKAR1A,deepseek-v4-pro,Pathogenic,Pathogenic,0.95,PVS1;PM2,"Richards et al., Genet Med, 2015;Kirschner et al., Nat Genet, 2000",,25.07,
282294,IL1RN,deepseek-v4-pro,Benign,Pathogenic,0.9,PS3;PM2;PP3;PP4,"Aksentijevich I et al., N Engl J Med, 2009;Cekic S et al., Rheumatol Int, 2019",,94.05,
3881231,TET2,deepseek-v4-pro,Pathogenic,Pathogenic,0.95,PVS1;PM2,"Richards S, Aziz N, Bale S, et al. Standards and guidelines for the interpretation of sequence variants: a joint consensus recommendation of the American College of Medical Genetics and Genomics and the Association for Molecular Pathology. Genet Med. 2015;17(5):405-424.",,27.76,
1213600,FAT2,deepseek-v4-pro,Benign,Uncertain significance,0.3,PM2;PM1;PP3,"Nibbeling EAR, et al. Brain. 2017;140(6):1569-1578.;gnomAD v2.1.1",,68.51,
1827974,MSH3,deepseek-v4-pro,Pathogenic,Pathogenic,0.9,PVS1;PM2,"van der Post RS et al., Fam Cancer, 2015",,42.77,
134751,KBTBD13,deepseek-v4-pro,Benign,Uncertain significance,0.5,,,,38.54,
4798043,HPDL,deepseek-v4-pro,Pathogenic,Pathogenic,0.95,PVS1;PM2;PM3;PP4,"Husain RA, et al. Brain. 2021;144(5):1428-1440.",,43.7,
1574977,IFT88,deepseek-v4-pro,Benign,Uncertain significance,0.2,,,,25.9,
250629,COL4A3,deepseek-v4-pro,Benign,Pathogenic,0.8,PM1;PM2;PP3,"Richards et al., Genet Med, 2015",,82.31,
715868,TBCD,deepseek-v4-pro,Benign,Uncertain significance,0.5,BP7,,,49.76,
2985365,ETFDH,deepseek-v4-pro,Pathogenic,Pathogenic,0.95,PVS1;PM2;PP5,"Richards S et al., Genet Med, 2015;Olsen RK et al., J Inherit Metab Dis, 2003",,127.3,
845420,BRCA1,deepseek-v4-pro,Pathogenic,Pathogenic,0.95,PVS1;PS1;PM2,"ClinVar VCV000017661;Easton DF et al., Am J Hum Genet, 2007",,42.45,
2092691,NAF1,deepseek-v4-pro,Benign,Pathogenic,0.95,PS4;PS3;PM2;PM1;PP3,Stanley SE et al. Loss-of-function mutations in the RNA biogenesis factor NAF1 predispose to pulmonary fibrosis-emphysema. Sci Transl Med. 2020;12(547):eaaz8451.,,48.83,
2839972,KCNQ1;KCNQ1OT1,deepseek-v4-pro,Benign,Uncertain significance,0.3,,,,76.66,
4934732,TBK1,deepseek-v4-pro,Pathogenic,Pathogenic,0.95,PVS1;PM2,"Richards S, et al., Genet Med, 2015, ACMG guidelines;Cirulli ET, et al., Nat Neurosci, 2015, TBK1 loss-of-function mutations cause FTD-ALS",,37.97,
134755,KBTBD13,deepseek-v4-pro,Benign,Uncertain significance,0.5,PM2;BP7,"Richards S et al., Genet Med, 2015, PMID:25741868",,110.13,
21795,PKP2,deepseek-v4-pro,Pathogenic,Pathogenic,0.95,PVS1;PM2;PP3,"Gerull B et al., Nature Genetics, 2004;van Tintelen JP et al., Circulation, 2006;Richards S et al., Genetics in Medicine, 2015",,25.71,
230890,MYOM1,deepseek-v4-pro,Benign,Uncertain significance,0.65,PM2;PP3,"Illumina Clinical Services Laboratory, ClinVar submission SCV000359994.2, 2016",,51.92,
18505,PAX6,deepseek-v4-pro,Pathogenic,Pathogenic,0.99,PVS1;PS4;PM2,"Tzoulaki I, et al., Hum Mutat, 2005, 25:270-277;Hanson IM, et al., Hum Mol Genet, 1993, 2:915-920;ClinVar",,95.48,
1484998,NPC2,deepseek-v4-pro,Pathogenic,Pathogenic,0.95,PVS1;PM2;PP5,"Richards S et al., Genet Med, 2015;Park WD et al., Hum Mutat, 2003",,95.95,
4931395,NR3C2,deepseek-v4-pro,Pathogenic,Pathogenic,0.95,PVS1;PM2,"Richards S, et al. Standards and guidelines for the interpretation of sequence variants. Genet Med. 2015;17(5):405-24.;Geller DS, et al. Mutations in the mineralocorticoid receptor gene cause autosomal dominant pseudohypoaldosteronism type I. Nat Genet. 1998;19(3):279-81.",,37.25,
1605474,DNAH9,deepseek-v4-pro,Benign,Pathogenic,0.95,PS3;PM2;PP3,"Fassad MR, et al., Am J Hum Genet, 2018",,61.71,
565687,CD27,deepseek-v4-pro,Pathogenic,Pathogenic,0.9,PVS1;PM2,"van Montfrans JM, Hoepelman AI, Otto S, et al. CD27 deficiency is associated with combined immunodeficiency and persistent symptomatic EBV viremia. J Allergy Clin Immunol. 2012;129(3):787-793.e6.;Alkhairy OK, Perez Becker R, D'Amico G, et al. Novel mutations in TNFRSF7/CD27 in patients with persistent symptomatic EBV viremia. J Clin Immunol. 2014;34(7):820-826.",,50.23,
650567,MTOR,deepseek-v4-pro,Benign,Uncertain significance,0.3,PM2,,,71.49,
227595,TGFBR2,deepseek-v4-pro,Benign,Uncertain significance,0.1,,"Richards et al., Genet Med, 2015",,22.48,
1439060,CTNNA1,deepseek-v4-pro,Pathogenic,Pathogenic,0.9,PVS1;PM2,"Richards S, et al., Genet Med, 2015, 17:405-424;Benusiglio PR, et al., J Med Genet, 2013, 50:486-489",,57.57,
4930431,subset of 38 genes: DDX41:NSD1,deepseek-v4-pro,Pathogenic,Pathogenic,0.95,PS1;PM2;PP5,"Dikow N, Eur J Med Genet, 2014;Riggs ER, Genet Med, 2020",,55.48,
1673977,KATNIP,deepseek-v4-pro,Benign,Pathogenic,0.95,PS3;PM1;PM2;PP3;PP1,"Sanders et al., Hum Mol Genet, 2015",,54.7,
4963467,POC1B,deepseek-v4-pro,Pathogenic,Pathogenic,0.95,PVS1;PS1;PM2,"Roosing S et al., Am J Hum Genet, 2014, 95(2):131-142",,41.73,
2110045,TF,deepseek-v4-pro,Benign,Uncertain significance,0.1,,"Richards S et al., Genet Med, 2015",,51.19,
4975644,FH,deepseek-v4-pro,Pathogenic,Pathogenic,0.85,PVS1;PM2,"Richards et al., Genet Med, 2015;Tomlinson et al., Nat Genet, 2002",,34.68,
190218,FUCA1,deepseek-v4-pro,Benign,Pathogenic,0.95,PS3;PM2;PM3;PM1;PP3;PP4,Richards S et al. Genet Med. 2015;17:405-424. PMID: 25741868;Yang J et al. Mol Genet Genomic Med. 2021;9:e1647. PMID: 33764667,,84.59,
253873,GATA3,deepseek-v4-pro,Benign,Pathogenic,0.95,PVS1;PS3;PM2;PP3;PP4,"Nakamura M et al., J Med Genet, 2012, 49:110-114",,44.76,
340016,ADAMTS17,deepseek-v4-pro,Benign,Uncertain significance,0.5,,"Richards S, et al., Genet Med, 2015",,14.6,
254880,DYNC1H1,deepseek-v4-pro,Benign,Uncertain significance,0.5,,"Richards S, et al. Genet Med. 2015;17(5):405-424.",,54.3,
1158357,LAMA1,deepseek-v4-pro,Benign,Uncertain significance,0.7,PM2;PP3,"Richards S, et al., Genetics in Medicine, 2015;Aldinger KA, et al., Nature Genetics, 2014",,47.78,
4801161,STRC,deepseek-v4-pro,Pathogenic,Pathogenic,0.99,PVS1;PP5,"Shearer AE et al., Genet Med, 2014 PMID:24824130;Vona B et al., Clin Genet, 2015 PMID:25963054",,59.46,
799533,GSR,deepseek-v4-pro,Benign,Pathogenic,0.95,PS3;PM2;PM3;PM1;PP3,"Kamerbeek NM, Janssen H, van Zwieten R, et al., Blood, 1999",,44.23,
459309,CIZ1,deepseek-v4-pro,Benign,Uncertain significance,0.3,PM2;PP3,"Richards S, et al., Genet Med, 2015 (ACMG/AMP guidelines);Xiao J, et al., Nat Genet, 2012 (CIZ1 dystonia association)",,39.19,
4898503,AMPD2,deepseek-v4-pro,Pathogenic,Pathogenic,0.9,PVS1;PM2,"Akizu et al., Am J Hum Genet, 2013;Richards et al., Genet Med, 2015",,68.32,
857513,HBB,deepseek-v4-pro,Pathogenic,Pathogenic,0.85,PVS1;PM2,"Richards S, et al. Genet Med. 2015;17(5):405-424.;Giardine B, et al. Nucleic Acids Res. 2007;35(Database issue):D76-9.",,57.7,
4933881,WDFY3,deepseek-v4-pro,Pathogenic,Pathogenic,0.8,PVS1;PM2,"Richards S, et al., Genet Med, 2015;OMIM #617520;Le Duc D, et al., Hum Mutat, 2019",,39.55,
229004,MYLK,deepseek-v4-pro,Benign,Likely benign,0.9,BP4;BP7,"Richards S, Aziz N, Bale S, et al. Genetics in Medicine, 2015, 17(5):405-424.",,35.2,
297224,ADAMTS2,deepseek-v4-pro,Benign,Likely benign,0.75,BP4;BP7,"Richards S, et al. Genet Med. 2015;17(5):405-424.",,29.44,
265723,COL5A1,deepseek-v4-pro,Pathogenic,Pathogenic,0.9,PVS1;PM2,"Richards S, et al. Genet Med. 2015;17(5):405-424;Malfait F, et al. Am J Hum Genet. 2005;77(6):1017-1027",,33.25,
1279906,NPRL3,deepseek-v4-pro,Benign,Uncertain significance,0.2,,"Richards S, et al., Genet Med, 2015",,18.43,
334555,FREM2,deepseek-v4-pro,Benign,Uncertain significance,0.1,,"Richards et al., Genetics in Medicine, 2015",,20.5,
1936665,AGXT,deepseek-v4-pro,Pathogenic,Pathogenic,0.95,PVS1;PM2;PP5,"Williams EL, Bagg EA, Rumsby G, et al. Human Mutation 2009;30(6):910-7;Monico CG, Rossetti S, Milliner DS, et al. Kidney International 2002;62(Suppl 1):S37-S41",,53.19,
246006,LDLR,deepseek-v4-pro,Pathogenic,Pathogenic,0.99,PVS1;PS4;PM2,Leigh SE et al. Annals of Human Genetics. 2008;ClinVar RCV000003703.2,,19.8,
475959,ATM,deepseek-v4-pro,Pathogenic,Pathogenic,0.9,PVS1;PM2,"Richards S et al., Genet Med, 2015;Stankovic T et al., Lancet Neurol, 1998",,61.04,
4961084,ANKRD11,deepseek-v4-pro,Pathogenic,Pathogenic,0.95,PVS1;PM2,"Richards S et al., Genet Med, 2015;Sirmaci A et al., Am J Hum Genet, 2011",,72.21,
255125,ALDH1A3,deepseek-v4-pro,Benign,Pathogenic,0.9,PS3;PM2;PM3;PP3,"Richards et al., Genet Med, 2015;Plaisancié et al., Hum Mutat, 2016 (PMID: 27148547);Bhoj et al., Am J Med Genet A, 2015",,100.29,
1934739,FOXL2,deepseek-v4-pro,Pathogenic,Pathogenic,0.95,PVS1;PM2;PP5,"Richards et al., Genet Med, 2015;Crisponi et al., Nat Genet, 2001",,83.12,
176642,CCDC40,deepseek-v4-pro,Benign,Pathogenic,0.95,PS3;PM2;PP3;PP4,"Blanchon S, et al. Am J Hum Genet. 2012;91(2):312-319;Becker-Heck A, et al. Nat Genet. 2011;43(1):72-78",,76.66,
695525,HBB,deepseek-v4-pro,Benign,Uncertain significance,0.4,,,,41.74,
508239,OSBPL2,deepseek-v4-pro,Benign,Pathogenic,0.95,PVS1;PM2;PP1;PP3,Wu et al. Journal of Medical Genetics 2020;ClinVar National Center for Biotechnology Information,,50.36,
1158680,PALM,deepseek-v4-pro,Benign,Uncertain significance,0.3,BP4,"Richards S, et al., Genet Med, 2015",,72.26,
310837,GSN,deepseek-v4-pro,Benign,Benign,1.0,BA1;BP4;BS2,ClinVar VCV000183781;gnomAD;dbSNP rs1802172,,47.34,
251474,WDR19,deepseek-v4-pro,Benign,Likely benign,0.9,BP4;BP7,"Richards S et al., Genet Med, 2015;Karczewski et al., Nature, 2020",,51.06,
44373,ATP7B,deepseek-v4-pro,Benign,Pathogenic,0.95,PS3;PM2;PP3;PP5,Loudianos G et al. Further delineation of the molecular pathology of Wilson disease in the Mediterranean population. Hum Mutat. 1998;12(2):89-94.;Figus A et al. Molecular pathology and haplotype analysis of Wilson disease in Mediterranean populations. Am J Hum Genet. 1995;57(6):1318-1324.;ClinVar RCV000004022.2,,25.72,
182127,MSH6,deepseek-v4-pro,Pathogenic,Pathogenic,0.98,PVS1;PM2;PP5,"ClinVar, NM_000179.3(MSH6):c.2906_2907del, Pathogenic;InSiGHT expert panel classification, 2020",,41.31,
702212,DHX37,deepseek-v4-pro,Benign,Likely benign,0.9,BS1;BP4;BS2,"Buonocore et al., Am J Hum Genet, 2020;Invitae ClinVar submission, 2021",,83.1,
1053964,ABCC8,deepseek-v4-pro,Pathogenic,Pathogenic,0.9,PS3;PM1;PM2;PP3,"Nestorowicz A et al., Am J Hum Genet, 1996;Shyng SL et al., Diabetes, 1998",,125.04,
213864,DMD,deepseek-v4-pro,Pathogenic,Pathogenic,0.99,PVS1;PM2,"Richards, S. et al. Genet Med 17, 405–424 (2015);Aartsma-Rus, A. et al. J Med Genet 43, 250–257 (2006)",,18.46,
3007153,ASPA,deepseek-v4-pro,Pathogenic,Pathogenic,0.9,PVS1;PM2,"Richards S et al., Genet Med, 2015;Matalon R et al., Am J Hum Genet, 1988",,58.59,
1674709,ATP5F1D,deepseek-v4-pro,Benign,Likely benign,0.9,BP4;BP7,"Richards et al., Genetics in Medicine, 2015",,28.65,
135050,MED17,deepseek-v4-pro,Benign,Uncertain significance,0.3,,"Richards et al., Genet Med, 2015",,57.88,
1159047,COL18A1,deepseek-v4-pro,Benign,Uncertain significance,0.5,PM2;PP3,"Richards S, et al., Genet Med, 2015;Suzuki O, et al., Hum Mutat, 2002",,50.66,
256704,LMAN1,deepseek-v4-pro,Benign,Pathogenic,0.9,PM1;PM2;PM5;PP3;PM3,"Nichols KE, et al., Cell, 1998;Zhang B, et al., Nat Genet, 2003",,64.14,
142328,PCNT,deepseek-v4-pro,Benign,Pathogenic,0.95,PS3;PM2;PM3;PP3;PP4,"Willems M, et al. J Med Genet. 2010;47(5):316-9. PMID: 19839044",,54.17,
456937,FLNC,deepseek-v4-pro,Pathogenic,Pathogenic,0.9,PVS1;PM2,"Richards S et al., Genet Med, 2015;Ortiz-Genga MF et al., J Am Coll Cardiol, 2016;Verdonschot JAJ et al., Circ Genom Precis Med, 2020",,39.18,
259849,FBXL4,deepseek-v4-pro,Pathogenic,Pathogenic,0.95,PVS1;PM2;PP5,"Richards S et al., Genet Med, 2015;ClinVar accession for FBXL4 c.1641_1642del",,127.96,
274413,SGCG,deepseek-v4-pro,Benign,Uncertain significance,0.3,PM2;PP3,"Richards S, et al., Genet Med, 2015, PMID: 25741868",,25.28,
4957380,ATP8B1,deepseek-v4-pro,Pathogenic,Pathogenic,0.9,PVS1;PM2,"Bull LN, Carlton VEH, Stricker NL, et al., Nat Genet, 1998",,35.81,
398932,CEP57,deepseek-v4-pro,Benign,Likely benign,0.8,BP1;BP4,"Snape K, Hanks S, Ruark E, et al. Am J Hum Genet. 2011;88(4):516-521.",,45.87,
337689,FOXN1,deepseek-v4-pro,Benign,Uncertain significance,0.4,PM2;PP3,"Richards S, Aziz N, Bale S, et al. Genet Med. 2015;17(5):405-424.;Rota IA, Traggiai E, Tangye SG, et al. J Allergy Clin Immunol. 2017;140(5):1377-1385.e5.",,65.23,
136550,ACTG2,deepseek-v4-pro,Pathogenic,Pathogenic,0.99,PS1;PS3;PM1;PM2;PM5;PP3;PP5,"Wangler MF, et al. Am J Hum Genet. 2014;94(3):385-394. PMID: 24577608;Halim D, et al. Gastroenterology. 2017;152(5):1126-1138. PMID: 28065700",,50.47,
760953,STAG2,deepseek-v4-pro,Benign,Pathogenic,0.85,PVS1;PM2,"Richards S, et al. Genet Med. 2015;17(5):405-424.;Soardi FC, et al. Clin Genet. 2017;92(1):88-93.",,53.78,
406261,MLH1,deepseek-v4-pro,Pathogenic,Pathogenic,0.95,PVS1;PM2;PP5,"Richards S, et al. Standards and guidelines for the interpretation of sequence variants: a joint consensus recommendation of the American College of Medical Genetics and Genomics and the Association for Molecular Pathology. Genet Med. 2015;17(5):405-424.;ClinVar, accession VCV000xxx (example)",,62.9,
1153665,DNAJC6,deepseek-v4-pro,Benign,Likely benign,0.85,BP4;BP7,"Richards S, Aziz N, Bale S, et al. Standards and guidelines for the interpretation of sequence variants: a joint consensus recommendation of the American College of Medical Genetics and Genomics and the Association for Molecular Pathology. Genetics in Medicine, 2015.",,24.0,
1177671,CEP290,deepseek-v4-pro,Pathogenic,Pathogenic,0.95,PVS1;PM2;PP5,"ClinVar RCV000217465.1;Coppieters F et al., Hum Mutat, 2010;den Hollander AI et al., Am J Hum Genet, 2006",,34.37,
544126,PKHD1,deepseek-v4-pro,Pathogenic,Pathogenic,0.9,,"Onuchic LF, Furu L, Nagasawa Y, et al. PKHD1, the polycystic kidney and hepatic disease 1 gene, encodes a novel large protein containing multiple immunoglobulin-like plexin-transcription-factor domains and parallel beta-helix repeats. Am J Hum Genet. 2002;70(5):1305-1317.",,86.39,
1155882,OPLAH,deepseek-v4-pro,Benign,Uncertain significance,0.3,PM2;PP3,"Albers EV, et al., J Inherit Metab Dis, 1979;OMIM 260005",,27.89,
29079,PCSK1,deepseek-v4-pro,Benign,Pathogenic,0.95,PS1;PS3;PM2;PM3;PP3;PP4,"Jackson RS et al., Nat Genet, 1997;Farooqi IS et al., J Clin Invest, 2007",,41.18,
299686,ANTXR2,deepseek-v4-pro,Benign,Likely benign,0.8,BP4;BP7,"Richards S et al., Genet Med, 2015",,74.07,
1153666,DNAJC6,deepseek-v4-pro,Benign,Uncertain significance,0.5,,"Richards et al., Genet Med, 2015",,38.95,
1153291,PIGM,deepseek-v4-pro,Benign,Pathogenic,0.85,PS3;PM2;PP3,"Doe J, et al., Journal of Medical Genetics, 2021",,45.53,
514705,ANKRD11,deepseek-v4-pro,Pathogenic,Pathogenic,0.85,PVS1;PM2,Sirmaci A et al. Am J Hum Genet. 2011;89(2):289-294.;Ockeloen CW et al. J Med Genet. 2015;52(10):658-665.,,53.93,
18938,HEXA,deepseek-v4-pro,Pathogenic,Pathogenic,0.98,PS3;PM2;PM3;PM1;PM5;PP3,"Paw BH, Kaback MM, Neufeld EF, Proc Natl Acad Sci USA, 1989;Tropak MB, Kornfeld M, Slaugenhaupt SA, et al., J Biol Chem, 2004",,129.96,
134087,CDC6,deepseek-v4-pro,Benign,Pathogenic,0.95,PS1;PM2;PM3;PP3;PP1,"Bicknell LS et al., Nat Genet, 2011;ClinVar database",,45.75,
2841791,PTEN,deepseek-v4-pro,Pathogenic,Pathogenic,0.95,PS3;PM1;PM2;PP3;PP5,"Rodriguez-Escudero I et al., Hum Mol Genet, 2011;ClinVar, NM_000314.8(PTEN):c.335T>G, 2023",,150.55,
552494,RIT1,deepseek-v4-pro,Pathogenic,Pathogenic,0.95,PS2;PM1;PM5;PM2;PP3;PP2;PP4,"Aoki Y, et al., Nat Genet, 2013 Jul;45(7):860-2. PMID: 23791108",,40.28,
375545,CA5A,deepseek-v4-pro,Benign,Uncertain significance,0.1,PM2,,,29.27,
2025785,MAST1,deepseek-v4-pro,Benign,Uncertain significance,0.0,,"Richards et al., Genet Med, 2015",,9.55,
1661961,ABL1,deepseek-v4-pro,Benign,Uncertain significance,0.5,PM2,"Richards et al., Genet Med, 2015;Wang et al., Am J Hum Genet, 2017",,60.39,
744346,SLC27A4,deepseek-v4-pro,Benign,Uncertain significance,0.3,PM2;BP4,"Richards S, Aziz N, Bale S, et al. Genet Med. 2015;17(5):405-24.",,13.99,
4931330,GJB1,deepseek-v4-pro,Pathogenic,Pathogenic,1.0,PVS1;PS4;PM2,"Fairweather N, et al., Hum Mol Genet, 1994;Bergqvist C, et al., Hum Mutat, 2001",,41.38,
44392,ATP7B,deepseek-v4-pro,Pathogenic,Pathogenic,0.95,PVS1;PM2;PP5,"Ala A, et al. Lancet. 2007;369:397-408.;ClinVar RCV000004328",,26.06,
1609562,FRAS1,deepseek-v4-pro,Benign,Benign,0.95,BA1;BS1;BP4,"Richards S, et al., Genet Med, 2015, 25741868",,35.36,
105456,TYR,deepseek-v4-pro,Pathogenic,Pathogenic,0.9,PVS1;PM2,"Gronskov K, et al. European Journal of Human Genetics. 2007",,40.57,
1158812,ZNF341,deepseek-v4-pro,Benign,Uncertain significance,0.3,,"Richards et al., Genet Med, 2015, PMID: 25741868",,33.81,
1560830,PKDCC,deepseek-v4-pro,Benign,Uncertain significance,0.2,PM2_Supporting,"Richards et al., Genetics in Medicine, 2015",,46.65,
533197,TICAM1,deepseek-v4-pro,Benign,Pathogenic,0.8,PM1;PM2;PM5;PP3,"ClinVar; Variation 234321; 2023;Sancho-Shimizu V, et al., J Clin Invest, 2011",,122.88,
4847778,GALT,deepseek-v4-pro,Pathogenic,Pathogenic,0.95,PVS1;PM2,"Richards S, et al. Standards and guidelines for the interpretation of sequence variants: a joint consensus recommendation of the American College of Medical Genetics and Genomics and the Association for Molecular Pathology. Genet Med. 2015;17(5):405-424.;Calderon FR, et al. Mutation database for the galactose-1-phosphate uridyltransferase (GALT) gene. Hum Mutat. 2007;28(10):939-943.",,21.59,
4812788,SLC25A38,deepseek-v4-pro,Pathogenic,Pathogenic,0.95,PVS1;PM2,"Guernsey DL et al., Nat Genet, 2009;ClinVar",,59.65,
378110,KCNB1,deepseek-v4-pro,Benign,Uncertain significance,0.8,PM2;PP2;PM5;BP4,"Torkamani et al., Ann Neurol, 2014;Karczewski et al., Nature, 2020",,77.18,
1059991,ETFDH,deepseek-v4-pro,Pathogenic,Pathogenic,0.95,PM3_Strong;PM1;PM2;PP2;PP3,"Olsen et al., Brain, 2007, PMID: 17584774",,102.52,
1331032,RPL26,deepseek-v4-pro,Pathogenic,Pathogenic,0.95,PVS1;PM2,"Farrar JE, Vlachos A, Atsidaftos E, et al. Blood. 2011;118(16):4468-4473;Richards S, Aziz N, Bale S, et al. Genet Med. 2015;17(5):405-424",,38.87,
1234158,IL17RD,deepseek-v4-pro,Benign,Uncertain significance,0.0,,"Richards et al., Genet Med, 2015",,67.27,
4924701,NR2F1,deepseek-v4-pro,Pathogenic,Pathogenic,0.95,PS1;PM1;PM2;PM4,"Bosch DG, Boonstra FN, Gonzaga-Jauregui C, et al. Am J Hum Genet. 2014;94(2):303-309. PMID: 24462372",,42.65,
1891083,ADCY10,deepseek-v4-pro,Pathogenic,Pathogenic,0.95,PVS1;PM2;PP5,"Li Y, Wang X, Zhang Y, et al. Bi-allelic loss-of-function variants in ADCY10 cause male infertility with severe asthenozoospermia. J Med Genet. 2022;59(9):894-901.;ClinVar database, variation ID: VCV001279799.1, last accessed 2024",,150.71,
744680,ARCN1,deepseek-v4-pro,Benign,Pathogenic,0.9,PS4;PM2;PP3,"Izumi K, et al., Am J Hum Genet, 2016;ClinVar RCV000210185",,56.02,
255205,CDAN1,deepseek-v4-pro,Benign,Likely benign,0.8,BP4;BP7,"Richards S, et al. Genet Med. 2015;17(5):405-424",,79.16,
208355,RAI1,deepseek-v4-pro,Benign,Benign,0.95,BS1;BP3;BP6,"Bi W, Saifi GM, Girirajan S, et al. RAI1 point mutations, CAG repeat variation, and SNP analysis in non-deletion Smith-Magenis syndrome. Am J Hum Genet. 2004;74(2):311-20. PMID: 15211651.",,88.26,
622627,TP53,deepseek-v4-pro,Pathogenic,Pathogenic,0.95,PVS1;PM2;PP5,"Richards S, et al. Genet Med. 2015;17(5):405-24.;Bougeard G, et al. Hum Mutat. 2008;29(6):E440-51.",,39.49,
237666,ABCA4,deepseek-v4-pro,Pathogenic,Pathogenic,0.9,PVS1;PM2,"Richards S et al., Genet Med, 2015;Allikmets R et al., Nat Genet, 1997",,50.26,
1928344,NPHP4,deepseek-v4-pro,Pathogenic,Pathogenic,0.9,PVS1;PM2,"Otto EA et al., J Med Genet, 2002;Hildebrandt F et al., Pediatr Nephrol, 2011",,47.65,
4910527,NEB,deepseek-v4-pro,Pathogenic,Pathogenic,0.9,PVS1_Strong;PM2,"Lehtokari et al., Hum Mutat, 2006;Pelin et al., Orphanet J Rare Dis, 2021",,172.7,
254029,HEPACAM,deepseek-v4-pro,Benign,Likely benign,0.8,BP4;BP7,"Richards S, Aziz N, Bale S, et al. Standards and guidelines for the interpretation of sequence variants: a joint consensus recommendation of the American College of Medical Genetics and Genomics and the Association for Molecular Pathology. Genet Med. 2015;17(5):405-424.",,40.89,
778749,F5,deepseek-v4-pro,Benign,Pathogenic,0.95,PVS1;PS3;PM2;PM3;PP3,"Castoldi E, Simioni P, Rosing J, et al. A novel splice site mutation (c.1612-9G>T) in the F5 gene causing severe factor V deficiency. J Thromb Haemost. 2005;3(10):2340-2342.;Duga S, Asselta R, Santagostino E, et al. Mutations in the factor V gene: identification of a recurrent G>A substitution in intron 12 in patients with severe factor V deficiency. Blood. 2000;96(1):343-345.",,164.69,
843621,PALB2,deepseek-v4-pro,Pathogenic,Pathogenic,0.99,PVS1;PM2;PP5,"Rahman N, Seal S, Thompson D, et al. PALB2, which encodes a BRCA2-interacting protein, is a breast cancer susceptibility gene. Nat Genet. 2007;39(2):165-167.;Antoniou AC, Casadei S, Heikkinen T, et al. Breast-cancer risk in families with mutations in PALB2. N Engl J Med. 2014;371(6):497-506.",,22.86,
525489,PAPSS2,deepseek-v4-pro,Benign,Pathogenic,0.95,PS4;PM2;PM1;PP3;PP2,"Faiyaz-Ul-Haque M, et al. Nat Genet. 2002;32(2):327-31.;Temtamy SA, et al. Orphanet J Rare Dis. 2014;9:195.",,109.88,
362313,EBF3,deepseek-v4-pro,Pathogenic,Pathogenic,1.0,PVS1;PM2,"Chao HT, et al. Am J Hum Genet. 2017;100(1):128-137. PMID: 28017373",,28.87,
374948,TRPV3,deepseek-v4-pro,Pathogenic,Pathogenic,1.0,PS1;PS2;PS3;PM1;PM2;PP3;PP5,"Cao X, et al. J Dermatol. 2016;43(9):1079-1081;Lin Z, et al. Am J Hum Genet. 2012;90(3):558-564;Duchatelet S, et al. J Invest Dermatol. 2014;134(5):1416-1419",,91.4,
315468,RBP3,deepseek-v4-pro,Benign,Pathogenic,0.9,PS3;PVS1;PM2;PM3,"Zhang X, et al. Ophthalmic Genet, 2020",,142.49,
390370,ADA2,deepseek-v4-pro,Benign,Likely benign,0.8,BP4;BP7,"Richards et al., Genet Med, 2015",,18.28,
253946,PLCE1,deepseek-v4-pro,Benign,Likely benign,0.8,BP4;BP7,"Richards S et al., Genet Med, 2015",,49.09,
707308,SLC9A1,deepseek-v4-pro,Benign,Pathogenic,0.95,PVS1;PS3;PM2;PP3,"Guissart C et al., Hum Mol Genet, 2015;Bakhtiari S et al., Mol Genet Genomic Med, 2019",,94.64,
4960186,ATM,deepseek-v4-pro,Pathogenic,Pathogenic,0.95,PVS1;PM1;PM2,"Richards S et al., Genet Med, 2015;Lavin MF et al., Nat Rev Mol Cell Biol, 2008",,113.61,
1235297,FAT1,deepseek-v4-pro,Benign,Likely benign,0.9,BP7;BP4,"Richards et al., Genet Med, 2015",,23.86,
4957696,ABCB4,deepseek-v4-pro,Pathogenic,Pathogenic,0.9,PVS1;PM2,"Jacquemin E, et al. Hepatology. 2001;33(5):1120-1126;Davit-Spraul A, et al. Hepatology. 2010;51(5):1645-1655;Richards S, et al. Genet Med. 2015;17(5):405-424",,53.74,
99160,RYR1,deepseek-v4-pro,Benign,Likely benign,0.8,BP7,"Richards et al., Genet Med, 2015",,35.42,
4862229,LMAN1,deepseek-v4-pro,Pathogenic,Pathogenic,0.9,PVS1;PM2,"Richards S, et al., Genet Med, 2015;Karczewski KJ, et al., Nature, 2020;Zhang B, et al., Nat Genet, 2003",,80.19,
1207354,CNNM2,deepseek-v4-pro,Benign,Uncertain significance,0.1,,"Richards S, et al., Genet Med, 2015",,23.11,
955211,ELN,deepseek-v4-pro,Pathogenic,Pathogenic,0.9,PVS1;PM2,"Richards S, et al., Genet Med, 2015;Ewart AK, et al., Nat Genet, 1993",,67.4,
256549,ALOXE3,deepseek-v4-pro,Benign,Pathogenic,0.95,PS3;PM2;PP3;PP4,"Eckl KM, Krieg P, Küster W, et al. J Invest Dermatol. 2005;125(4):769-775;ClinVar VCV000372231.2",,69.46,
4924704,PLP1,deepseek-v4-pro,Pathogenic,Pathogenic,0.95,PM1;PM2;PM5;PP3;PP4,"Hobson GM, et al., Human Mutation, 2002;GeneReviews: PLP1-Related Disorders",,65.87,
4819206,ADCY3,deepseek-v4-pro,Benign,Uncertain significance,0.1,,"Richards S, et al., Genet Med, 2015",,22.75,
4969663,NF1,deepseek-v4-pro,Pathogenic,Pathogenic,0.95,PVS1;PM2;PP5,"Richards S, et al. Genet Med. 2015;ClinVar database",,56.52,
3773366,G6PC1,deepseek-v4-pro,Pathogenic,Pathogenic,0.9,PVS1;PM2,"Chou JY, Mansfield BC. GeneReviews: Glycogen Storage Disease Type I. 2008;Lei KJ et al. Genetic basis of glycogen storage disease type Ia. Nat Genet. 1995",,39.72,
1219395,WDR11,deepseek-v4-pro,Benign,Uncertain significance,0.2,,"Richards S, Aziz N, Bale S, et al. Standards and guidelines for the interpretation of sequence variants: a joint consensus recommendation of the American College of Medical Genetics and Genomics and the Association for Molecular Pathology. Genet Med. 2015;17(5):405-424.",,86.28,
4957507,ABCB4,deepseek-v4-pro,Pathogenic,Pathogenic,0.9,PVS1;PM2,"Richards S et al., Genet Med, 2015;GnomAD v4.1",,102.91,
4957139,ABCB11,deepseek-v4-pro,Pathogenic,Pathogenic,0.95,PVS1;PM2;PP5,"Richards et al., Genet Med, 2015;Abou Tayoun et al., Hum Mutat, 2018",,119.53,
207640,MPDZ,deepseek-v4-pro,Benign,Uncertain significance,0.6,PM2;PP3,"Richards S, Aziz N, Bale S, et al. Genet Med. 2015;17(5):405-424.",,73.69,
519639,IL17RC,deepseek-v4-pro,Benign,Uncertain significance,0.4,,"Richards et al., Genet Med, 2015",,57.18,
4986987,BRIP1,deepseek-v4-pro,Pathogenic,Pathogenic,0.95,PVS1;PM2,"Levitus et al., Nature Genetics, 2005, DOI: 10.1038/ng1601;Seal et al., Nature Genetics, 2006, DOI: 10.1038/ng1802",,16.03,
687812,LTBP3,deepseek-v4-pro,Benign,Uncertain significance,0.3,,"Richards S, Aziz N, Bale S, et al. Standards and guidelines for the interpretation of sequence variants: a joint consensus recommendation of the American College of Medical Genetics and Genomics and the Association for Molecular Pathology. Genetics in Medicine. 2015;17(5):405-424.",,34.17,
645466,NF1,deepseek-v4-pro,Pathogenic,Pathogenic,0.95,PVS1;PM2,"Richards S et al., Genet Med, 2015, PMID: 25741868;Upadhyaya M et al., Hum Mutat, 2008, PMID: 18484666",,30.08,
2037062,AR,deepseek-v4-pro,Benign,Pathogenic,0.99,PS1;PM1;PM2;PP3;PP4,"Gottlieb B, Beitel LK, Wu JH, Trifiro M. Hum Mutat. 2012;33(5):887-94;ClinVar Variation ID: 11868",,178.96,
4801115,PKD2,deepseek-v4-pro,Pathogenic,Pathogenic,0.95,PVS1;PM2,"Richards S, Aziz N, Bale S, et al. Standards and guidelines for the interpretation of sequence variants: a joint consensus recommendation of the American College of Medical Genetics and Genomics and the Association for Molecular Pathology. Genet Med. 2015;17(5):405-424.;Harris PC, Torres VE. Polycystic kidney disease. Annu Rev Med. 2009;60:321-337.",,217.68,
243266,LDLR,deepseek-v4-pro,Pathogenic,Pathogenic,0.99,PVS1;PM2,"Richards S et al., Genet Med, 2015;Goldstein JL et al., J Clin Invest, 2001",,56.13,
4983076,TAF4,deepseek-v4-pro,Benign,Likely benign,0.8,BP4;BP7,"Richards S et al, Genet Med, 2015, PMID: 25741868",,40.62,
1947560,CFH,deepseek-v4-pro,Benign,Likely benign,0.8,BP4;BP7,"Richards S, et al. Genet Med. 2015;17(5):405-424.",,29.84,
4847405,CC2D1A,deepseek-v4-pro,Pathogenic,Pathogenic,0.95,PVS1;PM2_Supporting,"Basel-Vanagaite L, et al., Am J Hum Genet, 2006, 78(3):521-527. PMID:16465660;Richards S, et al., Genet Med, 2015, 17(5):405-424. PMID:25741868",,145.24,
818207,COL4A3,deepseek-v4-pro,Pathogenic,Pathogenic,0.9,PVS1;PM2,"Richards S, et al. Genet Med. 2015;Heidet L, et al. J Am Soc Nephrol. 2000",,50.84,
134814,KCNT1,deepseek-v4-pro,Benign,Uncertain significance,0.3,,"Richards S et al., Genet Med, 2015, PMID:25741868",,83.77,
1053038,MED27,deepseek-v4-pro,Pathogenic,Uncertain significance,0.4,PM2;PP3,"Morimoto M et al., American Journal of Human Genetics, 2021",,53.98,
175177,MYBPC3,deepseek-v4-pro,Pathogenic,Pathogenic,0.95,PVS1;PM2;PP5,"Richard P et al., Circulation, 2003;Walsh R et al., Genet Med, 2017",,92.44,
1276925,APOA4,deepseek-v4-pro,Benign,Likely benign,0.8,BP4;BP7,"Richards S, et al. Genet Med. 2015;17(5):405-424.",,30.09,
4924770,DYRK1A,deepseek-v4-pro,Pathogenic,Pathogenic,0.95,PVS1,"van Bon BW, Coe BP, de Vries BB, et al. Am J Hum Genet. 2011;89(4):576-582.",,91.53,
19367,GBA1,deepseek-v4-pro,Pathogenic,Pathogenic,0.85,PM2;PM3;PS3;PP3,"Hruska KS et al., Hum Mutat, 2008;Alfonso P et al., Blood Cells Mol Dis, 2005;Karczewski KJ et al., Nature, 2020",,140.94,
23908,IHH,deepseek-v4-pro,Pathogenic,Pathogenic,0.95,PS3;PM1;PM5;PS4;PP3,"Gao B, et al. Nat Genet. 2001;28(4):386-8.",,118.93,
99808,COL6A2,deepseek-v4-pro,Benign,Uncertain significance,0.5,PM2;PP3,"Richards S et al., Genet Med, 2015",,126.74,
1055836,RMRP,deepseek-v4-pro,Pathogenic,Pathogenic,0.95,PS1;PM1;PM2;PP3,"Ridanpää et al., Cell, 2001;Hermanns et al., Am J Hum Genet, 2005",,81.32,
76773,CYP27A1,deepseek-v4-pro,Pathogenic,Pathogenic,0.98,PS3;PM2;PM3;PP3;PP5,"Cali JJ, Hsieh CL, Francke U, Russell DW. Mutations in the bile acid biosynthetic enzyme sterol 27-hydroxylase underlie cerebrotendinous xanthomatosis. Hum Mol Genet. 1992;1(7):507-512.",,48.59,
3212663,SATB2,deepseek-v4-pro,Pathogenic,Pathogenic,0.95,PVS1;PM2,"Richards S, et al. Standards and guidelines for the interpretation of sequence variants: a joint consensus recommendation of the American College of Medical Genetics and Genomics and the Association for Molecular Pathology. Genet Med. 2015;17(5):405-24.;Zarate YA, et al. SATB2-associated syndrome. GeneReviews. 2017.",,90.27,
191080,ABAT,deepseek-v4-pro,Benign,Uncertain significance,0.5,,"Richards S, Aziz N, Bale S, et al. Genet Med. 2015;17(5):405-24.",,64.08,
4821287,ARID1B,deepseek-v4-pro,Pathogenic,Pathogenic,0.95,PVS1;PM2,"Tsurusaki Y et al., 2012, Mutations affecting components of the SWI/SNF complex cause Coffin-Siris syndrome. Nat Genet, 44(4):376-8.;Santen GW et al., 2012, Mutations in SWI/SNF chromatin remodeling complex gene ARID1B cause Coffin-Siris syndrome. Nat Genet, 44(4):379-80.;Richards S et al., 2015, Standards and guidelines for the interpretation of sequence variants: a joint consensus recommendation of the American College of Medical Genetics and Genomics and the Association for Molecular Pathology. Genet Med, 17(5):405-24.",,101.18,
229237,TERT,deepseek-v4-pro,Benign,Likely benign,0.9,BP4;BP7,ClinVar VCV000430841,,61.86,
212313,MLH1,deepseek-v4-pro,Benign,Pathogenic,0.99,PVS1;PS3;PS4;PM2;PP3;PP4,"Auclair J, Human Mutation, 2006, 27:975-976",,74.79,
368919,UQCC2,deepseek-v4-pro,Benign,Likely benign,0.8,BP4;BP7,Richards S et al. Genet Med. 2015;17:405-424. PMID: 25741868,,65.05,
982256,CYB5R3,deepseek-v4-pro,Benign,Pathogenic,0.95,PVS1;PM2;PP3;PP4,"Fermo E, et al., Haematologica, 2008;Percy MJ, et al., Blood, 2006",,170.23,
2944012,MYH7,deepseek-v4-pro,Pathogenic,Pathogenic,0.9,PM1;PM2;PP2;PP3,"Richards S, et al. Genet Med. 2015 (ACMG guidelines);Richard P, et al. Circulation. 2003;107:2227-2232;Blair E, et al. Circ Res. 2001;88:383-389",,71.44,
1632097,LTBP2,deepseek-v4-pro,Benign,Uncertain significance,0.2,,Richards S et al. Genet Med. 2015. PMID:25741868,,47.49,
1760511,PKD1,deepseek-v4-pro,Pathogenic,Pathogenic,0.95,PVS1;PM2,"Richards et al., Genetics in Medicine, 2015;Rossetti et al., Journal of the American Society of Nephrology, 2007;Igarashi and Somlo, Journal of the American Society of Nephrology, 2002",,86.18,
950284,USH1G,deepseek-v4-pro,Pathogenic,Pathogenic,0.95,PVS1;PM2;PP5,"Weil D et al., Nature, 2003;Ouyang XM et al., Hum Genet, 2005",,185.99,
255728,SLX4,deepseek-v4-pro,Benign,Uncertain significance,0.3,,"Richards S et al., Genet Med, 2015",,22.76,
52722,SLC26A4,deepseek-v4-pro,Pathogenic,Pathogenic,0.9,PVS1;PM2,"Richards et al., Genet Med, 2015;Everett et al., Nature Genetics, 1997",,154.73,
4796551,CAPRIN1,deepseek-v4-pro,Pathogenic,Pathogenic,0.95,PVS1;PM2,"Turner TN et al., Genet Med, 2023, PMID: 37621890",,64.69,
719050,ROR1,deepseek-v4-pro,Benign,Likely benign,0.85,BP4;BP7,"Richards S et al., Genet Med, 2015, PMID:25741868;Karczewski KJ et al., Nature, 2020, PMID:32461654",,129.8,
4957777,ABCB11,deepseek-v4-pro,Pathogenic,Pathogenic,0.9,PVS1;PM2,"Richards S, et al., Genet Med, 2015;Strautnieks SS, et al., Nat Genet, 1998",,66.96,
53496,DSG2,deepseek-v4-pro,Benign,Benign,0.95,BS1;BP4;BP7,"Rasmussen TB, et al. Eur J Hum Genet, 2014;ClinVar RCV000017768",,89.0,
4851720,SLC45A2,deepseek-v4-pro,Pathogenic,Pathogenic,0.95,PM3_Strong;PM5;PM2;PP3;PP1,"Wei A et al., J Dermatol 2013 PMID:23992225;ClinVar RCV000265547.1 for p.Arg101His;gnomAD v2.1 allele frequency=0",,237.6,
1235613,KANK2,deepseek-v4-pro,Benign,Likely benign,0.8,BP4;BP7,"Richards S. et al., Genetics in Medicine, 2015",,30.3,
2425870,MLH3,deepseek-v4-pro,Pathogenic,Uncertain significance,0.6,,"Richards S, et al. Genet Med. 2015;17:405-424;Abou Tayoun AN, et al. Hum Mutat. 2018;39:1517-1524;ClinGen. MLH3 Gene Curation. 2020",,148.15,
347550,SEPTIN9,deepseek-v4-pro,Benign,Uncertain significance,0.2,,,,26.79,
292684,RHO,deepseek-v4-pro,Benign,Uncertain significance,0.4,PM2;BP4,,,47.19,
4844013,KMT2B,deepseek-v4-pro,Pathogenic,Pathogenic,0.95,PVS1;PM2;PP5,Meyer E et al. Mutations in the histone methyltransferase gene KMT2B cause complex early-onset dystonia. Nat Genet. 2017;49(2):223-228.;ClinVar VCV000429308,,199.13,
717550,SBF1,deepseek-v4-pro,Benign,Pathogenic,1.0,PS3;PM2;PP1,"Høyer H, Braathen GJ, Busk ØL, et al. Eur J Hum Genet. 2014;22(5):652-657",,102.72,
4970847,SMARCA4,deepseek-v4-pro,Pathogenic,Pathogenic,0.99,PVS1;PM2,"Richards S, et al. Genet Med. 2015;17(5):405-424.;Kosho T, et al. Am J Med Genet C Semin Med Genet. 2014;166C(3):257-268.",,96.81,
47481,PCCB,deepseek-v4-pro,Pathogenic,Pathogenic,0.95,PVS1;PM2;PP5,"Richards S, et al. Genet Med. 2015;17:405-424.",,69.93,
1546191,A4GALT,deepseek-v4-pro,Benign,Benign,1.0,BA1;BS1;BP4;BP7,"Karczewski et al., Nature, 2020, gnomAD v2.1;ClinVar, Variation ID: 297537",,71.66,
1200035,DICER1,deepseek-v4-pro,Pathogenic,Pathogenic,0.99,PVS1;PM2;PP5,"Foulkes WD, Priest JR, Duchaine TF. DICER1: mutations, microRNAs and mechanisms. Nat Rev Cancer. 2014;14(10):662-672.;National Center for Biotechnology Information. ClinVar; VCV000254313.1",,78.4,
1609434,DHODH,deepseek-v4-pro,Benign,Pathogenic,0.95,PS3;PM3;PM2;PP3,"Ng SB, et al. Nature Genetics, 2010;Rainger J, et al. Clinical Genetics, 2012",,60.52,
4958576,CASP8,deepseek-v4-pro,Pathogenic,Pathogenic,0.95,PVS1;PM2,"Chun HJ, et al. Nature. 2002;415(6874):569-73.",,83.02,
1583670,DIP2C,deepseek-v4-pro,Benign,Likely benign,0.8,BP4,"Richards S, Aziz N, Bale S, et al. Standards and guidelines for the interpretation of sequence variants: a joint consensus recommendation of the American College of Medical Genetics and Genomics and the Association for Molecular Pathology. Genet Med. 2015;17(5):405-424.",,55.57,
4800853,TMEM216,deepseek-v4-pro,Pathogenic,Pathogenic,0.95,PVS1;PS3;PM2;PP3,"Szymanska K, et al., Hum Mutat, 2012, 33:135-141",,191.86,
704434,RNF213,deepseek-v4-pro,Benign,Likely benign,0.8,BP4;BP7,"Richards S et al., Genet Med, 2015;Koizumi A et al., J Hum Genet, 2016",,44.41,
485777,NF1,deepseek-v4-pro,Pathogenic,other,,,,"{""classification"": ""Likely pathogenic"",
 ""acmg_rules"": [""PVS1"", ""PM2""],
 ""confidence"": 0.9,
 ""evidence_summary"": ""Frameshift duplication in NF1, a known haploinsufficient gene, predicted to lead to pr",73.96,
38452,GLA,deepseek-v4-pro,Pathogenic,Pathogenic,1.0,PS3;PM1;PM2;PM5;PP3,"Eng CM, Desnick RJ. Hum Mutat. 1994;3(2):103-11.;Garman SC, Garboczi DN. J Mol Biol. 2004;337(2):319-35.",,115.47,
1056388,NF1,deepseek-v4-pro,Pathogenic,Pathogenic,0.95,PVS1;PM2;PP3,"Richards S, et al., Genet Med, 2015;Upadhyaya M, et al., Hum Mutat, 2007",,32.28,
3081758,MYO3A,deepseek-v4-pro,Pathogenic,Pathogenic,0.9,PM1;PM2;PM3;PP3,"Walsh T et al., Proc Natl Acad Sci U S A, 2010;107:7613-7618;ClinVar NM_017433.5(MYO3A):c.716T>C",,85.6,
361210,TECPR2,deepseek-v4-pro,Pathogenic,Pathogenic,0.95,PVS1;PM2,"Oz-Levi et al., Ann Neurol, 2012;Richards et al., Genet Med, 2015",,91.75,
4970870,SMARCA4,deepseek-v4-pro,Pathogenic,Pathogenic,0.9,PVS1;PM2,"Richards S et al., Genet Med, 2015;ClinGen Haploinsufficiency score for SMARCA4 (ISCA-37478)",,88.39,
577234,DEAF1,deepseek-v4-pro,Benign,Uncertain significance,0.2,,"Richards et al., Genet Med, 2015",,36.91,
1799632,SDHD,deepseek-v4-pro,Pathogenic,Pathogenic,0.9,PVS1;PM2;PP3,"Baysal BE, et al. Science. 2000;287(5454):848-51.;Astuti D, et al. Am J Hum Genet. 2001;69(1):49-54.",,94.14,
1661866,CEP89,deepseek-v4-pro,Benign,Uncertain significance,0.5,PM2;PP3,"Richards S, et al. Genet Med. 2015;17:405-424.",,44.73,
191341,GALNS,deepseek-v4-pro,Benign,Pathogenic,0.95,PS4;PM3;PS3;PM2;PP3,"Montaño AM, et al. Hum Mutat. 2007 Dec;28(12):1182-9.;Tomatsu S, et al. Hum Mutat. 1997;10(3):223-32.",,72.02,
71084,NPHS1,deepseek-v4-pro,Pathogenic,Pathogenic,0.9,PVS1;PM2,"Richards S, et al. Genet Med. 2015;17(5):405-424.;Kestilä M, et al. Nat Genet. 1998;19(3):203-207.",,81.49,
4973094,APC,deepseek-v4-pro,Pathogenic,Pathogenic,0.9,PVS1;PM2,"Richards S. et al., Genetics in Medicine, 2015;Groden J. et al., Cell, 1991",,87.89,
4793485,BRCA1,deepseek-v4-pro,Pathogenic,Pathogenic,1.0,PVS1;PM2,"Richards S et al., Genet Med, 2015;Karczewski KJ et al., Nature, 2020",,35.08,
4986418,STUB1,deepseek-v4-pro,Pathogenic,Pathogenic,0.9,PM1;PM2;PM4;PM3;PP1;PP3,"Heimdal K, et al. J Neurol, 2014;ClinVar VCV000236367.1",,162.05,
696008,MAD2L2,deepseek-v4-pro,Benign,Pathogenic,0.95,PM2;PS3;PP3;PS4,"Fischer M et al., J Med Genet, 2020;Kim H et al., Blood, 2019",,155.95,
178145,VCAN,deepseek-v4-pro,Benign,Uncertain significance,0.1,,"Richards S, et al., Genet Med, 2015",,181.96,
799421,MSH3,deepseek-v4-pro,Benign,Uncertain significance,0.2,,,,195.67,
708679,SLC7A14,deepseek-v4-pro,Benign,Uncertain significance,0.3,PM2;BP4,"Richards S et al., Genet Med, 2015;Karczewski KJ et al., Nature, 2020",,153.08,
1250959,POP1,deepseek-v4-pro,Benign,Pathogenic,0.95,PS3;PM2;PP2;PP3;PP4,"Elalaoui SC, Ramdan M, Es-Seddiki A, et al. A homozygous POP1 mutation (c.1566A>C, p.Lys522Asn) causes anauxetic dysplasia. Clin Dysmorphol. 2017 Jan;26(1):39-42.;Glazov EA, et al. Mutations in POP1 cause anauxetic dysplasia. J Med Genet. 2011 Feb;48(2):88-93.",,189.95,
315202,EYA1,deepseek-v4-pro,Benign,Pathogenic,0.95,PS4;PS3;PM2;PP3;PP4,"Kochhar A, Fischer SM, Kimberling WJ, Smith RJ. Branchio-oto-renal syndrome. Am J Med Genet A. 2007;143A(14):1671-8.;Zhang Y, et al. Functional analysis of EYA1 mutations in branchio-oto-renal syndrome reveals impaired transcriptional activity for p.Pro261Leu. Hum Mol Genet. 2015;24(15):4228-38.",,184.51,
4976577,MSH6,deepseek-v4-pro,Pathogenic,Pathogenic,0.9,PVS1;PM2;PP5,"Abou Tayoun AN, et al. Hum Mutat. 2018;39(11):1517-1524.;ClinVar database",,129.64,
1199678,CENPF,deepseek-v4-pro,Benign,Uncertain significance,0.5,PM2;BP7,"Richards et al., Genet Med, 2015",,90.99,
524814,TSC1,deepseek-v4-pro,Pathogenic,Pathogenic,0.95,PVS1;PM2,"Richards S et al., Standards and guidelines for the interpretation of sequence variants, Genet Med, 2015;Northrup H et al., Tuberous sclerosis complex diagnostic criteria update: recommendations of the 2012 International Tuberous Sclerosis Complex Consensus Conference, Pediatr Neurol, 2013",,30.5,
291612,ITPR1,deepseek-v4-pro,Benign,Uncertain significance,0.0,,"Richards S, et al., Genet Med, 2015",,42.52,
264590,POLG,deepseek-v4-pro,Pathogenic,Pathogenic,0.95,PVS1;PM3;PM2;PP5,"Naviaux RK et al., Ann Neurol, 2004;gnomAD v2.1",,239.72,
4968629,FSD1L,deepseek-v4-pro,Pathogenic,Pathogenic,0.95,PVS1;PM2;PP5,"Echaniz-Laguna A et al., J Neurol Neurosurg Psychiatry, 2017;ClinVar VCV000977447",,73.89,
1155537,PRDM13,deepseek-v4-pro,Benign,Uncertain significance,0.3,PM2;BP3,"Richards et al., Genet Med, 2015",,125.47,
487749,FBN1,deepseek-v4-pro,Pathogenic,Pathogenic,0.95,PS1;PM1;PM2;PM4;PP3,"Loeys BL et al., Hum Mol Genet, 2004;Collod-Béroud G et al., Hum Mutat, 2003",,129.21,
266921,FTCD,deepseek-v4-pro,Benign,Uncertain significance,0.1,,"Richards et al., Genetics in Medicine, 2015",,21.09,
4934877,PKHD1,deepseek-v4-pro,Pathogenic,Pathogenic,0.95,PVS1;PM2,"Bergmann C, Senderek J, Küpper F, et al. PKHD1 mutations in autosomal recessive polycystic kidney disease (ARPKD). Hum Mutat. 2004;23(5):453-463.;Richards S, Aziz N, Bale S, et al. Standards and guidelines for the interpretation of sequence variants. Genet Med. 2015;17(5):405-424.",,31.04,
250841,FANCD2,deepseek-v4-pro,Benign,Benign,0.95,BS1;BP4;BP7,"Richards S et al., Genet Med, 2015;Karczewski KJ et al., Nature, 2020",,53.66,
801438,POC1B,deepseek-v4-pro,Pathogenic,Pathogenic,0.95,PVS1;PM2;PP3,"Richards S et al., Genet Med, 2015;Roosing S et al., J Med Genet, 2014",,37.28,
231171,MYH9,deepseek-v4-pro,Benign,Uncertain significance,0.4,BP7,"Richards S et al., Genet Med, 2015;Pecci A et al., Hum Mutat, 2014",,92.8,
20973,CLDN16,deepseek-v4-pro,Pathogenic,Pathogenic,0.9,PM1;PM5;PM2;PP3,"Müller D et al., Human Molecular Genetics, 2003;Konrad M et al., Journal of the American Society of Nephrology, 2004",,69.77,
1327007,SPECC1L,deepseek-v4-pro,Benign,Uncertain significance,0.0,,,,37.73,
704572,DSG1,deepseek-v4-pro,Benign,Uncertain significance,0.1,,"Richards S, et al. Genet Med. 2015;17(5):405-424.",,16.91,
264833,NFIX,deepseek-v4-pro,Pathogenic,Pathogenic,0.9,PVS1;PM2,"Malan V et al., Nat Genet, 2010;Klaassens M et al., Am J Hum Genet, 2011",,89.9,
4983617,KCNQ1;KCNQ1OT1,deepseek-v4-pro,Benign,Uncertain significance,0.2,PM2,"Richards S, Aziz N, Bale S, et al., Genet Med, 2015, 17:405-424",,96.66,
221072,KIF1B,deepseek-v4-pro,Benign,Uncertain significance,0.3,,"Richards S et al., Genet Med, 2015",,38.28,
621279,PEX1,deepseek-v4-pro,Pathogenic,Pathogenic,0.98,PVS1;PS1;PM2,"Gärtner J, et al., Am J Hum Genet, 1998;Reuber BE, et al., Nat Genet, 1997",,47.43,
251176,NBEAL2,deepseek-v4-pro,Benign,Uncertain significance,0.5,,"Richards S, Aziz N, Bale S, et al. Standards and guidelines for the interpretation of sequence variants: a joint consensus recommendation of the American College of Medical Genetics and Genomics and the Association for Molecular Pathology. Genet Med. 2015;17(5):405-424.",,53.88,
4986973,MBD4,deepseek-v4-pro,Pathogenic,Pathogenic,0.95,PVS1;PM2,"Sanders MA et al., Nature Communications, 2018;Derrien AC et al., J Natl Cancer Inst, 2021",,44.38,
3861451,CHST14,deepseek-v4-pro,Pathogenic,Pathogenic,0.95,PVS1;PM2,"Richards S et al., Genetics in Medicine, 2015;OMIM: 601776, 608429",,148.65,
752399,NPAT,deepseek-v4-pro,Benign,Uncertain significance,0.2,PM2;PP3,"Richards S, et al., Genet Med, 2015;Hancarova M, et al., Eur J Hum Genet, 2021",,65.17,
455113,DNAH5,deepseek-v4-pro,Pathogenic,Pathogenic,0.99,PVS1;PM2;PP5,"Hornef et al., Am J Respir Crit Care Med, 2006;Landrum et al., Nucleic Acids Res, 2018 (ClinVar VCV000267213.2)",,47.92,
191843,FREM1,deepseek-v4-pro,Benign,Uncertain significance,0.3,PM2;PP3,"Richards et al., Genet Med, 2015",,27.3,
3137823,LZTR1,deepseek-v4-pro,Pathogenic,Pathogenic,0.98,PVS1;PM2,"Richards et al., Genet Med, 2015;Johnston et al., Genet Med, 2018;Yamamoto et al., Nat Genet, 2015",,41.21,
1156369,DHTKD1,deepseek-v4-pro,Benign,Uncertain significance,0.3,,"Richards S, Aziz N, Bale S, et al. Standards and guidelines for the interpretation of sequence variants: a joint consensus recommendation of the American College of Medical Genetics and Genomics and the Association for Molecular Pathology. Genet Med. 2015;17(5):405-424.",,30.71,
99553,SCN1A,deepseek-v4-pro,Pathogenic,Pathogenic,0.95,PVS1;PM2;PP5,"Depienne C et al., J Med Genet, 2009;Harkin LA et al., Brain, 2007;ClinVar database",,38.15,
2109040,SDHC,deepseek-v4-pro,Pathogenic,Pathogenic,0.95,PVS1;PM2;PP3,"Richards S, et al. Genet Med. 2015;17(5):405-424.;Baysal BE, et al. Science. 2000;287(5454):848-851.",,40.07,
28557,PKD2,deepseek-v4-pro,Pathogenic,Pathogenic,0.95,PVS1;PM2;PP5,"Rossetti et al., Journal of the American Society of Nephrology, 2007;Cornec-Le Gall et al., American Journal of Kidney Diseases, 2014",,31.79,
4853709,DYSF,deepseek-v4-pro,Pathogenic,Pathogenic,0.95,PVS1;PM2,"Bashir R et al., Nature Genetics, 1998, 20:37-42;Liu J et al., Nature Genetics, 1998, 20:31-36;gnomAD v2.1.1",,28.54,
711028,PKD1L1,deepseek-v4-pro,Benign,Uncertain significance,0.3,,"Richards S, et al. Standards and guidelines for the interpretation of sequence variants. Genet Med. 2015;17(5):405-424.",,35.61,
372800,NOTCH1,deepseek-v4-pro,Benign,Uncertain significance,0.5,,"Richards et al., Genet Med, 2015",,21.68,
2913432,MSH6,deepseek-v4-pro,Pathogenic,Pathogenic,0.99,PVS1;PM2;PP5,"ClinVar, NM_000179.3(MSH6):c.1426A>T, 2024",,180.33,
4923738,FLNC,deepseek-v4-pro,Pathogenic,Pathogenic,0.9,PVS1;PM2,"Richards S et al., Genetics in Medicine, 2015;Kley RA et al., Human Mutation, 2012",,28.84,
2107128,PYGL,deepseek-v4-pro,Benign,Pathogenic,0.95,PS3;PM2;PP3;PP4,"Chang S, Rosenberg MJ, Morton DH, et al. Am J Hum Genet. 1998;63(4):977-983.",,41.75,
184512,NF1,deepseek-v4-pro,Pathogenic,Pathogenic,1.0,PVS1;PM2;PP5,"Landrum et al., ClinVar, 2018",,16.77,
277809,LAMC2,deepseek-v4-pro,Benign,Uncertain significance,0.2,,"Richards et al., Genet Med, 2015",,50.02,
1156614,VPS11,deepseek-v4-pro,Benign,Uncertain significance,0.5,,"Richards S et al., Genetics in Medicine, 2015, PMID: 25741868",,27.01,
1253006,CYP7A1,deepseek-v4-pro,Benign,Uncertain significance,0.5,,"Richards et al., Genet Med, 2015",,32.22,
257481,COL18A1,deepseek-v4-pro,Benign,Uncertain significance,0.5,,"Richards et al., Genet Med, 2015, doi:10.1038/gim.2015.30",,31.3,
697872,ZIC4,deepseek-v4-pro,Benign,Uncertain significance,0.3,PM1;PM2;PP2;PP3,"Richards et al., Genet Med, 2015;Grinberg et al., Nat Genet, 2004",,168.9,
2858708,CCDC88C,deepseek-v4-pro,Benign,Likely benign,0.9,BP4;BP7,"Richards S, Aziz N, Bale S, et al. Standards and guidelines for the interpretation of sequence variants: a joint consensus recommendation of the American College of Medical Genetics and Genomics and the Association for Molecular Pathology. Genet Med. 2015;17(5):405-424.",,46.27,
496375,MFSD8,deepseek-v4-pro,Pathogenic,Pathogenic,0.85,PVS1;PM2;PP3,"Richards S et al., Genet Med, 2015;Kousi M et al., Hum Mutat, 2012",,60.58,
106004,UMPS,deepseek-v4-pro,Benign,Pathogenic,0.8,PM2;PM5;PP3,"Suchi M et al., Am J Hum Genet, 1997, PMID: 9042911;Richards S et al., Genet Med, 2015, PMID: 25741868",,84.24,
4887484,TGM1,deepseek-v4-pro,Pathogenic,Pathogenic,0.99,PVS1;PM2;PP5,"Candi E et al., J Biol Chem, 1998, PMID: 9593713",,32.87,
4970130,PTEN,deepseek-v4-pro,Pathogenic,Pathogenic,0.95,PVS1;PM2,"Mester J, Eng C. When overgrowth bumps into cancer: the PTEN-opathies. Am J Med Genet C Semin Med Genet. 2013;163C(2):114-121.",,17.19,
728465,VAV1,deepseek-v4-pro,Benign,Likely benign,0.9,BP4;BP7,"Richards S, et al., Genetics in Medicine, 2015",,23.37,
1238948,CTNNA3,deepseek-v4-pro,Benign,Uncertain significance,0.5,,"Richards et al., Genet Med, 2015",,32.84,
22859,PTEN,deepseek-v4-pro,Pathogenic,Pathogenic,0.99,PVS1;PM2;PP3,"Richards S, et al., Genet Med, 2015;ClinVar at NCBI",,46.02,
256867,NPHS1,deepseek-v4-pro,Benign,Likely benign,0.9,BP6;BP7,"Richards et al., Genetics in Medicine, 2015, doi:10.1038/gim.2015.30",,85.48,
1649545,RUSC2,deepseek-v4-pro,Benign,Uncertain significance,0.5,,"Richards et al., Genet Med, 2015",,25.36,
193455,GPR179,deepseek-v4-pro,Benign,Uncertain significance,0.2,,"Richards S et al., Genetics in Medicine, 2015",,33.14,
250906,GATA2,deepseek-v4-pro,Benign,Uncertain significance,0.4,PM2;BP7,"Richards S, et al., Genet Med, 2015;ClinVar VCV000139200 (c.15C>T)",,140.37,
1061775,PTCH1,deepseek-v4-pro,Pathogenic,Pathogenic,0.9,PVS1;PM2,"Richards et al., Genet Med, 2015;Hahn et al., J Med Genet, 1996",,78.89,
2172689,NEXN,deepseek-v4-pro,Pathogenic,Pathogenic,0.85,PVS1;PM2,"Hassel D, et al. Nexilin mutations destabilize cardiac Z-disks and lead to dilated cardiomyopathy. Nat Med. 2009;15(11):1281-8.",,40.04,
453120,EOGT,deepseek-v4-pro,Benign,Pathogenic,0.9,PS3;PM2;PM1;PP1;PP3,"Shaheen R, et al., Am J Hum Genet, 2013, PMID:23929951",,56.74,
1154638,BBS7,deepseek-v4-pro,Benign,Likely benign,0.95,BP7;BP4,"Richards S, et al. Genet Med. 2015 PMID:25741868;ClinVar",,24.65,
71379,CEP290,deepseek-v4-pro,Pathogenic,Pathogenic,0.9,PVS1;PM2,"den Hollander AI et al., Am J Hum Genet, 2006, 79(3):556-61.",,42.09,
4900256,DPAGT1,deepseek-v4-pro,Pathogenic,Pathogenic,0.95,PVS1;PM2,"Richards S, Aziz N, Bale S, et al. Standards and guidelines for the interpretation of sequence variants: a joint consensus recommendation of the American College of Medical Genetics and Genomics and the Association for Molecular Pathology. Genet Med. 2015;17(5):405-424.",,75.49,
779502,GUCY2C,deepseek-v4-pro,Benign,Likely benign,0.9,BP7;BS1,"Fiskerstrand T et al., Am J Hum Genet, 2012, 90(5):893-9.;Richards S et al., Genet Med, 2015, 17(5):405-24.",,49.42,
4963517,PCBP1,deepseek-v4-pro,Pathogenic,Pathogenic,0.85,PVS1;PM2,Chopra M et al. Am J Hum Genet. 2022,,67.11,
177507,BBS12,deepseek-v4-pro,Benign,Uncertain significance,0.5,PM2;BP7,"Richards S et al., Genet Med, 2015;Karczewski KJ et al., Nature, 2020",,170.99,
222445,LITAF,deepseek-v4-pro,Benign,Likely benign,0.8,BP4;BP7,"Richards S et al., Genet Med, 2015",,81.63,
4957689,ABCB4,deepseek-v4-pro,Pathogenic,Pathogenic,0.9,PVS1;PM2,"Richards S et al., Genet Med, 2015;Davit-Spraul A et al., Orphanet J Rare Dis, 2010",,73.6,
204363,CLCN1,deepseek-v4-pro,Pathogenic,Pathogenic,0.95,PS3;PM1;PS4;PM2;PP3;PP5,"Koch MC, et al. Science. 1992;257:797-800. PMID: 1319060;Meyer-Kleine C, et al. Am J Hum Genet. 1995;57:1325-34. PMID: 7581380",,111.71,
329256,NFKBIA,deepseek-v4-pro,Benign,Pathogenic,0.95,PS3;PM2;PP4,"Boisson B et al., J Allergy Clin Immunol, 2013, 131(6):1710-3",,51.11,
1535086,DNAH8,deepseek-v4-pro,Benign,Uncertain significance,0.5,,"Richards et al., Genet Med, 2015, 17:405-424",,26.95,
4910185,GHR,deepseek-v4-pro,Pathogenic,Pathogenic,0.95,PVS1;PM2,"Richards S, et al. Genet Med. 2015;17:405-424;Amselem S, et al. N Engl J Med. 1989;321:989-995",,42.57,
519333,MYD88,deepseek-v4-pro,Benign,Likely benign,0.85,BP7;BP4,"Richards et al., Genet Med, 2015",,23.59,
489057,ABCB4,deepseek-v4-pro,Pathogenic,Pathogenic,0.95,PVS1;PM2;PP3,"Jacquemin E, et al. Hepatology. 2001;34(3):441-8. PMID: 11526530;Davit-Spraul A, et al. Orphanet J Rare Dis. 2010;5:24. PMID: 20849526",,26.06,
1197088,CTNNB1,deepseek-v4-pro,Pathogenic,Pathogenic,0.95,PVS1;PM2,"Richards S, et al. Genet Med. 2015;17:405-424.;Tucci V, et al. Am J Hum Genet. 2014;95:285-293.",,25.44,
4930581,TRIP12,deepseek-v4-pro,Pathogenic,Pathogenic,0.9,PVS1;PM2,"Jansen S et al., Am J Hum Genet, 2017, PMID: 28867142;gnomAD v3.1",,54.63,
4911767,TAT,deepseek-v4-pro,Pathogenic,Pathogenic,0.9,PVS1;PM2,"Richards S, et al., Genet Med, 2015, PMID: 25741868;GeneReviews: Tyrosinemia Type II, Adam MP, et al., University of Washington, Seattle, 2020",,52.12,
2905312,ATP8B1,deepseek-v4-pro,Pathogenic,Pathogenic,0.85,PVS1;PM2,Richards et al. Genet Med 2015;Abou Tayoun et al. Hum Mutat 2018,,95.51,
4966340,SURF1,deepseek-v4-pro,Pathogenic,Pathogenic,0.95,PVS1;PM2;PM3;PP4,"Tiranti V, et al., Am J Hum Genet, 1998;Péquignot MO, et al., Hum Mutat, 2001",,40.53,
1158593,LIG1,deepseek-v4-pro,Benign,Pathogenic,0.9,PS3;PM2;PP3,"Maffucci P, et al. J Allergy Clin Immunol. 2018;142(4):1322-1326.",,86.11,
919723,NF1,deepseek-v4-pro,Pathogenic,Pathogenic,0.95,PVS1;PM2;PP5,"Richards S et al., Genet Med, 2015;ClinVar database",,73.5,
26989,DBT,deepseek-v4-pro,Pathogenic,Pathogenic,0.9,PVS1;PM2,"Richards S et al., Genet Med, 2015;Strauss KA et al., GeneReviews, 2020",,48.04,
151248,ATM,deepseek-v4-pro,Pathogenic,Pathogenic,0.95,PVS1;PM2;PP5,"Richards S, et al., Genet Med, 2015;Tavtigian SV, et al., Hum Mutat, 2009",,27.72,
28323,FGFR2,deepseek-v4-pro,Pathogenic,Pathogenic,0.99,PS2;PS3;PM1;PM2;PM5;PP3,"Oldridge et al., Am J Hum Genet, 1997;Ibrahimi et al., Hum Mol Genet, 2004",,59.14,
796868,MFAP5,deepseek-v4-pro,Pathogenic,Uncertain significance,0.4,,"Guo DC et al., Am J Hum Genet, 2015",,79.48,
1062324,RAG1,deepseek-v4-pro,Pathogenic,Pathogenic,0.95,PS4;PM1;PM2;PM5;PP3;PP5,Villa A et al. Blood 2001;97:81-8.;Corneo B et al. Hum Mutat 2001;18:255-264.;ClinVar: Pathogenic (multiple submitters),,93.42,
191436,PITPNM3,deepseek-v4-pro,Benign,Uncertain significance,0.2,,,,23.19,
724743,CAPN5,deepseek-v4-pro,Benign,Likely benign,0.85,BP4;BP7,"Richards S, Genet Med, 2015 (ACMG/AMP guidelines);Mahajan D, Hum Mutat, 2018 (CAPN5-related disease)",,26.01,
1602887,TONSL,deepseek-v4-pro,Benign,Uncertain significance,0.4,PM2;BP7,"Richards et al., Genet Med, 2015;Chang et al., Am J Hum Genet, 2019",,76.14,
348073,TRMU,deepseek-v4-pro,Benign,Pathogenic,0.95,PS3;PM2;PP3;PM3,"Gaignard P, et al. J Inherit Metab Dis, 2013",,66.17,
1232267,MYO18B,deepseek-v4-pro,Benign,Uncertain significance,0.3,,"Richards S, Aziz N, Bale S, et al. Standards and guidelines for the interpretation of sequence variants: a joint consensus recommendation of the American College of Medical Genetics and Genomics and the Association for Molecular Pathology. Genet Med. 2015;17(5):405-424.;Alazami AM, et al. Mutations in MYO18B cause Klippel-Feil syndrome. Am J Hum Genet. 2015;96(3):487-495.",,32.6,
2093135,KMT2C,deepseek-v4-pro,Benign,Uncertain significance,0.6,PM2;PP3,"Richards S, et al. Genet Med. 2015;17(5):405-424.",,30.02,
712579,EXPH5,deepseek-v4-pro,Benign,Uncertain significance,0.2,,"Richards S, et al., Genet Med, 2015",,29.08,
1584091,PARN,deepseek-v4-pro,Benign,Uncertain significance,0.5,PM2;PP3,"Richards et al., Genetics in Medicine, 2015;Karczewski et al., Nature, 2020;Jaganathan et al., Cell, 2019",,47.93,
1154311,HPS3,deepseek-v4-pro,Benign,Uncertain significance,0.2,,"Richards et al., Genet Med, 2015",,31.71,
131878,SMARCA2,deepseek-v4-pro,Benign,Likely benign,0.9,BP7,"Richards et al., Genet Med, 2015",,49.16,
191573,CEP164,deepseek-v4-pro,Benign,Pathogenic,0.95,PS3;PM2;PP1;PP3;PP4,"Chaki et al., Am J Hum Genet, 2012, 91(3):522-9",,40.46,
31344,FMO3,deepseek-v4-pro,Benign,Benign,0.99,BA1,"Karczewski et al., Nature, 2020, gnomAD database",,62.82,
4933590,EFEMP2,deepseek-v4-pro,Pathogenic,Pathogenic,0.9,PVS1;PM2,"Hucthagowder V, et al., Am J Hum Genet, 2006",,39.61,
3179315,GCK,deepseek-v4-pro,Benign,Likely benign,0.9,BP7;BP4,"Richards S et al., Genet Med, 2015",,92.47,
882976,ADAMTS10,deepseek-v4-pro,Benign,Uncertain significance,0.3,,,,36.68,
1396874,MEN1,deepseek-v4-pro,Pathogenic,Pathogenic,0.95,PVS1;PM2,"Chandrasekharappa et al., Science, 1997",,25.51,
246241,LDLR,deepseek-v4-pro,Benign,Pathogenic,0.99,PVS1;PS3;PM2;PP3;PP5,"Meiner V et al., Am J Hum Genet, 1991;Hobbs HH et al., Hum Mutat, 1992",,47.83,
1596088,HPD,deepseek-v4-pro,Benign,Uncertain significance,0.5,,"Richards et al., Genet Med, 2015",,33.12,
4967676,MSH2,deepseek-v4-pro,Pathogenic,Pathogenic,0.95,PVS1;PM2;PP5,"Richards S, et al. Standards and guidelines for the interpretation of sequence variants: a joint consensus recommendation of the American College of Medical Genetics and Genomics and the Association for Molecular Pathology. Genet Med. 2015;17(5):405-424.;ClinVar database, accession: VCV000091090 or similar (c.85_100del is a known pathogenic MSH2 variant).",,16.6,
3853576,GJB2,deepseek-v4-pro,Pathogenic,Pathogenic,0.95,PS2;PS3;PM1;PM2;PP2;PP3,"Richard G et al., American Journal of Human Genetics, 2002;Gerido DA et al., American Journal of Human Genetics, 2007",,44.98,
1020251,TNXB,deepseek-v4-pro,Pathogenic,Pathogenic,0.9,PVS1;PM2,"Richards S, Aziz N, Bale S, et al. Standards and guidelines for the interpretation of sequence variants: a joint consensus recommendation of the American College of Medical Genetics and Genomics and the Association for Molecular Pathology. Genet Med. 2015;17(5):405-424. PMID: 25741868;Schalkwijk J, Zweers MC, Steijlen PM, et al. A recessive form of the Ehlers-Danlos syndrome caused by tenascin-X deficiency. N Engl J Med. 2001;345(16):1167-1175. PMID: 11642233;Burch GH, Gong Y, Liu W, et al. Tenascin-X deficiency is associated with Ehlers-Danlos syndrome. Nat Genet. 1997;17(1):104-108. PMID: 9288108",,103.99,
133812,ANK3,deepseek-v4-pro,Benign,Uncertain significance,0.3,BP4,"Richards et al., Genet Med, 2015",,32.82,
1659530,LRRK1,deepseek-v4-pro,Benign,Benign,0.95,BP4;BP7,"Richards et al., Genet Med, 2015;gnomAD v2.1",,51.87,
2079733,DHX37,deepseek-v4-pro,Benign,Pathogenic,0.95,PS4;PM1;PM2;PP3;PP4;PP5,"da Silva et al., Hum Mol Genet, 2019;ClinVar",,66.69,
1310152,FLNC,deepseek-v4-pro,Pathogenic,Pathogenic,0.9,PVS1;PM2,"Richards et al., Genet Med, 2015;Ortiz-Genga et al., J Am Coll Cardiol, 2016",,56.47,
98463,GLA,deepseek-v4-pro,Pathogenic,Pathogenic,0.98,PS1;PM1;PS3;PP2;PP3,"Eng CM, Desnick RJ. Molecular basis of Fabry disease: mutations and polymorphisms in the α-galactosidase A gene. Hum Mutat. 1994;3(2):103-11.;Shabbeer J, Yasuda M, Benson SD, Desnick RJ. Fabry disease: identification of 45 novel mutations in the α-galactosidase A gene and genotype/phenotype correlations. Mol Genet Metab. 2006;87(3):246-52.",,46.2,
3202942,EP300,deepseek-v4-pro,Benign,Uncertain significance,0.3,,"Richards et al., Genet Med, 2015",,22.36,
23362,CASR,deepseek-v4-pro,Pathogenic,Pathogenic,0.95,PS3;PM1;PM2;PP3;PP5,"Lienhardt A, Bai M, Lagast H, et al. J Clin Endocrinol Metab. 2001;86(11):5313-23. PMID: 11701698;ClinVar VCV000008348",,55.08,
1158041,NLRP1,deepseek-v4-pro,Benign,Uncertain significance,0.3,,"Richards S, Aziz N, Bale S, et al., Genetics in Medicine, 2015",,32.85,
4847806,SLC26A4,deepseek-v4-pro,Pathogenic,Pathogenic,0.99,PVS1;PM2;PP5,"Smith RJH et al., GeneReviews, 1998;ClinVar, VCV000045678",,33.34,
729577,CYBB,deepseek-v4-pro,Benign,Likely benign,0.75,BP4;BP6;BP7,"Richards S, Genet Med, 2015 (PMID:25741868);Roos D, Blood, 1996 (PMID: 8634440)",,57.14,
406084,SLC6A1,deepseek-v4-pro,Pathogenic,Pathogenic,0.95,PS2;PM1;PM2;PP3;PS4,"Carvill et al., Neurology, 2015;Johannesen et al., Brain, 2018",,24.29,
4843721,BAP1,deepseek-v4-pro,Pathogenic,Pathogenic,0.95,PVS1;PM2,"Rahman N, JAMA, 2014;Abdel-Rahman MH, J Med Genet, 2011",,18.6,
716433,PLEKHG2,deepseek-v4-pro,Benign,Uncertain significance,0.3,BP7,"Richards et al., Genetics in Medicine, 2015",,28.47,
720851,LETM1,deepseek-v4-pro,Benign,Uncertain significance,0.5,,,,14.6,
1157015,TNFRSF1A,deepseek-v4-pro,Benign,Uncertain significance,0.1,,,,20.43,
370237,SYNE1,deepseek-v4-pro,Benign,Likely benign,0.8,BP4,"Richards S, et al., Genetics in Medicine, 2015, Standards and guidelines for the interpretation of sequence variants",,64.16,
440413,NPHS2,deepseek-v4-pro,Pathogenic,Pathogenic,0.95,PS1;PS3;PM3;PP3;PP4,"Boute N, Gribouval O, Roselli S, et al. NPHS2, encoding the glomerular protein podocin, is mutated in autosomal recessive steroid-resistant nephrotic syndrome. Nat Genet. 2000;24(4):349-54.;Karle SM, Uetz B, Ronner V, et al. Novel mutations in NPHS2 detected in both familial and sporadic steroid-resistant nephrotic syndrome. J Am Soc Nephrol. 2002;13(2):388-93.;Huber TB, Simons M, Hartleben B, et al. Molecular basis of the functional podocin-nephrin complex: mutations in the NPHS2 gene disrupt nephrin targeting to lipid raft microdomains. Hum Mol Genet. 2003;12(24):3397-405.",,40.69,
1585181,CHD4,deepseek-v4-pro,Benign,Uncertain significance,0.2,,"Richards S et al., Genet Med, 2015;Weiss K et al., Am J Hum Genet, 2016",,29.8,
174229,NME8,deepseek-v4-pro,Benign,Likely benign,0.8,BP7,"Richards et al., Genetics in Medicine, 2015",,15.16,
4958431,B4GALT7,deepseek-v4-pro,Pathogenic,Pathogenic,0.9,PVS1;PM2,"Richards S et al., Genetics in Medicine, 2015;van Dijk FS et al., B4GALT7-Related Spondylodysplastic Ehlers-Danlos Syndrome, GeneReviews, 2018",,72.36,
4916669,EARS2,deepseek-v4-pro,Pathogenic,Pathogenic,0.95,PVS1;PM2,"Richards S, et al. Genet Med. 2015;17(5):405-24;Steenweg ME, et al. Brain. 2012;135(Pt 5):1387-94",,32.61,
251502,KIT,deepseek-v4-pro,Benign,Pathogenic,0.98,PS3;PS4;PM1;PM2;PP3,"Giebel LB, Spritz RA. Am J Hum Genet. 1991;49(4):849-855. PMID: 1655241.",,36.84,
346719,COL18A1,deepseek-v4-pro,Benign,Benign,1.0,BA1;BP4;BP7,"Karczewski et al., Nature, 2020, gnomAD population database",,38.33,
2849151,CTNNBL1,deepseek-v4-pro,Benign,Uncertain significance,0.3,,"Richards S et al., Genet Med, 2015;Salzer E et al., J Allergy Clin Immunol, 2018",,46.22,
15400,NF1,deepseek-v4-pro,Pathogenic,Pathogenic,0.98,PVS1;PM2;PP5,"Messiaen LM, et al. Exhaustive mutation analysis of the NF1 gene allows identification of 95% of mutations and reveals a high frequency of unusual splicing defects. Hum Mutat. 2000;15(6):541-55.;Fahsold R, et al. Minor lesion mutational spectrum of the entire NF1 gene does not explain its high mutability but points to a functional domain upstream of the GAP-related domain. Am J Hum Genet. 2000;66(3):790-818.;ClinVar Variation ID 280190",,19.44,
32077,C8B,deepseek-v4-pro,Pathogenic,Pathogenic,0.95,PVS1;PM2;PP5,"Saucedo A, et al., J Immunol, 1995, 155:1409-1413.;ClinVar, Variation ID: 971241",,51.49,
737504,ERCC6,deepseek-v4-pro,Benign,Pathogenic,0.95,PS3;PM2;PM3;PP3;PP4,"Laugel V, et al. Hum Mutat. 2010;31(2):113-126.;Anindya R, et al. Mol Cell. 2010;38(5):637-648.",,83.26,
4964522,CLN5,deepseek-v4-pro,Pathogenic,Pathogenic,0.9,PVS1;PM2,"Richards S, et al. Genet Med. 2015;17(5):405-424.",,51.81,
422456,PHEX,deepseek-v4-pro,Pathogenic,Pathogenic,0.9,PVS1;PM2,"Richards S, et al. Genet Med. 2015;17(5):405-424;OMIM #307800 (PHEX)",,52.48,
3416798,NF1,deepseek-v4-pro,Pathogenic,Pathogenic,0.99,PVS1,"Richards et al., Genetics in Medicine, 2015;Upadhyaya et al., Human Mutation, 2008",,12.42,
251737,DNAH5,deepseek-v4-pro,Benign,Uncertain significance,0.3,,"Richards et al., Genet Med, 2015, PMID: 25741868",,26.79,
251610,WDR36,deepseek-v4-pro,Benign,Uncertain significance,0.5,,"Richards S, Aziz N, Bale S, et al. Standards and guidelines for the interpretation of sequence variants: a joint consensus recommendation of the American College of Medical Genetics and Genomics and the Association for Molecular Pathology. Genet Med. 2015;17(5):405-424.",,39.63,
4931734,COL2A1,deepseek-v4-pro,Pathogenic,Pathogenic,0.95,PS1;PM1;PM2;PP2;PP3,"Richards et al., Genet Med, 2015, 17:405-424;ClinVar VCV000449099.2",,42.2,
57661,USH2A,deepseek-v4-pro,Pathogenic,Pathogenic,0.99,PVS1;PM2;PP5,"Baux D et al., Hum Mutat, 2014;ClinVar, 2024",,25.99,
357891,ATM,deepseek-v4-pro,Pathogenic,Pathogenic,0.95,PVS1;PM2;PP5,"ClinVar, NM_000051.4(ATM):c.3231dup, 2023",,35.9,
1276483,SUN1,deepseek-v4-pro,Benign,Uncertain significance,0.2,,"Richards et al., Genet Med, 2015",,27.09,
3547018,SLC47A2,deepseek-v4-pro,Benign,Benign,0.99,BA1,"Karczewski KJ et al., Nature, 2020, 581:434-443;gnomAD browser (https://gnomad.broadinstitute.org/)",,38.31,
4970462,ARFGEF1,deepseek-v4-pro,Pathogenic,Pathogenic,0.9,PVS1;PM2,"Reijnders et al., Am J Hum Genet, 2021, 108:1053-1068;OMIM 619964",,37.39,
364955,B3GALNT2,deepseek-v4-pro,Benign,Uncertain significance,0.5,,,,29.75,
20685,AGXT,deepseek-v4-pro,Pathogenic,Pathogenic,0.99,PS3;PS4;PM3;PP2;PP3;PP5,"Danpure CJ, et al. Am J Nephrol. 2005;25(3):303-10.;Williams EL, et al. Hum Mutat. 2009;30(6):910-7.",,82.34,
1272742,LRRC56,deepseek-v4-pro,Benign,Pathogenic,0.95,PS3;PM2;PM3;PP3,"Alsaif et al., Human Genetics, 2018, PMID: 30392142",,33.03,
530689,CYBA,deepseek-v4-pro,Benign,Likely benign,0.8,BP7,"Richards et al., Genet Med, 2015",,38.79,
1153564,AHDC1,deepseek-v4-pro,Benign,Likely benign,0.8,BP7,"Richards et al., Genet Med, 2015",,28.82,
4011939,SMAD3,deepseek-v4-pro,Pathogenic,Pathogenic,0.95,PVS1;PM2,"Richards S, et al. Genet Med. 2015;17(5):405-424.;van de Laar IM, et al. Nat Genet. 2011;43(2):121-126.",,55.61,
586375,ABCB11,deepseek-v4-pro,Pathogenic,Pathogenic,0.9,PS3;PM1;PM2;PP3,"Byrne JA et al., Hepatology, 2009, PMID: 18972336;Hayashi H et al., Hepatology, 2005, PMID: 15791618",,29.96,
1159738,KDM5C,deepseek-v4-pro,Benign,Pathogenic,0.85,PM5;PM2;PP2;PP3,"Jensen LR et al., Am J Hum Genet, 2005, 76:227-236;Karczewski KJ et al., Nature, 2020, 581:434-443;Richards S et al., Genet Med, 2015, 17:405-424",,111.17,
184156,PALB2,deepseek-v4-pro,Pathogenic,Pathogenic,0.99,PVS1;PM2,"Richards et al., Genetics in Medicine, 2015;Antoniou et al., New England Journal of Medicine, 2014",,27.65,
4834585,BRCA2,deepseek-v4-pro,Pathogenic,Pathogenic,0.95,PVS1;PM2,"Richards S, et al., Genet Med, 2015;Wooster R, et al., Nature, 1995",,17.32,
1157774,CARMIL2,deepseek-v4-pro,Benign,Likely benign,0.9,BP4;BP7,"Sorte HS et al., J Allergy Clin Immunol, 2016",,56.45,
3509724,TNFRSF1A,deepseek-v4-pro,Benign,Likely benign,0.8,BP4,"Richards S, Aziz N, Bale S, et al. Standards and guidelines for the interpretation of sequence variants: a joint consensus recommendation of the American College of Medical Genetics and Genomics and the Association for Molecular Pathology. Genet Med. 2015;17(5):405-424.",,32.79,
4958362,PKD1,deepseek-v4-pro,Pathogenic,Pathogenic,0.99,PVS1,"Rossetti S, et al., J Am Soc Nephrol, 2007, 18(8):2143-60",,9.85,
4986723,RB1,deepseek-v4-pro,Benign,Pathogenic,0.95,PS3;PM2;PP3,"Lohmann DR, et al. Hum Mutat. 1997;10(Suppl 1):S31-7.",,74.84,
1670657,SORD,deepseek-v4-pro,Pathogenic,Pathogenic,0.95,PVS1;PM2;PP5,"Cortese A et al., Nat Genet, 2020, PMID: 32367058;ClinVar VCV000973595",,36.72,
2825367,YIPF5,deepseek-v4-pro,Benign,Pathogenic,0.95,PM2;PS3;PM3;PP3;PP1,"De Franco E, et al., J Clin Invest, 2021",,62.15,
3836604,STX16,deepseek-v4-pro,Benign,Uncertain significance,0.7,BP7,,,42.26,
268308,FLNB,deepseek-v4-pro,Benign,Likely benign,0.8,BP4;BP7,"Richards S, et al. Genet Med. 2015;17:405-424.",,38.2,
4945776,VHL,deepseek-v4-pro,Pathogenic,Pathogenic,0.95,PVS1;PM2;PP5,"Richards S, et al. Genet Med. 2015;17(5):405-424.;Nordstrom-O'Brien M, et al. Hum Mutat. 2010;31(5):521-537.",,23.51,
289940,SLC3A1,deepseek-v4-pro,Benign,Pathogenic,0.9,PVS1_Moderate;PM2,"Richards et al., Genet Med, 2015;Abou Tayoun et al., Hum Mutat, 2018;Font-Llitjós et al., J Med Genet, 2005",,96.9,
709753,FAT2,deepseek-v4-pro,Benign,Likely benign,0.95,BP7;BP4,"Richards et al., Genetics in Medicine, 2015",,14.32,
4794581,RPS6KC1,deepseek-v4-pro,Pathogenic,other,,,,empty output,147.53,
815254,VHL,deepseek-v4-pro,Pathogenic,Pathogenic,0.95,PVS1;PM2;PP3,"Richards S, et al., Genet Med, 2015;Nordstrom-O'Brien M, et al., Hum Mutat, 2010",,16.72,
1534924,TNNT1,deepseek-v4-pro,Benign,Pathogenic,0.95,PS3;PM2;PM3;PP3;PP4,"Malfatti E et al., Hum Mutat, 2014;Richards S et al., Genet Med, 2015;ClinVar RCV000185001.4",,97.61,
324013,CACNA2D4,deepseek-v4-pro,Benign,Likely benign,0.85,BP4,"Richards S et al., Genet Med, 2015, PMID: 25741868",,67.09,
1649348,AK7,deepseek-v4-pro,Benign,Uncertain significance,0.5,,"Richards S, Aziz N, Bale S, et al. Standards and guidelines for the interpretation of sequence variants: a joint consensus recommendation of the American College of Medical Genetics and Genomics and the Association for Molecular Pathology. Genet Med. 2015;17(5):405-424. PMID: 25741868",,17.6,
1554160,MICAL1,deepseek-v4-pro,Benign,Uncertain significance,0.5,PM2;PP3,"Richards S, et al. Genet Med. 2015. PMID: 25741868;gnomAD, https://gnomad.broadinstitute.org",,38.33,
4922070,PEX6,deepseek-v4-pro,Pathogenic,Pathogenic,0.95,PVS1;PM2;PP3,"Richards S et al., Genet Med, 2015, PMID:25741868;Steinberg S et al., Am J Hum Genet, 2006, PMID:17055079",,16.67,
1464726,GNPTG,deepseek-v4-pro,Pathogenic,Pathogenic,0.95,PVS1,"Tiede S, et al. Mucolipidosis III gamma: GNPTG mutations. Hum Mutat. 2005;25(3):321-322.;Richards S, et al. Standards and guidelines for the interpretation of sequence variants: a joint consensus recommendation of the American College of Medical Genetics and Genomics and the Association for Molecular Pathology. Genet Med. 2015;17(5):405-424.",,23.44,
230151,OTOG,deepseek-v4-pro,Benign,Uncertain significance,0.2,,"Richards S et al., Genet Med, 2015",,26.2,
1521723,ATR,deepseek-v4-pro,Benign,Pathogenic,0.95,PVS1;PS3;PM2;PM3,"O'Driscoll et al., Nature Genetics, 2003, PMID: 12640452",,95.13,
503660,CTNNA3,deepseek-v4-pro,Benign,Uncertain significance,0.5,PM2;BP4,"Richards S, et al., Genet Med, 2015",,43.23,
4798042,HPDL,deepseek-v4-pro,Pathogenic,Pathogenic,0.95,PVS1;PM2;PM3;PP3,"Husain et al., Am J Hum Genet, 2020;Ferrer et al., Brain, 2020",,32.15,
255135,OCA2,deepseek-v4-pro,Benign,Uncertain significance,0.3,,"Richards S, Aziz N, Bale S, et al. Standards and guidelines for the interpretation of sequence variants: a joint consensus recommendation of the American College of Medical Genetics and Genomics and the Association for Molecular Pathology. Genet Med. 2015;17(5):405-424.",,35.73,
2096146,TRRAP,deepseek-v4-pro,Benign,Uncertain significance,0.5,BP7,"Richards S, et al. Genet Med. 2015;17(5):405-424;OMIM: 603015",,67.28,
265149,PHEX,deepseek-v4-pro,Pathogenic,Pathogenic,0.98,PVS1;PM2,"Gaucher C, et al. Clin Genet. 2009;75(6):572-9.",,47.63,
315213,TALDO1,deepseek-v4-pro,Benign,Benign,0.95,BA1;BP7,"Karczewski et al., Nature, 2020 (gnomAD)",,28.49,
700871,ADAMTS13,deepseek-v4-pro,Benign,Pathogenic,0.99,PVS1;PS3;PM2;PM3,"Levy GG, et al., Nature, 2001;Manea M, et al., Blood, 2007",,100.66,
256146,NF1,deepseek-v4-pro,Benign,Uncertain significance,0.1,,"Richards et al., Genet Med, 2015",,24.92,
4805097,RBM20,deepseek-v4-pro,Pathogenic,Pathogenic,0.9,PVS1,"Richards S, et al. Genet Med. 2015 PMID: 25741868",,36.75,
4964786,COL4A3,deepseek-v4-pro,Pathogenic,Pathogenic,0.95,PVS1;PM2,"Richards S, et al., Genet Med, 2015;Abou Tayoun AN, et al., Hum Mutat, 2018;Kashtan CE, et al., GeneReviews, 2020",,125.77,
190315,SDHAF1,deepseek-v4-pro,Benign,Pathogenic,0.95,PS3;PM1;PM2;PM3;PP1;PP3;PP4;PP5,"Ghezzi D et al., Nat Genet, 2010, 42:813-4;Ohlenbusch A et al., J Med Genet, 2012, 49:569-73",,71.58,
229063,KLHL40,deepseek-v4-pro,Benign,Uncertain significance,0.4,PM2;PP3,"Richards S, et al. Genet Med. 2015;17(5):405-424;gnomAD v2.1.1",,87.17,
4964493,SLC12A6,deepseek-v4-pro,Pathogenic,Pathogenic,0.85,PVS1,"Howard HC, et al., Nat Genet, 2002, 32(3):384-92",,47.16,
1409098,C1QA,deepseek-v4-pro,Pathogenic,Pathogenic,0.95,PVS1;PM2,Richards S et al. Genet Med. 2015;17:405-424;Botto M et al. Immunobiology. 2009;214:594-600,,52.27,
3893013,ABCB11,deepseek-v4-pro,Pathogenic,Pathogenic,0.9,PVS1;PM2,"Richards et al., Genet Med, 2015, PMID: 25741868;Davit-Spraul et al., Orphanet J Rare Dis, 2009, PMID: 19624847",,25.36,
2901650,BBS2,deepseek-v4-pro,Pathogenic,Pathogenic,0.95,PVS1;PM2,"Richards S et al., Genet Med, 2015;Mykytyn K et al., Nat Genet, 2001",,9.94,
1200004,SORL1,deepseek-v4-pro,Benign,Likely benign,0.85,BP4;BP7,"Richards S, et al. Genet Med. 2015;17(5):405-424;Holstege H, et al. Lancet Neurol. 2022;21(3):258-268",,31.16,
4957411,ABCB4,deepseek-v4-pro,Pathogenic,Pathogenic,0.95,PVS1;PM2,"Richards S, et al. Genet Med. 2015;17(5):405-424.;Davit-Spraul A, et al. Hepatology. 2010;51(5):1645-1655.",,96.09,
55693,MYLK2,deepseek-v4-pro,Benign,Likely benign,0.8,BP4;BP7,"Richards S et al., Genet Med, 2015",,45.17,
779515,SLC37A4,deepseek-v4-pro,Benign,Uncertain significance,0.2,,"Richards S et al., Genet Med, 2015, PMID: 25741868",,23.41,
